
          -------------------------------------------------------
          Amber 24 SANDER                              2024
          -------------------------------------------------------

| Run on 02/26/2025 at 19:27:09

|   Executable path: /home8/larry/ips/build/AmberTools/src/sander/sander.MPI
| Working directory: /home8/larry/project/ips/test/4096
|          Hostname: rayl8

  [-O]verwriting output

File Assignments:
|  MDIN: mdin                                                                  
| MDOUT: ips-4.out                                                             
|INPCRD: rst                                                                   
|  PARM: prmtop                                                                
|RESTRT: restrt                                                                
|  REFC: refc                                                                  
| MDVEL: mdvel                                                                 
| MDFRC: mdfrc                                                                 
|  MDEN: mden                                                                  
| MDCRD: mdcrd                                                                 
|MDINFO: mdinfo                                                                
|  MTMD: mtmd                                                                  
|INPDIP: inpdip                                                                
|RSTDIP: rstdip                                                                
|INPTRA: inptraj                                                               

|    REMLOG: rem.log
|   REMTYPE: rem.type
|  REMSTRIP: 
|   SAVEENE: saveene
|CLUSTERINF: cluster.info
| RESERVOIR: reserv/frame
|   REMDDIM: 


 Here is the input file:

 single point calc.                                                            
 &cntrl                                                                        
   imin=0, nstlim=1000,                                                        
   irest=0, ntx=1,                                                             
   ntt=0, temp0=300,                                                           
   ntb=1, ntp=0,                                                               
   ntc=2, ntf=2, tol=0.000001,                                                 
   cut=9.,                                                                     
   ntpr=1, ntwr=1, ntwx=100000,                                                
   dt=0.001,                                                                   
   ipgm=1,ips=1,                                                               
 /                                                                             
 &ewald                                                                        
  skinnb=2.,ew_coeff=0.4,nfft1=30,nfft2=30,nfft3=30,order=5,vdwmeth=0          
 /                                                                             
 &pol_gauss                                                                    
   pol_gauss_verbose=0,ee_dsum_cut=9.0,pol_gauss_ips=1,                        
   dipole_scf_tol=0.01,dipole_scf_init=3,dipole_scf_init_order=2,dipole_scf_init_step=4,
   scf_solv_opt=3,scf_sor_niter=100,scf_sor_coefficient=0.65,                  
   scf_cg_niter=50,scf_local_niter=3,scf_local_cut=4.0                         
 /                                                                             

--------------------------------------------------------------------------------
   1.  RESOURCE   USE: 
--------------------------------------------------------------------------------

| Flags: MPI                                                                    
 getting box info from netcdf restart file
| NetCDF restart box info found
|Largest sphere to fit in unit cell has radius =    24.971
| New format PARM file being parsed.
| Version =    1.000 Date = 04/24/24 Time = 21:13:58
 NATOM  =   12288 NTYPES =       2 NBONH =   12288 MBONA  =       0
 NTHETH =       0 MTHETA =       0 NPHIH =       0 MPHIA  =       0
 NHPARM =       0 NPARM  =       0 NNB   =   16384 NRES   =    4096
 NBONA  =       0 NTHETA =       0 NPHIA =       0 NUMBND =       2
 NUMANG =       0 NPTRA  =       0 NATYP =       2 NPHB   =       0
 IFBOX  =       1 NMXRS  =       3 IFCAP =       0 NEXTRA =       0
 NCOPY  =       0


|     Memory Use     Allocated
|     Real             1885081
|     Hollerith          40962
|     Integer           298537
|     Max Pairs        1362944
|     nblistReal        147456
|     nblist Int        441800
|       Total            24255 kbytes

| Note: 1-4 EEL scale factors are being read from the topology file.

| Note: 1-4 VDW scale factors are being read from the topology file.
| Duplicated    0 dihedrals
| Duplicated    0 dihedrals

     BOX TYPE: RECTILINEAR

--------------------------------------------------------------------------------
   2.  CONTROL  DATA  FOR  THE  RUN
--------------------------------------------------------------------------------

default_name                                                                    

General flags:
     imin    =       0, nmropt  =       0

Nature and format of input:
     ntx     =       1, irest   =       0, ntrx    =       1

Nature and format of output:
     ntxo    =       2, ntpr    =       1, ntrx    =       1, ntwr    =       1
     iwrap   =       0, ntwx    =  100000, ntwv    =       0, ntwe    =       0
     ioutfm  =       1, ntwprt  =       0, idecomp =       0, rbornstat=      0

Potential function:
     ntf     =       2, ntb     =       1, igb     =       0, nsnb    =      25
     ipol    =       0, gbsa    =       0, iesp    =       0
     dielc   =   1.00000, cut     =   9.00000, intdiel =   1.00000

Frozen or restrained atoms:
     ibelly  =       0, ntr     =       0

Molecular dynamics:
     nstlim  =      1000, nscm    =      1000, nrespa  =         1
     t       =   0.00000, dt      =   0.00100, vlimit  =  20.00000

SHAKE:
     ntc     =       2, jfastw  =       0
     tol     =   0.00000

Ewald parameters:
     verbose =       0, ew_type =       0, nbflag  =       1, use_pme =       0
     vdwmeth =       2, eedmeth =       6, netfrc  =       1
     Box X =   49.989   Box Y =   49.943   Box Z =   50.012
     Alpha =   90.000   Beta  =   90.000   Gamma =   90.000
     NFFT1 =   30       NFFT2 =   30       NFFT3 =   30
     Cutoff=    9.000   Tol   =0.395E-07
     Ewald Coefficient =  0.40000
     Interpolation order =    5

| MPI Timing options:
|      profile_mpi =        0
|  INFO: Old style inpcrd file read


--------------------------------------------------------------------------------
   3.  ATOMIC COORDINATES AND VELOCITIES
--------------------------------------------------------------------------------

default_name                                                                    
 begin time read from input coords =  2300.000 ps

 Number of triangulated 3-point waters found:     4096
|  Atom division among processors:
|         0    3072    6144    9216   12288

     Sum of charges from parm topology file =   0.00000000
     Forcing neutrality...
|  Running AMBER/MPI version on    4 nodes

 ----------------------------------
 Using 3D-IPS algorithm
   IPS Radius:   9.00 A
   Using IPS for electrostatic energy
   Using IPS for L-J energy
 ----------------------------------

--------------------------------------------------------------------------------
   4.  RESULTS
--------------------------------------------------------------------------------

|  # of SOLUTE  degrees of freedom (RNDFP):   24576.
|  # of SOLVENT degrees of freedom (RNDFS):       0.
|  NDFMIN =   24573.     NUM_NOSHAKE =      0     CORRECTED RNDFP =   24573.
|  TOTAL # of degrees of freedom (RNDF) =   24573.
 ---------------------------------------------------

     eedmeth=6: Using IPS method for electrostatic energy

 ---------------------------------------------------
| Local SIZE OF NONBOND LIST =     835046
| TOTAL SIZE OF NONBOND LIST =    3367078

 NSTEP =        0   TIME(PS) =       0.000  TEMP(K) =     0.00  PRESS =     0.0
 Etot   =  -4036973.7423  EKtot   =         0.0000  EPtot      =  -4036973.7423
 BOND   =         0.0000  ANGLE   =         0.0000  DIHED      =         0.0000
 1-4 NB =         0.0000  1-4 EEL =         0.0000  VDWAALS    =      6835.9967
 EELEC  =  -4043809.7391  EHBOND  =         0.0000  RESTRAINT  =         0.0000
 ------------------------------------------------------------------------------


 NSTEP =        1   TIME(PS) =       0.001  TEMP(K) =    18.14  PRESS =     0.0
 Etot   =  -4036530.7756  EKtot   =       442.9667  EPtot      =  -4036973.7423
 BOND   =         0.0000  ANGLE   =         0.0000  DIHED      =         0.0000
 1-4 NB =         0.0000  1-4 EEL =         0.0000  VDWAALS    =      6835.9967
 EELEC  =  -4043809.7391  EHBOND  =         0.0000  RESTRAINT  =         0.0000
 ------------------------------------------------------------------------------


 NSTEP =        2   TIME(PS) =       0.002  TEMP(K) =     1.82  PRESS =     0.0
 Etot   =  -4036973.8844  EKtot   =        44.5338  EPtot      =  -4037018.4182
 BOND   =         0.0000  ANGLE   =         0.0000  DIHED      =         0.0000
 1-4 NB =         0.0000  1-4 EEL =         0.0000  VDWAALS    =      6831.4298
 EELEC  =  -4043849.8480  EHBOND  =         0.0000  RESTRAINT  =         0.0000
 ------------------------------------------------------------------------------


 NSTEP =        3   TIME(PS) =       0.003  TEMP(K) =     7.20  PRESS =     0.0
 Etot   =  -4036974.3080  EKtot   =       175.8790  EPtot      =  -4037150.1870
 BOND   =         0.0000  ANGLE   =         0.0000  DIHED      =         0.0000
 1-4 NB =         0.0000  1-4 EEL =         0.0000  VDWAALS    =      6817.8394
 EELEC  =  -4043968.0264  EHBOND  =         0.0000  RESTRAINT  =         0.0000
 ------------------------------------------------------------------------------


 NSTEP =        4   TIME(PS) =       0.004  TEMP(K) =    15.87  PRESS =     0.0
 Etot   =  -4036975.0109  EKtot   =       387.3677  EPtot      =  -4037362.3786
 BOND   =         0.0000  ANGLE   =         0.0000  DIHED      =         0.0000
 1-4 NB =         0.0000  1-4 EEL =         0.0000  VDWAALS    =      6795.5507
 EELEC  =  -4044157.9293  EHBOND  =         0.0000  RESTRAINT  =         0.0000
 ------------------------------------------------------------------------------


 NSTEP =        5   TIME(PS) =       0.005  TEMP(K) =    27.37  PRESS =     0.0
 Etot   =  -4036975.9382  EKtot   =       668.2296  EPtot      =  -4037644.1678
 BOND   =         0.0000  ANGLE   =         0.0000  DIHED      =         0.0000
 1-4 NB =         0.0000  1-4 EEL =         0.0000  VDWAALS    =      6765.0868
 EELEC  =  -4044409.2547  EHBOND  =         0.0000  RESTRAINT  =         0.0000
 ------------------------------------------------------------------------------


 NSTEP =        6   TIME(PS) =       0.006  TEMP(K) =    41.13  PRESS =     0.0
 Etot   =  -4036977.0369  EKtot   =      1004.1290  EPtot      =  -4037981.1659
 BOND   =         0.0000  ANGLE   =         0.0000  DIHED      =         0.0000
 1-4 NB =         0.0000  1-4 EEL =         0.0000  VDWAALS    =      6727.1417
 EELEC  =  -4044708.3076  EHBOND  =         0.0000  RESTRAINT  =         0.0000
 ------------------------------------------------------------------------------


 NSTEP =        7   TIME(PS) =       0.007  TEMP(K) =    56.44  PRESS =     0.0
 Etot   =  -4036978.2491  EKtot   =      1377.9458  EPtot      =  -4038356.1949
 BOND   =         0.0000  ANGLE   =         0.0000  DIHED      =         0.0000
 1-4 NB =         0.0000  1-4 EEL =         0.0000  VDWAALS    =      6682.5459
 EELEC  =  -4045038.7409  EHBOND  =         0.0000  RESTRAINT  =         0.0000
 ------------------------------------------------------------------------------


 NSTEP =        8   TIME(PS) =       0.008  TEMP(K) =    72.53  PRESS =     0.0
 Etot   =  -4036980.6260  EKtot   =      1770.8190  EPtot      =  -4038751.4449
 BOND   =         0.0000  ANGLE   =         0.0000  DIHED      =         0.0000
 1-4 NB =         0.0000  1-4 EEL =         0.0000  VDWAALS    =      6632.2271
 EELEC  =  -4045383.6721  EHBOND  =         0.0000  RESTRAINT  =         0.0000
 ------------------------------------------------------------------------------


 NSTEP =        9   TIME(PS) =       0.009  TEMP(K) =    88.60  PRESS =     0.0
 Etot   =  -4036985.0376  EKtot   =      2163.3350  EPtot      =  -4039148.3726
 BOND   =         0.0000  ANGLE   =         0.0000  DIHED      =         0.0000
 1-4 NB =         0.0000  1-4 EEL =         0.0000  VDWAALS    =      6577.1701
 EELEC  =  -4045725.5427  EHBOND  =         0.0000  RESTRAINT  =         0.0000
 ------------------------------------------------------------------------------


 NSTEP =       10   TIME(PS) =       0.010  TEMP(K) =   103.90  PRESS =     0.0
 Etot   =  -4036980.4463  EKtot   =      2536.8661  EPtot      =  -4039517.3124
 BOND   =         0.0000  ANGLE   =         0.0000  DIHED      =         0.0000
 1-4 NB =         0.0000  1-4 EEL =         0.0000  VDWAALS    =      6518.3749
 EELEC  =  -4046035.6873  EHBOND  =         0.0000  RESTRAINT  =         0.0000
 ------------------------------------------------------------------------------


 NSTEP =       11   TIME(PS) =       0.011  TEMP(K) =   117.75  PRESS =     0.0
 Etot   =  -4036985.1143  EKtot   =      2874.9584  EPtot      =  -4039860.0727
 BOND   =         0.0000  ANGLE   =         0.0000  DIHED      =         0.0000
 1-4 NB =         0.0000  1-4 EEL =         0.0000  VDWAALS    =      6456.8223
 EELEC  =  -4046316.8950  EHBOND  =         0.0000  RESTRAINT  =         0.0000
 ------------------------------------------------------------------------------


 NSTEP =       12   TIME(PS) =       0.012  TEMP(K) =   129.61  PRESS =     0.0
 Etot   =  -4036987.4610  EKtot   =      3164.4951  EPtot      =  -4040151.9561
 BOND   =         0.0000  ANGLE   =         0.0000  DIHED      =         0.0000
 1-4 NB =         0.0000  1-4 EEL =         0.0000  VDWAALS    =      6393.4434
 EELEC  =  -4046545.3995  EHBOND  =         0.0000  RESTRAINT  =         0.0000
 ------------------------------------------------------------------------------


 NSTEP =       13   TIME(PS) =       0.013  TEMP(K) =   139.12  PRESS =     0.0
 Etot   =  -4036984.6708  EKtot   =      3396.5901  EPtot      =  -4040381.2610
 BOND   =         0.0000  ANGLE   =         0.0000  DIHED      =         0.0000
 1-4 NB =         0.0000  1-4 EEL =         0.0000  VDWAALS    =      6329.0982
 EELEC  =  -4046710.3592  EHBOND  =         0.0000  RESTRAINT  =         0.0000
 ------------------------------------------------------------------------------


 NSTEP =       14   TIME(PS) =       0.014  TEMP(K) =   146.10  PRESS =     0.0
 Etot   =  -4036986.5160  EKtot   =      3567.0389  EPtot      =  -4040553.5549
 BOND   =         0.0000  ANGLE   =         0.0000  DIHED      =         0.0000
 1-4 NB =         0.0000  1-4 EEL =         0.0000  VDWAALS    =      6264.5614
 EELEC  =  -4046818.1163  EHBOND  =         0.0000  RESTRAINT  =         0.0000
 ------------------------------------------------------------------------------


 NSTEP =       15   TIME(PS) =       0.015  TEMP(K) =   150.57  PRESS =     0.0
 Etot   =  -4036985.1631  EKtot   =      3676.3041  EPtot      =  -4040661.4673
 BOND   =         0.0000  ANGLE   =         0.0000  DIHED      =         0.0000
 1-4 NB =         0.0000  1-4 EEL =         0.0000  VDWAALS    =      6200.5162
 EELEC  =  -4046861.9834  EHBOND  =         0.0000  RESTRAINT  =         0.0000
 ------------------------------------------------------------------------------


 NSTEP =       16   TIME(PS) =       0.016  TEMP(K) =   152.73  PRESS =     0.0
 Etot   =  -4036984.9763  EKtot   =      3729.0595  EPtot      =  -4040714.0358
 BOND   =         0.0000  ANGLE   =         0.0000  DIHED      =         0.0000
 1-4 NB =         0.0000  1-4 EEL =         0.0000  VDWAALS    =      6137.5551
 EELEC  =  -4046851.5909  EHBOND  =         0.0000  RESTRAINT  =         0.0000
 ------------------------------------------------------------------------------


 NSTEP =       17   TIME(PS) =       0.017  TEMP(K) =   152.91  PRESS =     0.0
 Etot   =  -4036984.0765  EKtot   =      3733.3680  EPtot      =  -4040717.4445
 BOND   =         0.0000  ANGLE   =         0.0000  DIHED      =         0.0000
 1-4 NB =         0.0000  1-4 EEL =         0.0000  VDWAALS    =      6076.1862
 EELEC  =  -4046793.6307  EHBOND  =         0.0000  RESTRAINT  =         0.0000
 ------------------------------------------------------------------------------


 NSTEP =       18   TIME(PS) =       0.018  TEMP(K) =   151.53  PRESS =     0.0
 Etot   =  -4036982.5128  EKtot   =      3699.6363  EPtot      =  -4040682.1491
 BOND   =         0.0000  ANGLE   =         0.0000  DIHED      =         0.0000
 1-4 NB =         0.0000  1-4 EEL =         0.0000  VDWAALS    =      6016.8422
 EELEC  =  -4046698.9914  EHBOND  =         0.0000  RESTRAINT  =         0.0000
 ------------------------------------------------------------------------------


 NSTEP =       19   TIME(PS) =       0.019  TEMP(K) =   149.06  PRESS =     0.0
 Etot   =  -4036983.0405  EKtot   =      3639.4566  EPtot      =  -4040622.4971
 BOND   =         0.0000  ANGLE   =         0.0000  DIHED      =         0.0000
 1-4 NB =         0.0000  1-4 EEL =         0.0000  VDWAALS    =      5959.8925
 EELEC  =  -4046582.3896  EHBOND  =         0.0000  RESTRAINT  =         0.0000
 ------------------------------------------------------------------------------


 NSTEP =       20   TIME(PS) =       0.020  TEMP(K) =   145.99  PRESS =     0.0
 Etot   =  -4036981.4267  EKtot   =      3564.5212  EPtot      =  -4040545.9479
 BOND   =         0.0000  ANGLE   =         0.0000  DIHED      =         0.0000
 1-4 NB =         0.0000  1-4 EEL =         0.0000  VDWAALS    =      5905.6541
 EELEC  =  -4046451.6020  EHBOND  =         0.0000  RESTRAINT  =         0.0000
 ------------------------------------------------------------------------------


 NSTEP =       21   TIME(PS) =       0.021  TEMP(K) =   142.76  PRESS =     0.0
 Etot   =  -4036980.8596  EKtot   =      3485.6713  EPtot      =  -4040466.5308
 BOND   =         0.0000  ANGLE   =         0.0000  DIHED      =         0.0000
 1-4 NB =         0.0000  1-4 EEL =         0.0000  VDWAALS    =      5854.4032
 EELEC  =  -4046320.9340  EHBOND  =         0.0000  RESTRAINT  =         0.0000
 ------------------------------------------------------------------------------


 NSTEP =       22   TIME(PS) =       0.022  TEMP(K) =   139.75  PRESS =     0.0
 Etot   =  -4036980.6637  EKtot   =      3412.1416  EPtot      =  -4040392.8053
 BOND   =         0.0000  ANGLE   =         0.0000  DIHED      =         0.0000
 1-4 NB =         0.0000  1-4 EEL =         0.0000  VDWAALS    =      5806.3835
 EELEC  =  -4046199.1888  EHBOND  =         0.0000  RESTRAINT  =         0.0000
 ------------------------------------------------------------------------------


 NSTEP =       23   TIME(PS) =       0.023  TEMP(K) =   137.25  PRESS =     0.0
 Etot   =  -4036980.0167  EKtot   =      3351.0656  EPtot      =  -4040331.0823
 BOND   =         0.0000  ANGLE   =         0.0000  DIHED      =         0.0000
 1-4 NB =         0.0000  1-4 EEL =         0.0000  VDWAALS    =      5761.8142
 EELEC  =  -4046092.8966  EHBOND  =         0.0000  RESTRAINT  =         0.0000
 ------------------------------------------------------------------------------


 NSTEP =       24   TIME(PS) =       0.024  TEMP(K) =   135.45  PRESS =     0.0
 Etot   =  -4036980.0547  EKtot   =      3307.2056  EPtot      =  -4040287.2603
 BOND   =         0.0000  ANGLE   =         0.0000  DIHED      =         0.0000
 1-4 NB =         0.0000  1-4 EEL =         0.0000  VDWAALS    =      5720.8942
 EELEC  =  -4046008.1545  EHBOND  =         0.0000  RESTRAINT  =         0.0000
 ------------------------------------------------------------------------------


 NSTEP =       25   TIME(PS) =       0.025  TEMP(K) =   134.46  PRESS =     0.0
 Etot   =  -4036979.8295  EKtot   =      3282.9132  EPtot      =  -4040262.7427
 BOND   =         0.0000  ANGLE   =         0.0000  DIHED      =         0.0000
 1-4 NB =         0.0000  1-4 EEL =         0.0000  VDWAALS    =      5683.8050
 EELEC  =  -4045946.5478  EHBOND  =         0.0000  RESTRAINT  =         0.0000
 ------------------------------------------------------------------------------


 NSTEP =       26   TIME(PS) =       0.026  TEMP(K) =   134.27  PRESS =     0.0
 Etot   =  -4036980.2046  EKtot   =      3278.2861  EPtot      =  -4040258.4906
 BOND   =         0.0000  ANGLE   =         0.0000  DIHED      =         0.0000
 1-4 NB =         0.0000  1-4 EEL =         0.0000  VDWAALS    =      5650.7120
 EELEC  =  -4045909.2027  EHBOND  =         0.0000  RESTRAINT  =         0.0000
 ------------------------------------------------------------------------------


 NSTEP =       27   TIME(PS) =       0.027  TEMP(K) =   134.81  PRESS =     0.0
 Etot   =  -4036980.4975  EKtot   =      3291.4874  EPtot      =  -4040271.9848
 BOND   =         0.0000  ANGLE   =         0.0000  DIHED      =         0.0000
 1-4 NB =         0.0000  1-4 EEL =         0.0000  VDWAALS    =      5621.7637
 EELEC  =  -4045893.7486  EHBOND  =         0.0000  RESTRAINT  =         0.0000
 ------------------------------------------------------------------------------


 NSTEP =       28   TIME(PS) =       0.028  TEMP(K) =   135.95  PRESS =     0.0
 Etot   =  -4036980.5029  EKtot   =      3319.1945  EPtot      =  -4040299.6974
 BOND   =         0.0000  ANGLE   =         0.0000  DIHED      =         0.0000
 1-4 NB =         0.0000  1-4 EEL =         0.0000  VDWAALS    =      5597.0899
 EELEC  =  -4045896.7873  EHBOND  =         0.0000  RESTRAINT  =         0.0000
 ------------------------------------------------------------------------------


 NSTEP =       29   TIME(PS) =       0.029  TEMP(K) =   137.50  PRESS =     0.0
 Etot   =  -4036980.9835  EKtot   =      3357.1193  EPtot      =  -4040338.1028
 BOND   =         0.0000  ANGLE   =         0.0000  DIHED      =         0.0000
 1-4 NB =         0.0000  1-4 EEL =         0.0000  VDWAALS    =      5576.7996
 EELEC  =  -4045914.9024  EHBOND  =         0.0000  RESTRAINT  =         0.0000
 ------------------------------------------------------------------------------


 NSTEP =       30   TIME(PS) =       0.030  TEMP(K) =   139.28  PRESS =     0.0
 Etot   =  -4036981.2292  EKtot   =      3400.5631  EPtot      =  -4040381.7922
 BOND   =         0.0000  ANGLE   =         0.0000  DIHED      =         0.0000
 1-4 NB =         0.0000  1-4 EEL =         0.0000  VDWAALS    =      5560.9782
 EELEC  =  -4045942.7704  EHBOND  =         0.0000  RESTRAINT  =         0.0000
 ------------------------------------------------------------------------------


 NSTEP =       31   TIME(PS) =       0.031  TEMP(K) =   141.10  PRESS =     0.0
 Etot   =  -4036981.4802  EKtot   =      3444.9524  EPtot      =  -4040426.4326
 BOND   =         0.0000  ANGLE   =         0.0000  DIHED      =         0.0000
 1-4 NB =         0.0000  1-4 EEL =         0.0000  VDWAALS    =      5549.6850
 EELEC  =  -4045976.1176  EHBOND  =         0.0000  RESTRAINT  =         0.0000
 ------------------------------------------------------------------------------


 NSTEP =       32   TIME(PS) =       0.032  TEMP(K) =   142.79  PRESS =     0.0
 Etot   =  -4036981.6756  EKtot   =      3486.3045  EPtot      =  -4040467.9801
 BOND   =         0.0000  ANGLE   =         0.0000  DIHED      =         0.0000
 1-4 NB =         0.0000  1-4 EEL =         0.0000  VDWAALS    =      5542.9509
 EELEC  =  -4046010.9310  EHBOND  =         0.0000  RESTRAINT  =         0.0000
 ------------------------------------------------------------------------------


 NSTEP =       33   TIME(PS) =       0.033  TEMP(K) =   144.23  PRESS =     0.0
 Etot   =  -4036981.7416  EKtot   =      3521.5884  EPtot      =  -4040503.3299
 BOND   =         0.0000  ANGLE   =         0.0000  DIHED      =         0.0000
 1-4 NB =         0.0000  1-4 EEL =         0.0000  VDWAALS    =      5540.7775
 EELEC  =  -4046044.1075  EHBOND  =         0.0000  RESTRAINT  =         0.0000
 ------------------------------------------------------------------------------


 NSTEP =       34   TIME(PS) =       0.034  TEMP(K) =   145.36  PRESS =     0.0
 Etot   =  -4036981.8898  EKtot   =      3548.9514  EPtot      =  -4040530.8412
 BOND   =         0.0000  ANGLE   =         0.0000  DIHED      =         0.0000
 1-4 NB =         0.0000  1-4 EEL =         0.0000  VDWAALS    =      5543.1363
 EELEC  =  -4046073.9775  EHBOND  =         0.0000  RESTRAINT  =         0.0000
 ------------------------------------------------------------------------------


 NSTEP =       35   TIME(PS) =       0.035  TEMP(K) =   146.13  PRESS =     0.0
 Etot   =  -4036981.7687  EKtot   =      3567.8018  EPtot      =  -4040549.5705
 BOND   =         0.0000  ANGLE   =         0.0000  DIHED      =         0.0000
 1-4 NB =         0.0000  1-4 EEL =         0.0000  VDWAALS    =      5549.9694
 EELEC  =  -4046099.5399  EHBOND  =         0.0000  RESTRAINT  =         0.0000
 ------------------------------------------------------------------------------


 NSTEP =       36   TIME(PS) =       0.036  TEMP(K) =   146.58  PRESS =     0.0
 Etot   =  -4036981.6742  EKtot   =      3578.7514  EPtot      =  -4040560.4257
 BOND   =         0.0000  ANGLE   =         0.0000  DIHED      =         0.0000
 1-4 NB =         0.0000  1-4 EEL =         0.0000  VDWAALS    =      5561.1913
 EELEC  =  -4046121.6170  EHBOND  =         0.0000  RESTRAINT  =         0.0000
 ------------------------------------------------------------------------------


 NSTEP =       37   TIME(PS) =       0.037  TEMP(K) =   146.77  PRESS =     0.0
 Etot   =  -4036981.5558  EKtot   =      3583.4374  EPtot      =  -4040564.9932
 BOND   =         0.0000  ANGLE   =         0.0000  DIHED      =         0.0000
 1-4 NB =         0.0000  1-4 EEL =         0.0000  VDWAALS    =      5576.6911
 EELEC  =  -4046141.6844  EHBOND  =         0.0000  RESTRAINT  =         0.0000
 ------------------------------------------------------------------------------


 NSTEP =       38   TIME(PS) =       0.038  TEMP(K) =   146.80  PRESS =     0.0
 Etot   =  -4036981.3438  EKtot   =      3584.2522  EPtot      =  -4040565.5960
 BOND   =         0.0000  ANGLE   =         0.0000  DIHED      =         0.0000
 1-4 NB =         0.0000  1-4 EEL =         0.0000  VDWAALS    =      5596.3359
 EELEC  =  -4046161.9319  EHBOND  =         0.0000  RESTRAINT  =         0.0000
 ------------------------------------------------------------------------------


 NSTEP =       39   TIME(PS) =       0.039  TEMP(K) =   146.79  PRESS =     0.0
 Etot   =  -4036981.1829  EKtot   =      3584.0168  EPtot      =  -4040565.1997
 BOND   =         0.0000  ANGLE   =         0.0000  DIHED      =         0.0000
 1-4 NB =         0.0000  1-4 EEL =         0.0000  VDWAALS    =      5619.9743
 EELEC  =  -4046185.1740  EHBOND  =         0.0000  RESTRAINT  =         0.0000
 ------------------------------------------------------------------------------


 NSTEP =       40   TIME(PS) =       0.040  TEMP(K) =   146.86  PRESS =     0.0
 Etot   =  -4036980.9887  EKtot   =      3585.6339  EPtot      =  -4040566.6226
 BOND   =         0.0000  ANGLE   =         0.0000  DIHED      =         0.0000
 1-4 NB =         0.0000  1-4 EEL =         0.0000  VDWAALS    =      5647.4398
 EELEC  =  -4046214.0624  EHBOND  =         0.0000  RESTRAINT  =         0.0000
 ------------------------------------------------------------------------------


 NSTEP =       41   TIME(PS) =       0.041  TEMP(K) =   147.11  PRESS =     0.0
 Etot   =  -4036980.8867  EKtot   =      3591.7560  EPtot      =  -4040572.6428
 BOND   =         0.0000  ANGLE   =         0.0000  DIHED      =         0.0000
 1-4 NB =         0.0000  1-4 EEL =         0.0000  VDWAALS    =      5678.5549
 EELEC  =  -4046251.1976  EHBOND  =         0.0000  RESTRAINT  =         0.0000
 ------------------------------------------------------------------------------


 NSTEP =       42   TIME(PS) =       0.042  TEMP(K) =   147.63  PRESS =     0.0
 Etot   =  -4036980.8059  EKtot   =      3604.4986  EPtot      =  -4040585.3046
 BOND   =         0.0000  ANGLE   =         0.0000  DIHED      =         0.0000
 1-4 NB =         0.0000  1-4 EEL =         0.0000  VDWAALS    =      5713.1336
 EELEC  =  -4046298.4382  EHBOND  =         0.0000  RESTRAINT  =         0.0000
 ------------------------------------------------------------------------------


 NSTEP =       43   TIME(PS) =       0.043  TEMP(K) =   148.48  PRESS =     0.0
 Etot   =  -4036980.7535  EKtot   =      3625.2211  EPtot      =  -4040605.9745
 BOND   =         0.0000  ANGLE   =         0.0000  DIHED      =         0.0000
 1-4 NB =         0.0000  1-4 EEL =         0.0000  VDWAALS    =      5750.9842
 EELEC  =  -4046356.9587  EHBOND  =         0.0000  RESTRAINT  =         0.0000
 ------------------------------------------------------------------------------


 NSTEP =       44   TIME(PS) =       0.044  TEMP(K) =   149.67  PRESS =     0.0
 Etot   =  -4036980.8117  EKtot   =      3654.3936  EPtot      =  -4040635.2053
 BOND   =         0.0000  ANGLE   =         0.0000  DIHED      =         0.0000
 1-4 NB =         0.0000  1-4 EEL =         0.0000  VDWAALS    =      5791.9106
 EELEC  =  -4046427.1159  EHBOND  =         0.0000  RESTRAINT  =         0.0000
 ------------------------------------------------------------------------------


 NSTEP =       45   TIME(PS) =       0.045  TEMP(K) =   151.20  PRESS =     0.0
 Etot   =  -4036980.8959  EKtot   =      3691.5582  EPtot      =  -4040672.4541
 BOND   =         0.0000  ANGLE   =         0.0000  DIHED      =         0.0000
 1-4 NB =         0.0000  1-4 EEL =         0.0000  VDWAALS    =      5835.7133
 EELEC  =  -4046508.1674  EHBOND  =         0.0000  RESTRAINT  =         0.0000
 ------------------------------------------------------------------------------


 NSTEP =       46   TIME(PS) =       0.046  TEMP(K) =   152.99  PRESS =     0.0
 Etot   =  -4036981.0368  EKtot   =      3735.3848  EPtot      =  -4040716.4216
 BOND   =         0.0000  ANGLE   =         0.0000  DIHED      =         0.0000
 1-4 NB =         0.0000  1-4 EEL =         0.0000  VDWAALS    =      5882.1888
 EELEC  =  -4046598.6105  EHBOND  =         0.0000  RESTRAINT  =         0.0000
 ------------------------------------------------------------------------------


 NSTEP =       47   TIME(PS) =       0.047  TEMP(K) =   154.98  PRESS =     0.0
 Etot   =  -4036981.2049  EKtot   =      3783.8140  EPtot      =  -4040765.0189
 BOND   =         0.0000  ANGLE   =         0.0000  DIHED      =         0.0000
 1-4 NB =         0.0000  1-4 EEL =         0.0000  VDWAALS    =      5931.1290
 EELEC  =  -4046696.1479  EHBOND  =         0.0000  RESTRAINT  =         0.0000
 ------------------------------------------------------------------------------


 NSTEP =       48   TIME(PS) =       0.048  TEMP(K) =   157.04  PRESS =     0.0
 Etot   =  -4036981.3922  EKtot   =      3834.2729  EPtot      =  -4040815.6651
 BOND   =         0.0000  ANGLE   =         0.0000  DIHED      =         0.0000
 1-4 NB =         0.0000  1-4 EEL =         0.0000  VDWAALS    =      5982.3191
 EELEC  =  -4046797.9842  EHBOND  =         0.0000  RESTRAINT  =         0.0000
 ------------------------------------------------------------------------------


 NSTEP =       49   TIME(PS) =       0.049  TEMP(K) =   159.08  PRESS =     0.0
 Etot   =  -4036981.5937  EKtot   =      3883.9396  EPtot      =  -4040865.5333
 BOND   =         0.0000  ANGLE   =         0.0000  DIHED      =         0.0000
 1-4 NB =         0.0000  1-4 EEL =         0.0000  VDWAALS    =      6035.5355
 EELEC  =  -4046901.0688  EHBOND  =         0.0000  RESTRAINT  =         0.0000
 ------------------------------------------------------------------------------


 NSTEP =       50   TIME(PS) =       0.050  TEMP(K) =   160.96  PRESS =     0.0
 Etot   =  -4036981.7502  EKtot   =      3930.0277  EPtot      =  -4040911.7779
 BOND   =         0.0000  ANGLE   =         0.0000  DIHED      =         0.0000
 1-4 NB =         0.0000  1-4 EEL =         0.0000  VDWAALS    =      6090.5441
 EELEC  =  -4047002.3220  EHBOND  =         0.0000  RESTRAINT  =         0.0000
 ------------------------------------------------------------------------------


 NSTEP =       51   TIME(PS) =       0.051  TEMP(K) =   162.60  PRESS =     0.0
 Etot   =  -4036981.8844  EKtot   =      3970.0620  EPtot      =  -4040951.9464
 BOND   =         0.0000  ANGLE   =         0.0000  DIHED      =         0.0000
 1-4 NB =         0.0000  1-4 EEL =         0.0000  VDWAALS    =      6147.0977
 EELEC  =  -4047099.0441  EHBOND  =         0.0000  RESTRAINT  =         0.0000
 ------------------------------------------------------------------------------


 NSTEP =       52   TIME(PS) =       0.052  TEMP(K) =   163.92  PRESS =     0.0
 Etot   =  -4036981.9749  EKtot   =      4002.1138  EPtot      =  -4040984.0887
 BOND   =         0.0000  ANGLE   =         0.0000  DIHED      =         0.0000
 1-4 NB =         0.0000  1-4 EEL =         0.0000  VDWAALS    =      6204.9351
 EELEC  =  -4047189.0239  EHBOND  =         0.0000  RESTRAINT  =         0.0000
 ------------------------------------------------------------------------------


 NSTEP =       53   TIME(PS) =       0.053  TEMP(K) =   164.85  PRESS =     0.0
 Etot   =  -4036982.0079  EKtot   =      4024.9708  EPtot      =  -4041006.9786
 BOND   =         0.0000  ANGLE   =         0.0000  DIHED      =         0.0000
 1-4 NB =         0.0000  1-4 EEL =         0.0000  VDWAALS    =      6263.7808
 EELEC  =  -4047270.7594  EHBOND  =         0.0000  RESTRAINT  =         0.0000
 ------------------------------------------------------------------------------


 NSTEP =       54   TIME(PS) =       0.054  TEMP(K) =   165.40  PRESS =     0.0
 Etot   =  -4036981.9891  EKtot   =      4038.2238  EPtot      =  -4041020.2129
 BOND   =         0.0000  ANGLE   =         0.0000  DIHED      =         0.0000
 1-4 NB =         0.0000  1-4 EEL =         0.0000  VDWAALS    =      6323.3452
 EELEC  =  -4047343.5580  EHBOND  =         0.0000  RESTRAINT  =         0.0000
 ------------------------------------------------------------------------------


 NSTEP =       55   TIME(PS) =       0.055  TEMP(K) =   165.56  PRESS =     0.0
 Etot   =  -4036981.9217  EKtot   =      4042.2643  EPtot      =  -4041024.1859
 BOND   =         0.0000  ANGLE   =         0.0000  DIHED      =         0.0000
 1-4 NB =         0.0000  1-4 EEL =         0.0000  VDWAALS    =      6383.3271
 EELEC  =  -4047407.5131  EHBOND  =         0.0000  RESTRAINT  =         0.0000
 ------------------------------------------------------------------------------


 NSTEP =       56   TIME(PS) =       0.056  TEMP(K) =   165.39  PRESS =     0.0
 Etot   =  -4036981.8264  EKtot   =      4038.1958  EPtot      =  -4041020.0223
 BOND   =         0.0000  ANGLE   =         0.0000  DIHED      =         0.0000
 1-4 NB =         0.0000  1-4 EEL =         0.0000  VDWAALS    =      6443.4168
 EELEC  =  -4047463.4391  EHBOND  =         0.0000  RESTRAINT  =         0.0000
 ------------------------------------------------------------------------------


 NSTEP =       57   TIME(PS) =       0.057  TEMP(K) =   164.96  PRESS =     0.0
 Etot   =  -4036981.7041  EKtot   =      4027.6757  EPtot      =  -4041009.3798
 BOND   =         0.0000  ANGLE   =         0.0000  DIHED      =         0.0000
 1-4 NB =         0.0000  1-4 EEL =         0.0000  VDWAALS    =      6503.3002
 EELEC  =  -4047512.6800  EHBOND  =         0.0000  RESTRAINT  =         0.0000
 ------------------------------------------------------------------------------


 NSTEP =       58   TIME(PS) =       0.058  TEMP(K) =   164.35  PRESS =     0.0
 Etot   =  -4036981.5700  EKtot   =      4012.7094  EPtot      =  -4040994.2794
 BOND   =         0.0000  ANGLE   =         0.0000  DIHED      =         0.0000
 1-4 NB =         0.0000  1-4 EEL =         0.0000  VDWAALS    =      6562.6641
 EELEC  =  -4047556.9435  EHBOND  =         0.0000  RESTRAINT  =         0.0000
 ------------------------------------------------------------------------------


 NSTEP =       59   TIME(PS) =       0.059  TEMP(K) =   163.64  PRESS =     0.0
 Etot   =  -4036981.4481  EKtot   =      3995.4257  EPtot      =  -4040976.8738
 BOND   =         0.0000  ANGLE   =         0.0000  DIHED      =         0.0000
 1-4 NB =         0.0000  1-4 EEL =         0.0000  VDWAALS    =      6621.2016
 EELEC  =  -4047598.0754  EHBOND  =         0.0000  RESTRAINT  =         0.0000
 ------------------------------------------------------------------------------


 NSTEP =       60   TIME(PS) =       0.060  TEMP(K) =   162.92  PRESS =     0.0
 Etot   =  -4036981.3447  EKtot   =      3977.8573  EPtot      =  -4040959.2019
 BOND   =         0.0000  ANGLE   =         0.0000  DIHED      =         0.0000
 1-4 NB =         0.0000  1-4 EEL =         0.0000  VDWAALS    =      6678.6186
 EELEC  =  -4047637.8205  EHBOND  =         0.0000  RESTRAINT  =         0.0000
 ------------------------------------------------------------------------------


 NSTEP =       61   TIME(PS) =       0.061  TEMP(K) =   162.26  PRESS =     0.0
 Etot   =  -4036981.2668  EKtot   =      3961.7532  EPtot      =  -4040943.0201
 BOND   =         0.0000  ANGLE   =         0.0000  DIHED      =         0.0000
 1-4 NB =         0.0000  1-4 EEL =         0.0000  VDWAALS    =      6734.6385
 EELEC  =  -4047677.6586  EHBOND  =         0.0000  RESTRAINT  =         0.0000
 ------------------------------------------------------------------------------


 NSTEP =       62   TIME(PS) =       0.062  TEMP(K) =   161.72  PRESS =     0.0
 Etot   =  -4036981.2191  EKtot   =      3948.4383  EPtot      =  -4040929.6574
 BOND   =         0.0000  ANGLE   =         0.0000  DIHED      =         0.0000
 1-4 NB =         0.0000  1-4 EEL =         0.0000  VDWAALS    =      6789.0082
 EELEC  =  -4047718.6657  EHBOND  =         0.0000  RESTRAINT  =         0.0000
 ------------------------------------------------------------------------------


 NSTEP =       63   TIME(PS) =       0.063  TEMP(K) =   161.32  PRESS =     0.0
 Etot   =  -4036981.2072  EKtot   =      3938.7314  EPtot      =  -4040919.9385
 BOND   =         0.0000  ANGLE   =         0.0000  DIHED      =         0.0000
 1-4 NB =         0.0000  1-4 EEL =         0.0000  VDWAALS    =      6841.5019
 EELEC  =  -4047761.4405  EHBOND  =         0.0000  RESTRAINT  =         0.0000
 ------------------------------------------------------------------------------


 NSTEP =       64   TIME(PS) =       0.064  TEMP(K) =   161.08  PRESS =     0.0
 Etot   =  -4036981.2289  EKtot   =      3932.9256  EPtot      =  -4040914.1545
 BOND   =         0.0000  ANGLE   =         0.0000  DIHED      =         0.0000
 1-4 NB =         0.0000  1-4 EEL =         0.0000  VDWAALS    =      6891.9246
 EELEC  =  -4047806.0791  EHBOND  =         0.0000  RESTRAINT  =         0.0000
 ------------------------------------------------------------------------------


 NSTEP =       65   TIME(PS) =       0.065  TEMP(K) =   161.00  PRESS =     0.0
 Etot   =  -4036981.2714  EKtot   =      3930.8287  EPtot      =  -4040912.1001
 BOND   =         0.0000  ANGLE   =         0.0000  DIHED      =         0.0000
 1-4 NB =         0.0000  1-4 EEL =         0.0000  VDWAALS    =      6940.1139
 EELEC  =  -4047852.2139  EHBOND  =         0.0000  RESTRAINT  =         0.0000
 ------------------------------------------------------------------------------


 NSTEP =       66   TIME(PS) =       0.066  TEMP(K) =   161.04  PRESS =     0.0
 Etot   =  -4036981.3291  EKtot   =      3931.8523  EPtot      =  -4040913.1814
 BOND   =         0.0000  ANGLE   =         0.0000  DIHED      =         0.0000
 1-4 NB =         0.0000  1-4 EEL =         0.0000  VDWAALS    =      6985.9412
 EELEC  =  -4047899.1226  EHBOND  =         0.0000  RESTRAINT  =         0.0000
 ------------------------------------------------------------------------------


 NSTEP =       67   TIME(PS) =       0.067  TEMP(K) =   161.17  PRESS =     0.0
 Etot   =  -4036981.3978  EKtot   =      3935.1408  EPtot      =  -4040916.5386
 BOND   =         0.0000  ANGLE   =         0.0000  DIHED      =         0.0000
 1-4 NB =         0.0000  1-4 EEL =         0.0000  VDWAALS    =      7029.3108
 EELEC  =  -4047945.8494  EHBOND  =         0.0000  RESTRAINT  =         0.0000
 ------------------------------------------------------------------------------


 NSTEP =       68   TIME(PS) =       0.068  TEMP(K) =   161.36  PRESS =     0.0
 Etot   =  -4036981.4642  EKtot   =      3939.7193  EPtot      =  -4040921.1835
 BOND   =         0.0000  ANGLE   =         0.0000  DIHED      =         0.0000
 1-4 NB =         0.0000  1-4 EEL =         0.0000  VDWAALS    =      7070.1586
 EELEC  =  -4047991.3421  EHBOND  =         0.0000  RESTRAINT  =         0.0000
 ------------------------------------------------------------------------------


 NSTEP =       69   TIME(PS) =       0.069  TEMP(K) =   161.56  PRESS =     0.0
 Etot   =  -4036981.5159  EKtot   =      3944.6470  EPtot      =  -4040926.1629
 BOND   =         0.0000  ANGLE   =         0.0000  DIHED      =         0.0000
 1-4 NB =         0.0000  1-4 EEL =         0.0000  VDWAALS    =      7108.4494
 EELEC  =  -4048034.6123  EHBOND  =         0.0000  RESTRAINT  =         0.0000
 ------------------------------------------------------------------------------


 NSTEP =       70   TIME(PS) =       0.070  TEMP(K) =   161.75  PRESS =     0.0
 Etot   =  -4036981.5494  EKtot   =      3949.1547  EPtot      =  -4040930.7041
 BOND   =         0.0000  ANGLE   =         0.0000  DIHED      =         0.0000
 1-4 NB =         0.0000  1-4 EEL =         0.0000  VDWAALS    =      7144.1741
 EELEC  =  -4048074.8782  EHBOND  =         0.0000  RESTRAINT  =         0.0000
 ------------------------------------------------------------------------------


 NSTEP =       71   TIME(PS) =       0.071  TEMP(K) =   161.89  PRESS =     0.0
 Etot   =  -4036981.5629  EKtot   =      3952.7540  EPtot      =  -4040934.3169
 BOND   =         0.0000  ANGLE   =         0.0000  DIHED      =         0.0000
 1-4 NB =         0.0000  1-4 EEL =         0.0000  VDWAALS    =      7177.3461
 EELEC  =  -4048111.6629  EHBOND  =         0.0000  RESTRAINT  =         0.0000
 ------------------------------------------------------------------------------


 NSTEP =       72   TIME(PS) =       0.072  TEMP(K) =   162.00  PRESS =     0.0
 Etot   =  -4036981.5519  EKtot   =      3955.3053  EPtot      =  -4040936.8572
 BOND   =         0.0000  ANGLE   =         0.0000  DIHED      =         0.0000
 1-4 NB =         0.0000  1-4 EEL =         0.0000  VDWAALS    =      7207.9984
 EELEC  =  -4048144.8556  EHBOND  =         0.0000  RESTRAINT  =         0.0000
 ------------------------------------------------------------------------------


 NSTEP =       73   TIME(PS) =       0.073  TEMP(K) =   162.07  PRESS =     0.0
 Etot   =  -4036981.5159  EKtot   =      3957.0391  EPtot      =  -4040938.5551
 BOND   =         0.0000  ANGLE   =         0.0000  DIHED      =         0.0000
 1-4 NB =         0.0000  1-4 EEL =         0.0000  VDWAALS    =      7236.1808
 EELEC  =  -4048174.7359  EHBOND  =         0.0000  RESTRAINT  =         0.0000
 ------------------------------------------------------------------------------


 NSTEP =       74   TIME(PS) =       0.074  TEMP(K) =   162.13  PRESS =     0.0
 Etot   =  -4036981.4631  EKtot   =      3958.5295  EPtot      =  -4040939.9926
 BOND   =         0.0000  ANGLE   =         0.0000  DIHED      =         0.0000
 1-4 NB =         0.0000  1-4 EEL =         0.0000  VDWAALS    =      7261.9576
 EELEC  =  -4048201.9503  EHBOND  =         0.0000  RESTRAINT  =         0.0000
 ------------------------------------------------------------------------------


 NSTEP =       75   TIME(PS) =       0.075  TEMP(K) =   162.22  PRESS =     0.0
 Etot   =  -4036981.4014  EKtot   =      3960.6249  EPtot      =  -4040942.0262
 BOND   =         0.0000  ANGLE   =         0.0000  DIHED      =         0.0000
 1-4 NB =         0.0000  1-4 EEL =         0.0000  VDWAALS    =      7285.4067
 EELEC  =  -4048227.4329  EHBOND  =         0.0000  RESTRAINT  =         0.0000
 ------------------------------------------------------------------------------


 NSTEP =       76   TIME(PS) =       0.076  TEMP(K) =   162.37  PRESS =     0.0
 Etot   =  -4036981.3354  EKtot   =      3964.3452  EPtot      =  -4040945.6805
 BOND   =         0.0000  ANGLE   =         0.0000  DIHED      =         0.0000
 1-4 NB =         0.0000  1-4 EEL =         0.0000  VDWAALS    =      7306.6184
 EELEC  =  -4048252.2989  EHBOND  =         0.0000  RESTRAINT  =         0.0000
 ------------------------------------------------------------------------------


 NSTEP =       77   TIME(PS) =       0.077  TEMP(K) =   162.63  PRESS =     0.0
 Etot   =  -4036981.2730  EKtot   =      3970.7580  EPtot      =  -4040952.0310
 BOND   =         0.0000  ANGLE   =         0.0000  DIHED      =         0.0000
 1-4 NB =         0.0000  1-4 EEL =         0.0000  VDWAALS    =      7325.6960
 EELEC  =  -4048277.7270  EHBOND  =         0.0000  RESTRAINT  =         0.0000
 ------------------------------------------------------------------------------


 NSTEP =       78   TIME(PS) =       0.078  TEMP(K) =   163.05  PRESS =     0.0
 Etot   =  -4036981.2252  EKtot   =      3980.8475  EPtot      =  -4040962.0727
 BOND   =         0.0000  ANGLE   =         0.0000  DIHED      =         0.0000
 1-4 NB =         0.0000  1-4 EEL =         0.0000  VDWAALS    =      7342.7558
 EELEC  =  -4048304.8286  EHBOND  =         0.0000  RESTRAINT  =         0.0000
 ------------------------------------------------------------------------------


 NSTEP =       79   TIME(PS) =       0.079  TEMP(K) =   163.64  PRESS =     0.0
 Etot   =  -4036981.1990  EKtot   =      3995.3907  EPtot      =  -4040976.5897
 BOND   =         0.0000  ANGLE   =         0.0000  DIHED      =         0.0000
 1-4 NB =         0.0000  1-4 EEL =         0.0000  VDWAALS    =      7357.9281
 EELEC  =  -4048334.5178  EHBOND  =         0.0000  RESTRAINT  =         0.0000
 ------------------------------------------------------------------------------


 NSTEP =       80   TIME(PS) =       0.080  TEMP(K) =   164.44  PRESS =     0.0
 Etot   =  -4036981.1958  EKtot   =      4014.8557  EPtot      =  -4040996.0515
 BOND   =         0.0000  ANGLE   =         0.0000  DIHED      =         0.0000
 1-4 NB =         0.0000  1-4 EEL =         0.0000  VDWAALS    =      7371.3573
 EELEC  =  -4048367.4089  EHBOND  =         0.0000  RESTRAINT  =         0.0000
 ------------------------------------------------------------------------------


 NSTEP =       81   TIME(PS) =       0.081  TEMP(K) =   165.44  PRESS =     0.0
 Etot   =  -4036981.2177  EKtot   =      4039.3313  EPtot      =  -4041020.5490
 BOND   =         0.0000  ANGLE   =         0.0000  DIHED      =         0.0000
 1-4 NB =         0.0000  1-4 EEL =         0.0000  VDWAALS    =      7383.2019
 EELEC  =  -4048403.7509  EHBOND  =         0.0000  RESTRAINT  =         0.0000
 ------------------------------------------------------------------------------


 NSTEP =       82   TIME(PS) =       0.082  TEMP(K) =   166.63  PRESS =     0.0
 Etot   =  -4036981.2664  EKtot   =      4068.4970  EPtot      =  -4041049.7634
 BOND   =         0.0000  ANGLE   =         0.0000  DIHED      =         0.0000
 1-4 NB =         0.0000  1-4 EEL =         0.0000  VDWAALS    =      7393.6341
 EELEC  =  -4048443.3975  EHBOND  =         0.0000  RESTRAINT  =         0.0000
 ------------------------------------------------------------------------------


 NSTEP =       83   TIME(PS) =       0.083  TEMP(K) =   167.99  PRESS =     0.0
 Etot   =  -4036981.3380  EKtot   =      4101.6362  EPtot      =  -4041082.9742
 BOND   =         0.0000  ANGLE   =         0.0000  DIHED      =         0.0000
 1-4 NB =         0.0000  1-4 EEL =         0.0000  VDWAALS    =      7402.8383
 EELEC  =  -4048485.8125  EHBOND  =         0.0000  RESTRAINT  =         0.0000
 ------------------------------------------------------------------------------


 NSTEP =       84   TIME(PS) =       0.084  TEMP(K) =   169.47  PRESS =     0.0
 Etot   =  -4036981.4238  EKtot   =      4137.6914  EPtot      =  -4041119.1152
 BOND   =         0.0000  ANGLE   =         0.0000  DIHED      =         0.0000
 1-4 NB =         0.0000  1-4 EEL =         0.0000  VDWAALS    =      7411.0089
 EELEC  =  -4048530.1240  EHBOND  =         0.0000  RESTRAINT  =         0.0000
 ------------------------------------------------------------------------------


 NSTEP =       85   TIME(PS) =       0.085  TEMP(K) =   171.01  PRESS =     0.0
 Etot   =  -4036981.5170  EKtot   =      4175.3563  EPtot      =  -4041156.8733
 BOND   =         0.0000  ANGLE   =         0.0000  DIHED      =         0.0000
 1-4 NB =         0.0000  1-4 EEL =         0.0000  VDWAALS    =      7418.3475
 EELEC  =  -4048575.2208  EHBOND  =         0.0000  RESTRAINT  =         0.0000
 ------------------------------------------------------------------------------


 NSTEP =       86   TIME(PS) =       0.086  TEMP(K) =   172.56  PRESS =     0.0
 Etot   =  -4036981.6117  EKtot   =      4213.1940  EPtot      =  -4041194.8058
 BOND   =         0.0000  ANGLE   =         0.0000  DIHED      =         0.0000
 1-4 NB =         0.0000  1-4 EEL =         0.0000  VDWAALS    =      7425.0596
 EELEC  =  -4048619.8654  EHBOND  =         0.0000  RESTRAINT  =         0.0000
 ------------------------------------------------------------------------------


 NSTEP =       87   TIME(PS) =       0.087  TEMP(K) =   174.06  PRESS =     0.0
 Etot   =  -4036981.6980  EKtot   =      4249.7710  EPtot      =  -4041231.4689
 BOND   =         0.0000  ANGLE   =         0.0000  DIHED      =         0.0000
 1-4 NB =         0.0000  1-4 EEL =         0.0000  VDWAALS    =      7431.3505
 EELEC  =  -4048662.8195  EHBOND  =         0.0000  RESTRAINT  =         0.0000
 ------------------------------------------------------------------------------


 NSTEP =       88   TIME(PS) =       0.088  TEMP(K) =   175.45  PRESS =     0.0
 Etot   =  -4036981.7661  EKtot   =      4283.7890  EPtot      =  -4041265.5551
 BOND   =         0.0000  ANGLE   =         0.0000  DIHED      =         0.0000
 1-4 NB =         0.0000  1-4 EEL =         0.0000  VDWAALS    =      7437.4214
 EELEC  =  -4048702.9765  EHBOND  =         0.0000  RESTRAINT  =         0.0000
 ------------------------------------------------------------------------------


 NSTEP =       89   TIME(PS) =       0.089  TEMP(K) =   176.70  PRESS =     0.0
 Etot   =  -4036981.8119  EKtot   =      4314.2042  EPtot      =  -4041296.0162
 BOND   =         0.0000  ANGLE   =         0.0000  DIHED      =         0.0000
 1-4 NB =         0.0000  1-4 EEL =         0.0000  VDWAALS    =      7443.4652
 EELEC  =  -4048739.4814  EHBOND  =         0.0000  RESTRAINT  =         0.0000
 ------------------------------------------------------------------------------


 NSTEP =       90   TIME(PS) =       0.090  TEMP(K) =   177.77  PRESS =     0.0
 Etot   =  -4036981.8337  EKtot   =      4340.3172  EPtot      =  -4041322.1510
 BOND   =         0.0000  ANGLE   =         0.0000  DIHED      =         0.0000
 1-4 NB =         0.0000  1-4 EEL =         0.0000  VDWAALS    =      7449.6628
 EELEC  =  -4048771.8138  EHBOND  =         0.0000  RESTRAINT  =         0.0000
 ------------------------------------------------------------------------------


 NSTEP =       91   TIME(PS) =       0.091  TEMP(K) =   178.65  PRESS =     0.0
 Etot   =  -4036981.8294  EKtot   =      4361.8255  EPtot      =  -4041343.6549
 BOND   =         0.0000  ANGLE   =         0.0000  DIHED      =         0.0000
 1-4 NB =         0.0000  1-4 EEL =         0.0000  VDWAALS    =      7456.1799
 EELEC  =  -4048799.8348  EHBOND  =         0.0000  RESTRAINT  =         0.0000
 ------------------------------------------------------------------------------


 NSTEP =       92   TIME(PS) =       0.092  TEMP(K) =   179.35  PRESS =     0.0
 Etot   =  -4036981.7996  EKtot   =      4378.8328  EPtot      =  -4041360.6324
 BOND   =         0.0000  ANGLE   =         0.0000  DIHED      =         0.0000
 1-4 NB =         0.0000  1-4 EEL =         0.0000  VDWAALS    =      7463.1636
 EELEC  =  -4048823.7960  EHBOND  =         0.0000  RESTRAINT  =         0.0000
 ------------------------------------------------------------------------------


 NSTEP =       93   TIME(PS) =       0.093  TEMP(K) =   179.88  PRESS =     0.0
 Etot   =  -4036981.7507  EKtot   =      4391.8151  EPtot      =  -4041373.5658
 BOND   =         0.0000  ANGLE   =         0.0000  DIHED      =         0.0000
 1-4 NB =         0.0000  1-4 EEL =         0.0000  VDWAALS    =      7470.7409
 EELEC  =  -4048844.3067  EHBOND  =         0.0000  RESTRAINT  =         0.0000
 ------------------------------------------------------------------------------


 NSTEP =       94   TIME(PS) =       0.094  TEMP(K) =   180.28  PRESS =     0.0
 Etot   =  -4036981.6907  EKtot   =      4401.5485  EPtot      =  -4041383.2392
 BOND   =         0.0000  ANGLE   =         0.0000  DIHED      =         0.0000
 1-4 NB =         0.0000  1-4 EEL =         0.0000  VDWAALS    =      7479.0166
 EELEC  =  -4048862.2558  EHBOND  =         0.0000  RESTRAINT  =         0.0000
 ------------------------------------------------------------------------------


 NSTEP =       95   TIME(PS) =       0.095  TEMP(K) =   180.58  PRESS =     0.0
 Etot   =  -4036981.6251  EKtot   =      4409.0081  EPtot      =  -4041390.6332
 BOND   =         0.0000  ANGLE   =         0.0000  DIHED      =         0.0000
 1-4 NB =         0.0000  1-4 EEL =         0.0000  VDWAALS    =      7488.0726
 EELEC  =  -4048878.7058  EHBOND  =         0.0000  RESTRAINT  =         0.0000
 ------------------------------------------------------------------------------


 NSTEP =       96   TIME(PS) =       0.096  TEMP(K) =   180.84  PRESS =     0.0
 Etot   =  -4036981.5608  EKtot   =      4415.2492  EPtot      =  -4041396.8100
 BOND   =         0.0000  ANGLE   =         0.0000  DIHED      =         0.0000
 1-4 NB =         0.0000  1-4 EEL =         0.0000  VDWAALS    =      7497.9675
 EELEC  =  -4048894.7775  EHBOND  =         0.0000  RESTRAINT  =         0.0000
 ------------------------------------------------------------------------------


 NSTEP =       97   TIME(PS) =       0.097  TEMP(K) =   181.08  PRESS =     0.0
 Etot   =  -4036981.5075  EKtot   =      4421.2848  EPtot      =  -4041402.7922
 BOND   =         0.0000  ANGLE   =         0.0000  DIHED      =         0.0000
 1-4 NB =         0.0000  1-4 EEL =         0.0000  VDWAALS    =      7508.7369
 EELEC  =  -4048911.5291  EHBOND  =         0.0000  RESTRAINT  =         0.0000
 ------------------------------------------------------------------------------


 NSTEP =       98   TIME(PS) =       0.098  TEMP(K) =   181.36  PRESS =     0.0
 Etot   =  -4036981.4717  EKtot   =      4427.9711  EPtot      =  -4041409.4428
 BOND   =         0.0000  ANGLE   =         0.0000  DIHED      =         0.0000
 1-4 NB =         0.0000  1-4 EEL =         0.0000  VDWAALS    =      7520.3942
 EELEC  =  -4048929.8370  EHBOND  =         0.0000  RESTRAINT  =         0.0000
 ------------------------------------------------------------------------------


 NSTEP =       99   TIME(PS) =       0.099  TEMP(K) =   181.68  PRESS =     0.0
 Etot   =  -4036981.4552  EKtot   =      4435.9158  EPtot      =  -4041417.3710
 BOND   =         0.0000  ANGLE   =         0.0000  DIHED      =         0.0000
 1-4 NB =         0.0000  1-4 EEL =         0.0000  VDWAALS    =      7532.9312
 EELEC  =  -4048950.3021  EHBOND  =         0.0000  RESTRAINT  =         0.0000
 ------------------------------------------------------------------------------


 NSTEP =      100   TIME(PS) =       0.100  TEMP(K) =   182.07  PRESS =     0.0
 Etot   =  -4036981.4596  EKtot   =      4445.4160  EPtot      =  -4041426.8756
 BOND   =         0.0000  ANGLE   =         0.0000  DIHED      =         0.0000
 1-4 NB =         0.0000  1-4 EEL =         0.0000  VDWAALS    =      7546.3200
 EELEC  =  -4048973.1956  EHBOND  =         0.0000  RESTRAINT  =         0.0000
 ------------------------------------------------------------------------------


 NSTEP =      101   TIME(PS) =       0.101  TEMP(K) =   182.52  PRESS =     0.0
 Etot   =  -4036981.4859  EKtot   =      4456.4358  EPtot      =  -4041437.9217
 BOND   =         0.0000  ANGLE   =         0.0000  DIHED      =         0.0000
 1-4 NB =         0.0000  1-4 EEL =         0.0000  VDWAALS    =      7560.5148
 EELEC  =  -4048998.4365  EHBOND  =         0.0000  RESTRAINT  =         0.0000
 ------------------------------------------------------------------------------


 NSTEP =      102   TIME(PS) =       0.102  TEMP(K) =   183.02  PRESS =     0.0
 Etot   =  -4036981.5300  EKtot   =      4468.6243  EPtot      =  -4041450.1543
 BOND   =         0.0000  ANGLE   =         0.0000  DIHED      =         0.0000
 1-4 NB =         0.0000  1-4 EEL =         0.0000  VDWAALS    =      7575.4532
 EELEC  =  -4049025.6075  EHBOND  =         0.0000  RESTRAINT  =         0.0000
 ------------------------------------------------------------------------------


 NSTEP =      103   TIME(PS) =       0.103  TEMP(K) =   183.55  PRESS =     0.0
 Etot   =  -4036981.5844  EKtot   =      4481.3713  EPtot      =  -4041462.9557
 BOND   =         0.0000  ANGLE   =         0.0000  DIHED      =         0.0000
 1-4 NB =         0.0000  1-4 EEL =         0.0000  VDWAALS    =      7591.0593
 EELEC  =  -4049054.0150  EHBOND  =         0.0000  RESTRAINT  =         0.0000
 ------------------------------------------------------------------------------


 NSTEP =      104   TIME(PS) =       0.104  TEMP(K) =   184.06  PRESS =     0.0
 Etot   =  -4036981.6428  EKtot   =      4493.8933  EPtot      =  -4041475.5361
 BOND   =         0.0000  ANGLE   =         0.0000  DIHED      =         0.0000
 1-4 NB =         0.0000  1-4 EEL =         0.0000  VDWAALS    =      7607.2459
 EELEC  =  -4049082.7820  EHBOND  =         0.0000  RESTRAINT  =         0.0000
 ------------------------------------------------------------------------------


 NSTEP =      105   TIME(PS) =       0.105  TEMP(K) =   184.53  PRESS =     0.0
 Etot   =  -4036981.6999  EKtot   =      4505.3365  EPtot      =  -4041487.0364
 BOND   =         0.0000  ANGLE   =         0.0000  DIHED      =         0.0000
 1-4 NB =         0.0000  1-4 EEL =         0.0000  VDWAALS    =      7623.9167
 EELEC  =  -4049110.9532  EHBOND  =         0.0000  RESTRAINT  =         0.0000
 ------------------------------------------------------------------------------


 NSTEP =      106   TIME(PS) =       0.106  TEMP(K) =   184.92  PRESS =     0.0
 Etot   =  -4036981.7482  EKtot   =      4514.8842  EPtot      =  -4041496.6324
 BOND   =         0.0000  ANGLE   =         0.0000  DIHED      =         0.0000
 1-4 NB =         0.0000  1-4 EEL =         0.0000  VDWAALS    =      7640.9697
 EELEC  =  -4049137.6021  EHBOND  =         0.0000  RESTRAINT  =         0.0000
 ------------------------------------------------------------------------------


 NSTEP =      107   TIME(PS) =       0.107  TEMP(K) =   185.20  PRESS =     0.0
 Etot   =  -4036981.7815  EKtot   =      4521.8534  EPtot      =  -4041503.6348
 BOND   =         0.0000  ANGLE   =         0.0000  DIHED      =         0.0000
 1-4 NB =         0.0000  1-4 EEL =         0.0000  VDWAALS    =      7658.2993
 EELEC  =  -4049161.9341  EHBOND  =         0.0000  RESTRAINT  =         0.0000
 ------------------------------------------------------------------------------


 NSTEP =      108   TIME(PS) =       0.108  TEMP(K) =   185.36  PRESS =     0.0
 Etot   =  -4036981.7975  EKtot   =      4525.7722  EPtot      =  -4041507.5697
 BOND   =         0.0000  ANGLE   =         0.0000  DIHED      =         0.0000
 1-4 NB =         0.0000  1-4 EEL =         0.0000  VDWAALS    =      7675.7988
 EELEC  =  -4049183.3686  EHBOND  =         0.0000  RESTRAINT  =         0.0000
 ------------------------------------------------------------------------------


 NSTEP =      109   TIME(PS) =       0.109  TEMP(K) =   185.39  PRESS =     0.0
 Etot   =  -4036981.7963  EKtot   =      4526.4288  EPtot      =  -4041508.2251
 BOND   =         0.0000  ANGLE   =         0.0000  DIHED      =         0.0000
 1-4 NB =         0.0000  1-4 EEL =         0.0000  VDWAALS    =      7693.3632
 EELEC  =  -4049201.5883  EHBOND  =         0.0000  RESTRAINT  =         0.0000
 ------------------------------------------------------------------------------


 NSTEP =      110   TIME(PS) =       0.110  TEMP(K) =   185.29  PRESS =     0.0
 Etot   =  -4036981.7774  EKtot   =      4523.8895  EPtot      =  -4041505.6669
 BOND   =         0.0000  ANGLE   =         0.0000  DIHED      =         0.0000
 1-4 NB =         0.0000  1-4 EEL =         0.0000  VDWAALS    =      7710.8906
 EELEC  =  -4049216.5574  EHBOND  =         0.0000  RESTRAINT  =         0.0000
 ------------------------------------------------------------------------------


 NSTEP =      111   TIME(PS) =       0.111  TEMP(K) =   185.07  PRESS =     0.0
 Etot   =  -4036981.7421  EKtot   =      4518.4887  EPtot      =  -4041500.2308
 BOND   =         0.0000  ANGLE   =         0.0000  DIHED      =         0.0000
 1-4 NB =         0.0000  1-4 EEL =         0.0000  VDWAALS    =      7728.2841
 EELEC  =  -4049228.5149  EHBOND  =         0.0000  RESTRAINT  =         0.0000
 ------------------------------------------------------------------------------


 NSTEP =      112   TIME(PS) =       0.112  TEMP(K) =   184.75  PRESS =     0.0
 Etot   =  -4036981.6936  EKtot   =      4510.7925  EPtot      =  -4041492.4860
 BOND   =         0.0000  ANGLE   =         0.0000  DIHED      =         0.0000
 1-4 NB =         0.0000  1-4 EEL =         0.0000  VDWAALS    =      7745.4534
 EELEC  =  -4049237.9394  EHBOND  =         0.0000  RESTRAINT  =         0.0000
 ------------------------------------------------------------------------------


 NSTEP =      113   TIME(PS) =       0.113  TEMP(K) =   184.37  PRESS =     0.0
 Etot   =  -4036981.6471  EKtot   =      4501.5411  EPtot      =  -4041483.1882
 BOND   =         0.0000  ANGLE   =         0.0000  DIHED      =         0.0000
 1-4 NB =         0.0000  1-4 EEL =         0.0000  VDWAALS    =      7762.3153
 EELEC  =  -4049245.5035  EHBOND  =         0.0000  RESTRAINT  =         0.0000
 ------------------------------------------------------------------------------


 NSTEP =      114   TIME(PS) =       0.114  TEMP(K) =   183.96  PRESS =     0.0
 Etot   =  -4036981.5887  EKtot   =      4491.5782  EPtot      =  -4041473.1669
 BOND   =         0.0000  ANGLE   =         0.0000  DIHED      =         0.0000
 1-4 NB =         0.0000  1-4 EEL =         0.0000  VDWAALS    =      7778.7950
 EELEC  =  -4049251.9619  EHBOND  =         0.0000  RESTRAINT  =         0.0000
 ------------------------------------------------------------------------------


 NSTEP =      115   TIME(PS) =       0.115  TEMP(K) =   183.56  PRESS =     0.0
 Etot   =  -4036981.5327  EKtot   =      4481.7730  EPtot      =  -4041463.3057
 BOND   =         0.0000  ANGLE   =         0.0000  DIHED      =         0.0000
 1-4 NB =         0.0000  1-4 EEL =         0.0000  VDWAALS    =      7794.8263
 EELEC  =  -4049258.1320  EHBOND  =         0.0000  RESTRAINT  =         0.0000
 ------------------------------------------------------------------------------


 NSTEP =      116   TIME(PS) =       0.116  TEMP(K) =   183.20  PRESS =     0.0
 Etot   =  -4036981.4935  EKtot   =      4472.9420  EPtot      =  -4041454.4354
 BOND   =         0.0000  ANGLE   =         0.0000  DIHED      =         0.0000
 1-4 NB =         0.0000  1-4 EEL =         0.0000  VDWAALS    =      7810.3518
 EELEC  =  -4049264.7872  EHBOND  =         0.0000  RESTRAINT  =         0.0000
 ------------------------------------------------------------------------------


 NSTEP =      117   TIME(PS) =       0.117  TEMP(K) =   182.91  PRESS =     0.0
 Etot   =  -4036981.4647  EKtot   =      4465.7782  EPtot      =  -4041447.2429
 BOND   =         0.0000  ANGLE   =         0.0000  DIHED      =         0.0000
 1-4 NB =         0.0000  1-4 EEL =         0.0000  VDWAALS    =      7825.3231
 EELEC  =  -4049272.5660  EHBOND  =         0.0000  RESTRAINT  =         0.0000
 ------------------------------------------------------------------------------


 NSTEP =      118   TIME(PS) =       0.118  TEMP(K) =   182.70  PRESS =     0.0
 Etot   =  -4036981.4429  EKtot   =      4460.7949  EPtot      =  -4041442.2378
 BOND   =         0.0000  ANGLE   =         0.0000  DIHED      =         0.0000
 1-4 NB =         0.0000  1-4 EEL =         0.0000  VDWAALS    =      7839.7008
 EELEC  =  -4049281.9387  EHBOND  =         0.0000  RESTRAINT  =         0.0000
 ------------------------------------------------------------------------------


 NSTEP =      119   TIME(PS) =       0.119  TEMP(K) =   182.60  PRESS =     0.0
 Etot   =  -4036981.4395  EKtot   =      4458.2872  EPtot      =  -4041439.7267
 BOND   =         0.0000  ANGLE   =         0.0000  DIHED      =         0.0000
 1-4 NB =         0.0000  1-4 EEL =         0.0000  VDWAALS    =      7853.4540
 EELEC  =  -4049293.1807  EHBOND  =         0.0000  RESTRAINT  =         0.0000
 ------------------------------------------------------------------------------


 NSTEP =      120   TIME(PS) =       0.120  TEMP(K) =   182.60  PRESS =     0.0
 Etot   =  -4036981.4551  EKtot   =      4458.3161  EPtot      =  -4041439.7712
 BOND   =         0.0000  ANGLE   =         0.0000  DIHED      =         0.0000
 1-4 NB =         0.0000  1-4 EEL =         0.0000  VDWAALS    =      7866.5595
 EELEC  =  -4049306.3307  EHBOND  =         0.0000  RESTRAINT  =         0.0000
 ------------------------------------------------------------------------------


 NSTEP =      121   TIME(PS) =       0.121  TEMP(K) =   182.70  PRESS =     0.0
 Etot   =  -4036981.4809  EKtot   =      4460.7169  EPtot      =  -4041442.1978
 BOND   =         0.0000  ANGLE   =         0.0000  DIHED      =         0.0000
 1-4 NB =         0.0000  1-4 EEL =         0.0000  VDWAALS    =      7879.0016
 EELEC  =  -4049321.1994  EHBOND  =         0.0000  RESTRAINT  =         0.0000
 ------------------------------------------------------------------------------


 NSTEP =      122   TIME(PS) =       0.122  TEMP(K) =   182.88  PRESS =     0.0
 Etot   =  -4036981.5139  EKtot   =      4465.1300  EPtot      =  -4041446.6439
 BOND   =         0.0000  ANGLE   =         0.0000  DIHED      =         0.0000
 1-4 NB =         0.0000  1-4 EEL =         0.0000  VDWAALS    =      7890.7706
 EELEC  =  -4049337.4145  EHBOND  =         0.0000  RESTRAINT  =         0.0000
 ------------------------------------------------------------------------------


 NSTEP =      123   TIME(PS) =       0.123  TEMP(K) =   183.12  PRESS =     0.0
 Etot   =  -4036981.5539  EKtot   =      4471.0506  EPtot      =  -4041452.6045
 BOND   =         0.0000  ANGLE   =         0.0000  DIHED      =         0.0000
 1-4 NB =         0.0000  1-4 EEL =         0.0000  VDWAALS    =      7901.8621
 EELEC  =  -4049354.4666  EHBOND  =         0.0000  RESTRAINT  =         0.0000
 ------------------------------------------------------------------------------


 NSTEP =      124   TIME(PS) =       0.124  TEMP(K) =   183.40  PRESS =     0.0
 Etot   =  -4036981.5971  EKtot   =      4477.8910  EPtot      =  -4041459.4881
 BOND   =         0.0000  ANGLE   =         0.0000  DIHED      =         0.0000
 1-4 NB =         0.0000  1-4 EEL =         0.0000  VDWAALS    =      7912.2758
 EELEC  =  -4049371.7638  EHBOND  =         0.0000  RESTRAINT  =         0.0000
 ------------------------------------------------------------------------------


 NSTEP =      125   TIME(PS) =       0.125  TEMP(K) =   183.70  PRESS =     0.0
 Etot   =  -4036981.6350  EKtot   =      4485.0485  EPtot      =  -4041466.6835
 BOND   =         0.0000  ANGLE   =         0.0000  DIHED      =         0.0000
 1-4 NB =         0.0000  1-4 EEL =         0.0000  VDWAALS    =      7922.0142
 EELEC  =  -4049388.6977  EHBOND  =         0.0000  RESTRAINT  =         0.0000
 ------------------------------------------------------------------------------


 NSTEP =      126   TIME(PS) =       0.126  TEMP(K) =   183.98  PRESS =     0.0
 Etot   =  -4036981.6642  EKtot   =      4491.9695  EPtot      =  -4041473.6338
 BOND   =         0.0000  ANGLE   =         0.0000  DIHED      =         0.0000
 1-4 NB =         0.0000  1-4 EEL =         0.0000  VDWAALS    =      7931.0823
 EELEC  =  -4049404.7160  EHBOND  =         0.0000  RESTRAINT  =         0.0000
 ------------------------------------------------------------------------------


 NSTEP =      127   TIME(PS) =       0.127  TEMP(K) =   184.23  PRESS =     0.0
 Etot   =  -4036981.6863  EKtot   =      4498.2021  EPtot      =  -4041479.8883
 BOND   =         0.0000  ANGLE   =         0.0000  DIHED      =         0.0000
 1-4 NB =         0.0000  1-4 EEL =         0.0000  VDWAALS    =      7939.4865
 EELEC  =  -4049419.3748  EHBOND  =         0.0000  RESTRAINT  =         0.0000
 ------------------------------------------------------------------------------


 NSTEP =      128   TIME(PS) =       0.128  TEMP(K) =   184.45  PRESS =     0.0
 Etot   =  -4036981.6984  EKtot   =      4503.4325  EPtot      =  -4041485.1309
 BOND   =         0.0000  ANGLE   =         0.0000  DIHED      =         0.0000
 1-4 NB =         0.0000  1-4 EEL =         0.0000  VDWAALS    =      7947.2344
 EELEC  =  -4049432.3653  EHBOND  =         0.0000  RESTRAINT  =         0.0000
 ------------------------------------------------------------------------------


 NSTEP =      129   TIME(PS) =       0.129  TEMP(K) =   184.62  PRESS =     0.0
 Etot   =  -4036981.6998  EKtot   =      4507.5018  EPtot      =  -4041489.2017
 BOND   =         0.0000  ANGLE   =         0.0000  DIHED      =         0.0000
 1-4 NB =         0.0000  1-4 EEL =         0.0000  VDWAALS    =      7954.3348
 EELEC  =  -4049443.5365  EHBOND  =         0.0000  RESTRAINT  =         0.0000
 ------------------------------------------------------------------------------


 NSTEP =      130   TIME(PS) =       0.130  TEMP(K) =   184.73  PRESS =     0.0
 Etot   =  -4036981.6916  EKtot   =      4510.4021  EPtot      =  -4041492.0937
 BOND   =         0.0000  ANGLE   =         0.0000  DIHED      =         0.0000
 1-4 NB =         0.0000  1-4 EEL =         0.0000  VDWAALS    =      7960.7976
 EELEC  =  -4049452.8913  EHBOND  =         0.0000  RESTRAINT  =         0.0000
 ------------------------------------------------------------------------------


 NSTEP =      131   TIME(PS) =       0.131  TEMP(K) =   184.81  PRESS =     0.0
 Etot   =  -4036981.6776  EKtot   =      4512.2550  EPtot      =  -4041493.9326
 BOND   =         0.0000  ANGLE   =         0.0000  DIHED      =         0.0000
 1-4 NB =         0.0000  1-4 EEL =         0.0000  VDWAALS    =      7966.6339
 EELEC  =  -4049460.5665  EHBOND  =         0.0000  RESTRAINT  =         0.0000
 ------------------------------------------------------------------------------


 NSTEP =      132   TIME(PS) =       0.132  TEMP(K) =   184.85  PRESS =     0.0
 Etot   =  -4036981.6616  EKtot   =      4513.2792  EPtot      =  -4041494.9408
 BOND   =         0.0000  ANGLE   =         0.0000  DIHED      =         0.0000
 1-4 NB =         0.0000  1-4 EEL =         0.0000  VDWAALS    =      7971.8567
 EELEC  =  -4049466.7976  EHBOND  =         0.0000  RESTRAINT  =         0.0000
 ------------------------------------------------------------------------------


 NSTEP =      133   TIME(PS) =       0.133  TEMP(K) =   184.87  PRESS =     0.0
 Etot   =  -4036981.6433  EKtot   =      4513.7525  EPtot      =  -4041495.3958
 BOND   =         0.0000  ANGLE   =         0.0000  DIHED      =         0.0000
 1-4 NB =         0.0000  1-4 EEL =         0.0000  VDWAALS    =      7976.4809
 EELEC  =  -4049471.8767  EHBOND  =         0.0000  RESTRAINT  =         0.0000
 ------------------------------------------------------------------------------


 NSTEP =      134   TIME(PS) =       0.134  TEMP(K) =   184.88  PRESS =     0.0
 Etot   =  -4036981.6244  EKtot   =      4513.9737  EPtot      =  -4041495.5981
 BOND   =         0.0000  ANGLE   =         0.0000  DIHED      =         0.0000
 1-4 NB =         0.0000  1-4 EEL =         0.0000  VDWAALS    =      7980.5239
 EELEC  =  -4049476.1220  EHBOND  =         0.0000  RESTRAINT  =         0.0000
 ------------------------------------------------------------------------------


 NSTEP =      135   TIME(PS) =       0.135  TEMP(K) =   184.89  PRESS =     0.0
 Etot   =  -4036981.6089  EKtot   =      4514.2313  EPtot      =  -4041495.8401
 BOND   =         0.0000  ANGLE   =         0.0000  DIHED      =         0.0000
 1-4 NB =         0.0000  1-4 EEL =         0.0000  VDWAALS    =      7984.0056
 EELEC  =  -4049479.8457  EHBOND  =         0.0000  RESTRAINT  =         0.0000
 ------------------------------------------------------------------------------


 NSTEP =      136   TIME(PS) =       0.136  TEMP(K) =   184.91  PRESS =     0.0
 Etot   =  -4036981.5974  EKtot   =      4514.7797  EPtot      =  -4041496.3771
 BOND   =         0.0000  ANGLE   =         0.0000  DIHED      =         0.0000
 1-4 NB =         0.0000  1-4 EEL =         0.0000  VDWAALS    =      7986.9491
 EELEC  =  -4049483.3262  EHBOND  =         0.0000  RESTRAINT  =         0.0000
 ------------------------------------------------------------------------------


 NSTEP =      137   TIME(PS) =       0.137  TEMP(K) =   184.96  PRESS =     0.0
 Etot   =  -4036981.5880  EKtot   =      4515.8256  EPtot      =  -4041497.4136
 BOND   =         0.0000  ANGLE   =         0.0000  DIHED      =         0.0000
 1-4 NB =         0.0000  1-4 EEL =         0.0000  VDWAALS    =      7989.3807
 EELEC  =  -4049486.7943  EHBOND  =         0.0000  RESTRAINT  =         0.0000
 ------------------------------------------------------------------------------


 NSTEP =      138   TIME(PS) =       0.138  TEMP(K) =   185.03  PRESS =     0.0
 Etot   =  -4036981.5815  EKtot   =      4517.5212  EPtot      =  -4041499.1028
 BOND   =         0.0000  ANGLE   =         0.0000  DIHED      =         0.0000
 1-4 NB =         0.0000  1-4 EEL =         0.0000  VDWAALS    =      7991.3296
 EELEC  =  -4049490.4324  EHBOND  =         0.0000  RESTRAINT  =         0.0000
 ------------------------------------------------------------------------------


 NSTEP =      139   TIME(PS) =       0.139  TEMP(K) =   185.13  PRESS =     0.0
 Etot   =  -4036981.5795  EKtot   =      4519.9637  EPtot      =  -4041501.5432
 BOND   =         0.0000  ANGLE   =         0.0000  DIHED      =         0.0000
 1-4 NB =         0.0000  1-4 EEL =         0.0000  VDWAALS    =      7992.8287
 EELEC  =  -4049494.3719  EHBOND  =         0.0000  RESTRAINT  =         0.0000
 ------------------------------------------------------------------------------


 NSTEP =      140   TIME(PS) =       0.140  TEMP(K) =   185.26  PRESS =     0.0
 Etot   =  -4036981.5811  EKtot   =      4523.1979  EPtot      =  -4041504.7790
 BOND   =         0.0000  ANGLE   =         0.0000  DIHED      =         0.0000
 1-4 NB =         0.0000  1-4 EEL =         0.0000  VDWAALS    =      7993.9136
 EELEC  =  -4049498.6926  EHBOND  =         0.0000  RESTRAINT  =         0.0000
 ------------------------------------------------------------------------------


 NSTEP =      141   TIME(PS) =       0.141  TEMP(K) =   185.42  PRESS =     0.0
 Etot   =  -4036981.5845  EKtot   =      4527.2213  EPtot      =  -4041508.8058
 BOND   =         0.0000  ANGLE   =         0.0000  DIHED      =         0.0000
 1-4 NB =         0.0000  1-4 EEL =         0.0000  VDWAALS    =      7994.6231
 EELEC  =  -4049503.4288  EHBOND  =         0.0000  RESTRAINT  =         0.0000
 ------------------------------------------------------------------------------


 NSTEP =      142   TIME(PS) =       0.142  TEMP(K) =   185.62  PRESS =     0.0
 Etot   =  -4036981.5902  EKtot   =      4531.9903  EPtot      =  -4041513.5806
 BOND   =         0.0000  ANGLE   =         0.0000  DIHED      =         0.0000
 1-4 NB =         0.0000  1-4 EEL =         0.0000  VDWAALS    =      7994.9983
 EELEC  =  -4049508.5789  EHBOND  =         0.0000  RESTRAINT  =         0.0000
 ------------------------------------------------------------------------------


 NSTEP =      143   TIME(PS) =       0.143  TEMP(K) =   185.84  PRESS =     0.0
 Etot   =  -4036981.5990  EKtot   =      4537.4278  EPtot      =  -4041519.0268
 BOND   =         0.0000  ANGLE   =         0.0000  DIHED      =         0.0000
 1-4 NB =         0.0000  1-4 EEL =         0.0000  VDWAALS    =      7995.0827
 EELEC  =  -4049514.1095  EHBOND  =         0.0000  RESTRAINT  =         0.0000
 ------------------------------------------------------------------------------


 NSTEP =      144   TIME(PS) =       0.144  TEMP(K) =   186.09  PRESS =     0.0
 Etot   =  -4036981.6090  EKtot   =      4543.4319  EPtot      =  -4041525.0409
 BOND   =         0.0000  ANGLE   =         0.0000  DIHED      =         0.0000
 1-4 NB =         0.0000  1-4 EEL =         0.0000  VDWAALS    =      7994.9217
 EELEC  =  -4049519.9626  EHBOND  =         0.0000  RESTRAINT  =         0.0000
 ------------------------------------------------------------------------------


 NSTEP =      145   TIME(PS) =       0.145  TEMP(K) =   186.35  PRESS =     0.0
 Etot   =  -4036981.6185  EKtot   =      4549.8855  EPtot      =  -4041531.5040
 BOND   =         0.0000  ANGLE   =         0.0000  DIHED      =         0.0000
 1-4 NB =         0.0000  1-4 EEL =         0.0000  VDWAALS    =      7994.5619
 EELEC  =  -4049526.0659  EHBOND  =         0.0000  RESTRAINT  =         0.0000
 ------------------------------------------------------------------------------


 NSTEP =      146   TIME(PS) =       0.146  TEMP(K) =   186.63  PRESS =     0.0
 Etot   =  -4036981.6279  EKtot   =      4556.6655  EPtot      =  -4041538.2933
 BOND   =         0.0000  ANGLE   =         0.0000  DIHED      =         0.0000
 1-4 NB =         0.0000  1-4 EEL =         0.0000  VDWAALS    =      7994.0511
 EELEC  =  -4049532.3445  EHBOND  =         0.0000  RESTRAINT  =         0.0000
 ------------------------------------------------------------------------------


 NSTEP =      147   TIME(PS) =       0.147  TEMP(K) =   186.92  PRESS =     0.0
 Etot   =  -4036981.6376  EKtot   =      4563.6490  EPtot      =  -4041545.2866
 BOND   =         0.0000  ANGLE   =         0.0000  DIHED      =         0.0000
 1-4 NB =         0.0000  1-4 EEL =         0.0000  VDWAALS    =      7993.4380
 EELEC  =  -4049538.7245  EHBOND  =         0.0000  RESTRAINT  =         0.0000
 ------------------------------------------------------------------------------


 NSTEP =      148   TIME(PS) =       0.148  TEMP(K) =   187.20  PRESS =     0.0
 Etot   =  -4036981.6464  EKtot   =      4570.7174  EPtot      =  -4041552.3638
 BOND   =         0.0000  ANGLE   =         0.0000  DIHED      =         0.0000
 1-4 NB =         0.0000  1-4 EEL =         0.0000  VDWAALS    =      7992.7713
 EELEC  =  -4049545.1351  EHBOND  =         0.0000  RESTRAINT  =         0.0000
 ------------------------------------------------------------------------------


 NSTEP =      149   TIME(PS) =       0.149  TEMP(K) =   187.49  PRESS =     0.0
 Etot   =  -4036981.6537  EKtot   =      4577.7561  EPtot      =  -4041559.4098
 BOND   =         0.0000  ANGLE   =         0.0000  DIHED      =         0.0000
 1-4 NB =         0.0000  1-4 EEL =         0.0000  VDWAALS    =      7992.1000
 EELEC  =  -4049551.5098  EHBOND  =         0.0000  RESTRAINT  =         0.0000
 ------------------------------------------------------------------------------


 NSTEP =      150   TIME(PS) =       0.150  TEMP(K) =   187.78  PRESS =     0.0
 Etot   =  -4036981.6626  EKtot   =      4584.6517  EPtot      =  -4041566.3142
 BOND   =         0.0000  ANGLE   =         0.0000  DIHED      =         0.0000
 1-4 NB =         0.0000  1-4 EEL =         0.0000  VDWAALS    =      7991.4722
 EELEC  =  -4049557.7864  EHBOND  =         0.0000  RESTRAINT  =         0.0000
 ------------------------------------------------------------------------------


 NSTEP =      151   TIME(PS) =       0.151  TEMP(K) =   188.05  PRESS =     0.0
 Etot   =  -4036981.6684  EKtot   =      4591.2869  EPtot      =  -4041572.9554
 BOND   =         0.0000  ANGLE   =         0.0000  DIHED      =         0.0000
 1-4 NB =         0.0000  1-4 EEL =         0.0000  VDWAALS    =      7990.9349
 EELEC  =  -4049563.8902  EHBOND  =         0.0000  RESTRAINT  =         0.0000
 ------------------------------------------------------------------------------


 NSTEP =      152   TIME(PS) =       0.152  TEMP(K) =   188.30  PRESS =     0.0
 Etot   =  -4036981.6788  EKtot   =      4597.5373  EPtot      =  -4041579.2161
 BOND   =         0.0000  ANGLE   =         0.0000  DIHED      =         0.0000
 1-4 NB =         0.0000  1-4 EEL =         0.0000  VDWAALS    =      7990.5324
 EELEC  =  -4049569.7485  EHBOND  =         0.0000  RESTRAINT  =         0.0000
 ------------------------------------------------------------------------------


 NSTEP =      153   TIME(PS) =       0.153  TEMP(K) =   188.54  PRESS =     0.0
 Etot   =  -4036981.6896  EKtot   =      4603.2685  EPtot      =  -4041584.9581
 BOND   =         0.0000  ANGLE   =         0.0000  DIHED      =         0.0000
 1-4 NB =         0.0000  1-4 EEL =         0.0000  VDWAALS    =      7990.3053
 EELEC  =  -4049575.2634  EHBOND  =         0.0000  RESTRAINT  =         0.0000
 ------------------------------------------------------------------------------


 NSTEP =      154   TIME(PS) =       0.154  TEMP(K) =   188.75  PRESS =     0.0
 Etot   =  -4036981.6977  EKtot   =      4608.3383  EPtot      =  -4041590.0361
 BOND   =         0.0000  ANGLE   =         0.0000  DIHED      =         0.0000
 1-4 NB =         0.0000  1-4 EEL =         0.0000  VDWAALS    =      7990.2895
 EELEC  =  -4049580.3255  EHBOND  =         0.0000  RESTRAINT  =         0.0000
 ------------------------------------------------------------------------------


 NSTEP =      155   TIME(PS) =       0.155  TEMP(K) =   188.92  PRESS =     0.0
 Etot   =  -4036981.7069  EKtot   =      4612.6009  EPtot      =  -4041594.3078
 BOND   =         0.0000  ANGLE   =         0.0000  DIHED      =         0.0000
 1-4 NB =         0.0000  1-4 EEL =         0.0000  VDWAALS    =      7990.5142
 EELEC  =  -4049584.8220  EHBOND  =         0.0000  RESTRAINT  =         0.0000
 ------------------------------------------------------------------------------


 NSTEP =      156   TIME(PS) =       0.156  TEMP(K) =   189.06  PRESS =     0.0
 Etot   =  -4036981.7177  EKtot   =      4615.9144  EPtot      =  -4041597.6322
 BOND   =         0.0000  ANGLE   =         0.0000  DIHED      =         0.0000
 1-4 NB =         0.0000  1-4 EEL =         0.0000  VDWAALS    =      7991.0018
 EELEC  =  -4049588.6340  EHBOND  =         0.0000  RESTRAINT  =         0.0000
 ------------------------------------------------------------------------------


 NSTEP =      157   TIME(PS) =       0.157  TEMP(K) =   189.15  PRESS =     0.0
 Etot   =  -4036981.7256  EKtot   =      4618.1502  EPtot      =  -4041599.8759
 BOND   =         0.0000  ANGLE   =         0.0000  DIHED      =         0.0000
 1-4 NB =         0.0000  1-4 EEL =         0.0000  VDWAALS    =      7991.7670
 EELEC  =  -4049591.6428  EHBOND  =         0.0000  RESTRAINT  =         0.0000
 ------------------------------------------------------------------------------


 NSTEP =      158   TIME(PS) =       0.158  TEMP(K) =   189.19  PRESS =     0.0
 Etot   =  -4036981.7305  EKtot   =      4619.2000  EPtot      =  -4041600.9305
 BOND   =         0.0000  ANGLE   =         0.0000  DIHED      =         0.0000
 1-4 NB =         0.0000  1-4 EEL =         0.0000  VDWAALS    =      7992.8166
 EELEC  =  -4049593.7471  EHBOND  =         0.0000  RESTRAINT  =         0.0000
 ------------------------------------------------------------------------------


 NSTEP =      159   TIME(PS) =       0.159  TEMP(K) =   189.18  PRESS =     0.0
 Etot   =  -4036981.7355  EKtot   =      4618.9808  EPtot      =  -4041600.7162
 BOND   =         0.0000  ANGLE   =         0.0000  DIHED      =         0.0000
 1-4 NB =         0.0000  1-4 EEL =         0.0000  VDWAALS    =      7994.1510
 EELEC  =  -4049594.8672  EHBOND  =         0.0000  RESTRAINT  =         0.0000
 ------------------------------------------------------------------------------


 NSTEP =      160   TIME(PS) =       0.160  TEMP(K) =   189.12  PRESS =     0.0
 Etot   =  -4036981.7390  EKtot   =      4617.4361  EPtot      =  -4041599.1750
 BOND   =         0.0000  ANGLE   =         0.0000  DIHED      =         0.0000
 1-4 NB =         0.0000  1-4 EEL =         0.0000  VDWAALS    =      7995.7643
 EELEC  =  -4049594.9393  EHBOND  =         0.0000  RESTRAINT  =         0.0000
 ------------------------------------------------------------------------------


 NSTEP =      161   TIME(PS) =       0.161  TEMP(K) =   189.00  PRESS =     0.0
 Etot   =  -4036981.7399  EKtot   =      4614.5331  EPtot      =  -4041596.2730
 BOND   =         0.0000  ANGLE   =         0.0000  DIHED      =         0.0000
 1-4 NB =         0.0000  1-4 EEL =         0.0000  VDWAALS    =      7997.6460
 EELEC  =  -4049593.9190  EHBOND  =         0.0000  RESTRAINT  =         0.0000
 ------------------------------------------------------------------------------


 NSTEP =      162   TIME(PS) =       0.162  TEMP(K) =   188.82  PRESS =     0.0
 Etot   =  -4036981.7397  EKtot   =      4610.2595  EPtot      =  -4041591.9992
 BOND   =         0.0000  ANGLE   =         0.0000  DIHED      =         0.0000
 1-4 NB =         0.0000  1-4 EEL =         0.0000  VDWAALS    =      7999.7818
 EELEC  =  -4049591.7810  EHBOND  =         0.0000  RESTRAINT  =         0.0000
 ------------------------------------------------------------------------------


 NSTEP =      163   TIME(PS) =       0.163  TEMP(K) =   188.59  PRESS =     0.0
 Etot   =  -4036981.7395  EKtot   =      4604.6209  EPtot      =  -4041586.3605
 BOND   =         0.0000  ANGLE   =         0.0000  DIHED      =         0.0000
 1-4 NB =         0.0000  1-4 EEL =         0.0000  VDWAALS    =      8002.1543
 EELEC  =  -4049588.5148  EHBOND  =         0.0000  RESTRAINT  =         0.0000
 ------------------------------------------------------------------------------


 NSTEP =      164   TIME(PS) =       0.164  TEMP(K) =   188.31  PRESS =     0.0
 Etot   =  -4036981.7375  EKtot   =      4597.6432  EPtot      =  -4041579.3807
 BOND   =         0.0000  ANGLE   =         0.0000  DIHED      =         0.0000
 1-4 NB =         0.0000  1-4 EEL =         0.0000  VDWAALS    =      8004.7425
 EELEC  =  -4049584.1232  EHBOND  =         0.0000  RESTRAINT  =         0.0000
 ------------------------------------------------------------------------------


 NSTEP =      165   TIME(PS) =       0.165  TEMP(K) =   187.97  PRESS =     0.0
 Etot   =  -4036981.7322  EKtot   =      4589.3797  EPtot      =  -4041571.1119
 BOND   =         0.0000  ANGLE   =         0.0000  DIHED      =         0.0000
 1-4 NB =         0.0000  1-4 EEL =         0.0000  VDWAALS    =      8007.5210
 EELEC  =  -4049578.6329  EHBOND  =         0.0000  RESTRAINT  =         0.0000
 ------------------------------------------------------------------------------


 NSTEP =      166   TIME(PS) =       0.166  TEMP(K) =   187.58  PRESS =     0.0
 Etot   =  -4036981.7242  EKtot   =      4579.9231  EPtot      =  -4041561.6473
 BOND   =         0.0000  ANGLE   =         0.0000  DIHED      =         0.0000
 1-4 NB =         0.0000  1-4 EEL =         0.0000  VDWAALS    =      8010.4591
 EELEC  =  -4049572.1064  EHBOND  =         0.0000  RESTRAINT  =         0.0000
 ------------------------------------------------------------------------------


 NSTEP =      167   TIME(PS) =       0.167  TEMP(K) =   187.15  PRESS =     0.0
 Etot   =  -4036981.7127  EKtot   =      4569.4190  EPtot      =  -4041551.1317
 BOND   =         0.0000  ANGLE   =         0.0000  DIHED      =         0.0000
 1-4 NB =         0.0000  1-4 EEL =         0.0000  VDWAALS    =      8013.5186
 EELEC  =  -4049564.6503  EHBOND  =         0.0000  RESTRAINT  =         0.0000
 ------------------------------------------------------------------------------


 NSTEP =      168   TIME(PS) =       0.168  TEMP(K) =   186.69  PRESS =     0.0
 Etot   =  -4036981.6955  EKtot   =      4558.0782  EPtot      =  -4041539.7738
 BOND   =         0.0000  ANGLE   =         0.0000  DIHED      =         0.0000
 1-4 NB =         0.0000  1-4 EEL =         0.0000  VDWAALS    =      8016.6530
 EELEC  =  -4049556.4267  EHBOND  =         0.0000  RESTRAINT  =         0.0000
 ------------------------------------------------------------------------------


 NSTEP =      169   TIME(PS) =       0.169  TEMP(K) =   186.20  PRESS =     0.0
 Etot   =  -4036981.6733  EKtot   =      4546.1823  EPtot      =  -4041527.8556
 BOND   =         0.0000  ANGLE   =         0.0000  DIHED      =         0.0000
 1-4 NB =         0.0000  1-4 EEL =         0.0000  VDWAALS    =      8019.8064
 EELEC  =  -4049547.6620  EHBOND  =         0.0000  RESTRAINT  =         0.0000
 ------------------------------------------------------------------------------


 NSTEP =      170   TIME(PS) =       0.170  TEMP(K) =   185.70  PRESS =     0.0
 Etot   =  -4036981.6484  EKtot   =      4534.0803  EPtot      =  -4041515.7287
 BOND   =         0.0000  ANGLE   =         0.0000  DIHED      =         0.0000
 1-4 NB =         0.0000  1-4 EEL =         0.0000  VDWAALS    =      8022.9137
 EELEC  =  -4049538.6424  EHBOND  =         0.0000  RESTRAINT  =         0.0000
 ------------------------------------------------------------------------------


 NSTEP =      171   TIME(PS) =       0.171  TEMP(K) =   185.22  PRESS =     0.0
 Etot   =  -4036981.6211  EKtot   =      4522.1733  EPtot      =  -4041503.7944
 BOND   =         0.0000  ANGLE   =         0.0000  DIHED      =         0.0000
 1-4 NB =         0.0000  1-4 EEL =         0.0000  VDWAALS    =      8025.9021
 EELEC  =  -4049529.6965  EHBOND  =         0.0000  RESTRAINT  =         0.0000
 ------------------------------------------------------------------------------


 NSTEP =      172   TIME(PS) =       0.172  TEMP(K) =   184.75  PRESS =     0.0
 Etot   =  -4036981.5930  EKtot   =      4510.8896  EPtot      =  -4041492.4825
 BOND   =         0.0000  ANGLE   =         0.0000  DIHED      =         0.0000
 1-4 NB =         0.0000  1-4 EEL =         0.0000  VDWAALS    =      8028.6932
 EELEC  =  -4049521.1757  EHBOND  =         0.0000  RESTRAINT  =         0.0000
 ------------------------------------------------------------------------------


 NSTEP =      173   TIME(PS) =       0.173  TEMP(K) =   184.33  PRESS =     0.0
 Etot   =  -4036981.5682  EKtot   =      4500.6513  EPtot      =  -4041482.2194
 BOND   =         0.0000  ANGLE   =         0.0000  DIHED      =         0.0000
 1-4 NB =         0.0000  1-4 EEL =         0.0000  VDWAALS    =      8031.2061
 EELEC  =  -4049513.4256  EHBOND  =         0.0000  RESTRAINT  =         0.0000
 ------------------------------------------------------------------------------


 NSTEP =      174   TIME(PS) =       0.174  TEMP(K) =   183.97  PRESS =     0.0
 Etot   =  -4036981.5483  EKtot   =      4491.8383  EPtot      =  -4041473.3866
 BOND   =         0.0000  ANGLE   =         0.0000  DIHED      =         0.0000
 1-4 NB =         0.0000  1-4 EEL =         0.0000  VDWAALS    =      8033.3612
 EELEC  =  -4049506.7478  EHBOND  =         0.0000  RESTRAINT  =         0.0000
 ------------------------------------------------------------------------------


 NSTEP =      175   TIME(PS) =       0.175  TEMP(K) =   183.68  PRESS =     0.0
 Etot   =  -4036981.5351  EKtot   =      4484.7539  EPtot      =  -4041466.2890
 BOND   =         0.0000  ANGLE   =         0.0000  DIHED      =         0.0000
 1-4 NB =         0.0000  1-4 EEL =         0.0000  VDWAALS    =      8035.0835
 EELEC  =  -4049501.3725  EHBOND  =         0.0000  RESTRAINT  =         0.0000
 ------------------------------------------------------------------------------


 NSTEP =      176   TIME(PS) =       0.176  TEMP(K) =   183.47  PRESS =     0.0
 Etot   =  -4036981.5287  EKtot   =      4479.5971  EPtot      =  -4041461.1258
 BOND   =         0.0000  ANGLE   =         0.0000  DIHED      =         0.0000
 1-4 NB =         0.0000  1-4 EEL =         0.0000  VDWAALS    =      8036.3065
 EELEC  =  -4049497.4322  EHBOND  =         0.0000  RESTRAINT  =         0.0000
 ------------------------------------------------------------------------------


 NSTEP =      177   TIME(PS) =       0.177  TEMP(K) =   183.34  PRESS =     0.0
 Etot   =  -4036981.5325  EKtot   =      4476.4458  EPtot      =  -4041457.9784
 BOND   =         0.0000  ANGLE   =         0.0000  DIHED      =         0.0000
 1-4 NB =         0.0000  1-4 EEL =         0.0000  VDWAALS    =      8036.9744
 EELEC  =  -4049494.9527  EHBOND  =         0.0000  RESTRAINT  =         0.0000
 ------------------------------------------------------------------------------


 NSTEP =      178   TIME(PS) =       0.178  TEMP(K) =   183.29  PRESS =     0.0
 Etot   =  -4036981.5444  EKtot   =      4475.2511  EPtot      =  -4041456.7955
 BOND   =         0.0000  ANGLE   =         0.0000  DIHED      =         0.0000
 1-4 NB =         0.0000  1-4 EEL =         0.0000  VDWAALS    =      8037.0443
 EELEC  =  -4049493.8399  EHBOND  =         0.0000  RESTRAINT  =         0.0000
 ------------------------------------------------------------------------------


 NSTEP =      179   TIME(PS) =       0.179  TEMP(K) =   183.32  PRESS =     0.0
 Etot   =  -4036981.5619  EKtot   =      4475.8433  EPtot      =  -4041457.4052
 BOND   =         0.0000  ANGLE   =         0.0000  DIHED      =         0.0000
 1-4 NB =         0.0000  1-4 EEL =         0.0000  VDWAALS    =      8036.4874
 EELEC  =  -4049493.8926  EHBOND  =         0.0000  RESTRAINT  =         0.0000
 ------------------------------------------------------------------------------


 NSTEP =      180   TIME(PS) =       0.180  TEMP(K) =   183.40  PRESS =     0.0
 Etot   =  -4036981.5851  EKtot   =      4477.9477  EPtot      =  -4041459.5328
 BOND   =         0.0000  ANGLE   =         0.0000  DIHED      =         0.0000
 1-4 NB =         0.0000  1-4 EEL =         0.0000  VDWAALS    =      8035.2886
 EELEC  =  -4049494.8214  EHBOND  =         0.0000  RESTRAINT  =         0.0000
 ------------------------------------------------------------------------------


 NSTEP =      181   TIME(PS) =       0.181  TEMP(K) =   183.54  PRESS =     0.0
 Etot   =  -4036981.6133  EKtot   =      4481.2075  EPtot      =  -4041462.8208
 BOND   =         0.0000  ANGLE   =         0.0000  DIHED      =         0.0000
 1-4 NB =         0.0000  1-4 EEL =         0.0000  VDWAALS    =      8033.4467
 EELEC  =  -4049496.2675  EHBOND  =         0.0000  RESTRAINT  =         0.0000
 ------------------------------------------------------------------------------


 NSTEP =      182   TIME(PS) =       0.182  TEMP(K) =   183.70  PRESS =     0.0
 Etot   =  -4036981.6433  EKtot   =      4485.2096  EPtot      =  -4041466.8529
 BOND   =         0.0000  ANGLE   =         0.0000  DIHED      =         0.0000
 1-4 NB =         0.0000  1-4 EEL =         0.0000  VDWAALS    =      8030.9728
 EELEC  =  -4049497.8257  EHBOND  =         0.0000  RESTRAINT  =         0.0000
 ------------------------------------------------------------------------------


 NSTEP =      183   TIME(PS) =       0.183  TEMP(K) =   183.88  PRESS =     0.0
 Etot   =  -4036981.6726  EKtot   =      4489.5132  EPtot      =  -4041471.1858
 BOND   =         0.0000  ANGLE   =         0.0000  DIHED      =         0.0000
 1-4 NB =         0.0000  1-4 EEL =         0.0000  VDWAALS    =      8027.8892
 EELEC  =  -4049499.0750  EHBOND  =         0.0000  RESTRAINT  =         0.0000
 ------------------------------------------------------------------------------


 NSTEP =      184   TIME(PS) =       0.184  TEMP(K) =   184.05  PRESS =     0.0
 Etot   =  -4036981.7006  EKtot   =      4493.6772  EPtot      =  -4041475.3778
 BOND   =         0.0000  ANGLE   =         0.0000  DIHED      =         0.0000
 1-4 NB =         0.0000  1-4 EEL =         0.0000  VDWAALS    =      8024.2272
 EELEC  =  -4049499.6050  EHBOND  =         0.0000  RESTRAINT  =         0.0000
 ------------------------------------------------------------------------------


 NSTEP =      185   TIME(PS) =       0.185  TEMP(K) =   184.20  PRESS =     0.0
 Etot   =  -4036981.7259  EKtot   =      4497.2856  EPtot      =  -4041479.0115
 BOND   =         0.0000  ANGLE   =         0.0000  DIHED      =         0.0000
 1-4 NB =         0.0000  1-4 EEL =         0.0000  VDWAALS    =      8020.0254
 EELEC  =  -4049499.0370  EHBOND  =         0.0000  RESTRAINT  =         0.0000
 ------------------------------------------------------------------------------


 NSTEP =      186   TIME(PS) =       0.186  TEMP(K) =   184.31  PRESS =     0.0
 Etot   =  -4036981.7468  EKtot   =      4499.9705  EPtot      =  -4041481.7173
 BOND   =         0.0000  ANGLE   =         0.0000  DIHED      =         0.0000
 1-4 NB =         0.0000  1-4 EEL =         0.0000  VDWAALS    =      8015.3278
 EELEC  =  -4049497.0451  EHBOND  =         0.0000  RESTRAINT  =         0.0000
 ------------------------------------------------------------------------------


 NSTEP =      187   TIME(PS) =       0.187  TEMP(K) =   184.37  PRESS =     0.0
 Etot   =  -4036981.7616  EKtot   =      4501.4313  EPtot      =  -4041483.1928
 BOND   =         0.0000  ANGLE   =         0.0000  DIHED      =         0.0000
 1-4 NB =         0.0000  1-4 EEL =         0.0000  VDWAALS    =      8010.1815
 EELEC  =  -4049493.3744  EHBOND  =         0.0000  RESTRAINT  =         0.0000
 ------------------------------------------------------------------------------


 NSTEP =      188   TIME(PS) =       0.188  TEMP(K) =   184.37  PRESS =     0.0
 Etot   =  -4036981.7699  EKtot   =      4501.4504  EPtot      =  -4041483.2203
 BOND   =         0.0000  ANGLE   =         0.0000  DIHED      =         0.0000
 1-4 NB =         0.0000  1-4 EEL =         0.0000  VDWAALS    =      8004.6352
 EELEC  =  -4049487.8555  EHBOND  =         0.0000  RESTRAINT  =         0.0000
 ------------------------------------------------------------------------------


 NSTEP =      189   TIME(PS) =       0.189  TEMP(K) =   184.30  PRESS =     0.0
 Etot   =  -4036981.7719  EKtot   =      4499.9053  EPtot      =  -4041481.6772
 BOND   =         0.0000  ANGLE   =         0.0000  DIHED      =         0.0000
 1-4 NB =         0.0000  1-4 EEL =         0.0000  VDWAALS    =      7998.7378
 EELEC  =  -4049480.4149  EHBOND  =         0.0000  RESTRAINT  =         0.0000
 ------------------------------------------------------------------------------


 NSTEP =      190   TIME(PS) =       0.190  TEMP(K) =   184.18  PRESS =     0.0
 Etot   =  -4036981.7669  EKtot   =      4496.7748  EPtot      =  -4041478.5417
 BOND   =         0.0000  ANGLE   =         0.0000  DIHED      =         0.0000
 1-4 NB =         0.0000  1-4 EEL =         0.0000  VDWAALS    =      7992.5371
 EELEC  =  -4049471.0789  EHBOND  =         0.0000  RESTRAINT  =         0.0000
 ------------------------------------------------------------------------------


 NSTEP =      191   TIME(PS) =       0.191  TEMP(K) =   183.99  PRESS =     0.0
 Etot   =  -4036981.7551  EKtot   =      4492.1383  EPtot      =  -4041473.8934
 BOND   =         0.0000  ANGLE   =         0.0000  DIHED      =         0.0000
 1-4 NB =         0.0000  1-4 EEL =         0.0000  VDWAALS    =      7986.0801
 EELEC  =  -4049459.9735  EHBOND  =         0.0000  RESTRAINT  =         0.0000
 ------------------------------------------------------------------------------


 NSTEP =      192   TIME(PS) =       0.192  TEMP(K) =   183.74  PRESS =     0.0
 Etot   =  -4036981.7378  EKtot   =      4486.1683  EPtot      =  -4041467.9061
 BOND   =         0.0000  ANGLE   =         0.0000  DIHED      =         0.0000
 1-4 NB =         0.0000  1-4 EEL =         0.0000  VDWAALS    =      7979.4123
 EELEC  =  -4049447.3184  EHBOND  =         0.0000  RESTRAINT  =         0.0000
 ------------------------------------------------------------------------------


 NSTEP =      193   TIME(PS) =       0.193  TEMP(K) =   183.45  PRESS =     0.0
 Etot   =  -4036981.7172  EKtot   =      4479.1153  EPtot      =  -4041460.8325
 BOND   =         0.0000  ANGLE   =         0.0000  DIHED      =         0.0000
 1-4 NB =         0.0000  1-4 EEL =         0.0000  VDWAALS    =      7972.5782
 EELEC  =  -4049433.4107  EHBOND  =         0.0000  RESTRAINT  =         0.0000
 ------------------------------------------------------------------------------


 NSTEP =      194   TIME(PS) =       0.194  TEMP(K) =   183.13  PRESS =     0.0
 Etot   =  -4036981.6943  EKtot   =      4471.2873  EPtot      =  -4041452.9816
 BOND   =         0.0000  ANGLE   =         0.0000  DIHED      =         0.0000
 1-4 NB =         0.0000  1-4 EEL =         0.0000  VDWAALS    =      7965.6225
 EELEC  =  -4049418.6041  EHBOND  =         0.0000  RESTRAINT  =         0.0000
 ------------------------------------------------------------------------------


 NSTEP =      195   TIME(PS) =       0.195  TEMP(K) =   182.79  PRESS =     0.0
 Etot   =  -4036981.6702  EKtot   =      4463.0263  EPtot      =  -4041444.6965
 BOND   =         0.0000  ANGLE   =         0.0000  DIHED      =         0.0000
 1-4 NB =         0.0000  1-4 EEL =         0.0000  VDWAALS    =      7958.5906
 EELEC  =  -4049403.2871  EHBOND  =         0.0000  RESTRAINT  =         0.0000
 ------------------------------------------------------------------------------


 NSTEP =      196   TIME(PS) =       0.196  TEMP(K) =   182.45  PRESS =     0.0
 Etot   =  -4036981.6469  EKtot   =      4454.6844  EPtot      =  -4041436.3313
 BOND   =         0.0000  ANGLE   =         0.0000  DIHED      =         0.0000
 1-4 NB =         0.0000  1-4 EEL =         0.0000  VDWAALS    =      7951.5290
 EELEC  =  -4049387.8603  EHBOND  =         0.0000  RESTRAINT  =         0.0000
 ------------------------------------------------------------------------------


 NSTEP =      197   TIME(PS) =       0.197  TEMP(K) =   182.12  PRESS =     0.0
 Etot   =  -4036981.6263  EKtot   =      4446.6016  EPtot      =  -4041428.2279
 BOND   =         0.0000  ANGLE   =         0.0000  DIHED      =         0.0000
 1-4 NB =         0.0000  1-4 EEL =         0.0000  VDWAALS    =      7944.4860
 EELEC  =  -4049372.7138  EHBOND  =         0.0000  RESTRAINT  =         0.0000
 ------------------------------------------------------------------------------


 NSTEP =      198   TIME(PS) =       0.198  TEMP(K) =   181.81  PRESS =     0.0
 Etot   =  -4036981.6086  EKtot   =      4439.0873  EPtot      =  -4041420.6959
 BOND   =         0.0000  ANGLE   =         0.0000  DIHED      =         0.0000
 1-4 NB =         0.0000  1-4 EEL =         0.0000  VDWAALS    =      7937.5111
 EELEC  =  -4049358.2070  EHBOND  =         0.0000  RESTRAINT  =         0.0000
 ------------------------------------------------------------------------------


 NSTEP =      199   TIME(PS) =       0.199  TEMP(K) =   181.54  PRESS =     0.0
 Etot   =  -4036981.5939  EKtot   =      4432.4059  EPtot      =  -4041413.9998
 BOND   =         0.0000  ANGLE   =         0.0000  DIHED      =         0.0000
 1-4 NB =         0.0000  1-4 EEL =         0.0000  VDWAALS    =      7930.6545
 EELEC  =  -4049344.6543  EHBOND  =         0.0000  RESTRAINT  =         0.0000
 ------------------------------------------------------------------------------


 NSTEP =      200   TIME(PS) =       0.200  TEMP(K) =   181.31  PRESS =     0.0
 Etot   =  -4036981.5835  EKtot   =      4426.7652  EPtot      =  -4041408.3487
 BOND   =         0.0000  ANGLE   =         0.0000  DIHED      =         0.0000
 1-4 NB =         0.0000  1-4 EEL =         0.0000  VDWAALS    =      7923.9655
 EELEC  =  -4049332.3142  EHBOND  =         0.0000  RESTRAINT  =         0.0000
 ------------------------------------------------------------------------------


 NSTEP =      201   TIME(PS) =       0.201  TEMP(K) =   181.13  PRESS =     0.0
 Etot   =  -4036981.5782  EKtot   =      4422.3083  EPtot      =  -4041403.8865
 BOND   =         0.0000  ANGLE   =         0.0000  DIHED      =         0.0000
 1-4 NB =         0.0000  1-4 EEL =         0.0000  VDWAALS    =      7917.4906
 EELEC  =  -4049321.3771  EHBOND  =         0.0000  RESTRAINT  =         0.0000
 ------------------------------------------------------------------------------


 NSTEP =      202   TIME(PS) =       0.202  TEMP(K) =   181.00  PRESS =     0.0
 Etot   =  -4036981.5772  EKtot   =      4419.1083  EPtot      =  -4041400.6854
 BOND   =         0.0000  ANGLE   =         0.0000  DIHED      =         0.0000
 1-4 NB =         0.0000  1-4 EEL =         0.0000  VDWAALS    =      7911.2715
 EELEC  =  -4049311.9569  EHBOND  =         0.0000  RESTRAINT  =         0.0000
 ------------------------------------------------------------------------------


 NSTEP =      203   TIME(PS) =       0.203  TEMP(K) =   180.92  PRESS =     0.0
 Etot   =  -4036981.5807  EKtot   =      4417.1650  EPtot      =  -4041398.7457
 BOND   =         0.0000  ANGLE   =         0.0000  DIHED      =         0.0000
 1-4 NB =         0.0000  1-4 EEL =         0.0000  VDWAALS    =      7905.3426
 EELEC  =  -4049304.0883  EHBOND  =         0.0000  RESTRAINT  =         0.0000
 ------------------------------------------------------------------------------


 NSTEP =      204   TIME(PS) =       0.204  TEMP(K) =   180.88  PRESS =     0.0
 Etot   =  -4036981.5888  EKtot   =      4416.4065  EPtot      =  -4041397.9954
 BOND   =         0.0000  ANGLE   =         0.0000  DIHED      =         0.0000
 1-4 NB =         0.0000  1-4 EEL =         0.0000  VDWAALS    =      7899.7294
 EELEC  =  -4049297.7248  EHBOND  =         0.0000  RESTRAINT  =         0.0000
 ------------------------------------------------------------------------------


 NSTEP =      205   TIME(PS) =       0.205  TEMP(K) =   180.90  PRESS =     0.0
 Etot   =  -4036981.6010  EKtot   =      4416.6956  EPtot      =  -4041398.2966
 BOND   =         0.0000  ANGLE   =         0.0000  DIHED      =         0.0000
 1-4 NB =         0.0000  1-4 EEL =         0.0000  VDWAALS    =      7894.4462
 EELEC  =  -4049292.7428  EHBOND  =         0.0000  RESTRAINT  =         0.0000
 ------------------------------------------------------------------------------


 NSTEP =      206   TIME(PS) =       0.206  TEMP(K) =   180.94  PRESS =     0.0
 Etot   =  -4036981.6155  EKtot   =      4417.8421  EPtot      =  -4041399.4575
 BOND   =         0.0000  ANGLE   =         0.0000  DIHED      =         0.0000
 1-4 NB =         0.0000  1-4 EEL =         0.0000  VDWAALS    =      7889.4959
 EELEC  =  -4049288.9534  EHBOND  =         0.0000  RESTRAINT  =         0.0000
 ------------------------------------------------------------------------------


 NSTEP =      207   TIME(PS) =       0.207  TEMP(K) =   181.02  PRESS =     0.0
 Etot   =  -4036981.6310  EKtot   =      4419.6203  EPtot      =  -4041401.2513
 BOND   =         0.0000  ANGLE   =         0.0000  DIHED      =         0.0000
 1-4 NB =         0.0000  1-4 EEL =         0.0000  VDWAALS    =      7884.8691
 EELEC  =  -4049286.1204  EHBOND  =         0.0000  RESTRAINT  =         0.0000
 ------------------------------------------------------------------------------


 NSTEP =      208   TIME(PS) =       0.208  TEMP(K) =   181.10  PRESS =     0.0
 Etot   =  -4036981.6466  EKtot   =      4421.7900  EPtot      =  -4041403.4366
 BOND   =         0.0000  ANGLE   =         0.0000  DIHED      =         0.0000
 1-4 NB =         0.0000  1-4 EEL =         0.0000  VDWAALS    =      7880.5451
 EELEC  =  -4049283.9817  EHBOND  =         0.0000  RESTRAINT  =         0.0000
 ------------------------------------------------------------------------------


 NSTEP =      209   TIME(PS) =       0.209  TEMP(K) =   181.20  PRESS =     0.0
 Etot   =  -4036981.6608  EKtot   =      4424.1170  EPtot      =  -4041405.7779
 BOND   =         0.0000  ANGLE   =         0.0000  DIHED      =         0.0000
 1-4 NB =         0.0000  1-4 EEL =         0.0000  VDWAALS    =      7876.4926
 EELEC  =  -4049282.2705  EHBOND  =         0.0000  RESTRAINT  =         0.0000
 ------------------------------------------------------------------------------


 NSTEP =      210   TIME(PS) =       0.210  TEMP(K) =   181.29  PRESS =     0.0
 Etot   =  -4036981.6726  EKtot   =      4426.3921  EPtot      =  -4041408.0647
 BOND   =         0.0000  ANGLE   =         0.0000  DIHED      =         0.0000
 1-4 NB =         0.0000  1-4 EEL =         0.0000  VDWAALS    =      7872.6720
 EELEC  =  -4049280.7366  EHBOND  =         0.0000  RESTRAINT  =         0.0000
 ------------------------------------------------------------------------------


 NSTEP =      211   TIME(PS) =       0.211  TEMP(K) =   181.38  PRESS =     0.0
 Etot   =  -4036981.6814  EKtot   =      4428.4437  EPtot      =  -4041410.1251
 BOND   =         0.0000  ANGLE   =         0.0000  DIHED      =         0.0000
 1-4 NB =         0.0000  1-4 EEL =         0.0000  VDWAALS    =      7869.0367
 EELEC  =  -4049279.1618  EHBOND  =         0.0000  RESTRAINT  =         0.0000
 ------------------------------------------------------------------------------


 NSTEP =      212   TIME(PS) =       0.212  TEMP(K) =   181.45  PRESS =     0.0
 Etot   =  -4036981.6872  EKtot   =      4430.1458  EPtot      =  -4041411.8329
 BOND   =         0.0000  ANGLE   =         0.0000  DIHED      =         0.0000
 1-4 NB =         0.0000  1-4 EEL =         0.0000  VDWAALS    =      7865.5361
 EELEC  =  -4049277.3690  EHBOND  =         0.0000  RESTRAINT  =         0.0000
 ------------------------------------------------------------------------------


 NSTEP =      213   TIME(PS) =       0.213  TEMP(K) =   181.50  PRESS =     0.0
 Etot   =  -4036981.6905  EKtot   =      4431.4177  EPtot      =  -4041413.1082
 BOND   =         0.0000  ANGLE   =         0.0000  DIHED      =         0.0000
 1-4 NB =         0.0000  1-4 EEL =         0.0000  VDWAALS    =      7862.1172
 EELEC  =  -4049275.2254  EHBOND  =         0.0000  RESTRAINT  =         0.0000
 ------------------------------------------------------------------------------


 NSTEP =      214   TIME(PS) =       0.214  TEMP(K) =   181.53  PRESS =     0.0
 Etot   =  -4036981.6917  EKtot   =      4432.2201  EPtot      =  -4041413.9118
 BOND   =         0.0000  ANGLE   =         0.0000  DIHED      =         0.0000
 1-4 NB =         0.0000  1-4 EEL =         0.0000  VDWAALS    =      7858.7269
 EELEC  =  -4049272.6387  EHBOND  =         0.0000  RESTRAINT  =         0.0000
 ------------------------------------------------------------------------------


 NSTEP =      215   TIME(PS) =       0.215  TEMP(K) =   181.55  PRESS =     0.0
 Etot   =  -4036981.6911  EKtot   =      4432.5465  EPtot      =  -4041414.2376
 BOND   =         0.0000  ANGLE   =         0.0000  DIHED      =         0.0000
 1-4 NB =         0.0000  1-4 EEL =         0.0000  VDWAALS    =      7855.3135
 EELEC  =  -4049269.5511  EHBOND  =         0.0000  RESTRAINT  =         0.0000
 ------------------------------------------------------------------------------


 NSTEP =      216   TIME(PS) =       0.216  TEMP(K) =   181.54  PRESS =     0.0
 Etot   =  -4036981.6898  EKtot   =      4432.4121  EPtot      =  -4041414.1018
 BOND   =         0.0000  ANGLE   =         0.0000  DIHED      =         0.0000
 1-4 NB =         0.0000  1-4 EEL =         0.0000  VDWAALS    =      7851.8285
 EELEC  =  -4049265.9303  EHBOND  =         0.0000  RESTRAINT  =         0.0000
 ------------------------------------------------------------------------------


 NSTEP =      217   TIME(PS) =       0.217  TEMP(K) =   181.52  PRESS =     0.0
 Etot   =  -4036981.6883  EKtot   =      4431.8436  EPtot      =  -4041413.5319
 BOND   =         0.0000  ANGLE   =         0.0000  DIHED      =         0.0000
 1-4 NB =         0.0000  1-4 EEL =         0.0000  VDWAALS    =      7848.2273
 EELEC  =  -4049261.7593  EHBOND  =         0.0000  RESTRAINT  =         0.0000
 ------------------------------------------------------------------------------


 NSTEP =      218   TIME(PS) =       0.218  TEMP(K) =   181.48  PRESS =     0.0
 Etot   =  -4036981.6867  EKtot   =      4430.8702  EPtot      =  -4041412.5569
 BOND   =         0.0000  ANGLE   =         0.0000  DIHED      =         0.0000
 1-4 NB =         0.0000  1-4 EEL =         0.0000  VDWAALS    =      7844.4709
 EELEC  =  -4049257.0278  EHBOND  =         0.0000  RESTRAINT  =         0.0000
 ------------------------------------------------------------------------------


 NSTEP =      219   TIME(PS) =       0.219  TEMP(K) =   181.42  PRESS =     0.0
 Etot   =  -4036981.6854  EKtot   =      4429.5162  EPtot      =  -4041411.2016
 BOND   =         0.0000  ANGLE   =         0.0000  DIHED      =         0.0000
 1-4 NB =         0.0000  1-4 EEL =         0.0000  VDWAALS    =      7840.5261
 EELEC  =  -4049251.7277  EHBOND  =         0.0000  RESTRAINT  =         0.0000
 ------------------------------------------------------------------------------


 NSTEP =      220   TIME(PS) =       0.220  TEMP(K) =   181.35  PRESS =     0.0
 Etot   =  -4036981.6850  EKtot   =      4427.7962  EPtot      =  -4041409.4812
 BOND   =         0.0000  ANGLE   =         0.0000  DIHED      =         0.0000
 1-4 NB =         0.0000  1-4 EEL =         0.0000  VDWAALS    =      7836.3670
 EELEC  =  -4049245.8482  EHBOND  =         0.0000  RESTRAINT  =         0.0000
 ------------------------------------------------------------------------------


 NSTEP =      221   TIME(PS) =       0.221  TEMP(K) =   181.27  PRESS =     0.0
 Etot   =  -4036981.6854  EKtot   =      4425.7126  EPtot      =  -4041407.3980
 BOND   =         0.0000  ANGLE   =         0.0000  DIHED      =         0.0000
 1-4 NB =         0.0000  1-4 EEL =         0.0000  VDWAALS    =      7831.9757
 EELEC  =  -4049239.3736  EHBOND  =         0.0000  RESTRAINT  =         0.0000
 ------------------------------------------------------------------------------


 NSTEP =      222   TIME(PS) =       0.222  TEMP(K) =   181.16  PRESS =     0.0
 Etot   =  -4036981.6858  EKtot   =      4423.2547  EPtot      =  -4041404.9405
 BOND   =         0.0000  ANGLE   =         0.0000  DIHED      =         0.0000
 1-4 NB =         0.0000  1-4 EEL =         0.0000  VDWAALS    =      7827.3426
 EELEC  =  -4049232.2831  EHBOND  =         0.0000  RESTRAINT  =         0.0000
 ------------------------------------------------------------------------------


 NSTEP =      223   TIME(PS) =       0.223  TEMP(K) =   181.05  PRESS =     0.0
 Etot   =  -4036981.6867  EKtot   =      4420.4018  EPtot      =  -4041402.0885
 BOND   =         0.0000  ANGLE   =         0.0000  DIHED      =         0.0000
 1-4 NB =         0.0000  1-4 EEL =         0.0000  VDWAALS    =      7822.4675
 EELEC  =  -4049224.5560  EHBOND  =         0.0000  RESTRAINT  =         0.0000
 ------------------------------------------------------------------------------


 NSTEP =      224   TIME(PS) =       0.224  TEMP(K) =   180.91  PRESS =     0.0
 Etot   =  -4036981.6876  EKtot   =      4417.1288  EPtot      =  -4041398.8164
 BOND   =         0.0000  ANGLE   =         0.0000  DIHED      =         0.0000
 1-4 NB =         0.0000  1-4 EEL =         0.0000  VDWAALS    =      7817.3593
 EELEC  =  -4049216.1756  EHBOND  =         0.0000  RESTRAINT  =         0.0000
 ------------------------------------------------------------------------------


 NSTEP =      225   TIME(PS) =       0.225  TEMP(K) =   180.76  PRESS =     0.0
 Etot   =  -4036981.6872  EKtot   =      4413.4155  EPtot      =  -4041395.1027
 BOND   =         0.0000  ANGLE   =         0.0000  DIHED      =         0.0000
 1-4 NB =         0.0000  1-4 EEL =         0.0000  VDWAALS    =      7812.0360
 EELEC  =  -4049207.1387  EHBOND  =         0.0000  RESTRAINT  =         0.0000
 ------------------------------------------------------------------------------


 NSTEP =      226   TIME(PS) =       0.226  TEMP(K) =   180.59  PRESS =     0.0
 Etot   =  -4036981.6846  EKtot   =      4409.2579  EPtot      =  -4041390.9424
 BOND   =         0.0000  ANGLE   =         0.0000  DIHED      =         0.0000
 1-4 NB =         0.0000  1-4 EEL =         0.0000  VDWAALS    =      7806.5247
 EELEC  =  -4049197.4671  EHBOND  =         0.0000  RESTRAINT  =         0.0000
 ------------------------------------------------------------------------------


 NSTEP =      227   TIME(PS) =       0.227  TEMP(K) =   180.40  PRESS =     0.0
 Etot   =  -4036981.6794  EKtot   =      4404.6801  EPtot      =  -4041386.3596
 BOND   =         0.0000  ANGLE   =         0.0000  DIHED      =         0.0000
 1-4 NB =         0.0000  1-4 EEL =         0.0000  VDWAALS    =      7800.8604
 EELEC  =  -4049187.2200  EHBOND  =         0.0000  RESTRAINT  =         0.0000
 ------------------------------------------------------------------------------


 NSTEP =      228   TIME(PS) =       0.228  TEMP(K) =   180.20  PRESS =     0.0
 Etot   =  -4036981.6718  EKtot   =      4399.7447  EPtot      =  -4041381.4165
 BOND   =         0.0000  ANGLE   =         0.0000  DIHED      =         0.0000
 1-4 NB =         0.0000  1-4 EEL =         0.0000  VDWAALS    =      7795.0850
 EELEC  =  -4049176.5015  EHBOND  =         0.0000  RESTRAINT  =         0.0000
 ------------------------------------------------------------------------------


 NSTEP =      229   TIME(PS) =       0.229  TEMP(K) =   179.99  PRESS =     0.0
 Etot   =  -4036981.6607  EKtot   =      4394.5581  EPtot      =  -4041376.2188
 BOND   =         0.0000  ANGLE   =         0.0000  DIHED      =         0.0000
 1-4 NB =         0.0000  1-4 EEL =         0.0000  VDWAALS    =      7789.2459
 EELEC  =  -4049165.4647  EHBOND  =         0.0000  RESTRAINT  =         0.0000
 ------------------------------------------------------------------------------


 NSTEP =      230   TIME(PS) =       0.230  TEMP(K) =   179.77  PRESS =     0.0
 Etot   =  -4036981.6465  EKtot   =      4389.2714  EPtot      =  -4041370.9179
 BOND   =         0.0000  ANGLE   =         0.0000  DIHED      =         0.0000
 1-4 NB =         0.0000  1-4 EEL =         0.0000  VDWAALS    =      7783.3946
 EELEC  =  -4049154.3126  EHBOND  =         0.0000  RESTRAINT  =         0.0000
 ------------------------------------------------------------------------------


 NSTEP =      231   TIME(PS) =       0.231  TEMP(K) =   179.56  PRESS =     0.0
 Etot   =  -4036981.6310  EKtot   =      4384.0735  EPtot      =  -4041365.7045
 BOND   =         0.0000  ANGLE   =         0.0000  DIHED      =         0.0000
 1-4 NB =         0.0000  1-4 EEL =         0.0000  VDWAALS    =      7777.5848
 EELEC  =  -4049143.2893  EHBOND  =         0.0000  RESTRAINT  =         0.0000
 ------------------------------------------------------------------------------


 NSTEP =      232   TIME(PS) =       0.232  TEMP(K) =   179.36  PRESS =     0.0
 Etot   =  -4036981.6152  EKtot   =      4379.1789  EPtot      =  -4041360.7941
 BOND   =         0.0000  ANGLE   =         0.0000  DIHED      =         0.0000
 1-4 NB =         0.0000  1-4 EEL =         0.0000  VDWAALS    =      7771.8706
 EELEC  =  -4049132.6647  EHBOND  =         0.0000  RESTRAINT  =         0.0000
 ------------------------------------------------------------------------------


 NSTEP =      233   TIME(PS) =       0.233  TEMP(K) =   179.18  PRESS =     0.0
 Etot   =  -4036981.5997  EKtot   =      4374.8100  EPtot      =  -4041356.4097
 BOND   =         0.0000  ANGLE   =         0.0000  DIHED      =         0.0000
 1-4 NB =         0.0000  1-4 EEL =         0.0000  VDWAALS    =      7766.3047
 EELEC  =  -4049122.7144  EHBOND  =         0.0000  RESTRAINT  =         0.0000
 ------------------------------------------------------------------------------


 NSTEP =      234   TIME(PS) =       0.234  TEMP(K) =   179.03  PRESS =     0.0
 Etot   =  -4036981.5866  EKtot   =      4371.1758  EPtot      =  -4041352.7624
 BOND   =         0.0000  ANGLE   =         0.0000  DIHED      =         0.0000
 1-4 NB =         0.0000  1-4 EEL =         0.0000  VDWAALS    =      7760.9367
 EELEC  =  -4049113.6991  EHBOND  =         0.0000  RESTRAINT  =         0.0000
 ------------------------------------------------------------------------------


 NSTEP =      235   TIME(PS) =       0.235  TEMP(K) =   178.92  PRESS =     0.0
 Etot   =  -4036981.5779  EKtot   =      4368.4496  EPtot      =  -4041350.0276
 BOND   =         0.0000  ANGLE   =         0.0000  DIHED      =         0.0000
 1-4 NB =         0.0000  1-4 EEL =         0.0000  VDWAALS    =      7755.8118
 EELEC  =  -4049105.8394  EHBOND  =         0.0000  RESTRAINT  =         0.0000
 ------------------------------------------------------------------------------


 NSTEP =      236   TIME(PS) =       0.236  TEMP(K) =   178.85  PRESS =     0.0
 Etot   =  -4036981.5748  EKtot   =      4366.7474  EPtot      =  -4041348.3222
 BOND   =         0.0000  ANGLE   =         0.0000  DIHED      =         0.0000
 1-4 NB =         0.0000  1-4 EEL =         0.0000  VDWAALS    =      7750.9694
 EELEC  =  -4049099.2915  EHBOND  =         0.0000  RESTRAINT  =         0.0000
 ------------------------------------------------------------------------------


 NSTEP =      237   TIME(PS) =       0.237  TEMP(K) =   178.82  PRESS =     0.0
 Etot   =  -4036981.5771  EKtot   =      4366.1104  EPtot      =  -4041347.6876
 BOND   =         0.0000  ANGLE   =         0.0000  DIHED      =         0.0000
 1-4 NB =         0.0000  1-4 EEL =         0.0000  VDWAALS    =      7746.4418
 EELEC  =  -4049094.1294  EHBOND  =         0.0000  RESTRAINT  =         0.0000
 ------------------------------------------------------------------------------


 NSTEP =      238   TIME(PS) =       0.238  TEMP(K) =   178.84  PRESS =     0.0
 Etot   =  -4036981.5857  EKtot   =      4366.4937  EPtot      =  -4041348.0794
 BOND   =         0.0000  ANGLE   =         0.0000  DIHED      =         0.0000
 1-4 NB =         0.0000  1-4 EEL =         0.0000  VDWAALS    =      7742.2543
 EELEC  =  -4049090.3338  EHBOND  =         0.0000  RESTRAINT  =         0.0000
 ------------------------------------------------------------------------------


 NSTEP =      239   TIME(PS) =       0.239  TEMP(K) =   178.89  PRESS =     0.0
 Etot   =  -4036981.6006  EKtot   =      4367.7624  EPtot      =  -4041349.3630
 BOND   =         0.0000  ANGLE   =         0.0000  DIHED      =         0.0000
 1-4 NB =         0.0000  1-4 EEL =         0.0000  VDWAALS    =      7738.4243
 EELEC  =  -4049087.7873  EHBOND  =         0.0000  RESTRAINT  =         0.0000
 ------------------------------------------------------------------------------


 NSTEP =      240   TIME(PS) =       0.240  TEMP(K) =   178.97  PRESS =     0.0
 Etot   =  -4036981.6203  EKtot   =      4369.6974  EPtot      =  -4041351.3177
 BOND   =         0.0000  ANGLE   =         0.0000  DIHED      =         0.0000
 1-4 NB =         0.0000  1-4 EEL =         0.0000  VDWAALS    =      7734.9612
 EELEC  =  -4049086.2789  EHBOND  =         0.0000  RESTRAINT  =         0.0000
 ------------------------------------------------------------------------------


 NSTEP =      241   TIME(PS) =       0.241  TEMP(K) =   179.07  PRESS =     0.0
 Etot   =  -4036981.6422  EKtot   =      4372.0120  EPtot      =  -4041353.6542
 BOND   =         0.0000  ANGLE   =         0.0000  DIHED      =         0.0000
 1-4 NB =         0.0000  1-4 EEL =         0.0000  VDWAALS    =      7731.8665
 EELEC  =  -4049085.5207  EHBOND  =         0.0000  RESTRAINT  =         0.0000
 ------------------------------------------------------------------------------


 NSTEP =      242   TIME(PS) =       0.242  TEMP(K) =   179.16  PRESS =     0.0
 Etot   =  -4036981.6646  EKtot   =      4374.3770  EPtot      =  -4041356.0417
 BOND   =         0.0000  ANGLE   =         0.0000  DIHED      =         0.0000
 1-4 NB =         0.0000  1-4 EEL =         0.0000  VDWAALS    =      7729.1345
 EELEC  =  -4049085.1761  EHBOND  =         0.0000  RESTRAINT  =         0.0000
 ------------------------------------------------------------------------------


 NSTEP =      243   TIME(PS) =       0.243  TEMP(K) =   179.25  PRESS =     0.0
 Etot   =  -4036981.6856  EKtot   =      4376.4546  EPtot      =  -4041358.1401
 BOND   =         0.0000  ANGLE   =         0.0000  DIHED      =         0.0000
 1-4 NB =         0.0000  1-4 EEL =         0.0000  VDWAALS    =      7726.7522
 EELEC  =  -4049084.8923  EHBOND  =         0.0000  RESTRAINT  =         0.0000
 ------------------------------------------------------------------------------


 NSTEP =      244   TIME(PS) =       0.244  TEMP(K) =   179.31  PRESS =     0.0
 Etot   =  -4036981.7020  EKtot   =      4377.9341  EPtot      =  -4041359.6361
 BOND   =         0.0000  ANGLE   =         0.0000  DIHED      =         0.0000
 1-4 NB =         0.0000  1-4 EEL =         0.0000  VDWAALS    =      7724.7008
 EELEC  =  -4049084.3369  EHBOND  =         0.0000  RESTRAINT  =         0.0000
 ------------------------------------------------------------------------------


 NSTEP =      245   TIME(PS) =       0.245  TEMP(K) =   179.33  PRESS =     0.0
 Etot   =  -4036981.7116  EKtot   =      4378.5672  EPtot      =  -4041360.2788
 BOND   =         0.0000  ANGLE   =         0.0000  DIHED      =         0.0000
 1-4 NB =         0.0000  1-4 EEL =         0.0000  VDWAALS    =      7722.9563
 EELEC  =  -4049083.2351  EHBOND  =         0.0000  RESTRAINT  =         0.0000
 ------------------------------------------------------------------------------


 NSTEP =      246   TIME(PS) =       0.246  TEMP(K) =   179.32  PRESS =     0.0
 Etot   =  -4036981.7139  EKtot   =      4378.1947  EPtot      =  -4041359.9086
 BOND   =         0.0000  ANGLE   =         0.0000  DIHED      =         0.0000
 1-4 NB =         0.0000  1-4 EEL =         0.0000  VDWAALS    =      7721.4914
 EELEC  =  -4049081.4000  EHBOND  =         0.0000  RESTRAINT  =         0.0000
 ------------------------------------------------------------------------------


 NSTEP =      247   TIME(PS) =       0.247  TEMP(K) =   179.26  PRESS =     0.0
 Etot   =  -4036981.7097  EKtot   =      4376.7631  EPtot      =  -4041358.4727
 BOND   =         0.0000  ANGLE   =         0.0000  DIHED      =         0.0000
 1-4 NB =         0.0000  1-4 EEL =         0.0000  VDWAALS    =      7720.2764
 EELEC  =  -4049078.7491  EHBOND  =         0.0000  RESTRAINT  =         0.0000
 ------------------------------------------------------------------------------


 NSTEP =      248   TIME(PS) =       0.248  TEMP(K) =   179.16  PRESS =     0.0
 Etot   =  -4036981.6985  EKtot   =      4374.3281  EPtot      =  -4041356.0266
 BOND   =         0.0000  ANGLE   =         0.0000  DIHED      =         0.0000
 1-4 NB =         0.0000  1-4 EEL =         0.0000  VDWAALS    =      7719.2818
 EELEC  =  -4049075.3084  EHBOND  =         0.0000  RESTRAINT  =         0.0000
 ------------------------------------------------------------------------------


 NSTEP =      249   TIME(PS) =       0.249  TEMP(K) =   179.03  PRESS =     0.0
 Etot   =  -4036981.6813  EKtot   =      4371.0478  EPtot      =  -4041352.7291
 BOND   =         0.0000  ANGLE   =         0.0000  DIHED      =         0.0000
 1-4 NB =         0.0000  1-4 EEL =         0.0000  VDWAALS    =      7718.4793
 EELEC  =  -4049071.2085  EHBOND  =         0.0000  RESTRAINT  =         0.0000
 ------------------------------------------------------------------------------


 NSTEP =      250   TIME(PS) =       0.250  TEMP(K) =   178.87  PRESS =     0.0
 Etot   =  -4036981.6607  EKtot   =      4367.1661  EPtot      =  -4041348.8269
 BOND   =         0.0000  ANGLE   =         0.0000  DIHED      =         0.0000
 1-4 NB =         0.0000  1-4 EEL =         0.0000  VDWAALS    =      7717.8440
 EELEC  =  -4049066.6708  EHBOND  =         0.0000  RESTRAINT  =         0.0000
 ------------------------------------------------------------------------------


 NSTEP =      251   TIME(PS) =       0.251  TEMP(K) =   178.70  PRESS =     0.0
 Etot   =  -4036981.6386  EKtot   =      4362.9903  EPtot      =  -4041344.6290
 BOND   =         0.0000  ANGLE   =         0.0000  DIHED      =         0.0000
 1-4 NB =         0.0000  1-4 EEL =         0.0000  VDWAALS    =      7717.3552
 EELEC  =  -4049061.9842  EHBOND  =         0.0000  RESTRAINT  =         0.0000
 ------------------------------------------------------------------------------


 NSTEP =      252   TIME(PS) =       0.252  TEMP(K) =   178.53  PRESS =     0.0
 Etot   =  -4036981.6158  EKtot   =      4358.8655  EPtot      =  -4041340.4813
 BOND   =         0.0000  ANGLE   =         0.0000  DIHED      =         0.0000
 1-4 NB =         0.0000  1-4 EEL =         0.0000  VDWAALS    =      7716.9981
 EELEC  =  -4049057.4794  EHBOND  =         0.0000  RESTRAINT  =         0.0000
 ------------------------------------------------------------------------------


 NSTEP =      253   TIME(PS) =       0.253  TEMP(K) =   178.38  PRESS =     0.0
 Etot   =  -4036981.5943  EKtot   =      4355.1459  EPtot      =  -4041336.7402
 BOND   =         0.0000  ANGLE   =         0.0000  DIHED      =         0.0000
 1-4 NB =         0.0000  1-4 EEL =         0.0000  VDWAALS    =      7716.7640
 EELEC  =  -4049053.5043  EHBOND  =         0.0000  RESTRAINT  =         0.0000
 ------------------------------------------------------------------------------


 NSTEP =      254   TIME(PS) =       0.254  TEMP(K) =   178.25  PRESS =     0.0
 Etot   =  -4036981.5769  EKtot   =      4352.1646  EPtot      =  -4041333.7415
 BOND   =         0.0000  ANGLE   =         0.0000  DIHED      =         0.0000
 1-4 NB =         0.0000  1-4 EEL =         0.0000  VDWAALS    =      7716.6514
 EELEC  =  -4049050.3929  EHBOND  =         0.0000  RESTRAINT  =         0.0000
 ------------------------------------------------------------------------------


 NSTEP =      255   TIME(PS) =       0.255  TEMP(K) =   178.17  PRESS =     0.0
 Etot   =  -4036981.5652  EKtot   =      4350.2018  EPtot      =  -4041331.7670
 BOND   =         0.0000  ANGLE   =         0.0000  DIHED      =         0.0000
 1-4 NB =         0.0000  1-4 EEL =         0.0000  VDWAALS    =      7716.6655
 EELEC  =  -4049048.4325  EHBOND  =         0.0000  RESTRAINT  =         0.0000
 ------------------------------------------------------------------------------


 NSTEP =      256   TIME(PS) =       0.256  TEMP(K) =   178.14  PRESS =     0.0
 Etot   =  -4036981.5600  EKtot   =      4349.4553  EPtot      =  -4041331.0153
 BOND   =         0.0000  ANGLE   =         0.0000  DIHED      =         0.0000
 1-4 NB =         0.0000  1-4 EEL =         0.0000  VDWAALS    =      7716.8186
 EELEC  =  -4049047.8338  EHBOND  =         0.0000  RESTRAINT  =         0.0000
 ------------------------------------------------------------------------------


 NSTEP =      257   TIME(PS) =       0.257  TEMP(K) =   178.17  PRESS =     0.0
 Etot   =  -4036981.5626  EKtot   =      4350.0145  EPtot      =  -4041331.5771
 BOND   =         0.0000  ANGLE   =         0.0000  DIHED      =         0.0000
 1-4 NB =         0.0000  1-4 EEL =         0.0000  VDWAALS    =      7717.1291
 EELEC  =  -4049048.7062  EHBOND  =         0.0000  RESTRAINT  =         0.0000
 ------------------------------------------------------------------------------


 NSTEP =      258   TIME(PS) =       0.258  TEMP(K) =   178.24  PRESS =     0.0
 Etot   =  -4036981.5742  EKtot   =      4351.8439  EPtot      =  -4041333.4181
 BOND   =         0.0000  ANGLE   =         0.0000  DIHED      =         0.0000
 1-4 NB =         0.0000  1-4 EEL =         0.0000  VDWAALS    =      7717.6212
 EELEC  =  -4049051.0393  EHBOND  =         0.0000  RESTRAINT  =         0.0000
 ------------------------------------------------------------------------------


 NSTEP =      259   TIME(PS) =       0.259  TEMP(K) =   178.36  PRESS =     0.0
 Etot   =  -4036981.5939  EKtot   =      4354.7770  EPtot      =  -4041336.3709
 BOND   =         0.0000  ANGLE   =         0.0000  DIHED      =         0.0000
 1-4 NB =         0.0000  1-4 EEL =         0.0000  VDWAALS    =      7718.3232
 EELEC  =  -4049054.6941  EHBOND  =         0.0000  RESTRAINT  =         0.0000
 ------------------------------------------------------------------------------


 NSTEP =      260   TIME(PS) =       0.260  TEMP(K) =   178.51  PRESS =     0.0
 Etot   =  -4036981.6198  EKtot   =      4358.5232  EPtot      =  -4041340.1430
 BOND   =         0.0000  ANGLE   =         0.0000  DIHED      =         0.0000
 1-4 NB =         0.0000  1-4 EEL =         0.0000  VDWAALS    =      7719.2657
 EELEC  =  -4049059.4088  EHBOND  =         0.0000  RESTRAINT  =         0.0000
 ------------------------------------------------------------------------------


 NSTEP =      261   TIME(PS) =       0.261  TEMP(K) =   178.68  PRESS =     0.0
 Etot   =  -4036981.6502  EKtot   =      4362.6895  EPtot      =  -4041344.3397
 BOND   =         0.0000  ANGLE   =         0.0000  DIHED      =         0.0000
 1-4 NB =         0.0000  1-4 EEL =         0.0000  VDWAALS    =      7720.4798
 EELEC  =  -4049064.8195  EHBOND  =         0.0000  RESTRAINT  =         0.0000
 ------------------------------------------------------------------------------


 NSTEP =      262   TIME(PS) =       0.262  TEMP(K) =   178.85  PRESS =     0.0
 Etot   =  -4036981.6827  EKtot   =      4366.8138  EPtot      =  -4041348.4965
 BOND   =         0.0000  ANGLE   =         0.0000  DIHED      =         0.0000
 1-4 NB =         0.0000  1-4 EEL =         0.0000  VDWAALS    =      7721.9944
 EELEC  =  -4049070.4909  EHBOND  =         0.0000  RESTRAINT  =         0.0000
 ------------------------------------------------------------------------------


 NSTEP =      263   TIME(PS) =       0.263  TEMP(K) =   179.00  PRESS =     0.0
 Etot   =  -4036981.7140  EKtot   =      4370.4082  EPtot      =  -4041352.1222
 BOND   =         0.0000  ANGLE   =         0.0000  DIHED      =         0.0000
 1-4 NB =         0.0000  1-4 EEL =         0.0000  VDWAALS    =      7723.8339
 EELEC  =  -4049075.9561  EHBOND  =         0.0000  RESTRAINT  =         0.0000
 ------------------------------------------------------------------------------


 NSTEP =      264   TIME(PS) =       0.264  TEMP(K) =   179.11  PRESS =     0.0
 Etot   =  -4036981.7401  EKtot   =      4373.0076  EPtot      =  -4041354.7478
 BOND   =         0.0000  ANGLE   =         0.0000  DIHED      =         0.0000
 1-4 NB =         0.0000  1-4 EEL =         0.0000  VDWAALS    =      7726.0157
 EELEC  =  -4049080.7634  EHBOND  =         0.0000  RESTRAINT  =         0.0000
 ------------------------------------------------------------------------------


 NSTEP =      265   TIME(PS) =       0.265  TEMP(K) =   179.16  PRESS =     0.0
 Etot   =  -4036981.7588  EKtot   =      4374.2172  EPtot      =  -4041355.9760
 BOND   =         0.0000  ANGLE   =         0.0000  DIHED      =         0.0000
 1-4 NB =         0.0000  1-4 EEL =         0.0000  VDWAALS    =      7728.5478
 EELEC  =  -4049084.5238  EHBOND  =         0.0000  RESTRAINT  =         0.0000
 ------------------------------------------------------------------------------


 NSTEP =      266   TIME(PS) =       0.266  TEMP(K) =   179.14  PRESS =     0.0
 Etot   =  -4036981.7685  EKtot   =      4373.7552  EPtot      =  -4041355.5237
 BOND   =         0.0000  ANGLE   =         0.0000  DIHED      =         0.0000
 1-4 NB =         0.0000  1-4 EEL =         0.0000  VDWAALS    =      7731.4274
 EELEC  =  -4049086.9511  EHBOND  =         0.0000  RESTRAINT  =         0.0000
 ------------------------------------------------------------------------------


 NSTEP =      267   TIME(PS) =       0.267  TEMP(K) =   179.04  PRESS =     0.0
 Etot   =  -4036981.7673  EKtot   =      4371.4846  EPtot      =  -4041353.2519
 BOND   =         0.0000  ANGLE   =         0.0000  DIHED      =         0.0000
 1-4 NB =         0.0000  1-4 EEL =         0.0000  VDWAALS    =      7734.6398
 EELEC  =  -4049087.8917  EHBOND  =         0.0000  RESTRAINT  =         0.0000
 ------------------------------------------------------------------------------


 NSTEP =      268   TIME(PS) =       0.268  TEMP(K) =   178.88  PRESS =     0.0
 Etot   =  -4036981.7548  EKtot   =      4367.4305  EPtot      =  -4041349.1853
 BOND   =         0.0000  ANGLE   =         0.0000  DIHED      =         0.0000
 1-4 NB =         0.0000  1-4 EEL =         0.0000  VDWAALS    =      7738.1578
 EELEC  =  -4049087.3431  EHBOND  =         0.0000  RESTRAINT  =         0.0000
 ------------------------------------------------------------------------------


 NSTEP =      269   TIME(PS) =       0.269  TEMP(K) =   178.65  PRESS =     0.0
 Etot   =  -4036981.7328  EKtot   =      4361.7814  EPtot      =  -4041343.5142
 BOND   =         0.0000  ANGLE   =         0.0000  DIHED      =         0.0000
 1-4 NB =         0.0000  1-4 EEL =         0.0000  VDWAALS    =      7741.9426
 EELEC  =  -4049085.4568  EHBOND  =         0.0000  RESTRAINT  =         0.0000
 ------------------------------------------------------------------------------


 NSTEP =      270   TIME(PS) =       0.270  TEMP(K) =   178.36  PRESS =     0.0
 Etot   =  -4036981.7028  EKtot   =      4354.8750  EPtot      =  -4041336.5778
 BOND   =         0.0000  ANGLE   =         0.0000  DIHED      =         0.0000
 1-4 NB =         0.0000  1-4 EEL =         0.0000  VDWAALS    =      7745.9449
 EELEC  =  -4049082.5226  EHBOND  =         0.0000  RESTRAINT  =         0.0000
 ------------------------------------------------------------------------------


 NSTEP =      271   TIME(PS) =       0.271  TEMP(K) =   178.05  PRESS =     0.0
 Etot   =  -4036981.6682  EKtot   =      4347.1686  EPtot      =  -4041328.8368
 BOND   =         0.0000  ANGLE   =         0.0000  DIHED      =         0.0000
 1-4 NB =         0.0000  1-4 EEL =         0.0000  VDWAALS    =      7750.1071
 EELEC  =  -4049078.9439  EHBOND  =         0.0000  RESTRAINT  =         0.0000
 ------------------------------------------------------------------------------


 NSTEP =      272   TIME(PS) =       0.272  TEMP(K) =   177.72  PRESS =     0.0
 Etot   =  -4036981.6314  EKtot   =      4339.1977  EPtot      =  -4041320.8291
 BOND   =         0.0000  ANGLE   =         0.0000  DIHED      =         0.0000
 1-4 NB =         0.0000  1-4 EEL =         0.0000  VDWAALS    =      7754.3662
 EELEC  =  -4049075.1953  EHBOND  =         0.0000  RESTRAINT  =         0.0000
 ------------------------------------------------------------------------------


 NSTEP =      273   TIME(PS) =       0.273  TEMP(K) =   177.41  PRESS =     0.0
 Etot   =  -4036981.5960  EKtot   =      4331.5268  EPtot      =  -4041313.1228
 BOND   =         0.0000  ANGLE   =         0.0000  DIHED      =         0.0000
 1-4 NB =         0.0000  1-4 EEL =         0.0000  VDWAALS    =      7758.6568
 EELEC  =  -4049071.7796  EHBOND  =         0.0000  RESTRAINT  =         0.0000
 ------------------------------------------------------------------------------


 NSTEP =      274   TIME(PS) =       0.274  TEMP(K) =   177.13  PRESS =     0.0
 Etot   =  -4036981.5663  EKtot   =      4324.6965  EPtot      =  -4041306.2628
 BOND   =         0.0000  ANGLE   =         0.0000  DIHED      =         0.0000
 1-4 NB =         0.0000  1-4 EEL =         0.0000  VDWAALS    =      7762.9147
 EELEC  =  -4049069.1775  EHBOND  =         0.0000  RESTRAINT  =         0.0000
 ------------------------------------------------------------------------------


 NSTEP =      275   TIME(PS) =       0.275  TEMP(K) =   176.90  PRESS =     0.0
 Etot   =  -4036981.5446  EKtot   =      4319.1739  EPtot      =  -4041300.7185
 BOND   =         0.0000  ANGLE   =         0.0000  DIHED      =         0.0000
 1-4 NB =         0.0000  1-4 EEL =         0.0000  VDWAALS    =      7767.0797
 EELEC  =  -4049067.7982  EHBOND  =         0.0000  RESTRAINT  =         0.0000
 ------------------------------------------------------------------------------


 NSTEP =      276   TIME(PS) =       0.276  TEMP(K) =   176.74  PRESS =     0.0
 Etot   =  -4036981.5321  EKtot   =      4315.3102  EPtot      =  -4041296.8423
 BOND   =         0.0000  ANGLE   =         0.0000  DIHED      =         0.0000
 1-4 NB =         0.0000  1-4 EEL =         0.0000  VDWAALS    =      7771.0988
 EELEC  =  -4049067.9411  EHBOND  =         0.0000  RESTRAINT  =         0.0000
 ------------------------------------------------------------------------------


 NSTEP =      277   TIME(PS) =       0.277  TEMP(K) =   176.66  PRESS =     0.0
 Etot   =  -4036981.5300  EKtot   =      4313.3124  EPtot      =  -4041294.8424
 BOND   =         0.0000  ANGLE   =         0.0000  DIHED      =         0.0000
 1-4 NB =         0.0000  1-4 EEL =         0.0000  VDWAALS    =      7774.9279
 EELEC  =  -4049069.7704  EHBOND  =         0.0000  RESTRAINT  =         0.0000
 ------------------------------------------------------------------------------


 NSTEP =      278   TIME(PS) =       0.278  TEMP(K) =   176.66  PRESS =     0.0
 Etot   =  -4036981.5385  EKtot   =      4313.2317  EPtot      =  -4041294.7702
 BOND   =         0.0000  ANGLE   =         0.0000  DIHED      =         0.0000
 1-4 NB =         0.0000  1-4 EEL =         0.0000  VDWAALS    =      7778.5334
 EELEC  =  -4049073.3036  EHBOND  =         0.0000  RESTRAINT  =         0.0000
 ------------------------------------------------------------------------------


 NSTEP =      279   TIME(PS) =       0.279  TEMP(K) =   176.73  PRESS =     0.0
 Etot   =  -4036981.5552  EKtot   =      4314.9687  EPtot      =  -4041296.5240
 BOND   =         0.0000  ANGLE   =         0.0000  DIHED      =         0.0000
 1-4 NB =         0.0000  1-4 EEL =         0.0000  VDWAALS    =      7781.8927
 EELEC  =  -4049078.4166  EHBOND  =         0.0000  RESTRAINT  =         0.0000
 ------------------------------------------------------------------------------


 NSTEP =      280   TIME(PS) =       0.280  TEMP(K) =   176.87  PRESS =     0.0
 Etot   =  -4036981.5774  EKtot   =      4318.2955  EPtot      =  -4041299.8729
 BOND   =         0.0000  ANGLE   =         0.0000  DIHED      =         0.0000
 1-4 NB =         0.0000  1-4 EEL =         0.0000  VDWAALS    =      7784.9935
 EELEC  =  -4049084.8664  EHBOND  =         0.0000  RESTRAINT  =         0.0000
 ------------------------------------------------------------------------------


 NSTEP =      281   TIME(PS) =       0.281  TEMP(K) =   177.05  PRESS =     0.0
 Etot   =  -4036981.6038  EKtot   =      4322.8893  EPtot      =  -4041304.4930
 BOND   =         0.0000  ANGLE   =         0.0000  DIHED      =         0.0000
 1-4 NB =         0.0000  1-4 EEL =         0.0000  VDWAALS    =      7787.8338
 EELEC  =  -4049092.3268  EHBOND  =         0.0000  RESTRAINT  =         0.0000
 ------------------------------------------------------------------------------


 NSTEP =      282   TIME(PS) =       0.282  TEMP(K) =   177.28  PRESS =     0.0
 Etot   =  -4036981.6301  EKtot   =      4328.3749  EPtot      =  -4041310.0049
 BOND   =         0.0000  ANGLE   =         0.0000  DIHED      =         0.0000
 1-4 NB =         0.0000  1-4 EEL =         0.0000  VDWAALS    =      7790.4196
 EELEC  =  -4049100.4246  EHBOND  =         0.0000  RESTRAINT  =         0.0000
 ------------------------------------------------------------------------------


 NSTEP =      283   TIME(PS) =       0.283  TEMP(K) =   177.52  PRESS =     0.0
 Etot   =  -4036981.6542  EKtot   =      4334.3679  EPtot      =  -4041316.0222
 BOND   =         0.0000  ANGLE   =         0.0000  DIHED      =         0.0000
 1-4 NB =         0.0000  1-4 EEL =         0.0000  VDWAALS    =      7792.7644
 EELEC  =  -4049108.7865  EHBOND  =         0.0000  RESTRAINT  =         0.0000
 ------------------------------------------------------------------------------


 NSTEP =      284   TIME(PS) =       0.284  TEMP(K) =   177.78  PRESS =     0.0
 Etot   =  -4036981.6734  EKtot   =      4340.5159  EPtot      =  -4041322.1893
 BOND   =         0.0000  ANGLE   =         0.0000  DIHED      =         0.0000
 1-4 NB =         0.0000  1-4 EEL =         0.0000  VDWAALS    =      7794.8864
 EELEC  =  -4049117.0757  EHBOND  =         0.0000  RESTRAINT  =         0.0000
 ------------------------------------------------------------------------------


 NSTEP =      285   TIME(PS) =       0.285  TEMP(K) =   178.02  PRESS =     0.0
 Etot   =  -4036981.6869  EKtot   =      4346.5325  EPtot      =  -4041328.2194
 BOND   =         0.0000  ANGLE   =         0.0000  DIHED      =         0.0000
 1-4 NB =         0.0000  1-4 EEL =         0.0000  VDWAALS    =      7796.8079
 EELEC  =  -4049125.0273  EHBOND  =         0.0000  RESTRAINT  =         0.0000
 ------------------------------------------------------------------------------


 NSTEP =      286   TIME(PS) =       0.286  TEMP(K) =   178.26  PRESS =     0.0
 Etot   =  -4036981.6939  EKtot   =      4352.2225  EPtot      =  -4041333.9163
 BOND   =         0.0000  ANGLE   =         0.0000  DIHED      =         0.0000
 1-4 NB =         0.0000  1-4 EEL =         0.0000  VDWAALS    =      7798.5529
 EELEC  =  -4049132.4693  EHBOND  =         0.0000  RESTRAINT  =         0.0000
 ------------------------------------------------------------------------------


 NSTEP =      287   TIME(PS) =       0.287  TEMP(K) =   178.47  PRESS =     0.0
 Etot   =  -4036981.6934  EKtot   =      4357.4946  EPtot      =  -4041339.1880
 BOND   =         0.0000  ANGLE   =         0.0000  DIHED      =         0.0000
 1-4 NB =         0.0000  1-4 EEL =         0.0000  VDWAALS    =      7800.1463
 EELEC  =  -4049139.3342  EHBOND  =         0.0000  RESTRAINT  =         0.0000
 ------------------------------------------------------------------------------


 NSTEP =      288   TIME(PS) =       0.288  TEMP(K) =   178.67  PRESS =     0.0
 Etot   =  -4036981.6866  EKtot   =      4362.3621  EPtot      =  -4041344.0487
 BOND   =         0.0000  ANGLE   =         0.0000  DIHED      =         0.0000
 1-4 NB =         0.0000  1-4 EEL =         0.0000  VDWAALS    =      7801.6120
 EELEC  =  -4049145.6607  EHBOND  =         0.0000  RESTRAINT  =         0.0000
 ------------------------------------------------------------------------------


 NSTEP =      289   TIME(PS) =       0.289  TEMP(K) =   178.86  PRESS =     0.0
 Etot   =  -4036981.6755  EKtot   =      4366.9310  EPtot      =  -4041348.6065
 BOND   =         0.0000  ANGLE   =         0.0000  DIHED      =         0.0000
 1-4 NB =         0.0000  1-4 EEL =         0.0000  VDWAALS    =      7802.9726
 EELEC  =  -4049151.5791  EHBOND  =         0.0000  RESTRAINT  =         0.0000
 ------------------------------------------------------------------------------


 NSTEP =      290   TIME(PS) =       0.290  TEMP(K) =   179.04  PRESS =     0.0
 Etot   =  -4036981.6623  EKtot   =      4371.3770  EPtot      =  -4041353.0393
 BOND   =         0.0000  ANGLE   =         0.0000  DIHED      =         0.0000
 1-4 NB =         0.0000  1-4 EEL =         0.0000  VDWAALS    =      7804.2485
 EELEC  =  -4049157.2878  EHBOND  =         0.0000  RESTRAINT  =         0.0000
 ------------------------------------------------------------------------------


 NSTEP =      291   TIME(PS) =       0.291  TEMP(K) =   179.23  PRESS =     0.0
 Etot   =  -4036981.6484  EKtot   =      4375.9134  EPtot      =  -4041357.5618
 BOND   =         0.0000  ANGLE   =         0.0000  DIHED      =         0.0000
 1-4 NB =         0.0000  1-4 EEL =         0.0000  VDWAALS    =      7805.4575
 EELEC  =  -4049163.0193  EHBOND  =         0.0000  RESTRAINT  =         0.0000
 ------------------------------------------------------------------------------


 NSTEP =      292   TIME(PS) =       0.292  TEMP(K) =   179.42  PRESS =     0.0
 Etot   =  -4036981.6365  EKtot   =      4380.7557  EPtot      =  -4041362.3923
 BOND   =         0.0000  ANGLE   =         0.0000  DIHED      =         0.0000
 1-4 NB =         0.0000  1-4 EEL =         0.0000  VDWAALS    =      7806.6153
 EELEC  =  -4049169.0076  EHBOND  =         0.0000  RESTRAINT  =         0.0000
 ------------------------------------------------------------------------------


 NSTEP =      293   TIME(PS) =       0.293  TEMP(K) =   179.64  PRESS =     0.0
 Etot   =  -4036981.6295  EKtot   =      4386.0850  EPtot      =  -4041367.7145
 BOND   =         0.0000  ANGLE   =         0.0000  DIHED      =         0.0000
 1-4 NB =         0.0000  1-4 EEL =         0.0000  VDWAALS    =      7807.7355
 EELEC  =  -4049175.4500  EHBOND  =         0.0000  RESTRAINT  =         0.0000
 ------------------------------------------------------------------------------


 NSTEP =      294   TIME(PS) =       0.294  TEMP(K) =   179.89  PRESS =     0.0
 Etot   =  -4036981.6287  EKtot   =      4392.0163  EPtot      =  -4041373.6450
 BOND   =         0.0000  ANGLE   =         0.0000  DIHED      =         0.0000
 1-4 NB =         0.0000  1-4 EEL =         0.0000  VDWAALS    =      7808.8306
 EELEC  =  -4049182.4756  EHBOND  =         0.0000  RESTRAINT  =         0.0000
 ------------------------------------------------------------------------------


 NSTEP =      295   TIME(PS) =       0.295  TEMP(K) =   180.15  PRESS =     0.0
 Etot   =  -4036981.6342  EKtot   =      4398.5749  EPtot      =  -4041380.2091
 BOND   =         0.0000  ANGLE   =         0.0000  DIHED      =         0.0000
 1-4 NB =         0.0000  1-4 EEL =         0.0000  VDWAALS    =      7809.9123
 EELEC  =  -4049190.1214  EHBOND  =         0.0000  RESTRAINT  =         0.0000
 ------------------------------------------------------------------------------


 NSTEP =      296   TIME(PS) =       0.296  TEMP(K) =   180.45  PRESS =     0.0
 Etot   =  -4036981.6468  EKtot   =      4405.6828  EPtot      =  -4041387.3296
 BOND   =         0.0000  ANGLE   =         0.0000  DIHED      =         0.0000
 1-4 NB =         0.0000  1-4 EEL =         0.0000  VDWAALS    =      7810.9923
 EELEC  =  -4049198.3219  EHBOND  =         0.0000  RESTRAINT  =         0.0000
 ------------------------------------------------------------------------------


 NSTEP =      297   TIME(PS) =       0.297  TEMP(K) =   180.75  PRESS =     0.0
 Etot   =  -4036981.6662  EKtot   =      4413.1585  EPtot      =  -4041394.8247
 BOND   =         0.0000  ANGLE   =         0.0000  DIHED      =         0.0000
 1-4 NB =         0.0000  1-4 EEL =         0.0000  VDWAALS    =      7812.0828
 EELEC  =  -4049206.9075  EHBOND  =         0.0000  RESTRAINT  =         0.0000
 ------------------------------------------------------------------------------


 NSTEP =      298   TIME(PS) =       0.298  TEMP(K) =   181.06  PRESS =     0.0
 Etot   =  -4036981.6901  EKtot   =      4420.7292  EPtot      =  -4041402.4194
 BOND   =         0.0000  ANGLE   =         0.0000  DIHED      =         0.0000
 1-4 NB =         0.0000  1-4 EEL =         0.0000  VDWAALS    =      7813.1959
 EELEC  =  -4049215.6153  EHBOND  =         0.0000  RESTRAINT  =         0.0000
 ------------------------------------------------------------------------------


 NSTEP =      299   TIME(PS) =       0.299  TEMP(K) =   181.36  PRESS =     0.0
 Etot   =  -4036981.7155  EKtot   =      4428.0551  EPtot      =  -4041409.7707
 BOND   =         0.0000  ANGLE   =         0.0000  DIHED      =         0.0000
 1-4 NB =         0.0000  1-4 EEL =         0.0000  VDWAALS    =      7814.3438
 EELEC  =  -4049224.1144  EHBOND  =         0.0000  RESTRAINT  =         0.0000
 ------------------------------------------------------------------------------


 NSTEP =      300   TIME(PS) =       0.300  TEMP(K) =   181.64  PRESS =     0.0
 Etot   =  -4036981.7410  EKtot   =      4434.7627  EPtot      =  -4041416.5036
 BOND   =         0.0000  ANGLE   =         0.0000  DIHED      =         0.0000
 1-4 NB =         0.0000  1-4 EEL =         0.0000  VDWAALS    =      7815.5378
 EELEC  =  -4049232.0414  EHBOND  =         0.0000  RESTRAINT  =         0.0000
 ------------------------------------------------------------------------------


 NSTEP =      301   TIME(PS) =       0.301  TEMP(K) =   181.87  PRESS =     0.0
 Etot   =  -4036981.7643  EKtot   =      4440.4833  EPtot      =  -4041422.2476
 BOND   =         0.0000  ANGLE   =         0.0000  DIHED      =         0.0000
 1-4 NB =         0.0000  1-4 EEL =         0.0000  VDWAALS    =      7816.7877
 EELEC  =  -4049239.0353  EHBOND  =         0.0000  RESTRAINT  =         0.0000
 ------------------------------------------------------------------------------


 NSTEP =      302   TIME(PS) =       0.302  TEMP(K) =   182.05  PRESS =     0.0
 Etot   =  -4036981.7818  EKtot   =      4444.8923  EPtot      =  -4041426.6741
 BOND   =         0.0000  ANGLE   =         0.0000  DIHED      =         0.0000
 1-4 NB =         0.0000  1-4 EEL =         0.0000  VDWAALS    =      7818.1011
 EELEC  =  -4049244.7752  EHBOND  =         0.0000  RESTRAINT  =         0.0000
 ------------------------------------------------------------------------------


 NSTEP =      303   TIME(PS) =       0.303  TEMP(K) =   182.17  PRESS =     0.0
 Etot   =  -4036981.7915  EKtot   =      4447.7442  EPtot      =  -4041429.5357
 BOND   =         0.0000  ANGLE   =         0.0000  DIHED      =         0.0000
 1-4 NB =         0.0000  1-4 EEL =         0.0000  VDWAALS    =      7819.4831
 EELEC  =  -4049249.0188  EHBOND  =         0.0000  RESTRAINT  =         0.0000
 ------------------------------------------------------------------------------


 NSTEP =      304   TIME(PS) =       0.304  TEMP(K) =   182.22  PRESS =     0.0
 Etot   =  -4036981.7939  EKtot   =      4448.8996  EPtot      =  -4041430.6935
 BOND   =         0.0000  ANGLE   =         0.0000  DIHED      =         0.0000
 1-4 NB =         0.0000  1-4 EEL =         0.0000  VDWAALS    =      7820.9357
 EELEC  =  -4049251.6292  EHBOND  =         0.0000  RESTRAINT  =         0.0000
 ------------------------------------------------------------------------------


 NSTEP =      305   TIME(PS) =       0.305  TEMP(K) =   182.19  PRESS =     0.0
 Etot   =  -4036981.7880  EKtot   =      4448.3424  EPtot      =  -4041430.1303
 BOND   =         0.0000  ANGLE   =         0.0000  DIHED      =         0.0000
 1-4 NB =         0.0000  1-4 EEL =         0.0000  VDWAALS    =      7822.4585
 EELEC  =  -4049252.5888  EHBOND  =         0.0000  RESTRAINT  =         0.0000
 ------------------------------------------------------------------------------


 NSTEP =      306   TIME(PS) =       0.306  TEMP(K) =   182.10  PRESS =     0.0
 Etot   =  -4036981.7735  EKtot   =      4446.1838  EPtot      =  -4041427.9573
 BOND   =         0.0000  ANGLE   =         0.0000  DIHED      =         0.0000
 1-4 NB =         0.0000  1-4 EEL =         0.0000  VDWAALS    =      7824.0487
 EELEC  =  -4049252.0060  EHBOND  =         0.0000  RESTRAINT  =         0.0000
 ------------------------------------------------------------------------------


 NSTEP =      307   TIME(PS) =       0.307  TEMP(K) =   181.96  PRESS =     0.0
 Etot   =  -4036981.7522  EKtot   =      4442.6550  EPtot      =  -4041424.4072
 BOND   =         0.0000  ANGLE   =         0.0000  DIHED      =         0.0000
 1-4 NB =         0.0000  1-4 EEL =         0.0000  VDWAALS    =      7825.7021
 EELEC  =  -4049250.1093  EHBOND  =         0.0000  RESTRAINT  =         0.0000
 ------------------------------------------------------------------------------


 NSTEP =      308   TIME(PS) =       0.308  TEMP(K) =   181.77  PRESS =     0.0
 Etot   =  -4036981.7267  EKtot   =      4438.0869  EPtot      =  -4041419.8136
 BOND   =         0.0000  ANGLE   =         0.0000  DIHED      =         0.0000
 1-4 NB =         0.0000  1-4 EEL =         0.0000  VDWAALS    =      7827.4138
 EELEC  =  -4049247.2274  EHBOND  =         0.0000  RESTRAINT  =         0.0000
 ------------------------------------------------------------------------------


 NSTEP =      309   TIME(PS) =       0.309  TEMP(K) =   181.56  PRESS =     0.0
 Etot   =  -4036981.6985  EKtot   =      4432.8831  EPtot      =  -4041414.5816
 BOND   =         0.0000  ANGLE   =         0.0000  DIHED      =         0.0000
 1-4 NB =         0.0000  1-4 EEL =         0.0000  VDWAALS    =      7829.1789
 EELEC  =  -4049243.7604  EHBOND  =         0.0000  RESTRAINT  =         0.0000
 ------------------------------------------------------------------------------


 NSTEP =      310   TIME(PS) =       0.310  TEMP(K) =   181.34  PRESS =     0.0
 Etot   =  -4036981.6693  EKtot   =      4427.4860  EPtot      =  -4041409.1553
 BOND   =         0.0000  ANGLE   =         0.0000  DIHED      =         0.0000
 1-4 NB =         0.0000  1-4 EEL =         0.0000  VDWAALS    =      7830.9928
 EELEC  =  -4049240.1481  EHBOND  =         0.0000  RESTRAINT  =         0.0000
 ------------------------------------------------------------------------------


 NSTEP =      311   TIME(PS) =       0.311  TEMP(K) =   181.13  PRESS =     0.0
 Etot   =  -4036981.6421  EKtot   =      4422.3410  EPtot      =  -4041403.9831
 BOND   =         0.0000  ANGLE   =         0.0000  DIHED      =         0.0000
 1-4 NB =         0.0000  1-4 EEL =         0.0000  VDWAALS    =      7832.8519
 EELEC  =  -4049236.8350  EHBOND  =         0.0000  RESTRAINT  =         0.0000
 ------------------------------------------------------------------------------


 NSTEP =      312   TIME(PS) =       0.312  TEMP(K) =   180.94  PRESS =     0.0
 Etot   =  -4036981.6197  EKtot   =      4417.8610  EPtot      =  -4041399.4807
 BOND   =         0.0000  ANGLE   =         0.0000  DIHED      =         0.0000
 1-4 NB =         0.0000  1-4 EEL =         0.0000  VDWAALS    =      7834.7530
 EELEC  =  -4049234.2336  EHBOND  =         0.0000  RESTRAINT  =         0.0000
 ------------------------------------------------------------------------------


 NSTEP =      313   TIME(PS) =       0.313  TEMP(K) =   180.80  PRESS =     0.0
 Etot   =  -4036981.6024  EKtot   =      4414.3949  EPtot      =  -4041395.9973
 BOND   =         0.0000  ANGLE   =         0.0000  DIHED      =         0.0000
 1-4 NB =         0.0000  1-4 EEL =         0.0000  VDWAALS    =      7836.6933
 EELEC  =  -4049232.6906  EHBOND  =         0.0000  RESTRAINT  =         0.0000
 ------------------------------------------------------------------------------


 NSTEP =      314   TIME(PS) =       0.314  TEMP(K) =   180.71  PRESS =     0.0
 Etot   =  -4036981.5917  EKtot   =      4412.2007  EPtot      =  -4041393.7924
 BOND   =         0.0000  ANGLE   =         0.0000  DIHED      =         0.0000
 1-4 NB =         0.0000  1-4 EEL =         0.0000  VDWAALS    =      7838.6698
 EELEC  =  -4049232.4622  EHBOND  =         0.0000  RESTRAINT  =         0.0000
 ------------------------------------------------------------------------------


 NSTEP =      315   TIME(PS) =       0.315  TEMP(K) =   180.68  PRESS =     0.0
 Etot   =  -4036981.5894  EKtot   =      4411.4249  EPtot      =  -4041393.0143
 BOND   =         0.0000  ANGLE   =         0.0000  DIHED      =         0.0000
 1-4 NB =         0.0000  1-4 EEL =         0.0000  VDWAALS    =      7840.6784
 EELEC  =  -4049233.6927  EHBOND  =         0.0000  RESTRAINT  =         0.0000
 ------------------------------------------------------------------------------


 NSTEP =      316   TIME(PS) =       0.316  TEMP(K) =   180.71  PRESS =     0.0
 Etot   =  -4036981.5961  EKtot   =      4412.0888  EPtot      =  -4041393.6850
 BOND   =         0.0000  ANGLE   =         0.0000  DIHED      =         0.0000
 1-4 NB =         0.0000  1-4 EEL =         0.0000  VDWAALS    =      7842.7133
 EELEC  =  -4049236.3983  EHBOND  =         0.0000  RESTRAINT  =         0.0000
 ------------------------------------------------------------------------------


 NSTEP =      317   TIME(PS) =       0.317  TEMP(K) =   180.79  PRESS =     0.0
 Etot   =  -4036981.6106  EKtot   =      4414.0836  EPtot      =  -4041395.6943
 BOND   =         0.0000  ANGLE   =         0.0000  DIHED      =         0.0000
 1-4 NB =         0.0000  1-4 EEL =         0.0000  VDWAALS    =      7844.7669
 EELEC  =  -4049240.4612  EHBOND  =         0.0000  RESTRAINT  =         0.0000
 ------------------------------------------------------------------------------


 NSTEP =      318   TIME(PS) =       0.318  TEMP(K) =   180.92  PRESS =     0.0
 Etot   =  -4036981.6323  EKtot   =      4417.1744  EPtot      =  -4041398.8068
 BOND   =         0.0000  ANGLE   =         0.0000  DIHED      =         0.0000
 1-4 NB =         0.0000  1-4 EEL =         0.0000  VDWAALS    =      7846.8293
 EELEC  =  -4049245.6361  EHBOND  =         0.0000  RESTRAINT  =         0.0000
 ------------------------------------------------------------------------------


 NSTEP =      319   TIME(PS) =       0.319  TEMP(K) =   181.07  PRESS =     0.0
 Etot   =  -4036981.6604  EKtot   =      4421.0156  EPtot      =  -4041402.6760
 BOND   =         0.0000  ANGLE   =         0.0000  DIHED      =         0.0000
 1-4 NB =         0.0000  1-4 EEL =         0.0000  VDWAALS    =      7848.8887
 EELEC  =  -4049251.5647  EHBOND  =         0.0000  RESTRAINT  =         0.0000
 ------------------------------------------------------------------------------


 NSTEP =      320   TIME(PS) =       0.320  TEMP(K) =   181.24  PRESS =     0.0
 Etot   =  -4036981.6924  EKtot   =      4425.1766  EPtot      =  -4041406.8689
 BOND   =         0.0000  ANGLE   =         0.0000  DIHED      =         0.0000
 1-4 NB =         0.0000  1-4 EEL =         0.0000  VDWAALS    =      7850.9319
 EELEC  =  -4049257.8008  EHBOND  =         0.0000  RESTRAINT  =         0.0000
 ------------------------------------------------------------------------------


 NSTEP =      321   TIME(PS) =       0.321  TEMP(K) =   181.41  PRESS =     0.0
 Etot   =  -4036981.7244  EKtot   =      4429.1788  EPtot      =  -4041410.9032
 BOND   =         0.0000  ANGLE   =         0.0000  DIHED      =         0.0000
 1-4 NB =         0.0000  1-4 EEL =         0.0000  VDWAALS    =      7852.9456
 EELEC  =  -4049263.8489  EHBOND  =         0.0000  RESTRAINT  =         0.0000
 ------------------------------------------------------------------------------


 NSTEP =      322   TIME(PS) =       0.322  TEMP(K) =   181.55  PRESS =     0.0
 Etot   =  -4036981.7536  EKtot   =      4432.5406  EPtot      =  -4041414.2942
 BOND   =         0.0000  ANGLE   =         0.0000  DIHED      =         0.0000
 1-4 NB =         0.0000  1-4 EEL =         0.0000  VDWAALS    =      7854.9170
 EELEC  =  -4049269.2112  EHBOND  =         0.0000  RESTRAINT  =         0.0000
 ------------------------------------------------------------------------------


 NSTEP =      323   TIME(PS) =       0.323  TEMP(K) =   181.64  PRESS =     0.0
 Etot   =  -4036981.7775  EKtot   =      4434.8261  EPtot      =  -4041416.6036
 BOND   =         0.0000  ANGLE   =         0.0000  DIHED      =         0.0000
 1-4 NB =         0.0000  1-4 EEL =         0.0000  VDWAALS    =      7856.8349
 EELEC  =  -4049273.4385  EHBOND  =         0.0000  RESTRAINT  =         0.0000
 ------------------------------------------------------------------------------


 NSTEP =      324   TIME(PS) =       0.324  TEMP(K) =   181.67  PRESS =     0.0
 Etot   =  -4036981.7930  EKtot   =      4435.6940  EPtot      =  -4041417.4870
 BOND   =         0.0000  ANGLE   =         0.0000  DIHED      =         0.0000
 1-4 NB =         0.0000  1-4 EEL =         0.0000  VDWAALS    =      7858.6906
 EELEC  =  -4049276.1775  EHBOND  =         0.0000  RESTRAINT  =         0.0000
 ------------------------------------------------------------------------------


 NSTEP =      325   TIME(PS) =       0.325  TEMP(K) =   181.64  PRESS =     0.0
 Etot   =  -4036981.7974  EKtot   =      4434.9372  EPtot      =  -4041416.7347
 BOND   =         0.0000  ANGLE   =         0.0000  DIHED      =         0.0000
 1-4 NB =         0.0000  1-4 EEL =         0.0000  VDWAALS    =      7860.4783
 EELEC  =  -4049277.2130  EHBOND  =         0.0000  RESTRAINT  =         0.0000
 ------------------------------------------------------------------------------


 NSTEP =      326   TIME(PS) =       0.326  TEMP(K) =   181.54  PRESS =     0.0
 Etot   =  -4036981.7911  EKtot   =      4432.5098  EPtot      =  -4041414.3009
 BOND   =         0.0000  ANGLE   =         0.0000  DIHED      =         0.0000
 1-4 NB =         0.0000  1-4 EEL =         0.0000  VDWAALS    =      7862.1950
 EELEC  =  -4049276.4960  EHBOND  =         0.0000  RESTRAINT  =         0.0000
 ------------------------------------------------------------------------------


 NSTEP =      327   TIME(PS) =       0.327  TEMP(K) =   181.38  PRESS =     0.0
 Etot   =  -4036981.7741  EKtot   =      4428.5352  EPtot      =  -4041410.3093
 BOND   =         0.0000  ANGLE   =         0.0000  DIHED      =         0.0000
 1-4 NB =         0.0000  1-4 EEL =         0.0000  VDWAALS    =      7863.8403
 EELEC  =  -4049274.1496  EHBOND  =         0.0000  RESTRAINT  =         0.0000
 ------------------------------------------------------------------------------


 NSTEP =      328   TIME(PS) =       0.328  TEMP(K) =   181.17  PRESS =     0.0
 Etot   =  -4036981.7494  EKtot   =      4423.2948  EPtot      =  -4041405.0443
 BOND   =         0.0000  ANGLE   =         0.0000  DIHED      =         0.0000
 1-4 NB =         0.0000  1-4 EEL =         0.0000  VDWAALS    =      7865.4150
 EELEC  =  -4049270.4592  EHBOND  =         0.0000  RESTRAINT  =         0.0000
 ------------------------------------------------------------------------------


 NSTEP =      329   TIME(PS) =       0.329  TEMP(K) =   180.92  PRESS =     0.0
 Etot   =  -4036981.7191  EKtot   =      4417.1971  EPtot      =  -4041398.9163
 BOND   =         0.0000  ANGLE   =         0.0000  DIHED      =         0.0000
 1-4 NB =         0.0000  1-4 EEL =         0.0000  VDWAALS    =      7866.9203
 EELEC  =  -4049265.8365  EHBOND  =         0.0000  RESTRAINT  =         0.0000
 ------------------------------------------------------------------------------


 NSTEP =      330   TIME(PS) =       0.330  TEMP(K) =   180.65  PRESS =     0.0
 Etot   =  -4036981.6862  EKtot   =      4410.7326  EPtot      =  -4041392.4188
 BOND   =         0.0000  ANGLE   =         0.0000  DIHED      =         0.0000
 1-4 NB =         0.0000  1-4 EEL =         0.0000  VDWAALS    =      7868.3562
 EELEC  =  -4049260.7749  EHBOND  =         0.0000  RESTRAINT  =         0.0000
 ------------------------------------------------------------------------------


 NSTEP =      331   TIME(PS) =       0.331  TEMP(K) =   180.39  PRESS =     0.0
 Etot   =  -4036981.6553  EKtot   =      4404.4202  EPtot      =  -4041386.0754
 BOND   =         0.0000  ANGLE   =         0.0000  DIHED      =         0.0000
 1-4 NB =         0.0000  1-4 EEL =         0.0000  VDWAALS    =      7869.7201
 EELEC  =  -4049255.7955  EHBOND  =         0.0000  RESTRAINT  =         0.0000
 ------------------------------------------------------------------------------


 NSTEP =      332   TIME(PS) =       0.332  TEMP(K) =   180.16  PRESS =     0.0
 Etot   =  -4036981.6296  EKtot   =      4398.7530  EPtot      =  -4041380.3825
 BOND   =         0.0000  ANGLE   =         0.0000  DIHED      =         0.0000
 1-4 NB =         0.0000  1-4 EEL =         0.0000  VDWAALS    =      7871.0054
 EELEC  =  -4049251.3879  EHBOND  =         0.0000  RESTRAINT  =         0.0000
 ------------------------------------------------------------------------------


 NSTEP =      333   TIME(PS) =       0.333  TEMP(K) =   179.97  PRESS =     0.0
 Etot   =  -4036981.6105  EKtot   =      4394.1506  EPtot      =  -4041375.7611
 BOND   =         0.0000  ANGLE   =         0.0000  DIHED      =         0.0000
 1-4 NB =         0.0000  1-4 EEL =         0.0000  VDWAALS    =      7872.2007
 EELEC  =  -4049247.9618  EHBOND  =         0.0000  RESTRAINT  =         0.0000
 ------------------------------------------------------------------------------


 NSTEP =      334   TIME(PS) =       0.334  TEMP(K) =   179.84  PRESS =     0.0
 Etot   =  -4036981.5996  EKtot   =      4390.9230  EPtot      =  -4041372.5226
 BOND   =         0.0000  ANGLE   =         0.0000  DIHED      =         0.0000
 1-4 NB =         0.0000  1-4 EEL =         0.0000  VDWAALS    =      7873.2886
 EELEC  =  -4049245.8112  EHBOND  =         0.0000  RESTRAINT  =         0.0000
 ------------------------------------------------------------------------------


 NSTEP =      335   TIME(PS) =       0.335  TEMP(K) =   179.77  PRESS =     0.0
 Etot   =  -4036981.5981  EKtot   =      4389.2490  EPtot      =  -4041370.8470
 BOND   =         0.0000  ANGLE   =         0.0000  DIHED      =         0.0000
 1-4 NB =         0.0000  1-4 EEL =         0.0000  VDWAALS    =      7874.2464
 EELEC  =  -4049245.0934  EHBOND  =         0.0000  RESTRAINT  =         0.0000
 ------------------------------------------------------------------------------


 NSTEP =      336   TIME(PS) =       0.336  TEMP(K) =   179.77  PRESS =     0.0
 Etot   =  -4036981.6044  EKtot   =      4389.1723  EPtot      =  -4041370.7767
 BOND   =         0.0000  ANGLE   =         0.0000  DIHED      =         0.0000
 1-4 NB =         0.0000  1-4 EEL =         0.0000  VDWAALS    =      7875.0457
 EELEC  =  -4049245.8225  EHBOND  =         0.0000  RESTRAINT  =         0.0000
 ------------------------------------------------------------------------------


 NSTEP =      337   TIME(PS) =       0.337  TEMP(K) =   179.83  PRESS =     0.0
 Etot   =  -4036981.6167  EKtot   =      4390.6126  EPtot      =  -4041372.2293
 BOND   =         0.0000  ANGLE   =         0.0000  DIHED      =         0.0000
 1-4 NB =         0.0000  1-4 EEL =         0.0000  VDWAALS    =      7875.6539
 EELEC  =  -4049247.8832  EHBOND  =         0.0000  RESTRAINT  =         0.0000
 ------------------------------------------------------------------------------


 NSTEP =      338   TIME(PS) =       0.338  TEMP(K) =   179.94  PRESS =     0.0
 Etot   =  -4036981.6336  EKtot   =      4393.3880  EPtot      =  -4041375.0216
 BOND   =         0.0000  ANGLE   =         0.0000  DIHED      =         0.0000
 1-4 NB =         0.0000  1-4 EEL =         0.0000  VDWAALS    =      7876.0354
 EELEC  =  -4049251.0570  EHBOND  =         0.0000  RESTRAINT  =         0.0000
 ------------------------------------------------------------------------------


 NSTEP =      339   TIME(PS) =       0.339  TEMP(K) =   180.10  PRESS =     0.0
 Etot   =  -4036981.6531  EKtot   =      4397.2455  EPtot      =  -4041378.8986
 BOND   =         0.0000  ANGLE   =         0.0000  DIHED      =         0.0000
 1-4 NB =         0.0000  1-4 EEL =         0.0000  VDWAALS    =      7876.1534
 EELEC  =  -4049255.0520  EHBOND  =         0.0000  RESTRAINT  =         0.0000
 ------------------------------------------------------------------------------


 NSTEP =      340   TIME(PS) =       0.340  TEMP(K) =   180.29  PRESS =     0.0
 Etot   =  -4036981.6730  EKtot   =      4401.8928  EPtot      =  -4041383.5658
 BOND   =         0.0000  ANGLE   =         0.0000  DIHED      =         0.0000
 1-4 NB =         0.0000  1-4 EEL =         0.0000  VDWAALS    =      7875.9723
 EELEC  =  -4049259.5381  EHBOND  =         0.0000  RESTRAINT  =         0.0000
 ------------------------------------------------------------------------------


 NSTEP =      341   TIME(PS) =       0.341  TEMP(K) =   180.50  PRESS =     0.0
 Etot   =  -4036981.6917  EKtot   =      4407.0279  EPtot      =  -4041388.7197
 BOND   =         0.0000  ANGLE   =         0.0000  DIHED      =         0.0000
 1-4 NB =         0.0000  1-4 EEL =         0.0000  VDWAALS    =      7875.4596
 EELEC  =  -4049264.1792  EHBOND  =         0.0000  RESTRAINT  =         0.0000
 ------------------------------------------------------------------------------


 NSTEP =      342   TIME(PS) =       0.342  TEMP(K) =   180.72  PRESS =     0.0
 Etot   =  -4036981.7084  EKtot   =      4412.3639  EPtot      =  -4041394.0723
 BOND   =         0.0000  ANGLE   =         0.0000  DIHED      =         0.0000
 1-4 NB =         0.0000  1-4 EEL =         0.0000  VDWAALS    =      7874.5881
 EELEC  =  -4049268.6605  EHBOND  =         0.0000  RESTRAINT  =         0.0000
 ------------------------------------------------------------------------------


 NSTEP =      343   TIME(PS) =       0.343  TEMP(K) =   180.94  PRESS =     0.0
 Etot   =  -4036981.7227  EKtot   =      4417.6456  EPtot      =  -4041399.3683
 BOND   =         0.0000  ANGLE   =         0.0000  DIHED      =         0.0000
 1-4 NB =         0.0000  1-4 EEL =         0.0000  VDWAALS    =      7873.3379
 EELEC  =  -4049272.7062  EHBOND  =         0.0000  RESTRAINT  =         0.0000
 ------------------------------------------------------------------------------


 NSTEP =      344   TIME(PS) =       0.344  TEMP(K) =   181.14  PRESS =     0.0
 Etot   =  -4036981.7337  EKtot   =      4422.6605  EPtot      =  -4041404.3942
 BOND   =         0.0000  ANGLE   =         0.0000  DIHED      =         0.0000
 1-4 NB =         0.0000  1-4 EEL =         0.0000  VDWAALS    =      7871.6975
 EELEC  =  -4049276.0916  EHBOND  =         0.0000  RESTRAINT  =         0.0000
 ------------------------------------------------------------------------------


 NSTEP =      345   TIME(PS) =       0.345  TEMP(K) =   181.33  PRESS =     0.0
 Etot   =  -4036981.7412  EKtot   =      4427.2447  EPtot      =  -4041408.9859
 BOND   =         0.0000  ANGLE   =         0.0000  DIHED      =         0.0000
 1-4 NB =         0.0000  1-4 EEL =         0.0000  VDWAALS    =      7869.6646
 EELEC  =  -4049278.6505  EHBOND  =         0.0000  RESTRAINT  =         0.0000
 ------------------------------------------------------------------------------


 NSTEP =      346   TIME(PS) =       0.346  TEMP(K) =   181.49  PRESS =     0.0
 Etot   =  -4036981.7457  EKtot   =      4431.2846  EPtot      =  -4041413.0303
 BOND   =         0.0000  ANGLE   =         0.0000  DIHED      =         0.0000
 1-4 NB =         0.0000  1-4 EEL =         0.0000  VDWAALS    =      7867.2471
 EELEC  =  -4049280.2774  EHBOND  =         0.0000  RESTRAINT  =         0.0000
 ------------------------------------------------------------------------------


 NSTEP =      347   TIME(PS) =       0.347  TEMP(K) =   181.63  PRESS =     0.0
 Etot   =  -4036981.7477  EKtot   =      4434.7152  EPtot      =  -4041416.4629
 BOND   =         0.0000  ANGLE   =         0.0000  DIHED      =         0.0000
 1-4 NB =         0.0000  1-4 EEL =         0.0000  VDWAALS    =      7864.4621
 EELEC  =  -4049280.9249  EHBOND  =         0.0000  RESTRAINT  =         0.0000
 ------------------------------------------------------------------------------


 NSTEP =      348   TIME(PS) =       0.348  TEMP(K) =   181.75  PRESS =     0.0
 Etot   =  -4036981.7466  EKtot   =      4437.5163  EPtot      =  -4041419.2629
 BOND   =         0.0000  ANGLE   =         0.0000  DIHED      =         0.0000
 1-4 NB =         0.0000  1-4 EEL =         0.0000  VDWAALS    =      7861.3353
 EELEC  =  -4049280.5982  EHBOND  =         0.0000  RESTRAINT  =         0.0000
 ------------------------------------------------------------------------------


 NSTEP =      349   TIME(PS) =       0.349  TEMP(K) =   181.84  PRESS =     0.0
 Etot   =  -4036981.7433  EKtot   =      4439.7063  EPtot      =  -4041421.4496
 BOND   =         0.0000  ANGLE   =         0.0000  DIHED      =         0.0000
 1-4 NB =         0.0000  1-4 EEL =         0.0000  VDWAALS    =      7857.9001
 EELEC  =  -4049279.3497  EHBOND  =         0.0000  RESTRAINT  =         0.0000
 ------------------------------------------------------------------------------


 NSTEP =      350   TIME(PS) =       0.350  TEMP(K) =   181.91  PRESS =     0.0
 Etot   =  -4036981.7388  EKtot   =      4441.3350  EPtot      =  -4041423.0738
 BOND   =         0.0000  ANGLE   =         0.0000  DIHED      =         0.0000
 1-4 NB =         0.0000  1-4 EEL =         0.0000  VDWAALS    =      7854.1959
 EELEC  =  -4049277.2697  EHBOND  =         0.0000  RESTRAINT  =         0.0000
 ------------------------------------------------------------------------------


 NSTEP =      351   TIME(PS) =       0.351  TEMP(K) =   181.95  PRESS =     0.0
 Etot   =  -4036981.7334  EKtot   =      4442.4777  EPtot      =  -4041424.2111
 BOND   =         0.0000  ANGLE   =         0.0000  DIHED      =         0.0000
 1-4 NB =         0.0000  1-4 EEL =         0.0000  VDWAALS    =      7850.2661
 EELEC  =  -4049274.4773  EHBOND  =         0.0000  RESTRAINT  =         0.0000
 ------------------------------------------------------------------------------


 NSTEP =      352   TIME(PS) =       0.352  TEMP(K) =   181.98  PRESS =     0.0
 Etot   =  -4036981.7257  EKtot   =      4443.2308  EPtot      =  -4041424.9565
 BOND   =         0.0000  ANGLE   =         0.0000  DIHED      =         0.0000
 1-4 NB =         0.0000  1-4 EEL =         0.0000  VDWAALS    =      7846.1572
 EELEC  =  -4049271.1137  EHBOND  =         0.0000  RESTRAINT  =         0.0000
 ------------------------------------------------------------------------------


 NSTEP =      353   TIME(PS) =       0.353  TEMP(K) =   182.00  PRESS =     0.0
 Etot   =  -4036981.7167  EKtot   =      4443.7106  EPtot      =  -4041425.4273
 BOND   =         0.0000  ANGLE   =         0.0000  DIHED      =         0.0000
 1-4 NB =         0.0000  1-4 EEL =         0.0000  VDWAALS    =      7841.9163
 EELEC  =  -4049267.3436  EHBOND  =         0.0000  RESTRAINT  =         0.0000
 ------------------------------------------------------------------------------


 NSTEP =      354   TIME(PS) =       0.354  TEMP(K) =   182.02  PRESS =     0.0
 Etot   =  -4036981.7071  EKtot   =      4444.0537  EPtot      =  -4041425.7608
 BOND   =         0.0000  ANGLE   =         0.0000  DIHED      =         0.0000
 1-4 NB =         0.0000  1-4 EEL =         0.0000  VDWAALS    =      7837.5904
 EELEC  =  -4049263.3512  EHBOND  =         0.0000  RESTRAINT  =         0.0000
 ------------------------------------------------------------------------------


 NSTEP =      355   TIME(PS) =       0.355  TEMP(K) =   182.03  PRESS =     0.0
 Etot   =  -4036981.6958  EKtot   =      4444.4177  EPtot      =  -4041426.1135
 BOND   =         0.0000  ANGLE   =         0.0000  DIHED      =         0.0000
 1-4 NB =         0.0000  1-4 EEL =         0.0000  VDWAALS    =      7833.2250
 EELEC  =  -4049259.3385  EHBOND  =         0.0000  RESTRAINT  =         0.0000
 ------------------------------------------------------------------------------


 NSTEP =      356   TIME(PS) =       0.356  TEMP(K) =   182.05  PRESS =     0.0
 Etot   =  -4036981.6830  EKtot   =      4444.9778  EPtot      =  -4041426.6608
 BOND   =         0.0000  ANGLE   =         0.0000  DIHED      =         0.0000
 1-4 NB =         0.0000  1-4 EEL =         0.0000  VDWAALS    =      7828.8632
 EELEC  =  -4049255.5240  EHBOND  =         0.0000  RESTRAINT  =         0.0000
 ------------------------------------------------------------------------------


 NSTEP =      357   TIME(PS) =       0.357  TEMP(K) =   182.09  PRESS =     0.0
 Etot   =  -4036981.6706  EKtot   =      4445.9195  EPtot      =  -4041427.5901
 BOND   =         0.0000  ANGLE   =         0.0000  DIHED      =         0.0000
 1-4 NB =         0.0000  1-4 EEL =         0.0000  VDWAALS    =      7824.5452
 EELEC  =  -4049252.1353  EHBOND  =         0.0000  RESTRAINT  =         0.0000
 ------------------------------------------------------------------------------


 NSTEP =      358   TIME(PS) =       0.358  TEMP(K) =   182.15  PRESS =     0.0
 Etot   =  -4036981.6603  EKtot   =      4447.4233  EPtot      =  -4041429.0835
 BOND   =         0.0000  ANGLE   =         0.0000  DIHED      =         0.0000
 1-4 NB =         0.0000  1-4 EEL =         0.0000  VDWAALS    =      7820.3081
 EELEC  =  -4049249.3916  EHBOND  =         0.0000  RESTRAINT  =         0.0000
 ------------------------------------------------------------------------------


 NSTEP =      359   TIME(PS) =       0.359  TEMP(K) =   182.25  PRESS =     0.0
 Etot   =  -4036981.6524  EKtot   =      4449.6457  EPtot      =  -4041431.2982
 BOND   =         0.0000  ANGLE   =         0.0000  DIHED      =         0.0000
 1-4 NB =         0.0000  1-4 EEL =         0.0000  VDWAALS    =      7816.1854
 EELEC  =  -4049247.4836  EHBOND  =         0.0000  RESTRAINT  =         0.0000
 ------------------------------------------------------------------------------


 NSTEP =      360   TIME(PS) =       0.360  TEMP(K) =   182.37  PRESS =     0.0
 Etot   =  -4036981.6485  EKtot   =      4452.6984  EPtot      =  -4041434.3469
 BOND   =         0.0000  ANGLE   =         0.0000  DIHED      =         0.0000
 1-4 NB =         0.0000  1-4 EEL =         0.0000  VDWAALS    =      7812.2074
 EELEC  =  -4049246.5543  EHBOND  =         0.0000  RESTRAINT  =         0.0000
 ------------------------------------------------------------------------------


 NSTEP =      361   TIME(PS) =       0.361  TEMP(K) =   182.53  PRESS =     0.0
 Etot   =  -4036981.6500  EKtot   =      4456.6297  EPtot      =  -4041438.2797
 BOND   =         0.0000  ANGLE   =         0.0000  DIHED      =         0.0000
 1-4 NB =         0.0000  1-4 EEL =         0.0000  VDWAALS    =      7808.4013
 EELEC  =  -4049246.6810  EHBOND  =         0.0000  RESTRAINT  =         0.0000
 ------------------------------------------------------------------------------


 NSTEP =      362   TIME(PS) =       0.362  TEMP(K) =   182.73  PRESS =     0.0
 Etot   =  -4036981.6572  EKtot   =      4461.4138  EPtot      =  -4041443.0710
 BOND   =         0.0000  ANGLE   =         0.0000  DIHED      =         0.0000
 1-4 NB =         0.0000  1-4 EEL =         0.0000  VDWAALS    =      7804.7910
 EELEC  =  -4049247.8620  EHBOND  =         0.0000  RESTRAINT  =         0.0000
 ------------------------------------------------------------------------------


 NSTEP =      363   TIME(PS) =       0.363  TEMP(K) =   182.95  PRESS =     0.0
 Etot   =  -4036981.6681  EKtot   =      4466.9499  EPtot      =  -4041448.6180
 BOND   =         0.0000  ANGLE   =         0.0000  DIHED      =         0.0000
 1-4 NB =         0.0000  1-4 EEL =         0.0000  VDWAALS    =      7801.3984
 EELEC  =  -4049250.0164  EHBOND  =         0.0000  RESTRAINT  =         0.0000
 ------------------------------------------------------------------------------


 NSTEP =      364   TIME(PS) =       0.364  TEMP(K) =   183.21  PRESS =     0.0
 Etot   =  -4036981.6819  EKtot   =      4473.0715  EPtot      =  -4041454.7534
 BOND   =         0.0000  ANGLE   =         0.0000  DIHED      =         0.0000
 1-4 NB =         0.0000  1-4 EEL =         0.0000  VDWAALS    =      7798.2435
 EELEC  =  -4049252.9969  EHBOND  =         0.0000  RESTRAINT  =         0.0000
 ------------------------------------------------------------------------------


 NSTEP =      365   TIME(PS) =       0.365  TEMP(K) =   183.47  PRESS =     0.0
 Etot   =  -4036981.6980  EKtot   =      4479.5639  EPtot      =  -4041461.2619
 BOND   =         0.0000  ANGLE   =         0.0000  DIHED      =         0.0000
 1-4 NB =         0.0000  1-4 EEL =         0.0000  VDWAALS    =      7795.3451
 EELEC  =  -4049256.6070  EHBOND  =         0.0000  RESTRAINT  =         0.0000
 ------------------------------------------------------------------------------


 NSTEP =      366   TIME(PS) =       0.366  TEMP(K) =   183.74  PRESS =     0.0
 Etot   =  -4036981.7144  EKtot   =      4486.1855  EPtot      =  -4041467.8999
 BOND   =         0.0000  ANGLE   =         0.0000  DIHED      =         0.0000
 1-4 NB =         0.0000  1-4 EEL =         0.0000  VDWAALS    =      7792.7216
 EELEC  =  -4049260.6215  EHBOND  =         0.0000  RESTRAINT  =         0.0000
 ------------------------------------------------------------------------------


 NSTEP =      367   TIME(PS) =       0.367  TEMP(K) =   184.01  PRESS =     0.0
 Etot   =  -4036981.7294  EKtot   =      4492.6876  EPtot      =  -4041474.4170
 BOND   =         0.0000  ANGLE   =         0.0000  DIHED      =         0.0000
 1-4 NB =         0.0000  1-4 EEL =         0.0000  VDWAALS    =      7790.3917
 EELEC  =  -4049264.8087  EHBOND  =         0.0000  RESTRAINT  =         0.0000
 ------------------------------------------------------------------------------


 NSTEP =      368   TIME(PS) =       0.368  TEMP(K) =   184.26  PRESS =     0.0
 Etot   =  -4036981.7432  EKtot   =      4498.8276  EPtot      =  -4041480.5708
 BOND   =         0.0000  ANGLE   =         0.0000  DIHED      =         0.0000
 1-4 NB =         0.0000  1-4 EEL =         0.0000  VDWAALS    =      7788.3746
 EELEC  =  -4049268.9454  EHBOND  =         0.0000  RESTRAINT  =         0.0000
 ------------------------------------------------------------------------------


 NSTEP =      369   TIME(PS) =       0.369  TEMP(K) =   184.49  PRESS =     0.0
 Etot   =  -4036981.7571  EKtot   =      4504.3758  EPtot      =  -4041486.1329
 BOND   =         0.0000  ANGLE   =         0.0000  DIHED      =         0.0000
 1-4 NB =         0.0000  1-4 EEL =         0.0000  VDWAALS    =      7786.6901
 EELEC  =  -4049272.8230  EHBOND  =         0.0000  RESTRAINT  =         0.0000
 ------------------------------------------------------------------------------


 NSTEP =      370   TIME(PS) =       0.370  TEMP(K) =   184.68  PRESS =     0.0
 Etot   =  -4036981.7707  EKtot   =      4509.1140  EPtot      =  -4041490.8847
 BOND   =         0.0000  ANGLE   =         0.0000  DIHED      =         0.0000
 1-4 NB =         0.0000  1-4 EEL =         0.0000  VDWAALS    =      7785.3580
 EELEC  =  -4049276.2427  EHBOND  =         0.0000  RESTRAINT  =         0.0000
 ------------------------------------------------------------------------------


 NSTEP =      371   TIME(PS) =       0.371  TEMP(K) =   184.83  PRESS =     0.0
 Etot   =  -4036981.7833  EKtot   =      4512.8323  EPtot      =  -4041494.6156
 BOND   =         0.0000  ANGLE   =         0.0000  DIHED      =         0.0000
 1-4 NB =         0.0000  1-4 EEL =         0.0000  VDWAALS    =      7784.3976
 EELEC  =  -4049279.0132  EHBOND  =         0.0000  RESTRAINT  =         0.0000
 ------------------------------------------------------------------------------


 NSTEP =      372   TIME(PS) =       0.372  TEMP(K) =   184.94  PRESS =     0.0
 Etot   =  -4036981.7956  EKtot   =      4515.3285  EPtot      =  -4041497.1241
 BOND   =         0.0000  ANGLE   =         0.0000  DIHED      =         0.0000
 1-4 NB =         0.0000  1-4 EEL =         0.0000  VDWAALS    =      7783.8263
 EELEC  =  -4049280.9503  EHBOND  =         0.0000  RESTRAINT  =         0.0000
 ------------------------------------------------------------------------------


 NSTEP =      373   TIME(PS) =       0.373  TEMP(K) =   184.98  PRESS =     0.0
 Etot   =  -4036981.8071  EKtot   =      4516.4145  EPtot      =  -4041498.2216
 BOND   =         0.0000  ANGLE   =         0.0000  DIHED      =         0.0000
 1-4 NB =         0.0000  1-4 EEL =         0.0000  VDWAALS    =      7783.6578
 EELEC  =  -4049281.8794  EHBOND  =         0.0000  RESTRAINT  =         0.0000
 ------------------------------------------------------------------------------


 NSTEP =      374   TIME(PS) =       0.374  TEMP(K) =   184.96  PRESS =     0.0
 Etot   =  -4036981.8148  EKtot   =      4515.9337  EPtot      =  -4041497.7485
 BOND   =         0.0000  ANGLE   =         0.0000  DIHED      =         0.0000
 1-4 NB =         0.0000  1-4 EEL =         0.0000  VDWAALS    =      7783.9011
 EELEC  =  -4049281.6496  EHBOND  =         0.0000  RESTRAINT  =         0.0000
 ------------------------------------------------------------------------------


 NSTEP =      375   TIME(PS) =       0.375  TEMP(K) =   184.87  PRESS =     0.0
 Etot   =  -4036981.8165  EKtot   =      4513.7845  EPtot      =  -4041495.6010
 BOND   =         0.0000  ANGLE   =         0.0000  DIHED      =         0.0000
 1-4 NB =         0.0000  1-4 EEL =         0.0000  VDWAALS    =      7784.5581
 EELEC  =  -4049280.1591  EHBOND  =         0.0000  RESTRAINT  =         0.0000
 ------------------------------------------------------------------------------


 NSTEP =      376   TIME(PS) =       0.376  TEMP(K) =   184.72  PRESS =     0.0
 Etot   =  -4036981.8116  EKtot   =      4509.9490  EPtot      =  -4041491.7606
 BOND   =         0.0000  ANGLE   =         0.0000  DIHED      =         0.0000
 1-4 NB =         0.0000  1-4 EEL =         0.0000  VDWAALS    =      7785.6226
 EELEC  =  -4049277.3833  EHBOND  =         0.0000  RESTRAINT  =         0.0000
 ------------------------------------------------------------------------------


 NSTEP =      377   TIME(PS) =       0.377  TEMP(K) =   184.49  PRESS =     0.0
 Etot   =  -4036981.7987  EKtot   =      4504.5182  EPtot      =  -4041486.3169
 BOND   =         0.0000  ANGLE   =         0.0000  DIHED      =         0.0000
 1-4 NB =         0.0000  1-4 EEL =         0.0000  VDWAALS    =      7787.0798
 EELEC  =  -4049273.3968  EHBOND  =         0.0000  RESTRAINT  =         0.0000
 ------------------------------------------------------------------------------


 NSTEP =      378   TIME(PS) =       0.378  TEMP(K) =   184.21  PRESS =     0.0
 Etot   =  -4036981.7767  EKtot   =      4497.7083  EPtot      =  -4041479.4849
 BOND   =         0.0000  ANGLE   =         0.0000  DIHED      =         0.0000
 1-4 NB =         0.0000  1-4 EEL =         0.0000  VDWAALS    =      7788.9053
 EELEC  =  -4049268.3903  EHBOND  =         0.0000  RESTRAINT  =         0.0000
 ------------------------------------------------------------------------------


 NSTEP =      379   TIME(PS) =       0.379  TEMP(K) =   183.89  PRESS =     0.0
 Etot   =  -4036981.7467  EKtot   =      4489.8630  EPtot      =  -4041471.6096
 BOND   =         0.0000  ANGLE   =         0.0000  DIHED      =         0.0000
 1-4 NB =         0.0000  1-4 EEL =         0.0000  VDWAALS    =      7791.0660
 EELEC  =  -4049262.6756  EHBOND  =         0.0000  RESTRAINT  =         0.0000
 ------------------------------------------------------------------------------


 NSTEP =      380   TIME(PS) =       0.380  TEMP(K) =   183.55  PRESS =     0.0
 Etot   =  -4036981.7116  EKtot   =      4481.4396  EPtot      =  -4041463.1512
 BOND   =         0.0000  ANGLE   =         0.0000  DIHED      =         0.0000
 1-4 NB =         0.0000  1-4 EEL =         0.0000  VDWAALS    =      7793.5208
 EELEC  =  -4049256.6720  EHBOND  =         0.0000  RESTRAINT  =         0.0000
 ------------------------------------------------------------------------------


 NSTEP =      381   TIME(PS) =       0.381  TEMP(K) =   183.20  PRESS =     0.0
 Etot   =  -4036981.6739  EKtot   =      4472.9792  EPtot      =  -4041454.6532
 BOND   =         0.0000  ANGLE   =         0.0000  DIHED      =         0.0000
 1-4 NB =         0.0000  1-4 EEL =         0.0000  VDWAALS    =      7796.2228
 EELEC  =  -4049250.8760  EHBOND  =         0.0000  RESTRAINT  =         0.0000
 ------------------------------------------------------------------------------


 NSTEP =      382   TIME(PS) =       0.382  TEMP(K) =   182.88  PRESS =     0.0
 Etot   =  -4036981.6363  EKtot   =      4465.0651  EPtot      =  -4041446.7014
 BOND   =         0.0000  ANGLE   =         0.0000  DIHED      =         0.0000
 1-4 NB =         0.0000  1-4 EEL =         0.0000  VDWAALS    =      7799.1211
 EELEC  =  -4049245.8225  EHBOND  =         0.0000  RESTRAINT  =         0.0000
 ------------------------------------------------------------------------------


 NSTEP =      383   TIME(PS) =       0.383  TEMP(K) =   182.60  PRESS =     0.0
 Etot   =  -4036981.6023  EKtot   =      4458.2736  EPtot      =  -4041439.8759
 BOND   =         0.0000  ANGLE   =         0.0000  DIHED      =         0.0000
 1-4 NB =         0.0000  1-4 EEL =         0.0000  VDWAALS    =      7802.1633
 EELEC  =  -4049242.0391  EHBOND  =         0.0000  RESTRAINT  =         0.0000
 ------------------------------------------------------------------------------


 NSTEP =      384   TIME(PS) =       0.384  TEMP(K) =   182.39  PRESS =     0.0
 Etot   =  -4036981.5761  EKtot   =      4453.1230  EPtot      =  -4041434.6991
 BOND   =         0.0000  ANGLE   =         0.0000  DIHED      =         0.0000
 1-4 NB =         0.0000  1-4 EEL =         0.0000  VDWAALS    =      7805.2981
 EELEC  =  -4049239.9972  EHBOND  =         0.0000  RESTRAINT  =         0.0000
 ------------------------------------------------------------------------------


 NSTEP =      385   TIME(PS) =       0.385  TEMP(K) =   182.26  PRESS =     0.0
 Etot   =  -4036981.5579  EKtot   =      4450.0274  EPtot      =  -4041431.5853
 BOND   =         0.0000  ANGLE   =         0.0000  DIHED      =         0.0000
 1-4 NB =         0.0000  1-4 EEL =         0.0000  VDWAALS    =      7808.4775
 EELEC  =  -4049240.0628  EHBOND  =         0.0000  RESTRAINT  =         0.0000
 ------------------------------------------------------------------------------


 NSTEP =      386   TIME(PS) =       0.386  TEMP(K) =   182.23  PRESS =     0.0
 Etot   =  -4036981.5527  EKtot   =      4449.2571  EPtot      =  -4041430.8098
 BOND   =         0.0000  ANGLE   =         0.0000  DIHED      =         0.0000
 1-4 NB =         0.0000  1-4 EEL =         0.0000  VDWAALS    =      7811.6589
 EELEC  =  -4049242.4687  EHBOND  =         0.0000  RESTRAINT  =         0.0000
 ------------------------------------------------------------------------------


 NSTEP =      387   TIME(PS) =       0.387  TEMP(K) =   182.30  PRESS =     0.0
 Etot   =  -4036981.5593  EKtot   =      4450.9122  EPtot      =  -4041432.4715
 BOND   =         0.0000  ANGLE   =         0.0000  DIHED      =         0.0000
 1-4 NB =         0.0000  1-4 EEL =         0.0000  VDWAALS    =      7814.8065
 EELEC  =  -4049247.2780  EHBOND  =         0.0000  RESTRAINT  =         0.0000
 ------------------------------------------------------------------------------


 NSTEP =      388   TIME(PS) =       0.388  TEMP(K) =   182.46  PRESS =     0.0
 Etot   =  -4036981.5763  EKtot   =      4454.9107  EPtot      =  -4041436.4871
 BOND   =         0.0000  ANGLE   =         0.0000  DIHED      =         0.0000
 1-4 NB =         0.0000  1-4 EEL =         0.0000  VDWAALS    =      7817.8922
 EELEC  =  -4049254.3793  EHBOND  =         0.0000  RESTRAINT  =         0.0000
 ------------------------------------------------------------------------------


 NSTEP =      389   TIME(PS) =       0.389  TEMP(K) =   182.71  PRESS =     0.0
 Etot   =  -4036981.6044  EKtot   =      4460.9929  EPtot      =  -4041442.5972
 BOND   =         0.0000  ANGLE   =         0.0000  DIHED      =         0.0000
 1-4 NB =         0.0000  1-4 EEL =         0.0000  VDWAALS    =      7820.8961
 EELEC  =  -4049263.4933  EHBOND  =         0.0000  RESTRAINT  =         0.0000
 ------------------------------------------------------------------------------


 NSTEP =      390   TIME(PS) =       0.390  TEMP(K) =   183.03  PRESS =     0.0
 Etot   =  -4036981.6415  EKtot   =      4468.7409  EPtot      =  -4041450.3824
 BOND   =         0.0000  ANGLE   =         0.0000  DIHED      =         0.0000
 1-4 NB =         0.0000  1-4 EEL =         0.0000  VDWAALS    =      7823.8064
 EELEC  =  -4049274.1888  EHBOND  =         0.0000  RESTRAINT  =         0.0000
 ------------------------------------------------------------------------------


 NSTEP =      391   TIME(PS) =       0.391  TEMP(K) =   183.39  PRESS =     0.0
 Etot   =  -4036981.6834  EKtot   =      4477.6137  EPtot      =  -4041459.2971
 BOND   =         0.0000  ANGLE   =         0.0000  DIHED      =         0.0000
 1-4 NB =         0.0000  1-4 EEL =         0.0000  VDWAALS    =      7826.6189
 EELEC  =  -4049285.9160  EHBOND  =         0.0000  RESTRAINT  =         0.0000
 ------------------------------------------------------------------------------


 NSTEP =      392   TIME(PS) =       0.392  TEMP(K) =   183.78  PRESS =     0.0
 Etot   =  -4036981.7268  EKtot   =      4486.9915  EPtot      =  -4041468.7183
 BOND   =         0.0000  ANGLE   =         0.0000  DIHED      =         0.0000
 1-4 NB =         0.0000  1-4 EEL =         0.0000  VDWAALS    =      7829.3362
 EELEC  =  -4049298.0546  EHBOND  =         0.0000  RESTRAINT  =         0.0000
 ------------------------------------------------------------------------------


 NSTEP =      393   TIME(PS) =       0.393  TEMP(K) =   184.15  PRESS =     0.0
 Etot   =  -4036981.7691  EKtot   =      4496.2290  EPtot      =  -4041477.9980
 BOND   =         0.0000  ANGLE   =         0.0000  DIHED      =         0.0000
 1-4 NB =         0.0000  1-4 EEL =         0.0000  VDWAALS    =      7831.9671
 EELEC  =  -4049309.9651  EHBOND  =         0.0000  RESTRAINT  =         0.0000
 ------------------------------------------------------------------------------


 NSTEP =      394   TIME(PS) =       0.394  TEMP(K) =   184.50  PRESS =     0.0
 Etot   =  -4036981.8063  EKtot   =      4504.7092  EPtot      =  -4041486.5155
 BOND   =         0.0000  ANGLE   =         0.0000  DIHED      =         0.0000
 1-4 NB =         0.0000  1-4 EEL =         0.0000  VDWAALS    =      7834.5247
 EELEC  =  -4049321.0402  EHBOND  =         0.0000  RESTRAINT  =         0.0000
 ------------------------------------------------------------------------------


 NSTEP =      395   TIME(PS) =       0.395  TEMP(K) =   184.80  PRESS =     0.0
 Etot   =  -4036981.8352  EKtot   =      4511.8948  EPtot      =  -4041493.7301
 BOND   =         0.0000  ANGLE   =         0.0000  DIHED      =         0.0000
 1-4 NB =         0.0000  1-4 EEL =         0.0000  VDWAALS    =      7837.0262
 EELEC  =  -4049330.7563  EHBOND  =         0.0000  RESTRAINT  =         0.0000
 ------------------------------------------------------------------------------


 NSTEP =      396   TIME(PS) =       0.396  TEMP(K) =   185.02  PRESS =     0.0
 Etot   =  -4036981.8540  EKtot   =      4517.3712  EPtot      =  -4041499.2251
 BOND   =         0.0000  ANGLE   =         0.0000  DIHED      =         0.0000
 1-4 NB =         0.0000  1-4 EEL =         0.0000  VDWAALS    =      7839.4914
 EELEC  =  -4049338.7166  EHBOND  =         0.0000  RESTRAINT  =         0.0000
 ------------------------------------------------------------------------------


 NSTEP =      397   TIME(PS) =       0.397  TEMP(K) =   185.16  PRESS =     0.0
 Etot   =  -4036981.8619  EKtot   =      4520.8764  EPtot      =  -4041502.7383
 BOND   =         0.0000  ANGLE   =         0.0000  DIHED      =         0.0000
 1-4 NB =         0.0000  1-4 EEL =         0.0000  VDWAALS    =      7841.9417
 EELEC  =  -4049344.6800  EHBOND  =         0.0000  RESTRAINT  =         0.0000
 ------------------------------------------------------------------------------


 NSTEP =      398   TIME(PS) =       0.398  TEMP(K) =   185.22  PRESS =     0.0
 Etot   =  -4036981.8586  EKtot   =      4522.3162  EPtot      =  -4041504.1748
 BOND   =         0.0000  ANGLE   =         0.0000  DIHED      =         0.0000
 1-4 NB =         0.0000  1-4 EEL =         0.0000  VDWAALS    =      7844.3992
 EELEC  =  -4049348.5740  EHBOND  =         0.0000  RESTRAINT  =         0.0000
 ------------------------------------------------------------------------------


 NSTEP =      399   TIME(PS) =       0.399  TEMP(K) =   185.20  PRESS =     0.0
 Etot   =  -4036981.8452  EKtot   =      4521.7621  EPtot      =  -4041503.6073
 BOND   =         0.0000  ANGLE   =         0.0000  DIHED      =         0.0000
 1-4 NB =         0.0000  1-4 EEL =         0.0000  VDWAALS    =      7846.8857
 EELEC  =  -4049350.4930  EHBOND  =         0.0000  RESTRAINT  =         0.0000
 ------------------------------------------------------------------------------


 NSTEP =      400   TIME(PS) =       0.400  TEMP(K) =   185.10  PRESS =     0.0
 Etot   =  -4036981.8241  EKtot   =      4519.4334  EPtot      =  -4041501.2576
 BOND   =         0.0000  ANGLE   =         0.0000  DIHED      =         0.0000
 1-4 NB =         0.0000  1-4 EEL =         0.0000  VDWAALS    =      7849.4221
 EELEC  =  -4049350.6797  EHBOND  =         0.0000  RESTRAINT  =         0.0000
 ------------------------------------------------------------------------------


 NSTEP =      401   TIME(PS) =       0.401  TEMP(K) =   184.95  PRESS =     0.0
 Etot   =  -4036981.7978  EKtot   =      4515.6669  EPtot      =  -4041497.4647
 BOND   =         0.0000  ANGLE   =         0.0000  DIHED      =         0.0000
 1-4 NB =         0.0000  1-4 EEL =         0.0000  VDWAALS    =      7852.0276
 EELEC  =  -4049349.4923  EHBOND  =         0.0000  RESTRAINT  =         0.0000
 ------------------------------------------------------------------------------


 NSTEP =      402   TIME(PS) =       0.402  TEMP(K) =   184.75  PRESS =     0.0
 Etot   =  -4036981.7692  EKtot   =      4510.8767  EPtot      =  -4041492.6459
 BOND   =         0.0000  ANGLE   =         0.0000  DIHED      =         0.0000
 1-4 NB =         0.0000  1-4 EEL =         0.0000  VDWAALS    =      7854.7185
 EELEC  =  -4049347.3644  EHBOND  =         0.0000  RESTRAINT  =         0.0000
 ------------------------------------------------------------------------------


 NSTEP =      403   TIME(PS) =       0.403  TEMP(K) =   184.53  PRESS =     0.0
 Etot   =  -4036981.7412  EKtot   =      4505.5104  EPtot      =  -4041487.2516
 BOND   =         0.0000  ANGLE   =         0.0000  DIHED      =         0.0000
 1-4 NB =         0.0000  1-4 EEL =         0.0000  VDWAALS    =      7857.5079
 EELEC  =  -4049344.7595  EHBOND  =         0.0000  RESTRAINT  =         0.0000
 ------------------------------------------------------------------------------


 NSTEP =      404   TIME(PS) =       0.404  TEMP(K) =   184.31  PRESS =     0.0
 Etot   =  -4036981.7165  EKtot   =      4500.0044  EPtot      =  -4041481.7210
 BOND   =         0.0000  ANGLE   =         0.0000  DIHED      =         0.0000
 1-4 NB =         0.0000  1-4 EEL =         0.0000  VDWAALS    =      7860.4049
 EELEC  =  -4049342.1259  EHBOND  =         0.0000  RESTRAINT  =         0.0000
 ------------------------------------------------------------------------------


 NSTEP =      405   TIME(PS) =       0.405  TEMP(K) =   184.09  PRESS =     0.0
 Etot   =  -4036981.6971  EKtot   =      4494.7455  EPtot      =  -4041476.4426
 BOND   =         0.0000  ANGLE   =         0.0000  DIHED      =         0.0000
 1-4 NB =         0.0000  1-4 EEL =         0.0000  VDWAALS    =      7863.4137
 EELEC  =  -4049339.8563  EHBOND  =         0.0000  RESTRAINT  =         0.0000
 ------------------------------------------------------------------------------


 NSTEP =      406   TIME(PS) =       0.406  TEMP(K) =   183.90  PRESS =     0.0
 Etot   =  -4036981.6840  EKtot   =      4490.0398  EPtot      =  -4041471.7238
 BOND   =         0.0000  ANGLE   =         0.0000  DIHED      =         0.0000
 1-4 NB =         0.0000  1-4 EEL =         0.0000  VDWAALS    =      7866.5334
 EELEC  =  -4049338.2572  EHBOND  =         0.0000  RESTRAINT  =         0.0000
 ------------------------------------------------------------------------------


 NSTEP =      407   TIME(PS) =       0.407  TEMP(K) =   183.74  PRESS =     0.0
 Etot   =  -4036981.6780  EKtot   =      4486.0931  EPtot      =  -4041467.7711
 BOND   =         0.0000  ANGLE   =         0.0000  DIHED      =         0.0000
 1-4 NB =         0.0000  1-4 EEL =         0.0000  VDWAALS    =      7869.7572
 EELEC  =  -4049337.5283  EHBOND  =         0.0000  RESTRAINT  =         0.0000
 ------------------------------------------------------------------------------


 NSTEP =      408   TIME(PS) =       0.408  TEMP(K) =   183.61  PRESS =     0.0
 Etot   =  -4036981.6789  EKtot   =      4483.0046  EPtot      =  -4041464.6835
 BOND   =         0.0000  ANGLE   =         0.0000  DIHED      =         0.0000
 1-4 NB =         0.0000  1-4 EEL =         0.0000  VDWAALS    =      7873.0728
 EELEC  =  -4049337.7563  EHBOND  =         0.0000  RESTRAINT  =         0.0000
 ------------------------------------------------------------------------------


 NSTEP =      409   TIME(PS) =       0.409  TEMP(K) =   183.52  PRESS =     0.0
 Etot   =  -4036981.6842  EKtot   =      4480.7716  EPtot      =  -4041462.4558
 BOND   =         0.0000  ANGLE   =         0.0000  DIHED      =         0.0000
 1-4 NB =         0.0000  1-4 EEL =         0.0000  VDWAALS    =      7876.4620
 EELEC  =  -4049338.9178  EHBOND  =         0.0000  RESTRAINT  =         0.0000
 ------------------------------------------------------------------------------


 NSTEP =      410   TIME(PS) =       0.410  TEMP(K) =   183.46  PRESS =     0.0
 Etot   =  -4036981.6939  EKtot   =      4479.3061  EPtot      =  -4041461.0000
 BOND   =         0.0000  ANGLE   =         0.0000  DIHED      =         0.0000
 1-4 NB =         0.0000  1-4 EEL =         0.0000  VDWAALS    =      7879.9013
 EELEC  =  -4049340.9013  EHBOND  =         0.0000  RESTRAINT  =         0.0000
 ------------------------------------------------------------------------------


 NSTEP =      411   TIME(PS) =       0.411  TEMP(K) =   183.43  PRESS =     0.0
 Etot   =  -4036981.7060  EKtot   =      4478.4577  EPtot      =  -4041460.1637
 BOND   =         0.0000  ANGLE   =         0.0000  DIHED      =         0.0000
 1-4 NB =         0.0000  1-4 EEL =         0.0000  VDWAALS    =      7883.3625
 EELEC  =  -4049343.5262  EHBOND  =         0.0000  RESTRAINT  =         0.0000
 ------------------------------------------------------------------------------


 NSTEP =      412   TIME(PS) =       0.412  TEMP(K) =   183.41  PRESS =     0.0
 Etot   =  -4036981.7177  EKtot   =      4478.0402  EPtot      =  -4041459.7578
 BOND   =         0.0000  ANGLE   =         0.0000  DIHED      =         0.0000
 1-4 NB =         0.0000  1-4 EEL =         0.0000  VDWAALS    =      7886.8139
 EELEC  =  -4049346.5718  EHBOND  =         0.0000  RESTRAINT  =         0.0000
 ------------------------------------------------------------------------------


 NSTEP =      413   TIME(PS) =       0.413  TEMP(K) =   183.40  PRESS =     0.0
 Etot   =  -4036981.7284  EKtot   =      4477.8573  EPtot      =  -4041459.5857
 BOND   =         0.0000  ANGLE   =         0.0000  DIHED      =         0.0000
 1-4 NB =         0.0000  1-4 EEL =         0.0000  VDWAALS    =      7890.2218
 EELEC  =  -4049349.8076  EHBOND  =         0.0000  RESTRAINT  =         0.0000
 ------------------------------------------------------------------------------


 NSTEP =      414   TIME(PS) =       0.414  TEMP(K) =   183.40  PRESS =     0.0
 Etot   =  -4036981.7379  EKtot   =      4477.7242  EPtot      =  -4041459.4621
 BOND   =         0.0000  ANGLE   =         0.0000  DIHED      =         0.0000
 1-4 NB =         0.0000  1-4 EEL =         0.0000  VDWAALS    =      7893.5518
 EELEC  =  -4049353.0140  EHBOND  =         0.0000  RESTRAINT  =         0.0000
 ------------------------------------------------------------------------------


 NSTEP =      415   TIME(PS) =       0.415  TEMP(K) =   183.39  PRESS =     0.0
 Etot   =  -4036981.7447  EKtot   =      4477.4837  EPtot      =  -4041459.2284
 BOND   =         0.0000  ANGLE   =         0.0000  DIHED      =         0.0000
 1-4 NB =         0.0000  1-4 EEL =         0.0000  VDWAALS    =      7896.7709
 EELEC  =  -4049355.9993  EHBOND  =         0.0000  RESTRAINT  =         0.0000
 ------------------------------------------------------------------------------


 NSTEP =      416   TIME(PS) =       0.416  TEMP(K) =   183.37  PRESS =     0.0
 Etot   =  -4036981.7486  EKtot   =      4477.0167  EPtot      =  -4041458.7653
 BOND   =         0.0000  ANGLE   =         0.0000  DIHED      =         0.0000
 1-4 NB =         0.0000  1-4 EEL =         0.0000  VDWAALS    =      7899.8490
 EELEC  =  -4049358.6143  EHBOND  =         0.0000  RESTRAINT  =         0.0000
 ------------------------------------------------------------------------------


 NSTEP =      417   TIME(PS) =       0.417  TEMP(K) =   183.34  PRESS =     0.0
 Etot   =  -4036981.7504  EKtot   =      4476.2488  EPtot      =  -4041457.9993
 BOND   =         0.0000  ANGLE   =         0.0000  DIHED      =         0.0000
 1-4 NB =         0.0000  1-4 EEL =         0.0000  VDWAALS    =      7902.7614
 EELEC  =  -4049360.7606  EHBOND  =         0.0000  RESTRAINT  =         0.0000
 ------------------------------------------------------------------------------


 NSTEP =      418   TIME(PS) =       0.418  TEMP(K) =   183.29  PRESS =     0.0
 Etot   =  -4036981.7488  EKtot   =      4475.1545  EPtot      =  -4041456.9033
 BOND   =         0.0000  ANGLE   =         0.0000  DIHED      =         0.0000
 1-4 NB =         0.0000  1-4 EEL =         0.0000  VDWAALS    =      7905.4895
 EELEC  =  -4049362.3928  EHBOND  =         0.0000  RESTRAINT  =         0.0000
 ------------------------------------------------------------------------------


 NSTEP =      419   TIME(PS) =       0.419  TEMP(K) =   183.23  PRESS =     0.0
 Etot   =  -4036981.7437  EKtot   =      4473.7585  EPtot      =  -4041455.5023
 BOND   =         0.0000  ANGLE   =         0.0000  DIHED      =         0.0000
 1-4 NB =         0.0000  1-4 EEL =         0.0000  VDWAALS    =      7908.0227
 EELEC  =  -4049363.5249  EHBOND  =         0.0000  RESTRAINT  =         0.0000
 ------------------------------------------------------------------------------


 NSTEP =      420   TIME(PS) =       0.420  TEMP(K) =   183.17  PRESS =     0.0
 Etot   =  -4036981.7371  EKtot   =      4472.1364  EPtot      =  -4041453.8735
 BOND   =         0.0000  ANGLE   =         0.0000  DIHED      =         0.0000
 1-4 NB =         0.0000  1-4 EEL =         0.0000  VDWAALS    =      7910.3586
 EELEC  =  -4049364.2321  EHBOND  =         0.0000  RESTRAINT  =         0.0000
 ------------------------------------------------------------------------------


 NSTEP =      421   TIME(PS) =       0.421  TEMP(K) =   183.10  PRESS =     0.0
 Etot   =  -4036981.7276  EKtot   =      4470.4105  EPtot      =  -4041452.1380
 BOND   =         0.0000  ANGLE   =         0.0000  DIHED      =         0.0000
 1-4 NB =         0.0000  1-4 EEL =         0.0000  VDWAALS    =      7912.5037
 EELEC  =  -4049364.6418  EHBOND  =         0.0000  RESTRAINT  =         0.0000
 ------------------------------------------------------------------------------


 NSTEP =      422   TIME(PS) =       0.422  TEMP(K) =   183.03  PRESS =     0.0
 Etot   =  -4036981.7153  EKtot   =      4468.7420  EPtot      =  -4041450.4573
 BOND   =         0.0000  ANGLE   =         0.0000  DIHED      =         0.0000
 1-4 NB =         0.0000  1-4 EEL =         0.0000  VDWAALS    =      7914.4730
 EELEC  =  -4049364.9303  EHBOND  =         0.0000  RESTRAINT  =         0.0000
 ------------------------------------------------------------------------------


 NSTEP =      423   TIME(PS) =       0.423  TEMP(K) =   182.97  PRESS =     0.0
 Etot   =  -4036981.7032  EKtot   =      4467.3173  EPtot      =  -4041449.0205
 BOND   =         0.0000  ANGLE   =         0.0000  DIHED      =         0.0000
 1-4 NB =         0.0000  1-4 EEL =         0.0000  VDWAALS    =      7916.2890
 EELEC  =  -4049365.3095  EHBOND  =         0.0000  RESTRAINT  =         0.0000
 ------------------------------------------------------------------------------


 NSTEP =      424   TIME(PS) =       0.424  TEMP(K) =   182.93  PRESS =     0.0
 Etot   =  -4036981.6932  EKtot   =      4466.3276  EPtot      =  -4041448.0208
 BOND   =         0.0000  ANGLE   =         0.0000  DIHED      =         0.0000
 1-4 NB =         0.0000  1-4 EEL =         0.0000  VDWAALS    =      7917.9814
 EELEC  =  -4049366.0022  EHBOND  =         0.0000  RESTRAINT  =         0.0000
 ------------------------------------------------------------------------------


 NSTEP =      425   TIME(PS) =       0.425  TEMP(K) =   182.91  PRESS =     0.0
 Etot   =  -4036981.6852  EKtot   =      4465.9443  EPtot      =  -4041447.6296
 BOND   =         0.0000  ANGLE   =         0.0000  DIHED      =         0.0000
 1-4 NB =         0.0000  1-4 EEL =         0.0000  VDWAALS    =      7919.5850
 EELEC  =  -4049367.2146  EHBOND  =         0.0000  RESTRAINT  =         0.0000
 ------------------------------------------------------------------------------


 NSTEP =      426   TIME(PS) =       0.426  TEMP(K) =   182.93  PRESS =     0.0
 Etot   =  -4036981.6817  EKtot   =      4466.2931  EPtot      =  -4041447.9749
 BOND   =         0.0000  ANGLE   =         0.0000  DIHED      =         0.0000
 1-4 NB =         0.0000  1-4 EEL =         0.0000  VDWAALS    =      7921.1387
 EELEC  =  -4049369.1136  EHBOND  =         0.0000  RESTRAINT  =         0.0000
 ------------------------------------------------------------------------------


 NSTEP =      427   TIME(PS) =       0.427  TEMP(K) =   182.97  PRESS =     0.0
 Etot   =  -4036981.6848  EKtot   =      4467.4297  EPtot      =  -4041449.1144
 BOND   =         0.0000  ANGLE   =         0.0000  DIHED      =         0.0000
 1-4 NB =         0.0000  1-4 EEL =         0.0000  VDWAALS    =      7922.6835
 EELEC  =  -4049371.7980  EHBOND  =         0.0000  RESTRAINT  =         0.0000
 ------------------------------------------------------------------------------


 NSTEP =      428   TIME(PS) =       0.428  TEMP(K) =   183.05  PRESS =     0.0
 Etot   =  -4036981.6942  EKtot   =      4469.3224  EPtot      =  -4041451.0165
 BOND   =         0.0000  ANGLE   =         0.0000  DIHED      =         0.0000
 1-4 NB =         0.0000  1-4 EEL =         0.0000  VDWAALS    =      7924.2611
 EELEC  =  -4049375.2776  EHBOND  =         0.0000  RESTRAINT  =         0.0000
 ------------------------------------------------------------------------------


 NSTEP =      429   TIME(PS) =       0.429  TEMP(K) =   183.16  PRESS =     0.0
 Etot   =  -4036981.7092  EKtot   =      4471.8457  EPtot      =  -4041453.5548
 BOND   =         0.0000  ANGLE   =         0.0000  DIHED      =         0.0000
 1-4 NB =         0.0000  1-4 EEL =         0.0000  VDWAALS    =      7925.9120
 EELEC  =  -4049379.4669  EHBOND  =         0.0000  RESTRAINT  =         0.0000
 ------------------------------------------------------------------------------


 NSTEP =      430   TIME(PS) =       0.430  TEMP(K) =   183.28  PRESS =     0.0
 Etot   =  -4036981.7292  EKtot   =      4474.7850  EPtot      =  -4041456.5141
 BOND   =         0.0000  ANGLE   =         0.0000  DIHED      =         0.0000
 1-4 NB =         0.0000  1-4 EEL =         0.0000  VDWAALS    =      7927.6745
 EELEC  =  -4049384.1887  EHBOND  =         0.0000  RESTRAINT  =         0.0000
 ------------------------------------------------------------------------------


 NSTEP =      431   TIME(PS) =       0.431  TEMP(K) =   183.40  PRESS =     0.0
 Etot   =  -4036981.7527  EKtot   =      4477.8535  EPtot      =  -4041459.6062
 BOND   =         0.0000  ANGLE   =         0.0000  DIHED      =         0.0000
 1-4 NB =         0.0000  1-4 EEL =         0.0000  VDWAALS    =      7929.5829
 EELEC  =  -4049389.1891  EHBOND  =         0.0000  RESTRAINT  =         0.0000
 ------------------------------------------------------------------------------


 NSTEP =      432   TIME(PS) =       0.432  TEMP(K) =   183.52  PRESS =     0.0
 Etot   =  -4036981.7766  EKtot   =      4480.7204  EPtot      =  -4041462.4970
 BOND   =         0.0000  ANGLE   =         0.0000  DIHED      =         0.0000
 1-4 NB =         0.0000  1-4 EEL =         0.0000  VDWAALS    =      7931.6665
 EELEC  =  -4049394.1635  EHBOND  =         0.0000  RESTRAINT  =         0.0000
 ------------------------------------------------------------------------------


 NSTEP =      433   TIME(PS) =       0.433  TEMP(K) =   183.61  PRESS =     0.0
 Etot   =  -4036981.7983  EKtot   =      4483.0456  EPtot      =  -4041464.8439
 BOND   =         0.0000  ANGLE   =         0.0000  DIHED      =         0.0000
 1-4 NB =         0.0000  1-4 EEL =         0.0000  VDWAALS    =      7933.9489
 EELEC  =  -4049398.7927  EHBOND  =         0.0000  RESTRAINT  =         0.0000
 ------------------------------------------------------------------------------


 NSTEP =      434   TIME(PS) =       0.434  TEMP(K) =   183.67  PRESS =     0.0
 Etot   =  -4036981.8159  EKtot   =      4484.5181  EPtot      =  -4041466.3340
 BOND   =         0.0000  ANGLE   =         0.0000  DIHED      =         0.0000
 1-4 NB =         0.0000  1-4 EEL =         0.0000  VDWAALS    =      7936.4465
 EELEC  =  -4049402.7805  EHBOND  =         0.0000  RESTRAINT  =         0.0000
 ------------------------------------------------------------------------------


 NSTEP =      435   TIME(PS) =       0.435  TEMP(K) =   183.69  PRESS =     0.0
 Etot   =  -4036981.8273  EKtot   =      4484.8920  EPtot      =  -4041466.7192
 BOND   =         0.0000  ANGLE   =         0.0000  DIHED      =         0.0000
 1-4 NB =         0.0000  1-4 EEL =         0.0000  VDWAALS    =      7939.1685
 EELEC  =  -4049405.8877  EHBOND  =         0.0000  RESTRAINT  =         0.0000
 ------------------------------------------------------------------------------


 NSTEP =      436   TIME(PS) =       0.436  TEMP(K) =   183.65  PRESS =     0.0
 Etot   =  -4036981.8309  EKtot   =      4484.0136  EPtot      =  -4041465.8445
 BOND   =         0.0000  ANGLE   =         0.0000  DIHED      =         0.0000
 1-4 NB =         0.0000  1-4 EEL =         0.0000  VDWAALS    =      7942.1157
 EELEC  =  -4049407.9602  EHBOND  =         0.0000  RESTRAINT  =         0.0000
 ------------------------------------------------------------------------------


 NSTEP =      437   TIME(PS) =       0.437  TEMP(K) =   183.56  PRESS =     0.0
 Etot   =  -4036981.8270  EKtot   =      4481.8385  EPtot      =  -4041463.6654
 BOND   =         0.0000  ANGLE   =         0.0000  DIHED      =         0.0000
 1-4 NB =         0.0000  1-4 EEL =         0.0000  VDWAALS    =      7945.2804
 EELEC  =  -4049408.9458  EHBOND  =         0.0000  RESTRAINT  =         0.0000
 ------------------------------------------------------------------------------


 NSTEP =      438   TIME(PS) =       0.438  TEMP(K) =   183.42  PRESS =     0.0
 Etot   =  -4036981.8165  EKtot   =      4478.4324  EPtot      =  -4041460.2489
 BOND   =         0.0000  ANGLE   =         0.0000  DIHED      =         0.0000
 1-4 NB =         0.0000  1-4 EEL =         0.0000  VDWAALS    =      7948.6461
 EELEC  =  -4049408.8951  EHBOND  =         0.0000  RESTRAINT  =         0.0000
 ------------------------------------------------------------------------------


 NSTEP =      439   TIME(PS) =       0.439  TEMP(K) =   183.24  PRESS =     0.0
 Etot   =  -4036981.8011  EKtot   =      4473.9589  EPtot      =  -4041455.7600
 BOND   =         0.0000  ANGLE   =         0.0000  DIHED      =         0.0000
 1-4 NB =         0.0000  1-4 EEL =         0.0000  VDWAALS    =      7952.1875
 EELEC  =  -4049407.9476  EHBOND  =         0.0000  RESTRAINT  =         0.0000
 ------------------------------------------------------------------------------


 NSTEP =      440   TIME(PS) =       0.440  TEMP(K) =   183.02  PRESS =     0.0
 Etot   =  -4036981.7827  EKtot   =      4468.6543  EPtot      =  -4041450.4370
 BOND   =         0.0000  ANGLE   =         0.0000  DIHED      =         0.0000
 1-4 NB =         0.0000  1-4 EEL =         0.0000  VDWAALS    =      7955.8708
 EELEC  =  -4049406.3078  EHBOND  =         0.0000  RESTRAINT  =         0.0000
 ------------------------------------------------------------------------------


 NSTEP =      441   TIME(PS) =       0.441  TEMP(K) =   182.78  PRESS =     0.0
 Etot   =  -4036981.7639  EKtot   =      4462.7969  EPtot      =  -4041444.5608
 BOND   =         0.0000  ANGLE   =         0.0000  DIHED      =         0.0000
 1-4 NB =         0.0000  1-4 EEL =         0.0000  VDWAALS    =      7959.6540
 EELEC  =  -4049404.2147  EHBOND  =         0.0000  RESTRAINT  =         0.0000
 ------------------------------------------------------------------------------


 NSTEP =      442   TIME(PS) =       0.442  TEMP(K) =   182.53  PRESS =     0.0
 Etot   =  -4036981.7467  EKtot   =      4456.6737  EPtot      =  -4041438.4205
 BOND   =         0.0000  ANGLE   =         0.0000  DIHED      =         0.0000
 1-4 NB =         0.0000  1-4 EEL =         0.0000  VDWAALS    =      7963.4881
 EELEC  =  -4049401.9086  EHBOND  =         0.0000  RESTRAINT  =         0.0000
 ------------------------------------------------------------------------------


 NSTEP =      443   TIME(PS) =       0.443  TEMP(K) =   182.28  PRESS =     0.0
 Etot   =  -4036981.7324  EKtot   =      4450.5504  EPtot      =  -4041432.2827
 BOND   =         0.0000  ANGLE   =         0.0000  DIHED      =         0.0000
 1-4 NB =         0.0000  1-4 EEL =         0.0000  VDWAALS    =      7967.3182
 EELEC  =  -4049399.6010  EHBOND  =         0.0000  RESTRAINT  =         0.0000
 ------------------------------------------------------------------------------


 NSTEP =      444   TIME(PS) =       0.444  TEMP(K) =   182.04  PRESS =     0.0
 Etot   =  -4036981.7220  EKtot   =      4444.6475  EPtot      =  -4041426.3695
 BOND   =         0.0000  ANGLE   =         0.0000  DIHED      =         0.0000
 1-4 NB =         0.0000  1-4 EEL =         0.0000  VDWAALS    =      7971.0847
 EELEC  =  -4049397.4542  EHBOND  =         0.0000  RESTRAINT  =         0.0000
 ------------------------------------------------------------------------------


 NSTEP =      445   TIME(PS) =       0.445  TEMP(K) =   181.81  PRESS =     0.0
 Etot   =  -4036981.7162  EKtot   =      4439.1262  EPtot      =  -4041420.8424
 BOND   =         0.0000  ANGLE   =         0.0000  DIHED      =         0.0000
 1-4 NB =         0.0000  1-4 EEL =         0.0000  VDWAALS    =      7974.7248
 EELEC  =  -4049395.5672  EHBOND  =         0.0000  RESTRAINT  =         0.0000
 ------------------------------------------------------------------------------


 NSTEP =      446   TIME(PS) =       0.446  TEMP(K) =   181.61  PRESS =     0.0
 Etot   =  -4036981.7144  EKtot   =      4434.0817  EPtot      =  -4041415.7961
 BOND   =         0.0000  ANGLE   =         0.0000  DIHED      =         0.0000
 1-4 NB =         0.0000  1-4 EEL =         0.0000  VDWAALS    =      7978.1750
 EELEC  =  -4049393.9711  EHBOND  =         0.0000  RESTRAINT  =         0.0000
 ------------------------------------------------------------------------------


 NSTEP =      447   TIME(PS) =       0.447  TEMP(K) =   181.42  PRESS =     0.0
 Etot   =  -4036981.7159  EKtot   =      4429.5464  EPtot      =  -4041411.2622
 BOND   =         0.0000  ANGLE   =         0.0000  DIHED      =         0.0000
 1-4 NB =         0.0000  1-4 EEL =         0.0000  VDWAALS    =      7981.3726
 EELEC  =  -4049392.6348  EHBOND  =         0.0000  RESTRAINT  =         0.0000
 ------------------------------------------------------------------------------


 NSTEP =      448   TIME(PS) =       0.448  TEMP(K) =   181.26  PRESS =     0.0
 Etot   =  -4036981.7199  EKtot   =      4425.4998  EPtot      =  -4041407.2197
 BOND   =         0.0000  ANGLE   =         0.0000  DIHED      =         0.0000
 1-4 NB =         0.0000  1-4 EEL =         0.0000  VDWAALS    =      7984.2576
 EELEC  =  -4049391.4773  EHBOND  =         0.0000  RESTRAINT  =         0.0000
 ------------------------------------------------------------------------------


 NSTEP =      449   TIME(PS) =       0.449  TEMP(K) =   181.11  PRESS =     0.0
 Etot   =  -4036981.7251  EKtot   =      4421.8844  EPtot      =  -4041403.6095
 BOND   =         0.0000  ANGLE   =         0.0000  DIHED      =         0.0000
 1-4 NB =         0.0000  1-4 EEL =         0.0000  VDWAALS    =      7986.7750
 EELEC  =  -4049390.3845  EHBOND  =         0.0000  RESTRAINT  =         0.0000
 ------------------------------------------------------------------------------


 NSTEP =      450   TIME(PS) =       0.450  TEMP(K) =   180.98  PRESS =     0.0
 Etot   =  -4036981.7305  EKtot   =      4418.6249  EPtot      =  -4041400.3554
 BOND   =         0.0000  ANGLE   =         0.0000  DIHED      =         0.0000
 1-4 NB =         0.0000  1-4 EEL =         0.0000  VDWAALS    =      7988.8757
 EELEC  =  -4049389.2311  EHBOND  =         0.0000  RESTRAINT  =         0.0000
 ------------------------------------------------------------------------------


 NSTEP =      451   TIME(PS) =       0.451  TEMP(K) =   180.85  PRESS =     0.0
 Etot   =  -4036981.7335  EKtot   =      4415.6509  EPtot      =  -4041397.3844
 BOND   =         0.0000  ANGLE   =         0.0000  DIHED      =         0.0000
 1-4 NB =         0.0000  1-4 EEL =         0.0000  VDWAALS    =      7990.5179
 EELEC  =  -4049387.9023  EHBOND  =         0.0000  RESTRAINT  =         0.0000
 ------------------------------------------------------------------------------


 NSTEP =      452   TIME(PS) =       0.452  TEMP(K) =   180.74  PRESS =     0.0
 Etot   =  -4036981.7334  EKtot   =      4412.9190  EPtot      =  -4041394.6523
 BOND   =         0.0000  ANGLE   =         0.0000  DIHED      =         0.0000
 1-4 NB =         0.0000  1-4 EEL =         0.0000  VDWAALS    =      7991.6672
 EELEC  =  -4049386.3196  EHBOND  =         0.0000  RESTRAINT  =         0.0000
 ------------------------------------------------------------------------------


 NSTEP =      453   TIME(PS) =       0.453  TEMP(K) =   180.64  PRESS =     0.0
 Etot   =  -4036981.7297  EKtot   =      4410.4330  EPtot      =  -4041392.1627
 BOND   =         0.0000  ANGLE   =         0.0000  DIHED      =         0.0000
 1-4 NB =         0.0000  1-4 EEL =         0.0000  VDWAALS    =      7992.2964
 EELEC  =  -4049384.4591  EHBOND  =         0.0000  RESTRAINT  =         0.0000
 ------------------------------------------------------------------------------


 NSTEP =      454   TIME(PS) =       0.454  TEMP(K) =   180.55  PRESS =     0.0
 Etot   =  -4036981.7208  EKtot   =      4408.2620  EPtot      =  -4041389.9828
 BOND   =         0.0000  ANGLE   =         0.0000  DIHED      =         0.0000
 1-4 NB =         0.0000  1-4 EEL =         0.0000  VDWAALS    =      7992.3850
 EELEC  =  -4049382.3678  EHBOND  =         0.0000  RESTRAINT  =         0.0000
 ------------------------------------------------------------------------------


 NSTEP =      455   TIME(PS) =       0.455  TEMP(K) =   180.48  PRESS =     0.0
 Etot   =  -4036981.7062  EKtot   =      4406.5506  EPtot      =  -4041388.2568
 BOND   =         0.0000  ANGLE   =         0.0000  DIHED      =         0.0000
 1-4 NB =         0.0000  1-4 EEL =         0.0000  VDWAALS    =      7991.9180
 EELEC  =  -4049380.1747  EHBOND  =         0.0000  RESTRAINT  =         0.0000
 ------------------------------------------------------------------------------


 NSTEP =      456   TIME(PS) =       0.456  TEMP(K) =   180.44  PRESS =     0.0
 Etot   =  -4036981.6871  EKtot   =      4405.5212  EPtot      =  -4041387.2083
 BOND   =         0.0000  ANGLE   =         0.0000  DIHED      =         0.0000
 1-4 NB =         0.0000  1-4 EEL =         0.0000  VDWAALS    =      7990.8846
 EELEC  =  -4049378.0929  EHBOND  =         0.0000  RESTRAINT  =         0.0000
 ------------------------------------------------------------------------------


 NSTEP =      457   TIME(PS) =       0.457  TEMP(K) =   180.44  PRESS =     0.0
 Etot   =  -4036981.6654  EKtot   =      4405.4636  EPtot      =  -4041387.1290
 BOND   =         0.0000  ANGLE   =         0.0000  DIHED      =         0.0000
 1-4 NB =         0.0000  1-4 EEL =         0.0000  VDWAALS    =      7989.2776
 EELEC  =  -4049376.4065  EHBOND  =         0.0000  RESTRAINT  =         0.0000
 ------------------------------------------------------------------------------


 NSTEP =      458   TIME(PS) =       0.458  TEMP(K) =   180.49  PRESS =     0.0
 Etot   =  -4036981.6427  EKtot   =      4406.7110  EPtot      =  -4041388.3536
 BOND   =         0.0000  ANGLE   =         0.0000  DIHED      =         0.0000
 1-4 NB =         0.0000  1-4 EEL =         0.0000  VDWAALS    =      7987.0919
 EELEC  =  -4049375.4455  EHBOND  =         0.0000  RESTRAINT  =         0.0000
 ------------------------------------------------------------------------------


 NSTEP =      459   TIME(PS) =       0.459  TEMP(K) =   180.61  PRESS =     0.0
 Etot   =  -4036981.6225  EKtot   =      4409.6021  EPtot      =  -4041391.2246
 BOND   =         0.0000  ANGLE   =         0.0000  DIHED      =         0.0000
 1-4 NB =         0.0000  1-4 EEL =         0.0000  VDWAALS    =      7984.3248
 EELEC  =  -4049375.5494  EHBOND  =         0.0000  RESTRAINT  =         0.0000
 ------------------------------------------------------------------------------


 NSTEP =      460   TIME(PS) =       0.460  TEMP(K) =   180.80  PRESS =     0.0
 Etot   =  -4036981.6088  EKtot   =      4414.4325  EPtot      =  -4041396.0413
 BOND   =         0.0000  ANGLE   =         0.0000  DIHED      =         0.0000
 1-4 NB =         0.0000  1-4 EEL =         0.0000  VDWAALS    =      7980.9757
 EELEC  =  -4049377.0170  EHBOND  =         0.0000  RESTRAINT  =         0.0000
 ------------------------------------------------------------------------------


 NSTEP =      461   TIME(PS) =       0.461  TEMP(K) =   181.09  PRESS =     0.0
 Etot   =  -4036981.6055  EKtot   =      4421.4007  EPtot      =  -4041403.0062
 BOND   =         0.0000  ANGLE   =         0.0000  DIHED      =         0.0000
 1-4 NB =         0.0000  1-4 EEL =         0.0000  VDWAALS    =      7977.0472
 EELEC  =  -4049380.0534  EHBOND  =         0.0000  RESTRAINT  =         0.0000
 ------------------------------------------------------------------------------


 NSTEP =      462   TIME(PS) =       0.462  TEMP(K) =   181.46  PRESS =     0.0
 Etot   =  -4036981.6138  EKtot   =      4430.5591  EPtot      =  -4041412.1730
 BOND   =         0.0000  ANGLE   =         0.0000  DIHED      =         0.0000
 1-4 NB =         0.0000  1-4 EEL =         0.0000  VDWAALS    =      7972.5463
 EELEC  =  -4049384.7193  EHBOND  =         0.0000  RESTRAINT  =         0.0000
 ------------------------------------------------------------------------------


 NSTEP =      463   TIME(PS) =       0.463  TEMP(K) =   181.92  PRESS =     0.0
 Etot   =  -4036981.6356  EKtot   =      4441.7758  EPtot      =  -4041423.4114
 BOND   =         0.0000  ANGLE   =         0.0000  DIHED      =         0.0000
 1-4 NB =         0.0000  1-4 EEL =         0.0000  VDWAALS    =      7967.4859
 EELEC  =  -4049390.8973  EHBOND  =         0.0000  RESTRAINT  =         0.0000
 ------------------------------------------------------------------------------


 NSTEP =      464   TIME(PS) =       0.464  TEMP(K) =   182.45  PRESS =     0.0
 Etot   =  -4036981.6707  EKtot   =      4454.7175  EPtot      =  -4041436.3882
 BOND   =         0.0000  ANGLE   =         0.0000  DIHED      =         0.0000
 1-4 NB =         0.0000  1-4 EEL =         0.0000  VDWAALS    =      7961.8864
 EELEC  =  -4049398.2746  EHBOND  =         0.0000  RESTRAINT  =         0.0000
 ------------------------------------------------------------------------------


 NSTEP =      465   TIME(PS) =       0.465  TEMP(K) =   183.03  PRESS =     0.0
 Etot   =  -4036981.7166  EKtot   =      4468.8571  EPtot      =  -4041450.5737
 BOND   =         0.0000  ANGLE   =         0.0000  DIHED      =         0.0000
 1-4 NB =         0.0000  1-4 EEL =         0.0000  VDWAALS    =      7955.7770
 EELEC  =  -4049406.3507  EHBOND  =         0.0000  RESTRAINT  =         0.0000
 ------------------------------------------------------------------------------


 NSTEP =      466   TIME(PS) =       0.466  TEMP(K) =   183.63  PRESS =     0.0
 Etot   =  -4036981.7690  EKtot   =      4483.5064  EPtot      =  -4041465.2753
 BOND   =         0.0000  ANGLE   =         0.0000  DIHED      =         0.0000
 1-4 NB =         0.0000  1-4 EEL =         0.0000  VDWAALS    =      7949.1968
 EELEC  =  -4049414.4721  EHBOND  =         0.0000  RESTRAINT  =         0.0000
 ------------------------------------------------------------------------------


 NSTEP =      467   TIME(PS) =       0.467  TEMP(K) =   184.22  PRESS =     0.0
 Etot   =  -4036981.8235  EKtot   =      4497.8706  EPtot      =  -4041479.6941
 BOND   =         0.0000  ANGLE   =         0.0000  DIHED      =         0.0000
 1-4 NB =         0.0000  1-4 EEL =         0.0000  VDWAALS    =      7942.1948
 EELEC  =  -4049421.8889  EHBOND  =         0.0000  RESTRAINT  =         0.0000
 ------------------------------------------------------------------------------


 NSTEP =      468   TIME(PS) =       0.468  TEMP(K) =   184.76  PRESS =     0.0
 Etot   =  -4036981.8754  EKtot   =      4511.1181  EPtot      =  -4041492.9935
 BOND   =         0.0000  ANGLE   =         0.0000  DIHED      =         0.0000
 1-4 NB =         0.0000  1-4 EEL =         0.0000  VDWAALS    =      7934.8293
 EELEC  =  -4049427.8228  EHBOND  =         0.0000  RESTRAINT  =         0.0000
 ------------------------------------------------------------------------------


 NSTEP =      469   TIME(PS) =       0.469  TEMP(K) =   185.23  PRESS =     0.0
 Etot   =  -4036981.9197  EKtot   =      4522.4549  EPtot      =  -4041504.3747
 BOND   =         0.0000  ANGLE   =         0.0000  DIHED      =         0.0000
 1-4 NB =         0.0000  1-4 EEL =         0.0000  VDWAALS    =      7927.1668
 EELEC  =  -4049431.5414  EHBOND  =         0.0000  RESTRAINT  =         0.0000
 ------------------------------------------------------------------------------


 NSTEP =      470   TIME(PS) =       0.470  TEMP(K) =   185.59  PRESS =     0.0
 Etot   =  -4036981.9524  EKtot   =      4531.1978  EPtot      =  -4041513.1502
 BOND   =         0.0000  ANGLE   =         0.0000  DIHED      =         0.0000
 1-4 NB =         0.0000  1-4 EEL =         0.0000  VDWAALS    =      7919.2800
 EELEC  =  -4049432.4302  EHBOND  =         0.0000  RESTRAINT  =         0.0000
 ------------------------------------------------------------------------------


 NSTEP =      471   TIME(PS) =       0.471  TEMP(K) =   185.82  PRESS =     0.0
 Etot   =  -4036981.9707  EKtot   =      4536.8355  EPtot      =  -4041518.8062
 BOND   =         0.0000  ANGLE   =         0.0000  DIHED      =         0.0000
 1-4 NB =         0.0000  1-4 EEL =         0.0000  VDWAALS    =      7911.2457
 EELEC  =  -4049430.0519  EHBOND  =         0.0000  RESTRAINT  =         0.0000
 ------------------------------------------------------------------------------


 NSTEP =      472   TIME(PS) =       0.472  TEMP(K) =   185.91  PRESS =     0.0
 Etot   =  -4036981.9735  EKtot   =      4539.0740  EPtot      =  -4041521.0474
 BOND   =         0.0000  ANGLE   =         0.0000  DIHED      =         0.0000
 1-4 NB =         0.0000  1-4 EEL =         0.0000  VDWAALS    =      7903.1424
 EELEC  =  -4049424.1899  EHBOND  =         0.0000  RESTRAINT  =         0.0000
 ------------------------------------------------------------------------------


 NSTEP =      473   TIME(PS) =       0.473  TEMP(K) =   185.86  PRESS =     0.0
 Etot   =  -4036981.9597  EKtot   =      4537.8635  EPtot      =  -4041519.8233
 BOND   =         0.0000  ANGLE   =         0.0000  DIHED      =         0.0000
 1-4 NB =         0.0000  1-4 EEL =         0.0000  VDWAALS    =      7895.0477
 EELEC  =  -4049414.8710  EHBOND  =         0.0000  RESTRAINT  =         0.0000
 ------------------------------------------------------------------------------


 NSTEP =      474   TIME(PS) =       0.474  TEMP(K) =   185.68  PRESS =     0.0
 Etot   =  -4036981.9306  EKtot   =      4533.4056  EPtot      =  -4041515.3361
 BOND   =         0.0000  ANGLE   =         0.0000  DIHED      =         0.0000
 1-4 NB =         0.0000  1-4 EEL =         0.0000  VDWAALS    =      7887.0366
 EELEC  =  -4049402.3728  EHBOND  =         0.0000  RESTRAINT  =         0.0000
 ------------------------------------------------------------------------------


 NSTEP =      475   TIME(PS) =       0.475  TEMP(K) =   185.38  PRESS =     0.0
 Etot   =  -4036981.8879  EKtot   =      4526.1407  EPtot      =  -4041508.0286
 BOND   =         0.0000  ANGLE   =         0.0000  DIHED      =         0.0000
 1-4 NB =         0.0000  1-4 EEL =         0.0000  VDWAALS    =      7879.1792
 EELEC  =  -4049387.2078  EHBOND  =         0.0000  RESTRAINT  =         0.0000
 ------------------------------------------------------------------------------


 NSTEP =      476   TIME(PS) =       0.476  TEMP(K) =   184.99  PRESS =     0.0
 Etot   =  -4036981.8345  EKtot   =      4516.7201  EPtot      =  -4041498.5546
 BOND   =         0.0000  ANGLE   =         0.0000  DIHED      =         0.0000
 1-4 NB =         0.0000  1-4 EEL =         0.0000  VDWAALS    =      7871.5400
 EELEC  =  -4049370.0946  EHBOND  =         0.0000  RESTRAINT  =         0.0000
 ------------------------------------------------------------------------------


 NSTEP =      477   TIME(PS) =       0.477  TEMP(K) =   184.55  PRESS =     0.0
 Etot   =  -4036981.7737  EKtot   =      4505.9623  EPtot      =  -4041487.7360
 BOND   =         0.0000  ANGLE   =         0.0000  DIHED      =         0.0000
 1-4 NB =         0.0000  1-4 EEL =         0.0000  VDWAALS    =      7864.1766
 EELEC  =  -4049351.9125  EHBOND  =         0.0000  RESTRAINT  =         0.0000
 ------------------------------------------------------------------------------


 NSTEP =      478   TIME(PS) =       0.478  TEMP(K) =   184.09  PRESS =     0.0
 Etot   =  -4036981.7099  EKtot   =      4494.7951  EPtot      =  -4041476.5050
 BOND   =         0.0000  ANGLE   =         0.0000  DIHED      =         0.0000
 1-4 NB =         0.0000  1-4 EEL =         0.0000  VDWAALS    =      7857.1397
 EELEC  =  -4049333.6447  EHBOND  =         0.0000  RESTRAINT  =         0.0000
 ------------------------------------------------------------------------------


 NSTEP =      479   TIME(PS) =       0.479  TEMP(K) =   183.66  PRESS =     0.0
 Etot   =  -4036981.6481  EKtot   =      4484.1890  EPtot      =  -4041465.8370
 BOND   =         0.0000  ANGLE   =         0.0000  DIHED      =         0.0000
 1-4 NB =         0.0000  1-4 EEL =         0.0000  VDWAALS    =      7850.4737
 EELEC  =  -4049316.3107  EHBOND  =         0.0000  RESTRAINT  =         0.0000
 ------------------------------------------------------------------------------


 NSTEP =      480   TIME(PS) =       0.480  TEMP(K) =   183.29  PRESS =     0.0
 Etot   =  -4036981.5932  EKtot   =      4475.0825  EPtot      =  -4041456.6758
 BOND   =         0.0000  ANGLE   =         0.0000  DIHED      =         0.0000
 1-4 NB =         0.0000  1-4 EEL =         0.0000  VDWAALS    =      7844.2166
 EELEC  =  -4049300.8923  EHBOND  =         0.0000  RESTRAINT  =         0.0000
 ------------------------------------------------------------------------------


 NSTEP =      481   TIME(PS) =       0.481  TEMP(K) =   183.01  PRESS =     0.0
 Etot   =  -4036981.5496  EKtot   =      4468.3085  EPtot      =  -4041449.8581
 BOND   =         0.0000  ANGLE   =         0.0000  DIHED      =         0.0000
 1-4 NB =         0.0000  1-4 EEL =         0.0000  VDWAALS    =      7838.4016
 EELEC  =  -4049288.2597  EHBOND  =         0.0000  RESTRAINT  =         0.0000
 ------------------------------------------------------------------------------


 NSTEP =      482   TIME(PS) =       0.482  TEMP(K) =   182.86  PRESS =     0.0
 Etot   =  -4036981.5212  EKtot   =      4464.5245  EPtot      =  -4041446.0456
 BOND   =         0.0000  ANGLE   =         0.0000  DIHED      =         0.0000
 1-4 NB =         0.0000  1-4 EEL =         0.0000  VDWAALS    =      7833.0576
 EELEC  =  -4049279.1033  EHBOND  =         0.0000  RESTRAINT  =         0.0000
 ------------------------------------------------------------------------------


 NSTEP =      483   TIME(PS) =       0.483  TEMP(K) =   182.84  PRESS =     0.0
 Etot   =  -4036981.5107  EKtot   =      4464.1574  EPtot      =  -4041445.6681
 BOND   =         0.0000  ANGLE   =         0.0000  DIHED      =         0.0000
 1-4 NB =         0.0000  1-4 EEL =         0.0000  VDWAALS    =      7828.2103
 EELEC  =  -4049273.8784  EHBOND  =         0.0000  RESTRAINT  =         0.0000
 ------------------------------------------------------------------------------


 NSTEP =      484   TIME(PS) =       0.484  TEMP(K) =   182.97  PRESS =     0.0
 Etot   =  -4036981.5188  EKtot   =      4467.3674  EPtot      =  -4041448.8861
 BOND   =         0.0000  ANGLE   =         0.0000  DIHED      =         0.0000
 1-4 NB =         0.0000  1-4 EEL =         0.0000  VDWAALS    =      7823.8825
 EELEC  =  -4049272.7686  EHBOND  =         0.0000  RESTRAINT  =         0.0000
 ------------------------------------------------------------------------------


 NSTEP =      485   TIME(PS) =       0.485  TEMP(K) =   183.24  PRESS =     0.0
 Etot   =  -4036981.5442  EKtot   =      4474.0351  EPtot      =  -4041455.5793
 BOND   =         0.0000  ANGLE   =         0.0000  DIHED      =         0.0000
 1-4 NB =         0.0000  1-4 EEL =         0.0000  VDWAALS    =      7820.0945
 EELEC  =  -4049275.6738  EHBOND  =         0.0000  RESTRAINT  =         0.0000
 ------------------------------------------------------------------------------


 NSTEP =      486   TIME(PS) =       0.486  TEMP(K) =   183.64  PRESS =     0.0
 Etot   =  -4036981.5853  EKtot   =      4483.7738  EPtot      =  -4041465.3591
 BOND   =         0.0000  ANGLE   =         0.0000  DIHED      =         0.0000
 1-4 NB =         0.0000  1-4 EEL =         0.0000  VDWAALS    =      7816.8636
 EELEC  =  -4049282.2227  EHBOND  =         0.0000  RESTRAINT  =         0.0000
 ------------------------------------------------------------------------------


 NSTEP =      487   TIME(PS) =       0.487  TEMP(K) =   184.14  PRESS =     0.0
 Etot   =  -4036981.6384  EKtot   =      4495.9646  EPtot      =  -4041477.6030
 BOND   =         0.0000  ANGLE   =         0.0000  DIHED      =         0.0000
 1-4 NB =         0.0000  1-4 EEL =         0.0000  VDWAALS    =      7814.2041
 EELEC  =  -4049291.8071  EHBOND  =         0.0000  RESTRAINT  =         0.0000
 ------------------------------------------------------------------------------


 NSTEP =      488   TIME(PS) =       0.488  TEMP(K) =   184.71  PRESS =     0.0
 Etot   =  -4036981.6989  EKtot   =      4509.8094  EPtot      =  -4041491.5083
 BOND   =         0.0000  ANGLE   =         0.0000  DIHED      =         0.0000
 1-4 NB =         0.0000  1-4 EEL =         0.0000  VDWAALS    =      7812.1261
 EELEC  =  -4049303.6344  EHBOND  =         0.0000  RESTRAINT  =         0.0000
 ------------------------------------------------------------------------------


 NSTEP =      489   TIME(PS) =       0.489  TEMP(K) =   185.31  PRESS =     0.0
 Etot   =  -4036981.7621  EKtot   =      4524.3965  EPtot      =  -4041506.1586
 BOND   =         0.0000  ANGLE   =         0.0000  DIHED      =         0.0000
 1-4 NB =         0.0000  1-4 EEL =         0.0000  VDWAALS    =      7810.6344
 EELEC  =  -4049316.7930  EHBOND  =         0.0000  RESTRAINT  =         0.0000
 ------------------------------------------------------------------------------


 NSTEP =      490   TIME(PS) =       0.490  TEMP(K) =   185.90  PRESS =     0.0
 Etot   =  -4036981.8241  EKtot   =      4538.7712  EPtot      =  -4041520.5953
 BOND   =         0.0000  ANGLE   =         0.0000  DIHED      =         0.0000
 1-4 NB =         0.0000  1-4 EEL =         0.0000  VDWAALS    =      7809.7282
 EELEC  =  -4049330.3235  EHBOND  =         0.0000  RESTRAINT  =         0.0000
 ------------------------------------------------------------------------------


 NSTEP =      491   TIME(PS) =       0.491  TEMP(K) =   186.44  PRESS =     0.0
 Etot   =  -4036981.8794  EKtot   =      4552.0061  EPtot      =  -4041533.8855
 BOND   =         0.0000  ANGLE   =         0.0000  DIHED      =         0.0000
 1-4 NB =         0.0000  1-4 EEL =         0.0000  VDWAALS    =      7809.3996
 EELEC  =  -4049343.2851  EHBOND  =         0.0000  RESTRAINT  =         0.0000
 ------------------------------------------------------------------------------


 NSTEP =      492   TIME(PS) =       0.492  TEMP(K) =   186.90  PRESS =     0.0
 Etot   =  -4036981.9259  EKtot   =      4563.2659  EPtot      =  -4041545.1919
 BOND   =         0.0000  ANGLE   =         0.0000  DIHED      =         0.0000
 1-4 NB =         0.0000  1-4 EEL =         0.0000  VDWAALS    =      7809.6334
 EELEC  =  -4049354.8252  EHBOND  =         0.0000  RESTRAINT  =         0.0000
 ------------------------------------------------------------------------------


 NSTEP =      493   TIME(PS) =       0.493  TEMP(K) =   187.25  PRESS =     0.0
 Etot   =  -4036981.9605  EKtot   =      4571.8629  EPtot      =  -4041553.8234
 BOND   =         0.0000  ANGLE   =         0.0000  DIHED      =         0.0000
 1-4 NB =         0.0000  1-4 EEL =         0.0000  VDWAALS    =      7810.4063
 EELEC  =  -4049364.2297  EHBOND  =         0.0000  RESTRAINT  =         0.0000
 ------------------------------------------------------------------------------


 NSTEP =      494   TIME(PS) =       0.494  TEMP(K) =   187.47  PRESS =     0.0
 Etot   =  -4036981.9800  EKtot   =      4577.3000  EPtot      =  -4041559.2800
 BOND   =         0.0000  ANGLE   =         0.0000  DIHED      =         0.0000
 1-4 NB =         0.0000  1-4 EEL =         0.0000  VDWAALS    =      7811.6872
 EELEC  =  -4049370.9672  EHBOND  =         0.0000  RESTRAINT  =         0.0000
 ------------------------------------------------------------------------------


 NSTEP =      495   TIME(PS) =       0.495  TEMP(K) =   187.56  PRESS =     0.0
 Etot   =  -4036981.9846  EKtot   =      4579.2990  EPtot      =  -4041561.2835
 BOND   =         0.0000  ANGLE   =         0.0000  DIHED      =         0.0000
 1-4 NB =         0.0000  1-4 EEL =         0.0000  VDWAALS    =      7813.4367
 EELEC  =  -4049374.7202  EHBOND  =         0.0000  RESTRAINT  =         0.0000
 ------------------------------------------------------------------------------


 NSTEP =      496   TIME(PS) =       0.496  TEMP(K) =   187.50  PRESS =     0.0
 Etot   =  -4036981.9749  EKtot   =      4577.8131  EPtot      =  -4041559.7880
 BOND   =         0.0000  ANGLE   =         0.0000  DIHED      =         0.0000
 1-4 NB =         0.0000  1-4 EEL =         0.0000  VDWAALS    =      7815.6082
 EELEC  =  -4049375.3962  EHBOND  =         0.0000  RESTRAINT  =         0.0000
 ------------------------------------------------------------------------------


 NSTEP =      497   TIME(PS) =       0.497  TEMP(K) =   187.30  PRESS =     0.0
 Etot   =  -4036981.9514  EKtot   =      4573.0214  EPtot      =  -4041554.9728
 BOND   =         0.0000  ANGLE   =         0.0000  DIHED      =         0.0000
 1-4 NB =         0.0000  1-4 EEL =         0.0000  VDWAALS    =      7818.1482
 EELEC  =  -4049373.1210  EHBOND  =         0.0000  RESTRAINT  =         0.0000
 ------------------------------------------------------------------------------


 NSTEP =      498   TIME(PS) =       0.498  TEMP(K) =   186.98  PRESS =     0.0
 Etot   =  -4036981.9164  EKtot   =      4565.3067  EPtot      =  -4041547.2230
 BOND   =         0.0000  ANGLE   =         0.0000  DIHED      =         0.0000
 1-4 NB =         0.0000  1-4 EEL =         0.0000  VDWAALS    =      7820.9979
 EELEC  =  -4049368.2210  EHBOND  =         0.0000  RESTRAINT  =         0.0000
 ------------------------------------------------------------------------------


 NSTEP =      499   TIME(PS) =       0.499  TEMP(K) =   186.57  PRESS =     0.0
 Etot   =  -4036981.8738  EKtot   =      4555.2185  EPtot      =  -4041537.0923
 BOND   =         0.0000  ANGLE   =         0.0000  DIHED      =         0.0000
 1-4 NB =         0.0000  1-4 EEL =         0.0000  VDWAALS    =      7824.0947
 EELEC  =  -4049361.1870  EHBOND  =         0.0000  RESTRAINT  =         0.0000
 ------------------------------------------------------------------------------


 NSTEP =      500   TIME(PS) =       0.500  TEMP(K) =   186.09  PRESS =     0.0
 Etot   =  -4036981.8266  EKtot   =      4543.4270  EPtot      =  -4041525.2536
 BOND   =         0.0000  ANGLE   =         0.0000  DIHED      =         0.0000
 1-4 NB =         0.0000  1-4 EEL =         0.0000  VDWAALS    =      7827.3739
 EELEC  =  -4049352.6275  EHBOND  =         0.0000  RESTRAINT  =         0.0000
 ------------------------------------------------------------------------------


 NSTEP =      501   TIME(PS) =       0.501  TEMP(K) =   185.56  PRESS =     0.0
 Etot   =  -4036981.7777  EKtot   =      4530.6718  EPtot      =  -4041512.4496
 BOND   =         0.0000  ANGLE   =         0.0000  DIHED      =         0.0000
 1-4 NB =         0.0000  1-4 EEL =         0.0000  VDWAALS    =      7830.7717
 EELEC  =  -4049343.2213  EHBOND  =         0.0000  RESTRAINT  =         0.0000
 ------------------------------------------------------------------------------


 NSTEP =      502   TIME(PS) =       0.502  TEMP(K) =   185.03  PRESS =     0.0
 Etot   =  -4036981.7304  EKtot   =      4517.7119  EPtot      =  -4041499.4423
 BOND   =         0.0000  ANGLE   =         0.0000  DIHED      =         0.0000
 1-4 NB =         0.0000  1-4 EEL =         0.0000  VDWAALS    =      7834.2268
 EELEC  =  -4049333.6690  EHBOND  =         0.0000  RESTRAINT  =         0.0000
 ------------------------------------------------------------------------------


 NSTEP =      503   TIME(PS) =       0.503  TEMP(K) =   184.52  PRESS =     0.0
 Etot   =  -4036981.6878  EKtot   =      4505.2782  EPtot      =  -4041486.9659
 BOND   =         0.0000  ANGLE   =         0.0000  DIHED      =         0.0000
 1-4 NB =         0.0000  1-4 EEL =         0.0000  VDWAALS    =      7837.6826
 EELEC  =  -4049324.6485  EHBOND  =         0.0000  RESTRAINT  =         0.0000
 ------------------------------------------------------------------------------


 NSTEP =      504   TIME(PS) =       0.504  TEMP(K) =   184.06  PRESS =     0.0
 Etot   =  -4036981.6518  EKtot   =      4494.0322  EPtot      =  -4041475.6840
 BOND   =         0.0000  ANGLE   =         0.0000  DIHED      =         0.0000
 1-4 NB =         0.0000  1-4 EEL =         0.0000  VDWAALS    =      7841.0897
 EELEC  =  -4049316.7738  EHBOND  =         0.0000  RESTRAINT  =         0.0000
 ------------------------------------------------------------------------------


 NSTEP =      505   TIME(PS) =       0.505  TEMP(K) =   183.67  PRESS =     0.0
 Etot   =  -4036981.6243  EKtot   =      4484.5294  EPtot      =  -4041466.1536
 BOND   =         0.0000  ANGLE   =         0.0000  DIHED      =         0.0000
 1-4 NB =         0.0000  1-4 EEL =         0.0000  VDWAALS    =      7844.4068
 EELEC  =  -4049310.5604  EHBOND  =         0.0000  RESTRAINT  =         0.0000
 ------------------------------------------------------------------------------


 NSTEP =      506   TIME(PS) =       0.506  TEMP(K) =   183.37  PRESS =     0.0
 Etot   =  -4036981.6066  EKtot   =      4477.1875  EPtot      =  -4041458.7941
 BOND   =         0.0000  ANGLE   =         0.0000  DIHED      =         0.0000
 1-4 NB =         0.0000  1-4 EEL =         0.0000  VDWAALS    =      7847.6011
 EELEC  =  -4049306.3952  EHBOND  =         0.0000  RESTRAINT  =         0.0000
 ------------------------------------------------------------------------------


 NSTEP =      507   TIME(PS) =       0.507  TEMP(K) =   183.17  PRESS =     0.0
 Etot   =  -4036981.6014  EKtot   =      4472.2617  EPtot      =  -4041453.8631
 BOND   =         0.0000  ANGLE   =         0.0000  DIHED      =         0.0000
 1-4 NB =         0.0000  1-4 EEL =         0.0000  VDWAALS    =      7850.6492
 EELEC  =  -4049304.5123  EHBOND  =         0.0000  RESTRAINT  =         0.0000
 ------------------------------------------------------------------------------


 NSTEP =      508   TIME(PS) =       0.508  TEMP(K) =   183.07  PRESS =     0.0
 Etot   =  -4036981.6084  EKtot   =      4469.8268  EPtot      =  -4041451.4352
 BOND   =         0.0000  ANGLE   =         0.0000  DIHED      =         0.0000
 1-4 NB =         0.0000  1-4 EEL =         0.0000  VDWAALS    =      7853.5355
 EELEC  =  -4049304.9707  EHBOND  =         0.0000  RESTRAINT  =         0.0000
 ------------------------------------------------------------------------------


 NSTEP =      509   TIME(PS) =       0.509  TEMP(K) =   183.07  PRESS =     0.0
 Etot   =  -4036981.6260  EKtot   =      4469.7724  EPtot      =  -4041451.3984
 BOND   =         0.0000  ANGLE   =         0.0000  DIHED      =         0.0000
 1-4 NB =         0.0000  1-4 EEL =         0.0000  VDWAALS    =      7856.2517
 EELEC  =  -4049307.6501  EHBOND  =         0.0000  RESTRAINT  =         0.0000
 ------------------------------------------------------------------------------


 NSTEP =      510   TIME(PS) =       0.510  TEMP(K) =   183.15  PRESS =     0.0
 Etot   =  -4036981.6537  EKtot   =      4471.8127  EPtot      =  -4041453.4665
 BOND   =         0.0000  ANGLE   =         0.0000  DIHED      =         0.0000
 1-4 NB =         0.0000  1-4 EEL =         0.0000  VDWAALS    =      7858.7952
 EELEC  =  -4049312.2616  EHBOND  =         0.0000  RESTRAINT  =         0.0000
 ------------------------------------------------------------------------------


 NSTEP =      511   TIME(PS) =       0.511  TEMP(K) =   183.31  PRESS =     0.0
 Etot   =  -4036981.6888  EKtot   =      4475.5147  EPtot      =  -4041457.2035
 BOND   =         0.0000  ANGLE   =         0.0000  DIHED      =         0.0000
 1-4 NB =         0.0000  1-4 EEL =         0.0000  VDWAALS    =      7861.1670
 EELEC  =  -4049318.3705  EHBOND  =         0.0000  RESTRAINT  =         0.0000
 ------------------------------------------------------------------------------


 NSTEP =      512   TIME(PS) =       0.512  TEMP(K) =   183.50  PRESS =     0.0
 Etot   =  -4036981.7267  EKtot   =      4480.3417  EPtot      =  -4041462.0684
 BOND   =         0.0000  ANGLE   =         0.0000  DIHED      =         0.0000
 1-4 NB =         0.0000  1-4 EEL =         0.0000  VDWAALS    =      7863.3707
 EELEC  =  -4049325.4391  EHBOND  =         0.0000  RESTRAINT  =         0.0000
 ------------------------------------------------------------------------------


 NSTEP =      513   TIME(PS) =       0.513  TEMP(K) =   183.72  PRESS =     0.0
 Etot   =  -4036981.7635  EKtot   =      4485.7094  EPtot      =  -4041467.4729
 BOND   =         0.0000  ANGLE   =         0.0000  DIHED      =         0.0000
 1-4 NB =         0.0000  1-4 EEL =         0.0000  VDWAALS    =      7865.4106
 EELEC  =  -4049332.8835  EHBOND  =         0.0000  RESTRAINT  =         0.0000
 ------------------------------------------------------------------------------


 NSTEP =      514   TIME(PS) =       0.514  TEMP(K) =   183.94  PRESS =     0.0
 Etot   =  -4036981.7962  EKtot   =      4491.0462  EPtot      =  -4041472.8423
 BOND   =         0.0000  ANGLE   =         0.0000  DIHED      =         0.0000
 1-4 NB =         0.0000  1-4 EEL =         0.0000  VDWAALS    =      7867.2910
 EELEC  =  -4049340.1334  EHBOND  =         0.0000  RESTRAINT  =         0.0000
 ------------------------------------------------------------------------------


 NSTEP =      515   TIME(PS) =       0.515  TEMP(K) =   184.14  PRESS =     0.0
 Etot   =  -4036981.8213  EKtot   =      4495.8497  EPtot      =  -4041477.6710
 BOND   =         0.0000  ANGLE   =         0.0000  DIHED      =         0.0000
 1-4 NB =         0.0000  1-4 EEL =         0.0000  VDWAALS    =      7869.0149
 EELEC  =  -4049346.6859  EHBOND  =         0.0000  RESTRAINT  =         0.0000
 ------------------------------------------------------------------------------


 NSTEP =      516   TIME(PS) =       0.516  TEMP(K) =   184.30  PRESS =     0.0
 Etot   =  -4036981.8368  EKtot   =      4499.7321  EPtot      =  -4041481.5688
 BOND   =         0.0000  ANGLE   =         0.0000  DIHED      =         0.0000
 1-4 NB =         0.0000  1-4 EEL =         0.0000  VDWAALS    =      7870.5838
 EELEC  =  -4049352.1526  EHBOND  =         0.0000  RESTRAINT  =         0.0000
 ------------------------------------------------------------------------------


 NSTEP =      517   TIME(PS) =       0.517  TEMP(K) =   184.41  PRESS =     0.0
 Etot   =  -4036981.8421  EKtot   =      4502.4493  EPtot      =  -4041484.2914
 BOND   =         0.0000  ANGLE   =         0.0000  DIHED      =         0.0000
 1-4 NB =         0.0000  1-4 EEL =         0.0000  VDWAALS    =      7871.9974
 EELEC  =  -4049356.2888  EHBOND  =         0.0000  RESTRAINT  =         0.0000
 ------------------------------------------------------------------------------


 NSTEP =      518   TIME(PS) =       0.518  TEMP(K) =   184.47  PRESS =     0.0
 Etot   =  -4036981.8383  EKtot   =      4503.9125  EPtot      =  -4041485.7507
 BOND   =         0.0000  ANGLE   =         0.0000  DIHED      =         0.0000
 1-4 NB =         0.0000  1-4 EEL =         0.0000  VDWAALS    =      7873.2535
 EELEC  =  -4049359.0043  EHBOND  =         0.0000  RESTRAINT  =         0.0000
 ------------------------------------------------------------------------------


 NSTEP =      519   TIME(PS) =       0.519  TEMP(K) =   184.48  PRESS =     0.0
 Etot   =  -4036981.8260  EKtot   =      4504.1831  EPtot      =  -4041486.0091
 BOND   =         0.0000  ANGLE   =         0.0000  DIHED      =         0.0000
 1-4 NB =         0.0000  1-4 EEL =         0.0000  VDWAALS    =      7874.3483
 EELEC  =  -4049360.3574  EHBOND  =         0.0000  RESTRAINT  =         0.0000
 ------------------------------------------------------------------------------


 NSTEP =      520   TIME(PS) =       0.520  TEMP(K) =   184.45  PRESS =     0.0
 Etot   =  -4036981.8066  EKtot   =      4503.4549  EPtot      =  -4041485.2616
 BOND   =         0.0000  ANGLE   =         0.0000  DIHED      =         0.0000
 1-4 NB =         0.0000  1-4 EEL =         0.0000  VDWAALS    =      7875.2764
 EELEC  =  -4049360.5380  EHBOND  =         0.0000  RESTRAINT  =         0.0000
 ------------------------------------------------------------------------------


 NSTEP =      521   TIME(PS) =       0.521  TEMP(K) =   184.39  PRESS =     0.0
 Etot   =  -4036981.7830  EKtot   =      4502.0277  EPtot      =  -4041483.8108
 BOND   =         0.0000  ANGLE   =         0.0000  DIHED      =         0.0000
 1-4 NB =         0.0000  1-4 EEL =         0.0000  VDWAALS    =      7876.0311
 EELEC  =  -4049359.8418  EHBOND  =         0.0000  RESTRAINT  =         0.0000
 ------------------------------------------------------------------------------


 NSTEP =      522   TIME(PS) =       0.522  TEMP(K) =   184.32  PRESS =     0.0
 Etot   =  -4036981.7556  EKtot   =      4500.2746  EPtot      =  -4041482.0302
 BOND   =         0.0000  ANGLE   =         0.0000  DIHED      =         0.0000
 1-4 NB =         0.0000  1-4 EEL =         0.0000  VDWAALS    =      7876.6051
 EELEC  =  -4049358.6353  EHBOND  =         0.0000  RESTRAINT  =         0.0000
 ------------------------------------------------------------------------------


 NSTEP =      523   TIME(PS) =       0.523  TEMP(K) =   184.25  PRESS =     0.0
 Etot   =  -4036981.7297  EKtot   =      4498.6057  EPtot      =  -4041480.3354
 BOND   =         0.0000  ANGLE   =         0.0000  DIHED      =         0.0000
 1-4 NB =         0.0000  1-4 EEL =         0.0000  VDWAALS    =      7876.9911
 EELEC  =  -4049357.3265  EHBOND  =         0.0000  RESTRAINT  =         0.0000
 ------------------------------------------------------------------------------


 NSTEP =      524   TIME(PS) =       0.524  TEMP(K) =   184.20  PRESS =     0.0
 Etot   =  -4036981.7062  EKtot   =      4497.4295  EPtot      =  -4041479.1357
 BOND   =         0.0000  ANGLE   =         0.0000  DIHED      =         0.0000
 1-4 NB =         0.0000  1-4 EEL =         0.0000  VDWAALS    =      7877.1823
 EELEC  =  -4049356.3180  EHBOND  =         0.0000  RESTRAINT  =         0.0000
 ------------------------------------------------------------------------------


 NSTEP =      525   TIME(PS) =       0.525  TEMP(K) =   184.19  PRESS =     0.0
 Etot   =  -4036981.6856  EKtot   =      4497.1134  EPtot      =  -4041478.7990
 BOND   =         0.0000  ANGLE   =         0.0000  DIHED      =         0.0000
 1-4 NB =         0.0000  1-4 EEL =         0.0000  VDWAALS    =      7877.1733
 EELEC  =  -4049355.9723  EHBOND  =         0.0000  RESTRAINT  =         0.0000
 ------------------------------------------------------------------------------


 NSTEP =      526   TIME(PS) =       0.526  TEMP(K) =   184.22  PRESS =     0.0
 Etot   =  -4036981.6727  EKtot   =      4497.9440  EPtot      =  -4041479.6168
 BOND   =         0.0000  ANGLE   =         0.0000  DIHED      =         0.0000
 1-4 NB =         0.0000  1-4 EEL =         0.0000  VDWAALS    =      7876.9613
 EELEC  =  -4049356.5781  EHBOND  =         0.0000  RESTRAINT  =         0.0000
 ------------------------------------------------------------------------------


 NSTEP =      527   TIME(PS) =       0.527  TEMP(K) =   184.31  PRESS =     0.0
 Etot   =  -4036981.6704  EKtot   =      4500.0933  EPtot      =  -4041481.7637
 BOND   =         0.0000  ANGLE   =         0.0000  DIHED      =         0.0000
 1-4 NB =         0.0000  1-4 EEL =         0.0000  VDWAALS    =      7876.5468
 EELEC  =  -4049358.3105  EHBOND  =         0.0000  RESTRAINT  =         0.0000
 ------------------------------------------------------------------------------


 NSTEP =      528   TIME(PS) =       0.528  TEMP(K) =   184.46  PRESS =     0.0
 Etot   =  -4036981.6769  EKtot   =      4503.5949  EPtot      =  -4041485.2718
 BOND   =         0.0000  ANGLE   =         0.0000  DIHED      =         0.0000
 1-4 NB =         0.0000  1-4 EEL =         0.0000  VDWAALS    =      7875.9346
 EELEC  =  -4049361.2064  EHBOND  =         0.0000  RESTRAINT  =         0.0000
 ------------------------------------------------------------------------------


 NSTEP =      529   TIME(PS) =       0.529  TEMP(K) =   184.65  PRESS =     0.0
 Etot   =  -4036981.6915  EKtot   =      4508.3352  EPtot      =  -4041490.0267
 BOND   =         0.0000  ANGLE   =         0.0000  DIHED      =         0.0000
 1-4 NB =         0.0000  1-4 EEL =         0.0000  VDWAALS    =      7875.1344
 EELEC  =  -4049365.1612  EHBOND  =         0.0000  RESTRAINT  =         0.0000
 ------------------------------------------------------------------------------


 NSTEP =      530   TIME(PS) =       0.530  TEMP(K) =   184.88  PRESS =     0.0
 Etot   =  -4036981.7145  EKtot   =      4514.0644  EPtot      =  -4041495.7789
 BOND   =         0.0000  ANGLE   =         0.0000  DIHED      =         0.0000
 1-4 NB =         0.0000  1-4 EEL =         0.0000  VDWAALS    =      7874.1617
 EELEC  =  -4049369.9405  EHBOND  =         0.0000  RESTRAINT  =         0.0000
 ------------------------------------------------------------------------------


 NSTEP =      531   TIME(PS) =       0.531  TEMP(K) =   185.14  PRESS =     0.0
 Etot   =  -4036981.7423  EKtot   =      4520.4256  EPtot      =  -4041502.1679
 BOND   =         0.0000  ANGLE   =         0.0000  DIHED      =         0.0000
 1-4 NB =         0.0000  1-4 EEL =         0.0000  VDWAALS    =      7873.0371
 EELEC  =  -4049375.2050  EHBOND  =         0.0000  RESTRAINT  =         0.0000
 ------------------------------------------------------------------------------


 NSTEP =      532   TIME(PS) =       0.532  TEMP(K) =   185.41  PRESS =     0.0
 Etot   =  -4036981.7700  EKtot   =      4527.0002  EPtot      =  -4041508.7702
 BOND   =         0.0000  ANGLE   =         0.0000  DIHED      =         0.0000
 1-4 NB =         0.0000  1-4 EEL =         0.0000  VDWAALS    =      7871.7870
 EELEC  =  -4049380.5573  EHBOND  =         0.0000  RESTRAINT  =         0.0000
 ------------------------------------------------------------------------------


 NSTEP =      533   TIME(PS) =       0.533  TEMP(K) =   185.67  PRESS =     0.0
 Etot   =  -4036981.7944  EKtot   =      4533.3605  EPtot      =  -4041515.1549
 BOND   =         0.0000  ANGLE   =         0.0000  DIHED      =         0.0000
 1-4 NB =         0.0000  1-4 EEL =         0.0000  VDWAALS    =      7870.4423
 EELEC  =  -4049385.5972  EHBOND  =         0.0000  RESTRAINT  =         0.0000
 ------------------------------------------------------------------------------


 NSTEP =      534   TIME(PS) =       0.534  TEMP(K) =   185.91  PRESS =     0.0
 Etot   =  -4036981.8139  EKtot   =      4539.1227  EPtot      =  -4041520.9366
 BOND   =         0.0000  ANGLE   =         0.0000  DIHED      =         0.0000
 1-4 NB =         0.0000  1-4 EEL =         0.0000  VDWAALS    =      7869.0377
 EELEC  =  -4049389.9743  EHBOND  =         0.0000  RESTRAINT  =         0.0000
 ------------------------------------------------------------------------------


 NSTEP =      535   TIME(PS) =       0.535  TEMP(K) =   186.11  PRESS =     0.0
 Etot   =  -4036981.8258  EKtot   =      4543.9902  EPtot      =  -4041525.8160
 BOND   =         0.0000  ANGLE   =         0.0000  DIHED      =         0.0000
 1-4 NB =         0.0000  1-4 EEL =         0.0000  VDWAALS    =      7867.6105
 EELEC  =  -4049393.4265  EHBOND  =         0.0000  RESTRAINT  =         0.0000
 ------------------------------------------------------------------------------


 NSTEP =      536   TIME(PS) =       0.536  TEMP(K) =   186.27  PRESS =     0.0
 Etot   =  -4036981.8286  EKtot   =      4547.7799  EPtot      =  -4041529.6085
 BOND   =         0.0000  ANGLE   =         0.0000  DIHED      =         0.0000
 1-4 NB =         0.0000  1-4 EEL =         0.0000  VDWAALS    =      7866.1995
 EELEC  =  -4049395.8079  EHBOND  =         0.0000  RESTRAINT  =         0.0000
 ------------------------------------------------------------------------------


 NSTEP =      537   TIME(PS) =       0.537  TEMP(K) =   186.37  PRESS =     0.0
 Etot   =  -4036981.8241  EKtot   =      4550.4296  EPtot      =  -4041532.2537
 BOND   =         0.0000  ANGLE   =         0.0000  DIHED      =         0.0000
 1-4 NB =         0.0000  1-4 EEL =         0.0000  VDWAALS    =      7864.8436
 EELEC  =  -4049397.0973  EHBOND  =         0.0000  RESTRAINT  =         0.0000
 ------------------------------------------------------------------------------


 NSTEP =      538   TIME(PS) =       0.538  TEMP(K) =   186.44  PRESS =     0.0
 Etot   =  -4036981.8149  EKtot   =      4551.9865  EPtot      =  -4041533.8013
 BOND   =         0.0000  ANGLE   =         0.0000  DIHED      =         0.0000
 1-4 NB =         0.0000  1-4 EEL =         0.0000  VDWAALS    =      7863.5813
 EELEC  =  -4049397.3826  EHBOND  =         0.0000  RESTRAINT  =         0.0000
 ------------------------------------------------------------------------------


 NSTEP =      539   TIME(PS) =       0.539  TEMP(K) =   186.46  PRESS =     0.0
 Etot   =  -4036981.8017  EKtot   =      4552.5806  EPtot      =  -4041534.3824
 BOND   =         0.0000  ANGLE   =         0.0000  DIHED      =         0.0000
 1-4 NB =         0.0000  1-4 EEL =         0.0000  VDWAALS    =      7862.4495
 EELEC  =  -4049396.8319  EHBOND  =         0.0000  RESTRAINT  =         0.0000
 ------------------------------------------------------------------------------


 NSTEP =      540   TIME(PS) =       0.540  TEMP(K) =   186.45  PRESS =     0.0
 Etot   =  -4036981.7873  EKtot   =      4552.3918  EPtot      =  -4041534.1791
 BOND   =         0.0000  ANGLE   =         0.0000  DIHED      =         0.0000
 1-4 NB =         0.0000  1-4 EEL =         0.0000  VDWAALS    =      7861.4836
 EELEC  =  -4049395.6627  EHBOND  =         0.0000  RESTRAINT  =         0.0000
 ------------------------------------------------------------------------------


 NSTEP =      541   TIME(PS) =       0.541  TEMP(K) =   186.42  PRESS =     0.0
 Etot   =  -4036981.7749  EKtot   =      4551.6138  EPtot      =  -4041533.3886
 BOND   =         0.0000  ANGLE   =         0.0000  DIHED      =         0.0000
 1-4 NB =         0.0000  1-4 EEL =         0.0000  VDWAALS    =      7860.7169
 EELEC  =  -4049394.1055  EHBOND  =         0.0000  RESTRAINT  =         0.0000
 ------------------------------------------------------------------------------


 NSTEP =      542   TIME(PS) =       0.542  TEMP(K) =   186.37  PRESS =     0.0
 Etot   =  -4036981.7658  EKtot   =      4550.4233  EPtot      =  -4041532.1891
 BOND   =         0.0000  ANGLE   =         0.0000  DIHED      =         0.0000
 1-4 NB =         0.0000  1-4 EEL =         0.0000  VDWAALS    =      7860.1807
 EELEC  =  -4049392.3698  EHBOND  =         0.0000  RESTRAINT  =         0.0000
 ------------------------------------------------------------------------------


 NSTEP =      543   TIME(PS) =       0.543  TEMP(K) =   186.31  PRESS =     0.0
 Etot   =  -4036981.7606  EKtot   =      4548.9566  EPtot      =  -4041530.7172
 BOND   =         0.0000  ANGLE   =         0.0000  DIHED      =         0.0000
 1-4 NB =         0.0000  1-4 EEL =         0.0000  VDWAALS    =      7859.9038
 EELEC  =  -4049390.6211  EHBOND  =         0.0000  RESTRAINT  =         0.0000
 ------------------------------------------------------------------------------


 NSTEP =      544   TIME(PS) =       0.544  TEMP(K) =   186.25  PRESS =     0.0
 Etot   =  -4036981.7582  EKtot   =      4547.2955  EPtot      =  -4041529.0538
 BOND   =         0.0000  ANGLE   =         0.0000  DIHED      =         0.0000
 1-4 NB =         0.0000  1-4 EEL =         0.0000  VDWAALS    =      7859.9126
 EELEC  =  -4049388.9664  EHBOND  =         0.0000  RESTRAINT  =         0.0000
 ------------------------------------------------------------------------------


 NSTEP =      545   TIME(PS) =       0.545  TEMP(K) =   186.17  PRESS =     0.0
 Etot   =  -4036981.7617  EKtot   =      4545.4644  EPtot      =  -4041527.2261
 BOND   =         0.0000  ANGLE   =         0.0000  DIHED      =         0.0000
 1-4 NB =         0.0000  1-4 EEL =         0.0000  VDWAALS    =      7860.2299
 EELEC  =  -4049387.4560  EHBOND  =         0.0000  RESTRAINT  =         0.0000
 ------------------------------------------------------------------------------


 NSTEP =      546   TIME(PS) =       0.546  TEMP(K) =   186.09  PRESS =     0.0
 Etot   =  -4036981.7683  EKtot   =      4543.4357  EPtot      =  -4041525.2040
 BOND   =         0.0000  ANGLE   =         0.0000  DIHED      =         0.0000
 1-4 NB =         0.0000  1-4 EEL =         0.0000  VDWAALS    =      7860.8741
 EELEC  =  -4049386.0781  EHBOND  =         0.0000  RESTRAINT  =         0.0000
 ------------------------------------------------------------------------------


 NSTEP =      547   TIME(PS) =       0.547  TEMP(K) =   185.99  PRESS =     0.0
 Etot   =  -4036981.7748  EKtot   =      4541.1440  EPtot      =  -4041522.9188
 BOND   =         0.0000  ANGLE   =         0.0000  DIHED      =         0.0000
 1-4 NB =         0.0000  1-4 EEL =         0.0000  VDWAALS    =      7861.8581
 EELEC  =  -4049384.7769  EHBOND  =         0.0000  RESTRAINT  =         0.0000
 ------------------------------------------------------------------------------


 NSTEP =      548   TIME(PS) =       0.548  TEMP(K) =   185.89  PRESS =     0.0
 Etot   =  -4036981.7817  EKtot   =      4538.5042  EPtot      =  -4041520.2859
 BOND   =         0.0000  ANGLE   =         0.0000  DIHED      =         0.0000
 1-4 NB =         0.0000  1-4 EEL =         0.0000  VDWAALS    =      7863.1879
 EELEC  =  -4049383.4738  EHBOND  =         0.0000  RESTRAINT  =         0.0000
 ------------------------------------------------------------------------------


 NSTEP =      549   TIME(PS) =       0.549  TEMP(K) =   185.76  PRESS =     0.0
 Etot   =  -4036981.7886  EKtot   =      4535.4324  EPtot      =  -4041517.2210
 BOND   =         0.0000  ANGLE   =         0.0000  DIHED      =         0.0000
 1-4 NB =         0.0000  1-4 EEL =         0.0000  VDWAALS    =      7864.8613
 EELEC  =  -4049382.0823  EHBOND  =         0.0000  RESTRAINT  =         0.0000
 ------------------------------------------------------------------------------


 NSTEP =      550   TIME(PS) =       0.550  TEMP(K) =   185.61  PRESS =     0.0
 Etot   =  -4036981.7926  EKtot   =      4531.8645  EPtot      =  -4041513.6571
 BOND   =         0.0000  ANGLE   =         0.0000  DIHED      =         0.0000
 1-4 NB =         0.0000  1-4 EEL =         0.0000  VDWAALS    =      7866.8672
 EELEC  =  -4049380.5243  EHBOND  =         0.0000  RESTRAINT  =         0.0000
 ------------------------------------------------------------------------------


 NSTEP =      551   TIME(PS) =       0.551  TEMP(K) =   185.45  PRESS =     0.0
 Etot   =  -4036981.7925  EKtot   =      4527.7709  EPtot      =  -4041509.5634
 BOND   =         0.0000  ANGLE   =         0.0000  DIHED      =         0.0000
 1-4 NB =         0.0000  1-4 EEL =         0.0000  VDWAALS    =      7869.1850
 EELEC  =  -4049378.7484  EHBOND  =         0.0000  RESTRAINT  =         0.0000
 ------------------------------------------------------------------------------


 NSTEP =      552   TIME(PS) =       0.552  TEMP(K) =   185.26  PRESS =     0.0
 Etot   =  -4036981.7901  EKtot   =      4523.1633  EPtot      =  -4041504.9533
 BOND   =         0.0000  ANGLE   =         0.0000  DIHED      =         0.0000
 1-4 NB =         0.0000  1-4 EEL =         0.0000  VDWAALS    =      7871.7847
 EELEC  =  -4049376.7380  EHBOND  =         0.0000  RESTRAINT  =         0.0000
 ------------------------------------------------------------------------------


 NSTEP =      553   TIME(PS) =       0.553  TEMP(K) =   185.05  PRESS =     0.0
 Etot   =  -4036981.7855  EKtot   =      4518.0964  EPtot      =  -4041499.8820
 BOND   =         0.0000  ANGLE   =         0.0000  DIHED      =         0.0000
 1-4 NB =         0.0000  1-4 EEL =         0.0000  VDWAALS    =      7874.6278
 EELEC  =  -4049374.5098  EHBOND  =         0.0000  RESTRAINT  =         0.0000
 ------------------------------------------------------------------------------


 NSTEP =      554   TIME(PS) =       0.554  TEMP(K) =   184.83  PRESS =     0.0
 Etot   =  -4036981.7780  EKtot   =      4512.6649  EPtot      =  -4041494.4429
 BOND   =         0.0000  ANGLE   =         0.0000  DIHED      =         0.0000
 1-4 NB =         0.0000  1-4 EEL =         0.0000  VDWAALS    =      7877.6691
 EELEC  =  -4049372.1120  EHBOND  =         0.0000  RESTRAINT  =         0.0000
 ------------------------------------------------------------------------------


 NSTEP =      555   TIME(PS) =       0.555  TEMP(K) =   184.59  PRESS =     0.0
 Etot   =  -4036981.7680  EKtot   =      4506.9983  EPtot      =  -4041488.7663
 BOND   =         0.0000  ANGLE   =         0.0000  DIHED      =         0.0000
 1-4 NB =         0.0000  1-4 EEL =         0.0000  VDWAALS    =      7880.8581
 EELEC  =  -4049369.6244  EHBOND  =         0.0000  RESTRAINT  =         0.0000
 ------------------------------------------------------------------------------


 NSTEP =      556   TIME(PS) =       0.556  TEMP(K) =   184.36  PRESS =     0.0
 Etot   =  -4036981.7569  EKtot   =      4501.2567  EPtot      =  -4041483.0136
 BOND   =         0.0000  ANGLE   =         0.0000  DIHED      =         0.0000
 1-4 NB =         0.0000  1-4 EEL =         0.0000  VDWAALS    =      7884.1417
 EELEC  =  -4049367.1554  EHBOND  =         0.0000  RESTRAINT  =         0.0000
 ------------------------------------------------------------------------------


 NSTEP =      557   TIME(PS) =       0.557  TEMP(K) =   184.13  PRESS =     0.0
 Etot   =  -4036981.7447  EKtot   =      4495.6267  EPtot      =  -4041477.3714
 BOND   =         0.0000  ANGLE   =         0.0000  DIHED      =         0.0000
 1-4 NB =         0.0000  1-4 EEL =         0.0000  VDWAALS    =      7887.4663
 EELEC  =  -4049364.8377  EHBOND  =         0.0000  RESTRAINT  =         0.0000
 ------------------------------------------------------------------------------


 NSTEP =      558   TIME(PS) =       0.558  TEMP(K) =   183.91  PRESS =     0.0
 Etot   =  -4036981.7310  EKtot   =      4490.3153  EPtot      =  -4041472.0463
 BOND   =         0.0000  ANGLE   =         0.0000  DIHED      =         0.0000
 1-4 NB =         0.0000  1-4 EEL =         0.0000  VDWAALS    =      7890.7799
 EELEC  =  -4049362.8262  EHBOND  =         0.0000  RESTRAINT  =         0.0000
 ------------------------------------------------------------------------------


 NSTEP =      559   TIME(PS) =       0.559  TEMP(K) =   183.72  PRESS =     0.0
 Etot   =  -4036981.7171  EKtot   =      4485.5401  EPtot      =  -4041467.2572
 BOND   =         0.0000  ANGLE   =         0.0000  DIHED      =         0.0000
 1-4 NB =         0.0000  1-4 EEL =         0.0000  VDWAALS    =      7894.0346
 EELEC  =  -4049361.2918  EHBOND  =         0.0000  RESTRAINT  =         0.0000
 ------------------------------------------------------------------------------


 NSTEP =      560   TIME(PS) =       0.560  TEMP(K) =   183.55  PRESS =     0.0
 Etot   =  -4036981.7053  EKtot   =      4481.5136  EPtot      =  -4041463.2189
 BOND   =         0.0000  ANGLE   =         0.0000  DIHED      =         0.0000
 1-4 NB =         0.0000  1-4 EEL =         0.0000  VDWAALS    =      7897.1877
 EELEC  =  -4049360.4066  EHBOND  =         0.0000  RESTRAINT  =         0.0000
 ------------------------------------------------------------------------------


 NSTEP =      561   TIME(PS) =       0.561  TEMP(K) =   183.42  PRESS =     0.0
 Etot   =  -4036981.6968  EKtot   =      4478.4222  EPtot      =  -4041460.1190
 BOND   =         0.0000  ANGLE   =         0.0000  DIHED      =         0.0000
 1-4 NB =         0.0000  1-4 EEL =         0.0000  VDWAALS    =      7900.2033
 EELEC  =  -4049360.3222  EHBOND  =         0.0000  RESTRAINT  =         0.0000
 ------------------------------------------------------------------------------


 NSTEP =      562   TIME(PS) =       0.562  TEMP(K) =   183.34  PRESS =     0.0
 Etot   =  -4036981.6922  EKtot   =      4476.4020  EPtot      =  -4041458.0942
 BOND   =         0.0000  ANGLE   =         0.0000  DIHED      =         0.0000
 1-4 NB =         0.0000  1-4 EEL =         0.0000  VDWAALS    =      7903.0526
 EELEC  =  -4049361.1468  EHBOND  =         0.0000  RESTRAINT  =         0.0000
 ------------------------------------------------------------------------------


 NSTEP =      563   TIME(PS) =       0.563  TEMP(K) =   183.31  PRESS =     0.0
 Etot   =  -4036981.6936  EKtot   =      4475.5170  EPtot      =  -4041457.2106
 BOND   =         0.0000  ANGLE   =         0.0000  DIHED      =         0.0000
 1-4 NB =         0.0000  1-4 EEL =         0.0000  VDWAALS    =      7905.7146
 EELEC  =  -4049362.9251  EHBOND  =         0.0000  RESTRAINT  =         0.0000
 ------------------------------------------------------------------------------


 NSTEP =      564   TIME(PS) =       0.564  TEMP(K) =   183.31  PRESS =     0.0
 Etot   =  -4036981.7016  EKtot   =      4475.7429  EPtot      =  -4041457.4445
 BOND   =         0.0000  ANGLE   =         0.0000  DIHED      =         0.0000
 1-4 NB =         0.0000  1-4 EEL =         0.0000  VDWAALS    =      7908.1755
 EELEC  =  -4049365.6200  EHBOND  =         0.0000  RESTRAINT  =         0.0000
 ------------------------------------------------------------------------------


 NSTEP =      565   TIME(PS) =       0.565  TEMP(K) =   183.36  PRESS =     0.0
 Etot   =  -4036981.7156  EKtot   =      4476.9622  EPtot      =  -4041458.6777
 BOND   =         0.0000  ANGLE   =         0.0000  DIHED      =         0.0000
 1-4 NB =         0.0000  1-4 EEL =         0.0000  VDWAALS    =      7910.4284
 EELEC  =  -4049369.1061  EHBOND  =         0.0000  RESTRAINT  =         0.0000
 ------------------------------------------------------------------------------


 NSTEP =      566   TIME(PS) =       0.566  TEMP(K) =   183.45  PRESS =     0.0
 Etot   =  -4036981.7333  EKtot   =      4478.9708  EPtot      =  -4041460.7041
 BOND   =         0.0000  ANGLE   =         0.0000  DIHED      =         0.0000
 1-4 NB =         0.0000  1-4 EEL =         0.0000  VDWAALS    =      7912.4719
 EELEC  =  -4049373.1760  EHBOND  =         0.0000  RESTRAINT  =         0.0000
 ------------------------------------------------------------------------------


 NSTEP =      567   TIME(PS) =       0.567  TEMP(K) =   183.55  PRESS =     0.0
 Etot   =  -4036981.7545  EKtot   =      4481.4969  EPtot      =  -4041463.2514
 BOND   =         0.0000  ANGLE   =         0.0000  DIHED      =         0.0000
 1-4 NB =         0.0000  1-4 EEL =         0.0000  VDWAALS    =      7914.3097
 EELEC  =  -4049377.5610  EHBOND  =         0.0000  RESTRAINT  =         0.0000
 ------------------------------------------------------------------------------


 NSTEP =      568   TIME(PS) =       0.568  TEMP(K) =   183.66  PRESS =     0.0
 Etot   =  -4036981.7769  EKtot   =      4484.2277  EPtot      =  -4041466.0047
 BOND   =         0.0000  ANGLE   =         0.0000  DIHED      =         0.0000
 1-4 NB =         0.0000  1-4 EEL =         0.0000  VDWAALS    =      7915.9484
 EELEC  =  -4049381.9531  EHBOND  =         0.0000  RESTRAINT  =         0.0000
 ------------------------------------------------------------------------------


 NSTEP =      569   TIME(PS) =       0.569  TEMP(K) =   183.77  PRESS =     0.0
 Etot   =  -4036981.7973  EKtot   =      4486.8431  EPtot      =  -4041468.6404
 BOND   =         0.0000  ANGLE   =         0.0000  DIHED      =         0.0000
 1-4 NB =         0.0000  1-4 EEL =         0.0000  VDWAALS    =      7917.3975
 EELEC  =  -4049386.0379  EHBOND  =         0.0000  RESTRAINT  =         0.0000
 ------------------------------------------------------------------------------


 NSTEP =      570   TIME(PS) =       0.570  TEMP(K) =   183.86  PRESS =     0.0
 Etot   =  -4036981.8136  EKtot   =      4489.0509  EPtot      =  -4041470.8645
 BOND   =         0.0000  ANGLE   =         0.0000  DIHED      =         0.0000
 1-4 NB =         0.0000  1-4 EEL =         0.0000  VDWAALS    =      7918.6673
 EELEC  =  -4049389.5318  EHBOND  =         0.0000  RESTRAINT  =         0.0000
 ------------------------------------------------------------------------------


 NSTEP =      571   TIME(PS) =       0.571  TEMP(K) =   183.92  PRESS =     0.0
 Etot   =  -4036981.8249  EKtot   =      4490.6218  EPtot      =  -4041472.4468
 BOND   =         0.0000  ANGLE   =         0.0000  DIHED      =         0.0000
 1-4 NB =         0.0000  1-4 EEL =         0.0000  VDWAALS    =      7919.7692
 EELEC  =  -4049392.2160  EHBOND  =         0.0000  RESTRAINT  =         0.0000
 ------------------------------------------------------------------------------


 NSTEP =      572   TIME(PS) =       0.572  TEMP(K) =   183.96  PRESS =     0.0
 Etot   =  -4036981.8288  EKtot   =      4491.4197  EPtot      =  -4041473.2485
 BOND   =         0.0000  ANGLE   =         0.0000  DIHED      =         0.0000
 1-4 NB =         0.0000  1-4 EEL =         0.0000  VDWAALS    =      7920.7147
 EELEC  =  -4049393.9632  EHBOND  =         0.0000  RESTRAINT  =         0.0000
 ------------------------------------------------------------------------------


 NSTEP =      573   TIME(PS) =       0.573  TEMP(K) =   183.96  PRESS =     0.0
 Etot   =  -4036981.8239  EKtot   =      4491.4238  EPtot      =  -4041473.2477
 BOND   =         0.0000  ANGLE   =         0.0000  DIHED      =         0.0000
 1-4 NB =         0.0000  1-4 EEL =         0.0000  VDWAALS    =      7921.5154
 EELEC  =  -4049394.7631  EHBOND  =         0.0000  RESTRAINT  =         0.0000
 ------------------------------------------------------------------------------


 NSTEP =      574   TIME(PS) =       0.574  TEMP(K) =   183.93  PRESS =     0.0
 Etot   =  -4036981.8114  EKtot   =      4490.7395  EPtot      =  -4041472.5509
 BOND   =         0.0000  ANGLE   =         0.0000  DIHED      =         0.0000
 1-4 NB =         0.0000  1-4 EEL =         0.0000  VDWAALS    =      7922.1834
 EELEC  =  -4049394.7343  EHBOND  =         0.0000  RESTRAINT  =         0.0000
 ------------------------------------------------------------------------------


 NSTEP =      575   TIME(PS) =       0.575  TEMP(K) =   183.88  PRESS =     0.0
 Etot   =  -4036981.7922  EKtot   =      4489.5938  EPtot      =  -4041471.3860
 BOND   =         0.0000  ANGLE   =         0.0000  DIHED      =         0.0000
 1-4 NB =         0.0000  1-4 EEL =         0.0000  VDWAALS    =      7922.7316
 EELEC  =  -4049394.1176  EHBOND  =         0.0000  RESTRAINT  =         0.0000
 ------------------------------------------------------------------------------


 NSTEP =      576   TIME(PS) =       0.576  TEMP(K) =   183.83  PRESS =     0.0
 Etot   =  -4036981.7680  EKtot   =      4488.3134  EPtot      =  -4041470.0813
 BOND   =         0.0000  ANGLE   =         0.0000  DIHED      =         0.0000
 1-4 NB =         0.0000  1-4 EEL =         0.0000  VDWAALS    =      7923.1739
 EELEC  =  -4049393.2553  EHBOND  =         0.0000  RESTRAINT  =         0.0000
 ------------------------------------------------------------------------------


 NSTEP =      577   TIME(PS) =       0.577  TEMP(K) =   183.79  PRESS =     0.0
 Etot   =  -4036981.7424  EKtot   =      4487.2873  EPtot      =  -4041469.0297
 BOND   =         0.0000  ANGLE   =         0.0000  DIHED      =         0.0000
 1-4 NB =         0.0000  1-4 EEL =         0.0000  VDWAALS    =      7923.5258
 EELEC  =  -4049392.5555  EHBOND  =         0.0000  RESTRAINT  =         0.0000
 ------------------------------------------------------------------------------


 NSTEP =      578   TIME(PS) =       0.578  TEMP(K) =   183.77  PRESS =     0.0
 Etot   =  -4036981.7191  EKtot   =      4486.9186  EPtot      =  -4041468.6376
 BOND   =         0.0000  ANGLE   =         0.0000  DIHED      =         0.0000
 1-4 NB =         0.0000  1-4 EEL =         0.0000  VDWAALS    =      7923.8037
 EELEC  =  -4049392.4413  EHBOND  =         0.0000  RESTRAINT  =         0.0000
 ------------------------------------------------------------------------------


 NSTEP =      579   TIME(PS) =       0.579  TEMP(K) =   183.80  PRESS =     0.0
 Etot   =  -4036981.7012  EKtot   =      4487.5708  EPtot      =  -4041469.2720
 BOND   =         0.0000  ANGLE   =         0.0000  DIHED      =         0.0000
 1-4 NB =         0.0000  1-4 EEL =         0.0000  VDWAALS    =      7924.0253
 EELEC  =  -4049393.2973  EHBOND  =         0.0000  RESTRAINT  =         0.0000
 ------------------------------------------------------------------------------


 NSTEP =      580   TIME(PS) =       0.580  TEMP(K) =   183.88  PRESS =     0.0
 Etot   =  -4036981.6911  EKtot   =      4489.5195  EPtot      =  -4041471.2105
 BOND   =         0.0000  ANGLE   =         0.0000  DIHED      =         0.0000
 1-4 NB =         0.0000  1-4 EEL =         0.0000  VDWAALS    =      7924.2087
 EELEC  =  -4049395.4192  EHBOND  =         0.0000  RESTRAINT  =         0.0000
 ------------------------------------------------------------------------------


 NSTEP =      581   TIME(PS) =       0.581  TEMP(K) =   184.02  PRESS =     0.0
 Etot   =  -4036981.6905  EKtot   =      4492.9141  EPtot      =  -4041474.6046
 BOND   =         0.0000  ANGLE   =         0.0000  DIHED      =         0.0000
 1-4 NB =         0.0000  1-4 EEL =         0.0000  VDWAALS    =      7924.3710
 EELEC  =  -4049398.9756  EHBOND  =         0.0000  RESTRAINT  =         0.0000
 ------------------------------------------------------------------------------


 NSTEP =      582   TIME(PS) =       0.582  TEMP(K) =   184.22  PRESS =     0.0
 Etot   =  -4036981.6994  EKtot   =      4497.7583  EPtot      =  -4041479.4577
 BOND   =         0.0000  ANGLE   =         0.0000  DIHED      =         0.0000
 1-4 NB =         0.0000  1-4 EEL =         0.0000  VDWAALS    =      7924.5279
 EELEC  =  -4049403.9856  EHBOND  =         0.0000  RESTRAINT  =         0.0000
 ------------------------------------------------------------------------------


 NSTEP =      583   TIME(PS) =       0.583  TEMP(K) =   184.47  PRESS =     0.0
 Etot   =  -4036981.7166  EKtot   =      4503.9105  EPtot      =  -4041485.6271
 BOND   =         0.0000  ANGLE   =         0.0000  DIHED      =         0.0000
 1-4 NB =         0.0000  1-4 EEL =         0.0000  VDWAALS    =      7924.6918
 EELEC  =  -4049410.3189  EHBOND  =         0.0000  RESTRAINT  =         0.0000
 ------------------------------------------------------------------------------


 NSTEP =      584   TIME(PS) =       0.584  TEMP(K) =   184.76  PRESS =     0.0
 Etot   =  -4036981.7402  EKtot   =      4511.1012  EPtot      =  -4041492.8414
 BOND   =         0.0000  ANGLE   =         0.0000  DIHED      =         0.0000
 1-4 NB =         0.0000  1-4 EEL =         0.0000  VDWAALS    =      7924.8715
 EELEC  =  -4049417.7129  EHBOND  =         0.0000  RESTRAINT  =         0.0000
 ------------------------------------------------------------------------------


 NSTEP =      585   TIME(PS) =       0.585  TEMP(K) =   185.08  PRESS =     0.0
 Etot   =  -4036981.7672  EKtot   =      4518.9653  EPtot      =  -4041500.7325
 BOND   =         0.0000  ANGLE   =         0.0000  DIHED      =         0.0000
 1-4 NB =         0.0000  1-4 EEL =         0.0000  VDWAALS    =      7925.0712
 EELEC  =  -4049425.8038  EHBOND  =         0.0000  RESTRAINT  =         0.0000
 ------------------------------------------------------------------------------


 NSTEP =      586   TIME(PS) =       0.586  TEMP(K) =   185.42  PRESS =     0.0
 Etot   =  -4036981.7954  EKtot   =      4527.0811  EPtot      =  -4041508.8765
 BOND   =         0.0000  ANGLE   =         0.0000  DIHED      =         0.0000
 1-4 NB =         0.0000  1-4 EEL =         0.0000  VDWAALS    =      7925.2907
 EELEC  =  -4049434.1671  EHBOND  =         0.0000  RESTRAINT  =         0.0000
 ------------------------------------------------------------------------------


 NSTEP =      587   TIME(PS) =       0.587  TEMP(K) =   185.74  PRESS =     0.0
 Etot   =  -4036981.8222  EKtot   =      4535.0111  EPtot      =  -4041516.8332
 BOND   =         0.0000  ANGLE   =         0.0000  DIHED      =         0.0000
 1-4 NB =         0.0000  1-4 EEL =         0.0000  VDWAALS    =      7925.5250
 EELEC  =  -4049442.3583  EHBOND  =         0.0000  RESTRAINT  =         0.0000
 ------------------------------------------------------------------------------


 NSTEP =      588   TIME(PS) =       0.588  TEMP(K) =   186.04  PRESS =     0.0
 Etot   =  -4036981.8453  EKtot   =      4542.3399  EPtot      =  -4041524.1852
 BOND   =         0.0000  ANGLE   =         0.0000  DIHED      =         0.0000
 1-4 NB =         0.0000  1-4 EEL =         0.0000  VDWAALS    =      7925.7659
 EELEC  =  -4049449.9511  EHBOND  =         0.0000  RESTRAINT  =         0.0000
 ------------------------------------------------------------------------------


 NSTEP =      589   TIME(PS) =       0.589  TEMP(K) =   186.30  PRESS =     0.0
 Etot   =  -4036981.8634  EKtot   =      4548.7051  EPtot      =  -4041530.5684
 BOND   =         0.0000  ANGLE   =         0.0000  DIHED      =         0.0000
 1-4 NB =         0.0000  1-4 EEL =         0.0000  VDWAALS    =      7926.0023
 EELEC  =  -4049456.5708  EHBOND  =         0.0000  RESTRAINT  =         0.0000
 ------------------------------------------------------------------------------


 NSTEP =      590   TIME(PS) =       0.590  TEMP(K) =   186.51  PRESS =     0.0
 Etot   =  -4036981.8752  EKtot   =      4553.8208  EPtot      =  -4041535.6960
 BOND   =         0.0000  ANGLE   =         0.0000  DIHED      =         0.0000
 1-4 NB =         0.0000  1-4 EEL =         0.0000  VDWAALS    =      7926.2219
 EELEC  =  -4049461.9178  EHBOND  =         0.0000  RESTRAINT  =         0.0000
 ------------------------------------------------------------------------------


 NSTEP =      591   TIME(PS) =       0.591  TEMP(K) =   186.66  PRESS =     0.0
 Etot   =  -4036981.8808  EKtot   =      4557.4931  EPtot      =  -4041539.3739
 BOND   =         0.0000  ANGLE   =         0.0000  DIHED      =         0.0000
 1-4 NB =         0.0000  1-4 EEL =         0.0000  VDWAALS    =      7926.4120
 EELEC  =  -4049465.7859  EHBOND  =         0.0000  RESTRAINT  =         0.0000
 ------------------------------------------------------------------------------


 NSTEP =      592   TIME(PS) =       0.592  TEMP(K) =   186.75  PRESS =     0.0
 Etot   =  -4036981.8796  EKtot   =      4559.6285  EPtot      =  -4041541.5081
 BOND   =         0.0000  ANGLE   =         0.0000  DIHED      =         0.0000
 1-4 NB =         0.0000  1-4 EEL =         0.0000  VDWAALS    =      7926.5611
 EELEC  =  -4049468.0692  EHBOND  =         0.0000  RESTRAINT  =         0.0000
 ------------------------------------------------------------------------------


 NSTEP =      593   TIME(PS) =       0.593  TEMP(K) =   186.78  PRESS =     0.0
 Etot   =  -4036981.8715  EKtot   =      4560.2360  EPtot      =  -4041542.1075
 BOND   =         0.0000  ANGLE   =         0.0000  DIHED      =         0.0000
 1-4 NB =         0.0000  1-4 EEL =         0.0000  VDWAALS    =      7926.6600
 EELEC  =  -4049468.7675  EHBOND  =         0.0000  RESTRAINT  =         0.0000
 ------------------------------------------------------------------------------


 NSTEP =      594   TIME(PS) =       0.594  TEMP(K) =   186.74  PRESS =     0.0
 Etot   =  -4036981.8582  EKtot   =      4559.4228  EPtot      =  -4041541.2810
 BOND   =         0.0000  ANGLE   =         0.0000  DIHED      =         0.0000
 1-4 NB =         0.0000  1-4 EEL =         0.0000  VDWAALS    =      7926.7021
 EELEC  =  -4049467.9831  EHBOND  =         0.0000  RESTRAINT  =         0.0000
 ------------------------------------------------------------------------------


 NSTEP =      595   TIME(PS) =       0.595  TEMP(K) =   186.66  PRESS =     0.0
 Etot   =  -4036981.8399  EKtot   =      4557.3851  EPtot      =  -4041539.2250
 BOND   =         0.0000  ANGLE   =         0.0000  DIHED      =         0.0000
 1-4 NB =         0.0000  1-4 EEL =         0.0000  VDWAALS    =      7926.6848
 EELEC  =  -4049465.9098  EHBOND  =         0.0000  RESTRAINT  =         0.0000
 ------------------------------------------------------------------------------


 NSTEP =      596   TIME(PS) =       0.596  TEMP(K) =   186.54  PRESS =     0.0
 Etot   =  -4036981.8182  EKtot   =      4554.3920  EPtot      =  -4041536.2102
 BOND   =         0.0000  ANGLE   =         0.0000  DIHED      =         0.0000
 1-4 NB =         0.0000  1-4 EEL =         0.0000  VDWAALS    =      7926.6093
 EELEC  =  -4049462.8196  EHBOND  =         0.0000  RESTRAINT  =         0.0000
 ------------------------------------------------------------------------------


 NSTEP =      597   TIME(PS) =       0.597  TEMP(K) =   186.39  PRESS =     0.0
 Etot   =  -4036981.7949  EKtot   =      4550.7657  EPtot      =  -4041532.5607
 BOND   =         0.0000  ANGLE   =         0.0000  DIHED      =         0.0000
 1-4 NB =         0.0000  1-4 EEL =         0.0000  VDWAALS    =      7926.4819
 EELEC  =  -4049459.0426  EHBOND  =         0.0000  RESTRAINT  =         0.0000
 ------------------------------------------------------------------------------


 NSTEP =      598   TIME(PS) =       0.598  TEMP(K) =   186.23  PRESS =     0.0
 Etot   =  -4036981.7719  EKtot   =      4546.8565  EPtot      =  -4041528.6284
 BOND   =         0.0000  ANGLE   =         0.0000  DIHED      =         0.0000
 1-4 NB =         0.0000  1-4 EEL =         0.0000  VDWAALS    =      7926.3133
 EELEC  =  -4049454.9417  EHBOND  =         0.0000  RESTRAINT  =         0.0000
 ------------------------------------------------------------------------------


 NSTEP =      599   TIME(PS) =       0.599  TEMP(K) =   186.07  PRESS =     0.0
 Etot   =  -4036981.7510  EKtot   =      4543.0153  EPtot      =  -4041524.7663
 BOND   =         0.0000  ANGLE   =         0.0000  DIHED      =         0.0000
 1-4 NB =         0.0000  1-4 EEL =         0.0000  VDWAALS    =      7926.1192
 EELEC  =  -4049450.8855  EHBOND  =         0.0000  RESTRAINT  =         0.0000
 ------------------------------------------------------------------------------


 NSTEP =      600   TIME(PS) =       0.600  TEMP(K) =   185.93  PRESS =     0.0
 Etot   =  -4036981.7336  EKtot   =      4539.5665  EPtot      =  -4041521.3001
 BOND   =         0.0000  ANGLE   =         0.0000  DIHED      =         0.0000
 1-4 NB =         0.0000  1-4 EEL =         0.0000  VDWAALS    =      7925.9201
 EELEC  =  -4049447.2202  EHBOND  =         0.0000  RESTRAINT  =         0.0000
 ------------------------------------------------------------------------------


 NSTEP =      601   TIME(PS) =       0.601  TEMP(K) =   185.81  PRESS =     0.0
 Etot   =  -4036981.7208  EKtot   =      4536.7850  EPtot      =  -4041518.5058
 BOND   =         0.0000  ANGLE   =         0.0000  DIHED      =         0.0000
 1-4 NB =         0.0000  1-4 EEL =         0.0000  VDWAALS    =      7925.7409
 EELEC  =  -4049444.2467  EHBOND  =         0.0000  RESTRAINT  =         0.0000
 ------------------------------------------------------------------------------


 NSTEP =      602   TIME(PS) =       0.602  TEMP(K) =   185.74  PRESS =     0.0
 Etot   =  -4036981.7135  EKtot   =      4534.8785  EPtot      =  -4041516.5920
 BOND   =         0.0000  ANGLE   =         0.0000  DIHED      =         0.0000
 1-4 NB =         0.0000  1-4 EEL =         0.0000  VDWAALS    =      7925.6100
 EELEC  =  -4049442.2020  EHBOND  =         0.0000  RESTRAINT  =         0.0000
 ------------------------------------------------------------------------------


 NSTEP =      603   TIME(PS) =       0.603  TEMP(K) =   185.70  PRESS =     0.0
 Etot   =  -4036981.7115  EKtot   =      4533.9778  EPtot      =  -4041515.6893
 BOND   =         0.0000  ANGLE   =         0.0000  DIHED      =         0.0000
 1-4 NB =         0.0000  1-4 EEL =         0.0000  VDWAALS    =      7925.5584
 EELEC  =  -4049441.2478  EHBOND  =         0.0000  RESTRAINT  =         0.0000
 ------------------------------------------------------------------------------


 NSTEP =      604   TIME(PS) =       0.604  TEMP(K) =   185.71  PRESS =     0.0
 Etot   =  -4036981.7143  EKtot   =      4534.1337  EPtot      =  -4041515.8481
 BOND   =         0.0000  ANGLE   =         0.0000  DIHED      =         0.0000
 1-4 NB =         0.0000  1-4 EEL =         0.0000  VDWAALS    =      7925.6187
 EELEC  =  -4049441.4668  EHBOND  =         0.0000  RESTRAINT  =         0.0000
 ------------------------------------------------------------------------------


 NSTEP =      605   TIME(PS) =       0.605  TEMP(K) =   185.75  PRESS =     0.0
 Etot   =  -4036981.7214  EKtot   =      4535.3211  EPtot      =  -4041517.0425
 BOND   =         0.0000  ANGLE   =         0.0000  DIHED      =         0.0000
 1-4 NB =         0.0000  1-4 EEL =         0.0000  VDWAALS    =      7925.8229
 EELEC  =  -4049442.8655  EHBOND  =         0.0000  RESTRAINT  =         0.0000
 ------------------------------------------------------------------------------


 NSTEP =      606   TIME(PS) =       0.606  TEMP(K) =   185.84  PRESS =     0.0
 Etot   =  -4036981.7323  EKtot   =      4537.4472  EPtot      =  -4041519.1795
 BOND   =         0.0000  ANGLE   =         0.0000  DIHED      =         0.0000
 1-4 NB =         0.0000  1-4 EEL =         0.0000  VDWAALS    =      7926.2012
 EELEC  =  -4049445.3807  EHBOND  =         0.0000  RESTRAINT  =         0.0000
 ------------------------------------------------------------------------------


 NSTEP =      607   TIME(PS) =       0.607  TEMP(K) =   185.96  PRESS =     0.0
 Etot   =  -4036981.7459  EKtot   =      4540.3636  EPtot      =  -4041522.1096
 BOND   =         0.0000  ANGLE   =         0.0000  DIHED      =         0.0000
 1-4 NB =         0.0000  1-4 EEL =         0.0000  VDWAALS    =      7926.7797
 EELEC  =  -4049448.8893  EHBOND  =         0.0000  RESTRAINT  =         0.0000
 ------------------------------------------------------------------------------


 NSTEP =      608   TIME(PS) =       0.608  TEMP(K) =   186.11  PRESS =     0.0
 Etot   =  -4036981.7608  EKtot   =      4543.8809  EPtot      =  -4041525.6417
 BOND   =         0.0000  ANGLE   =         0.0000  DIHED      =         0.0000
 1-4 NB =         0.0000  1-4 EEL =         0.0000  VDWAALS    =      7927.5791
 EELEC  =  -4049453.2209  EHBOND  =         0.0000  RESTRAINT  =         0.0000
 ------------------------------------------------------------------------------


 NSTEP =      609   TIME(PS) =       0.609  TEMP(K) =   186.27  PRESS =     0.0
 Etot   =  -4036981.7764  EKtot   =      4547.7849  EPtot      =  -4041529.5613
 BOND   =         0.0000  ANGLE   =         0.0000  DIHED      =         0.0000
 1-4 NB =         0.0000  1-4 EEL =         0.0000  VDWAALS    =      7928.6132
 EELEC  =  -4049458.1745  EHBOND  =         0.0000  RESTRAINT  =         0.0000
 ------------------------------------------------------------------------------


 NSTEP =      610   TIME(PS) =       0.610  TEMP(K) =   186.43  PRESS =     0.0
 Etot   =  -4036981.7916  EKtot   =      4551.8559  EPtot      =  -4041533.6475
 BOND   =         0.0000  ANGLE   =         0.0000  DIHED      =         0.0000
 1-4 NB =         0.0000  1-4 EEL =         0.0000  VDWAALS    =      7929.8873
 EELEC  =  -4049463.5349  EHBOND  =         0.0000  RESTRAINT  =         0.0000
 ------------------------------------------------------------------------------


 NSTEP =      611   TIME(PS) =       0.611  TEMP(K) =   186.60  PRESS =     0.0
 Etot   =  -4036981.8045  EKtot   =      4555.8886  EPtot      =  -4041537.6931
 BOND   =         0.0000  ANGLE   =         0.0000  DIHED      =         0.0000
 1-4 NB =         0.0000  1-4 EEL =         0.0000  VDWAALS    =      7931.3988
 EELEC  =  -4049469.0919  EHBOND  =         0.0000  RESTRAINT  =         0.0000
 ------------------------------------------------------------------------------


 NSTEP =      612   TIME(PS) =       0.612  TEMP(K) =   186.75  PRESS =     0.0
 Etot   =  -4036981.8140  EKtot   =      4559.7120  EPtot      =  -4041541.5260
 BOND   =         0.0000  ANGLE   =         0.0000  DIHED      =         0.0000
 1-4 NB =         0.0000  1-4 EEL =         0.0000  VDWAALS    =      7933.1365
 EELEC  =  -4049474.6624  EHBOND  =         0.0000  RESTRAINT  =         0.0000
 ------------------------------------------------------------------------------


 NSTEP =      613   TIME(PS) =       0.613  TEMP(K) =   186.90  PRESS =     0.0
 Etot   =  -4036981.8196  EKtot   =      4563.2072  EPtot      =  -4041545.0268
 BOND   =         0.0000  ANGLE   =         0.0000  DIHED      =         0.0000
 1-4 NB =         0.0000  1-4 EEL =         0.0000  VDWAALS    =      7935.0821
 EELEC  =  -4049480.1088  EHBOND  =         0.0000  RESTRAINT  =         0.0000
 ------------------------------------------------------------------------------


 NSTEP =      614   TIME(PS) =       0.614  TEMP(K) =   187.02  PRESS =     0.0
 Etot   =  -4036981.8207  EKtot   =      4566.3190  EPtot      =  -4041548.1397
 BOND   =         0.0000  ANGLE   =         0.0000  DIHED      =         0.0000
 1-4 NB =         0.0000  1-4 EEL =         0.0000  VDWAALS    =      7937.2118
 EELEC  =  -4049485.3514  EHBOND  =         0.0000  RESTRAINT  =         0.0000
 ------------------------------------------------------------------------------


 NSTEP =      615   TIME(PS) =       0.615  TEMP(K) =   187.14  PRESS =     0.0
 Etot   =  -4036981.8175  EKtot   =      4569.0590  EPtot      =  -4041550.8766
 BOND   =         0.0000  ANGLE   =         0.0000  DIHED      =         0.0000
 1-4 NB =         0.0000  1-4 EEL =         0.0000  VDWAALS    =      7939.4985
 EELEC  =  -4049490.3751  EHBOND  =         0.0000  RESTRAINT  =         0.0000
 ------------------------------------------------------------------------------


 NSTEP =      616   TIME(PS) =       0.616  TEMP(K) =   187.24  PRESS =     0.0
 Etot   =  -4036981.8114  EKtot   =      4571.4987  EPtot      =  -4041553.3101
 BOND   =         0.0000  ANGLE   =         0.0000  DIHED      =         0.0000
 1-4 NB =         0.0000  1-4 EEL =         0.0000  VDWAALS    =      7941.9143
 EELEC  =  -4049495.2244  EHBOND  =         0.0000  RESTRAINT  =         0.0000
 ------------------------------------------------------------------------------


 NSTEP =      617   TIME(PS) =       0.617  TEMP(K) =   187.33  PRESS =     0.0
 Etot   =  -4036981.8039  EKtot   =      4573.7503  EPtot      =  -4041555.5542
 BOND   =         0.0000  ANGLE   =         0.0000  DIHED      =         0.0000
 1-4 NB =         0.0000  1-4 EEL =         0.0000  VDWAALS    =      7944.4327
 EELEC  =  -4049499.9868  EHBOND  =         0.0000  RESTRAINT  =         0.0000
 ------------------------------------------------------------------------------


 NSTEP =      618   TIME(PS) =       0.618  TEMP(K) =   187.42  PRESS =     0.0
 Etot   =  -4036981.7977  EKtot   =      4575.9396  EPtot      =  -4041557.7373
 BOND   =         0.0000  ANGLE   =         0.0000  DIHED      =         0.0000
 1-4 NB =         0.0000  1-4 EEL =         0.0000  VDWAALS    =      7947.0309
 EELEC  =  -4049504.7682  EHBOND  =         0.0000  RESTRAINT  =         0.0000
 ------------------------------------------------------------------------------


 NSTEP =      619   TIME(PS) =       0.619  TEMP(K) =   187.51  PRESS =     0.0
 Etot   =  -4036981.7945  EKtot   =      4578.1741  EPtot      =  -4041559.9686
 BOND   =         0.0000  ANGLE   =         0.0000  DIHED      =         0.0000
 1-4 NB =         0.0000  1-4 EEL =         0.0000  VDWAALS    =      7949.6914
 EELEC  =  -4049509.6600  EHBOND  =         0.0000  RESTRAINT  =         0.0000
 ------------------------------------------------------------------------------


 NSTEP =      620   TIME(PS) =       0.620  TEMP(K) =   187.61  PRESS =     0.0
 Etot   =  -4036981.7957  EKtot   =      4580.5132  EPtot      =  -4041562.3089
 BOND   =         0.0000  ANGLE   =         0.0000  DIHED      =         0.0000
 1-4 NB =         0.0000  1-4 EEL =         0.0000  VDWAALS    =      7952.4025
 EELEC  =  -4049514.7115  EHBOND  =         0.0000  RESTRAINT  =         0.0000
 ------------------------------------------------------------------------------


 NSTEP =      621   TIME(PS) =       0.621  TEMP(K) =   187.71  PRESS =     0.0
 Etot   =  -4036981.8024  EKtot   =      4582.9474  EPtot      =  -4041564.7499
 BOND   =         0.0000  ANGLE   =         0.0000  DIHED      =         0.0000
 1-4 NB =         0.0000  1-4 EEL =         0.0000  VDWAALS    =      7955.1584
 EELEC  =  -4049519.9083  EHBOND  =         0.0000  RESTRAINT  =         0.0000
 ------------------------------------------------------------------------------


 NSTEP =      622   TIME(PS) =       0.622  TEMP(K) =   187.81  PRESS =     0.0
 Etot   =  -4036981.8140  EKtot   =      4585.3904  EPtot      =  -4041567.2044
 BOND   =         0.0000  ANGLE   =         0.0000  DIHED      =         0.0000
 1-4 NB =         0.0000  1-4 EEL =         0.0000  VDWAALS    =      7957.9585
 EELEC  =  -4049525.1629  EHBOND  =         0.0000  RESTRAINT  =         0.0000
 ------------------------------------------------------------------------------


 NSTEP =      623   TIME(PS) =       0.623  TEMP(K) =   187.90  PRESS =     0.0
 Etot   =  -4036981.8287  EKtot   =      4587.6862  EPtot      =  -4041569.5150
 BOND   =         0.0000  ANGLE   =         0.0000  DIHED      =         0.0000
 1-4 NB =         0.0000  1-4 EEL =         0.0000  VDWAALS    =      7960.8059
 EELEC  =  -4049530.3209  EHBOND  =         0.0000  RESTRAINT  =         0.0000
 ------------------------------------------------------------------------------


 NSTEP =      624   TIME(PS) =       0.624  TEMP(K) =   187.98  PRESS =     0.0
 Etot   =  -4036981.8447  EKtot   =      4589.6303  EPtot      =  -4041571.4749
 BOND   =         0.0000  ANGLE   =         0.0000  DIHED      =         0.0000
 1-4 NB =         0.0000  1-4 EEL =         0.0000  VDWAALS    =      7963.7057
 EELEC  =  -4049535.1806  EHBOND  =         0.0000  RESTRAINT  =         0.0000
 ------------------------------------------------------------------------------


 NSTEP =      625   TIME(PS) =       0.625  TEMP(K) =   188.04  PRESS =     0.0
 Etot   =  -4036981.8601  EKtot   =      4590.9958  EPtot      =  -4041572.8558
 BOND   =         0.0000  ANGLE   =         0.0000  DIHED      =         0.0000
 1-4 NB =         0.0000  1-4 EEL =         0.0000  VDWAALS    =      7966.6629
 EELEC  =  -4049539.5188  EHBOND  =         0.0000  RESTRAINT  =         0.0000
 ------------------------------------------------------------------------------


 NSTEP =      626   TIME(PS) =       0.626  TEMP(K) =   188.06  PRESS =     0.0
 Etot   =  -4036981.8731  EKtot   =      4591.5625  EPtot      =  -4041573.4356
 BOND   =         0.0000  ANGLE   =         0.0000  DIHED      =         0.0000
 1-4 NB =         0.0000  1-4 EEL =         0.0000  VDWAALS    =      7969.6810
 EELEC  =  -4049543.1166  EHBOND  =         0.0000  RESTRAINT  =         0.0000
 ------------------------------------------------------------------------------


 NSTEP =      627   TIME(PS) =       0.627  TEMP(K) =   188.04  PRESS =     0.0
 Etot   =  -4036981.8825  EKtot   =      4591.1399  EPtot      =  -4041573.0224
 BOND   =         0.0000  ANGLE   =         0.0000  DIHED      =         0.0000
 1-4 NB =         0.0000  1-4 EEL =         0.0000  VDWAALS    =      7972.7595
 EELEC  =  -4049545.7819  EHBOND  =         0.0000  RESTRAINT  =         0.0000
 ------------------------------------------------------------------------------


 NSTEP =      628   TIME(PS) =       0.628  TEMP(K) =   187.98  PRESS =     0.0
 Etot   =  -4036981.8879  EKtot   =      4589.5841  EPtot      =  -4041571.4720
 BOND   =         0.0000  ANGLE   =         0.0000  DIHED      =         0.0000
 1-4 NB =         0.0000  1-4 EEL =         0.0000  VDWAALS    =      7975.8927
 EELEC  =  -4049547.3647  EHBOND  =         0.0000  RESTRAINT  =         0.0000
 ------------------------------------------------------------------------------


 NSTEP =      629   TIME(PS) =       0.629  TEMP(K) =   187.86  PRESS =     0.0
 Etot   =  -4036981.8892  EKtot   =      4586.8076  EPtot      =  -4041568.6968
 BOND   =         0.0000  ANGLE   =         0.0000  DIHED      =         0.0000
 1-4 NB =         0.0000  1-4 EEL =         0.0000  VDWAALS    =      7979.0683
 EELEC  =  -4049547.7651  EHBOND  =         0.0000  RESTRAINT  =         0.0000
 ------------------------------------------------------------------------------


 NSTEP =      630   TIME(PS) =       0.630  TEMP(K) =   187.70  PRESS =     0.0
 Etot   =  -4036981.8861  EKtot   =      4582.7844  EPtot      =  -4041564.6705
 BOND   =         0.0000  ANGLE   =         0.0000  DIHED      =         0.0000
 1-4 NB =         0.0000  1-4 EEL =         0.0000  VDWAALS    =      7982.2670
 EELEC  =  -4049546.9375  EHBOND  =         0.0000  RESTRAINT  =         0.0000
 ------------------------------------------------------------------------------


 NSTEP =      631   TIME(PS) =       0.631  TEMP(K) =   187.48  PRESS =     0.0
 Etot   =  -4036981.8785  EKtot   =      4577.5542  EPtot      =  -4041559.4327
 BOND   =         0.0000  ANGLE   =         0.0000  DIHED      =         0.0000
 1-4 NB =         0.0000  1-4 EEL =         0.0000  VDWAALS    =      7985.4620
 EELEC  =  -4049544.8947  EHBOND  =         0.0000  RESTRAINT  =         0.0000
 ------------------------------------------------------------------------------


 NSTEP =      632   TIME(PS) =       0.632  TEMP(K) =   187.23  PRESS =     0.0
 Etot   =  -4036981.8664  EKtot   =      4571.2267  EPtot      =  -4041553.0931
 BOND   =         0.0000  ANGLE   =         0.0000  DIHED      =         0.0000
 1-4 NB =         0.0000  1-4 EEL =         0.0000  VDWAALS    =      7988.6196
 EELEC  =  -4049541.7127  EHBOND  =         0.0000  RESTRAINT  =         0.0000
 ------------------------------------------------------------------------------


 NSTEP =      633   TIME(PS) =       0.633  TEMP(K) =   186.93  PRESS =     0.0
 Etot   =  -4036981.8494  EKtot   =      4563.9874  EPtot      =  -4041545.8368
 BOND   =         0.0000  ANGLE   =         0.0000  DIHED      =         0.0000
 1-4 NB =         0.0000  1-4 EEL =         0.0000  VDWAALS    =      7991.7005
 EELEC  =  -4049537.5374  EHBOND  =         0.0000  RESTRAINT  =         0.0000
 ------------------------------------------------------------------------------


 NSTEP =      634   TIME(PS) =       0.634  TEMP(K) =   186.61  PRESS =     0.0
 Etot   =  -4036981.8272  EKtot   =      4556.1039  EPtot      =  -4041537.9311
 BOND   =         0.0000  ANGLE   =         0.0000  DIHED      =         0.0000
 1-4 NB =         0.0000  1-4 EEL =         0.0000  VDWAALS    =      7994.6614
 EELEC  =  -4049532.5925  EHBOND  =         0.0000  RESTRAINT  =         0.0000
 ------------------------------------------------------------------------------


 NSTEP =      635   TIME(PS) =       0.635  TEMP(K) =   186.27  PRESS =     0.0
 Etot   =  -4036981.8000  EKtot   =      4547.9274  EPtot      =  -4041529.7274
 BOND   =         0.0000  ANGLE   =         0.0000  DIHED      =         0.0000
 1-4 NB =         0.0000  1-4 EEL =         0.0000  VDWAALS    =      7997.4571
 EELEC  =  -4049527.1845  EHBOND  =         0.0000  RESTRAINT  =         0.0000
 ------------------------------------------------------------------------------


 NSTEP =      636   TIME(PS) =       0.636  TEMP(K) =   185.94  PRESS =     0.0
 Etot   =  -4036981.7690  EKtot   =      4539.8881  EPtot      =  -4041521.6570
 BOND   =         0.0000  ANGLE   =         0.0000  DIHED      =         0.0000
 1-4 NB =         0.0000  1-4 EEL =         0.0000  VDWAALS    =      8000.0433
 EELEC  =  -4049521.7003  EHBOND  =         0.0000  RESTRAINT  =         0.0000
 ------------------------------------------------------------------------------


 NSTEP =      637   TIME(PS) =       0.637  TEMP(K) =   185.64  PRESS =     0.0
 Etot   =  -4036981.7362  EKtot   =      4532.4782  EPtot      =  -4041514.2144
 BOND   =         0.0000  ANGLE   =         0.0000  DIHED      =         0.0000
 1-4 NB =         0.0000  1-4 EEL =         0.0000  VDWAALS    =      8002.3788
 EELEC  =  -4049516.5932  EHBOND  =         0.0000  RESTRAINT  =         0.0000
 ------------------------------------------------------------------------------


 NSTEP =      638   TIME(PS) =       0.638  TEMP(K) =   185.38  PRESS =     0.0
 Etot   =  -4036981.7041  EKtot   =      4526.2222  EPtot      =  -4041507.9263
 BOND   =         0.0000  ANGLE   =         0.0000  DIHED      =         0.0000
 1-4 NB =         0.0000  1-4 EEL =         0.0000  VDWAALS    =      8004.4283
 EELEC  =  -4049512.3545  EHBOND  =         0.0000  RESTRAINT  =         0.0000
 ------------------------------------------------------------------------------


 NSTEP =      639   TIME(PS) =       0.639  TEMP(K) =   185.19  PRESS =     0.0
 Etot   =  -4036981.6758  EKtot   =      4521.6336  EPtot      =  -4041503.3094
 BOND   =         0.0000  ANGLE   =         0.0000  DIHED      =         0.0000
 1-4 NB =         0.0000  1-4 EEL =         0.0000  VDWAALS    =      8006.1641
 EELEC  =  -4049509.4735  EHBOND  =         0.0000  RESTRAINT  =         0.0000
 ------------------------------------------------------------------------------


 NSTEP =      640   TIME(PS) =       0.640  TEMP(K) =   185.09  PRESS =     0.0
 Etot   =  -4036981.6551  EKtot   =      4519.1649  EPtot      =  -4041500.8200
 BOND   =         0.0000  ANGLE   =         0.0000  DIHED      =         0.0000
 1-4 NB =         0.0000  1-4 EEL =         0.0000  VDWAALS    =      8007.5682
 EELEC  =  -4049508.3882  EHBOND  =         0.0000  RESTRAINT  =         0.0000
 ------------------------------------------------------------------------------


 NSTEP =      641   TIME(PS) =       0.641  TEMP(K) =   185.09  PRESS =     0.0
 Etot   =  -4036981.6447  EKtot   =      4519.1558  EPtot      =  -4041500.8005
 BOND   =         0.0000  ANGLE   =         0.0000  DIHED      =         0.0000
 1-4 NB =         0.0000  1-4 EEL =         0.0000  VDWAALS    =      8008.6332
 EELEC  =  -4049509.4337  EHBOND  =         0.0000  RESTRAINT  =         0.0000
 ------------------------------------------------------------------------------


 NSTEP =      642   TIME(PS) =       0.642  TEMP(K) =   185.20  PRESS =     0.0
 Etot   =  -4036981.6461  EKtot   =      4521.7903  EPtot      =  -4041503.4363
 BOND   =         0.0000  ANGLE   =         0.0000  DIHED      =         0.0000
 1-4 NB =         0.0000  1-4 EEL =         0.0000  VDWAALS    =      8009.3635
 EELEC  =  -4049512.7998  EHBOND  =         0.0000  RESTRAINT  =         0.0000
 ------------------------------------------------------------------------------


 NSTEP =      643   TIME(PS) =       0.643  TEMP(K) =   185.42  PRESS =     0.0
 Etot   =  -4036981.6600  EKtot   =      4527.0675  EPtot      =  -4041508.7274
 BOND   =         0.0000  ANGLE   =         0.0000  DIHED      =         0.0000
 1-4 NB =         0.0000  1-4 EEL =         0.0000  VDWAALS    =      8009.7749
 EELEC  =  -4049518.5023  EHBOND  =         0.0000  RESTRAINT  =         0.0000
 ------------------------------------------------------------------------------


 NSTEP =      644   TIME(PS) =       0.644  TEMP(K) =   185.73  PRESS =     0.0
 Etot   =  -4036981.6860  EKtot   =      4534.7903  EPtot      =  -4041516.4762
 BOND   =         0.0000  ANGLE   =         0.0000  DIHED      =         0.0000
 1-4 NB =         0.0000  1-4 EEL =         0.0000  VDWAALS    =      8009.8949
 EELEC  =  -4049526.3712  EHBOND  =         0.0000  RESTRAINT  =         0.0000
 ------------------------------------------------------------------------------


 NSTEP =      645   TIME(PS) =       0.645  TEMP(K) =   186.13  PRESS =     0.0
 Etot   =  -4036981.7225  EKtot   =      4544.5734  EPtot      =  -4041526.2959
 BOND   =         0.0000  ANGLE   =         0.0000  DIHED      =         0.0000
 1-4 NB =         0.0000  1-4 EEL =         0.0000  VDWAALS    =      8009.7618
 EELEC  =  -4049536.0577  EHBOND  =         0.0000  RESTRAINT  =         0.0000
 ------------------------------------------------------------------------------


 NSTEP =      646   TIME(PS) =       0.646  TEMP(K) =   186.60  PRESS =     0.0
 Etot   =  -4036981.7668  EKtot   =      4555.8677  EPtot      =  -4041537.6345
 BOND   =         0.0000  ANGLE   =         0.0000  DIHED      =         0.0000
 1-4 NB =         0.0000  1-4 EEL =         0.0000  VDWAALS    =      8009.4226
 EELEC  =  -4049547.0570  EHBOND  =         0.0000  RESTRAINT  =         0.0000
 ------------------------------------------------------------------------------


 NSTEP =      647   TIME(PS) =       0.647  TEMP(K) =   187.09  PRESS =     0.0
 Etot   =  -4036981.8158  EKtot   =      4567.9982  EPtot      =  -4041549.8141
 BOND   =         0.0000  ANGLE   =         0.0000  DIHED      =         0.0000
 1-4 NB =         0.0000  1-4 EEL =         0.0000  VDWAALS    =      8008.9312
 EELEC  =  -4049558.7452  EHBOND  =         0.0000  RESTRAINT  =         0.0000
 ------------------------------------------------------------------------------


 NSTEP =      648   TIME(PS) =       0.648  TEMP(K) =   187.59  PRESS =     0.0
 Etot   =  -4036981.8666  EKtot   =      4580.2120  EPtot      =  -4041562.0786
 BOND   =         0.0000  ANGLE   =         0.0000  DIHED      =         0.0000
 1-4 NB =         0.0000  1-4 EEL =         0.0000  VDWAALS    =      8008.3455
 EELEC  =  -4049570.4241  EHBOND  =         0.0000  RESTRAINT  =         0.0000
 ------------------------------------------------------------------------------


 NSTEP =      649   TIME(PS) =       0.649  TEMP(K) =   188.07  PRESS =     0.0
 Etot   =  -4036981.9152  EKtot   =      4591.7323  EPtot      =  -4041573.6476
 BOND   =         0.0000  ANGLE   =         0.0000  DIHED      =         0.0000
 1-4 NB =         0.0000  1-4 EEL =         0.0000  VDWAALS    =      8007.7242
 EELEC  =  -4049581.3717  EHBOND  =         0.0000  RESTRAINT  =         0.0000
 ------------------------------------------------------------------------------


 NSTEP =      650   TIME(PS) =       0.650  TEMP(K) =   188.48  PRESS =     0.0
 Etot   =  -4036981.9577  EKtot   =      4601.8164  EPtot      =  -4041583.7741
 BOND   =         0.0000  ANGLE   =         0.0000  DIHED      =         0.0000
 1-4 NB =         0.0000  1-4 EEL =         0.0000  VDWAALS    =      8007.1231
 EELEC  =  -4049590.8971  EHBOND  =         0.0000  RESTRAINT  =         0.0000
 ------------------------------------------------------------------------------


 NSTEP =      651   TIME(PS) =       0.651  TEMP(K) =   188.81  PRESS =     0.0
 Etot   =  -4036981.9905  EKtot   =      4609.8139  EPtot      =  -4041591.8043
 BOND   =         0.0000  ANGLE   =         0.0000  DIHED      =         0.0000
 1-4 NB =         0.0000  1-4 EEL =         0.0000  VDWAALS    =      8006.5916
 EELEC  =  -4049598.3960  EHBOND  =         0.0000  RESTRAINT  =         0.0000
 ------------------------------------------------------------------------------


 NSTEP =      652   TIME(PS) =       0.652  TEMP(K) =   189.03  PRESS =     0.0
 Etot   =  -4036982.0110  EKtot   =      4615.2205  EPtot      =  -4041597.2315
 BOND   =         0.0000  ANGLE   =         0.0000  DIHED      =         0.0000
 1-4 NB =         0.0000  1-4 EEL =         0.0000  VDWAALS    =      8006.1703
 EELEC  =  -4049603.4018  EHBOND  =         0.0000  RESTRAINT  =         0.0000
 ------------------------------------------------------------------------------


 NSTEP =      653   TIME(PS) =       0.653  TEMP(K) =   189.13  PRESS =     0.0
 Etot   =  -4036982.0168  EKtot   =      4617.7238  EPtot      =  -4041599.7407
 BOND   =         0.0000  ANGLE   =         0.0000  DIHED      =         0.0000
 1-4 NB =         0.0000  1-4 EEL =         0.0000  VDWAALS    =      8005.8879
 EELEC  =  -4049605.6286  EHBOND  =         0.0000  RESTRAINT  =         0.0000
 ------------------------------------------------------------------------------


 NSTEP =      654   TIME(PS) =       0.654  TEMP(K) =   189.11  PRESS =     0.0
 Etot   =  -4036982.0067  EKtot   =      4617.2352  EPtot      =  -4041599.2419
 BOND   =         0.0000  ANGLE   =         0.0000  DIHED      =         0.0000
 1-4 NB =         0.0000  1-4 EEL =         0.0000  VDWAALS    =      8005.7606
 EELEC  =  -4049605.0024  EHBOND  =         0.0000  RESTRAINT  =         0.0000
 ------------------------------------------------------------------------------


 NSTEP =      655   TIME(PS) =       0.655  TEMP(K) =   188.97  PRESS =     0.0
 Etot   =  -4036981.9812  EKtot   =      4613.9048  EPtot      =  -4041595.8860
 BOND   =         0.0000  ANGLE   =         0.0000  DIHED      =         0.0000
 1-4 NB =         0.0000  1-4 EEL =         0.0000  VDWAALS    =      8005.7913
 EELEC  =  -4049601.6773  EHBOND  =         0.0000  RESTRAINT  =         0.0000
 ------------------------------------------------------------------------------


 NSTEP =      656   TIME(PS) =       0.656  TEMP(K) =   188.74  PRESS =     0.0
 Etot   =  -4036981.9425  EKtot   =      4608.1161  EPtot      =  -4041590.0586
 BOND   =         0.0000  ANGLE   =         0.0000  DIHED      =         0.0000
 1-4 NB =         0.0000  1-4 EEL =         0.0000  VDWAALS    =      8005.9706
 EELEC  =  -4049596.0292  EHBOND  =         0.0000  RESTRAINT  =         0.0000
 ------------------------------------------------------------------------------


 NSTEP =      657   TIME(PS) =       0.657  TEMP(K) =   188.42  PRESS =     0.0
 Etot   =  -4036981.8933  EKtot   =      4600.4581  EPtot      =  -4041582.3514
 BOND   =         0.0000  ANGLE   =         0.0000  DIHED      =         0.0000
 1-4 NB =         0.0000  1-4 EEL =         0.0000  VDWAALS    =      8006.2784
 EELEC  =  -4049588.6298  EHBOND  =         0.0000  RESTRAINT  =         0.0000
 ------------------------------------------------------------------------------


 NSTEP =      658   TIME(PS) =       0.658  TEMP(K) =   188.06  PRESS =     0.0
 Etot   =  -4036981.8376  EKtot   =      4591.6779  EPtot      =  -4041573.5156
 BOND   =         0.0000  ANGLE   =         0.0000  DIHED      =         0.0000
 1-4 NB =         0.0000  1-4 EEL =         0.0000  VDWAALS    =      8006.6856
 EELEC  =  -4049580.2012  EHBOND  =         0.0000  RESTRAINT  =         0.0000
 ------------------------------------------------------------------------------


 NSTEP =      659   TIME(PS) =       0.659  TEMP(K) =   187.69  PRESS =     0.0
 Etot   =  -4036981.7807  EKtot   =      4582.6171  EPtot      =  -4041564.3978
 BOND   =         0.0000  ANGLE   =         0.0000  DIHED      =         0.0000
 1-4 NB =         0.0000  1-4 EEL =         0.0000  VDWAALS    =      8007.1571
 EELEC  =  -4049571.5549  EHBOND  =         0.0000  RESTRAINT  =         0.0000
 ------------------------------------------------------------------------------


 NSTEP =      660   TIME(PS) =       0.660  TEMP(K) =   187.34  PRESS =     0.0
 Etot   =  -4036981.7278  EKtot   =      4574.1375  EPtot      =  -4041555.8654
 BOND   =         0.0000  ANGLE   =         0.0000  DIHED      =         0.0000
 1-4 NB =         0.0000  1-4 EEL =         0.0000  VDWAALS    =      8007.6538
 EELEC  =  -4049563.5192  EHBOND  =         0.0000  RESTRAINT  =         0.0000
 ------------------------------------------------------------------------------


 NSTEP =      661   TIME(PS) =       0.661  TEMP(K) =   187.05  PRESS =     0.0
 Etot   =  -4036981.6830  EKtot   =      4567.0451  EPtot      =  -4041548.7281
 BOND   =         0.0000  ANGLE   =         0.0000  DIHED      =         0.0000
 1-4 NB =         0.0000  1-4 EEL =         0.0000  VDWAALS    =      8008.1357
 EELEC  =  -4049556.8638  EHBOND  =         0.0000  RESTRAINT  =         0.0000
 ------------------------------------------------------------------------------


 NSTEP =      662   TIME(PS) =       0.662  TEMP(K) =   186.85  PRESS =     0.0
 Etot   =  -4036981.6506  EKtot   =      4562.0178  EPtot      =  -4041543.6684
 BOND   =         0.0000  ANGLE   =         0.0000  DIHED      =         0.0000
 1-4 NB =         0.0000  1-4 EEL =         0.0000  VDWAALS    =      8008.5636
 EELEC  =  -4049552.2320  EHBOND  =         0.0000  RESTRAINT  =         0.0000
 ------------------------------------------------------------------------------


 NSTEP =      663   TIME(PS) =       0.663  TEMP(K) =   186.75  PRESS =     0.0
 Etot   =  -4036981.6337  EKtot   =      4559.5465  EPtot      =  -4041541.1802
 BOND   =         0.0000  ANGLE   =         0.0000  DIHED      =         0.0000
 1-4 NB =         0.0000  1-4 EEL =         0.0000  VDWAALS    =      8008.9016
 EELEC  =  -4049550.0818  EHBOND  =         0.0000  RESTRAINT  =         0.0000
 ------------------------------------------------------------------------------


 NSTEP =      664   TIME(PS) =       0.664  TEMP(K) =   186.76  PRESS =     0.0
 Etot   =  -4036981.6331  EKtot   =      4559.8917  EPtot      =  -4041541.5248
 BOND   =         0.0000  ANGLE   =         0.0000  DIHED      =         0.0000
 1-4 NB =         0.0000  1-4 EEL =         0.0000  VDWAALS    =      8009.1185
 EELEC  =  -4049550.6434  EHBOND  =         0.0000  RESTRAINT  =         0.0000
 ------------------------------------------------------------------------------


 NSTEP =      665   TIME(PS) =       0.665  TEMP(K) =   186.89  PRESS =     0.0
 Etot   =  -4036981.6488  EKtot   =      4563.0634  EPtot      =  -4041544.7122
 BOND   =         0.0000  ANGLE   =         0.0000  DIHED      =         0.0000
 1-4 NB =         0.0000  1-4 EEL =         0.0000  VDWAALS    =      8009.1892
 EELEC  =  -4049553.9014  EHBOND  =         0.0000  RESTRAINT  =         0.0000
 ------------------------------------------------------------------------------


 NSTEP =      666   TIME(PS) =       0.666  TEMP(K) =   187.13  PRESS =     0.0
 Etot   =  -4036981.6795  EKtot   =      4568.8226  EPtot      =  -4041550.5022
 BOND   =         0.0000  ANGLE   =         0.0000  DIHED      =         0.0000
 1-4 NB =         0.0000  1-4 EEL =         0.0000  VDWAALS    =      8009.0956
 EELEC  =  -4049559.5978  EHBOND  =         0.0000  RESTRAINT  =         0.0000
 ------------------------------------------------------------------------------


 NSTEP =      667   TIME(PS) =       0.667  TEMP(K) =   187.45  PRESS =     0.0
 Etot   =  -4036981.7224  EKtot   =      4576.7061  EPtot      =  -4041558.4285
 BOND   =         0.0000  ANGLE   =         0.0000  DIHED      =         0.0000
 1-4 NB =         0.0000  1-4 EEL =         0.0000  VDWAALS    =      8008.8272
 EELEC  =  -4049567.2557  EHBOND  =         0.0000  RESTRAINT  =         0.0000
 ------------------------------------------------------------------------------


 NSTEP =      668   TIME(PS) =       0.668  TEMP(K) =   187.83  PRESS =     0.0
 Etot   =  -4036981.7729  EKtot   =      4586.0708  EPtot      =  -4041567.8437
 BOND   =         0.0000  ANGLE   =         0.0000  DIHED      =         0.0000
 1-4 NB =         0.0000  1-4 EEL =         0.0000  VDWAALS    =      8008.3811
 EELEC  =  -4049576.2248  EHBOND  =         0.0000  RESTRAINT  =         0.0000
 ------------------------------------------------------------------------------


 NSTEP =      669   TIME(PS) =       0.669  TEMP(K) =   188.25  PRESS =     0.0
 Etot   =  -4036981.8265  EKtot   =      4596.1556  EPtot      =  -4041577.9821
 BOND   =         0.0000  ANGLE   =         0.0000  DIHED      =         0.0000
 1-4 NB =         0.0000  1-4 EEL =         0.0000  VDWAALS    =      8007.7622
 EELEC  =  -4049585.7443  EHBOND  =         0.0000  RESTRAINT  =         0.0000
 ------------------------------------------------------------------------------


 NSTEP =      670   TIME(PS) =       0.670  TEMP(K) =   188.66  PRESS =     0.0
 Etot   =  -4036981.8783  EKtot   =      4606.1527  EPtot      =  -4041588.0310
 BOND   =         0.0000  ANGLE   =         0.0000  DIHED      =         0.0000
 1-4 NB =         0.0000  1-4 EEL =         0.0000  VDWAALS    =      8006.9822
 EELEC  =  -4049595.0132  EHBOND  =         0.0000  RESTRAINT  =         0.0000
 ------------------------------------------------------------------------------


 NSTEP =      671   TIME(PS) =       0.671  TEMP(K) =   189.03  PRESS =     0.0
 Etot   =  -4036981.9239  EKtot   =      4615.2814  EPtot      =  -4041597.2053
 BOND   =         0.0000  ANGLE   =         0.0000  DIHED      =         0.0000
 1-4 NB =         0.0000  1-4 EEL =         0.0000  VDWAALS    =      8006.0595
 EELEC  =  -4049603.2647  EHBOND  =         0.0000  RESTRAINT  =         0.0000
 ------------------------------------------------------------------------------


 NSTEP =      672   TIME(PS) =       0.672  TEMP(K) =   189.34  PRESS =     0.0
 Etot   =  -4036981.9591  EKtot   =      4622.8578  EPtot      =  -4041604.8169
 BOND   =         0.0000  ANGLE   =         0.0000  DIHED      =         0.0000
 1-4 NB =         0.0000  1-4 EEL =         0.0000  VDWAALS    =      8005.0177
 EELEC  =  -4049609.8346  EHBOND  =         0.0000  RESTRAINT  =         0.0000
 ------------------------------------------------------------------------------


 NSTEP =      673   TIME(PS) =       0.673  TEMP(K) =   189.57  PRESS =     0.0
 Etot   =  -4036981.9815  EKtot   =      4628.3509  EPtot      =  -4041610.3324
 BOND   =         0.0000  ANGLE   =         0.0000  DIHED      =         0.0000
 1-4 NB =         0.0000  1-4 EEL =         0.0000  VDWAALS    =      8003.8851
 EELEC  =  -4049614.2175  EHBOND  =         0.0000  RESTRAINT  =         0.0000
 ------------------------------------------------------------------------------


 NSTEP =      674   TIME(PS) =       0.674  TEMP(K) =   189.69  PRESS =     0.0
 Etot   =  -4036981.9901  EKtot   =      4631.4210  EPtot      =  -4041613.4112
 BOND   =         0.0000  ANGLE   =         0.0000  DIHED      =         0.0000
 1-4 NB =         0.0000  1-4 EEL =         0.0000  VDWAALS    =      8002.6936
 EELEC  =  -4049616.1048  EHBOND  =         0.0000  RESTRAINT  =         0.0000
 ------------------------------------------------------------------------------


 NSTEP =      675   TIME(PS) =       0.675  TEMP(K) =   189.71  PRESS =     0.0
 Etot   =  -4036981.9850  EKtot   =      4631.9389  EPtot      =  -4041613.9239
 BOND   =         0.0000  ANGLE   =         0.0000  DIHED      =         0.0000
 1-4 NB =         0.0000  1-4 EEL =         0.0000  VDWAALS    =      8001.4774
 EELEC  =  -4049615.4012  EHBOND  =         0.0000  RESTRAINT  =         0.0000
 ------------------------------------------------------------------------------


 NSTEP =      676   TIME(PS) =       0.676  TEMP(K) =   189.63  PRESS =     0.0
 Etot   =  -4036981.9671  EKtot   =      4629.9842  EPtot      =  -4041611.9513
 BOND   =         0.0000  ANGLE   =         0.0000  DIHED      =         0.0000
 1-4 NB =         0.0000  1-4 EEL =         0.0000  VDWAALS    =      8000.2722
 EELEC  =  -4049612.2235  EHBOND  =         0.0000  RESTRAINT  =         0.0000
 ------------------------------------------------------------------------------


 NSTEP =      677   TIME(PS) =       0.677  TEMP(K) =   189.46  PRESS =     0.0
 Etot   =  -4036981.9386  EKtot   =      4625.8280  EPtot      =  -4041607.7666
 BOND   =         0.0000  ANGLE   =         0.0000  DIHED      =         0.0000
 1-4 NB =         0.0000  1-4 EEL =         0.0000  VDWAALS    =      7999.1144
 EELEC  =  -4049606.8810  EHBOND  =         0.0000  RESTRAINT  =         0.0000
 ------------------------------------------------------------------------------


 NSTEP =      678   TIME(PS) =       0.678  TEMP(K) =   189.22  PRESS =     0.0
 Etot   =  -4036981.9021  EKtot   =      4619.9025  EPtot      =  -4041601.8046
 BOND   =         0.0000  ANGLE   =         0.0000  DIHED      =         0.0000
 1-4 NB =         0.0000  1-4 EEL =         0.0000  VDWAALS    =      7998.0393
 EELEC  =  -4049599.8440  EHBOND  =         0.0000  RESTRAINT  =         0.0000
 ------------------------------------------------------------------------------


 NSTEP =      679   TIME(PS) =       0.679  TEMP(K) =   188.93  PRESS =     0.0
 Etot   =  -4036981.8607  EKtot   =      4612.7611  EPtot      =  -4041594.6218
 BOND   =         0.0000  ANGLE   =         0.0000  DIHED      =         0.0000
 1-4 NB =         0.0000  1-4 EEL =         0.0000  VDWAALS    =      7997.0808
 EELEC  =  -4049591.7025  EHBOND  =         0.0000  RESTRAINT  =         0.0000
 ------------------------------------------------------------------------------


 NSTEP =      680   TIME(PS) =       0.680  TEMP(K) =   188.61  PRESS =     0.0
 Etot   =  -4036981.8170  EKtot   =      4605.0330  EPtot      =  -4041586.8499
 BOND   =         0.0000  ANGLE   =         0.0000  DIHED      =         0.0000
 1-4 NB =         0.0000  1-4 EEL =         0.0000  VDWAALS    =      7996.2696
 EELEC  =  -4049583.1195  EHBOND  =         0.0000  RESTRAINT  =         0.0000
 ------------------------------------------------------------------------------


 NSTEP =      681   TIME(PS) =       0.681  TEMP(K) =   188.30  PRESS =     0.0
 Etot   =  -4036981.7747  EKtot   =      4597.3733  EPtot      =  -4041579.1479
 BOND   =         0.0000  ANGLE   =         0.0000  DIHED      =         0.0000
 1-4 NB =         0.0000  1-4 EEL =         0.0000  VDWAALS    =      7995.6325
 EELEC  =  -4049574.7804  EHBOND  =         0.0000  RESTRAINT  =         0.0000
 ------------------------------------------------------------------------------


 NSTEP =      682   TIME(PS) =       0.682  TEMP(K) =   188.01  PRESS =     0.0
 Etot   =  -4036981.7375  EKtot   =      4590.4118  EPtot      =  -4041572.1493
 BOND   =         0.0000  ANGLE   =         0.0000  DIHED      =         0.0000
 1-4 NB =         0.0000  1-4 EEL =         0.0000  VDWAALS    =      7995.1914
 EELEC  =  -4049567.3407  EHBOND  =         0.0000  RESTRAINT  =         0.0000
 ------------------------------------------------------------------------------


 NSTEP =      683   TIME(PS) =       0.683  TEMP(K) =   187.78  PRESS =     0.0
 Etot   =  -4036981.7085  EKtot   =      4584.7017  EPtot      =  -4041566.4102
 BOND   =         0.0000  ANGLE   =         0.0000  DIHED      =         0.0000
 1-4 NB =         0.0000  1-4 EEL =         0.0000  VDWAALS    =      7994.9623
 EELEC  =  -4049561.3725  EHBOND  =         0.0000  RESTRAINT  =         0.0000
 ------------------------------------------------------------------------------


 NSTEP =      684   TIME(PS) =       0.684  TEMP(K) =   187.61  PRESS =     0.0
 Etot   =  -4036981.6900  EKtot   =      4580.6733  EPtot      =  -4041562.3634
 BOND   =         0.0000  ANGLE   =         0.0000  DIHED      =         0.0000
 1-4 NB =         0.0000  1-4 EEL =         0.0000  VDWAALS    =      7994.9550
 EELEC  =  -4049557.3183  EHBOND  =         0.0000  RESTRAINT  =         0.0000
 ------------------------------------------------------------------------------


 NSTEP =      685   TIME(PS) =       0.685  TEMP(K) =   187.53  PRESS =     0.0
 Etot   =  -4036981.6838  EKtot   =      4578.5970  EPtot      =  -4041560.2808
 BOND   =         0.0000  ANGLE   =         0.0000  DIHED      =         0.0000
 1-4 NB =         0.0000  1-4 EEL =         0.0000  VDWAALS    =      7995.1729
 EELEC  =  -4049555.4537  EHBOND  =         0.0000  RESTRAINT  =         0.0000
 ------------------------------------------------------------------------------


 NSTEP =      686   TIME(PS) =       0.686  TEMP(K) =   187.53  PRESS =     0.0
 Etot   =  -4036981.6905  EKtot   =      4578.5606  EPtot      =  -4041560.2511
 BOND   =         0.0000  ANGLE   =         0.0000  DIHED      =         0.0000
 1-4 NB =         0.0000  1-4 EEL =         0.0000  VDWAALS    =      7995.6136
 EELEC  =  -4049555.8647  EHBOND  =         0.0000  RESTRAINT  =         0.0000
 ------------------------------------------------------------------------------


 NSTEP =      687   TIME(PS) =       0.687  TEMP(K) =   187.60  PRESS =     0.0
 Etot   =  -4036981.7089  EKtot   =      4580.4659  EPtot      =  -4041562.1749
 BOND   =         0.0000  ANGLE   =         0.0000  DIHED      =         0.0000
 1-4 NB =         0.0000  1-4 EEL =         0.0000  VDWAALS    =      7996.2693
 EELEC  =  -4049558.4442  EHBOND  =         0.0000  RESTRAINT  =         0.0000
 ------------------------------------------------------------------------------


 NSTEP =      688   TIME(PS) =       0.688  TEMP(K) =   187.75  PRESS =     0.0
 Etot   =  -4036981.7362  EKtot   =      4584.0452  EPtot      =  -4041565.7814
 BOND   =         0.0000  ANGLE   =         0.0000  DIHED      =         0.0000
 1-4 NB =         0.0000  1-4 EEL =         0.0000  VDWAALS    =      7997.1278
 EELEC  =  -4049562.9092  EHBOND  =         0.0000  RESTRAINT  =         0.0000
 ------------------------------------------------------------------------------


 NSTEP =      689   TIME(PS) =       0.689  TEMP(K) =   187.95  PRESS =     0.0
 Etot   =  -4036981.7691  EKtot   =      4588.8962  EPtot      =  -4041570.6653
 BOND   =         0.0000  ANGLE   =         0.0000  DIHED      =         0.0000
 1-4 NB =         0.0000  1-4 EEL =         0.0000  VDWAALS    =      7998.1740
 EELEC  =  -4049568.8393  EHBOND  =         0.0000  RESTRAINT  =         0.0000
 ------------------------------------------------------------------------------


 NSTEP =      690   TIME(PS) =       0.690  TEMP(K) =   188.18  PRESS =     0.0
 Etot   =  -4036981.8043  EKtot   =      4594.5307  EPtot      =  -4041576.3350
 BOND   =         0.0000  ANGLE   =         0.0000  DIHED      =         0.0000
 1-4 NB =         0.0000  1-4 EEL =         0.0000  VDWAALS    =      7999.3909
 EELEC  =  -4049575.7259  EHBOND  =         0.0000  RESTRAINT  =         0.0000
 ------------------------------------------------------------------------------


 NSTEP =      691   TIME(PS) =       0.691  TEMP(K) =   188.42  PRESS =     0.0
 Etot   =  -4036981.8378  EKtot   =      4600.4277  EPtot      =  -4041582.2654
 BOND   =         0.0000  ANGLE   =         0.0000  DIHED      =         0.0000
 1-4 NB =         0.0000  1-4 EEL =         0.0000  VDWAALS    =      8000.7611
 EELEC  =  -4049583.0265  EHBOND  =         0.0000  RESTRAINT  =         0.0000
 ------------------------------------------------------------------------------


 NSTEP =      692   TIME(PS) =       0.692  TEMP(K) =   188.65  PRESS =     0.0
 Etot   =  -4036981.8667  EKtot   =      4606.0832  EPtot      =  -4041587.9500
 BOND   =         0.0000  ANGLE   =         0.0000  DIHED      =         0.0000
 1-4 NB =         0.0000  1-4 EEL =         0.0000  VDWAALS    =      8002.2674
 EELEC  =  -4049590.2173  EHBOND  =         0.0000  RESTRAINT  =         0.0000
 ------------------------------------------------------------------------------


 NSTEP =      693   TIME(PS) =       0.693  TEMP(K) =   188.86  PRESS =     0.0
 Etot   =  -4036981.8903  EKtot   =      4611.0500  EPtot      =  -4041592.9403
 BOND   =         0.0000  ANGLE   =         0.0000  DIHED      =         0.0000
 1-4 NB =         0.0000  1-4 EEL =         0.0000  VDWAALS    =      8003.8938
 EELEC  =  -4049596.8342  EHBOND  =         0.0000  RESTRAINT  =         0.0000
 ------------------------------------------------------------------------------


 NSTEP =      694   TIME(PS) =       0.694  TEMP(K) =   189.02  PRESS =     0.0
 Etot   =  -4036981.9077  EKtot   =      4614.9636  EPtot      =  -4041596.8714
 BOND   =         0.0000  ANGLE   =         0.0000  DIHED      =         0.0000
 1-4 NB =         0.0000  1-4 EEL =         0.0000  VDWAALS    =      8005.6259
 EELEC  =  -4049602.4973  EHBOND  =         0.0000  RESTRAINT  =         0.0000
 ------------------------------------------------------------------------------


 NSTEP =      695   TIME(PS) =       0.695  TEMP(K) =   189.12  PRESS =     0.0
 Etot   =  -4036981.9175  EKtot   =      4617.5563  EPtot      =  -4041599.4737
 BOND   =         0.0000  ANGLE   =         0.0000  DIHED      =         0.0000
 1-4 NB =         0.0000  1-4 EEL =         0.0000  VDWAALS    =      8007.4503
 EELEC  =  -4049606.9241  EHBOND  =         0.0000  RESTRAINT  =         0.0000
 ------------------------------------------------------------------------------


 NSTEP =      696   TIME(PS) =       0.696  TEMP(K) =   189.17  PRESS =     0.0
 Etot   =  -4036981.9221  EKtot   =      4618.6616  EPtot      =  -4041600.5837
 BOND   =         0.0000  ANGLE   =         0.0000  DIHED      =         0.0000
 1-4 NB =         0.0000  1-4 EEL =         0.0000  VDWAALS    =      8009.3549
 EELEC  =  -4049609.9387  EHBOND  =         0.0000  RESTRAINT  =         0.0000
 ------------------------------------------------------------------------------


 NSTEP =      697   TIME(PS) =       0.697  TEMP(K) =   189.15  PRESS =     0.0
 Etot   =  -4036981.9210  EKtot   =      4618.2164  EPtot      =  -4041600.1374
 BOND   =         0.0000  ANGLE   =         0.0000  DIHED      =         0.0000
 1-4 NB =         0.0000  1-4 EEL =         0.0000  VDWAALS    =      8011.3279
 EELEC  =  -4049611.4653  EHBOND  =         0.0000  RESTRAINT  =         0.0000
 ------------------------------------------------------------------------------


 NSTEP =      698   TIME(PS) =       0.698  TEMP(K) =   189.07  PRESS =     0.0
 Etot   =  -4036981.9104  EKtot   =      4616.2615  EPtot      =  -4041598.1719
 BOND   =         0.0000  ANGLE   =         0.0000  DIHED      =         0.0000
 1-4 NB =         0.0000  1-4 EEL =         0.0000  VDWAALS    =      8013.3569
 EELEC  =  -4049611.5288  EHBOND  =         0.0000  RESTRAINT  =         0.0000
 ------------------------------------------------------------------------------


 NSTEP =      699   TIME(PS) =       0.699  TEMP(K) =   188.93  PRESS =     0.0
 Etot   =  -4036981.8958  EKtot   =      4612.9428  EPtot      =  -4041594.8387
 BOND   =         0.0000  ANGLE   =         0.0000  DIHED      =         0.0000
 1-4 NB =         0.0000  1-4 EEL =         0.0000  VDWAALS    =      8015.4287
 EELEC  =  -4049610.2674  EHBOND  =         0.0000  RESTRAINT  =         0.0000
 ------------------------------------------------------------------------------


 NSTEP =      700   TIME(PS) =       0.700  TEMP(K) =   188.75  PRESS =     0.0
 Etot   =  -4036981.8764  EKtot   =      4608.5093  EPtot      =  -4041590.3857
 BOND   =         0.0000  ANGLE   =         0.0000  DIHED      =         0.0000
 1-4 NB =         0.0000  1-4 EEL =         0.0000  VDWAALS    =      8017.5280
 EELEC  =  -4049607.9137  EHBOND  =         0.0000  RESTRAINT  =         0.0000
 ------------------------------------------------------------------------------


 NSTEP =      701   TIME(PS) =       0.701  TEMP(K) =   188.54  PRESS =     0.0
 Etot   =  -4036981.8490  EKtot   =      4603.3029  EPtot      =  -4041585.1519
 BOND   =         0.0000  ANGLE   =         0.0000  DIHED      =         0.0000
 1-4 NB =         0.0000  1-4 EEL =         0.0000  VDWAALS    =      8019.6374
 EELEC  =  -4049604.7893  EHBOND  =         0.0000  RESTRAINT  =         0.0000
 ------------------------------------------------------------------------------


 NSTEP =      702   TIME(PS) =       0.702  TEMP(K) =   188.31  PRESS =     0.0
 Etot   =  -4036981.8189  EKtot   =      4597.7376  EPtot      =  -4041579.5565
 BOND   =         0.0000  ANGLE   =         0.0000  DIHED      =         0.0000
 1-4 NB =         0.0000  1-4 EEL =         0.0000  VDWAALS    =      8021.7374
 EELEC  =  -4049601.2938  EHBOND  =         0.0000  RESTRAINT  =         0.0000
 ------------------------------------------------------------------------------


 NSTEP =      703   TIME(PS) =       0.703  TEMP(K) =   188.09  PRESS =     0.0
 Etot   =  -4036981.7912  EKtot   =      4592.2666  EPtot      =  -4041574.0578
 BOND   =         0.0000  ANGLE   =         0.0000  DIHED      =         0.0000
 1-4 NB =         0.0000  1-4 EEL =         0.0000  VDWAALS    =      8023.8060
 EELEC  =  -4049597.8638  EHBOND  =         0.0000  RESTRAINT  =         0.0000
 ------------------------------------------------------------------------------


 NSTEP =      704   TIME(PS) =       0.704  TEMP(K) =   187.89  PRESS =     0.0
 Etot   =  -4036981.7658  EKtot   =      4587.3392  EPtot      =  -4041569.1051
 BOND   =         0.0000  ANGLE   =         0.0000  DIHED      =         0.0000
 1-4 NB =         0.0000  1-4 EEL =         0.0000  VDWAALS    =      8025.8203
 EELEC  =  -4049594.9254  EHBOND  =         0.0000  RESTRAINT  =         0.0000
 ------------------------------------------------------------------------------


 NSTEP =      705   TIME(PS) =       0.705  TEMP(K) =   187.72  PRESS =     0.0
 Etot   =  -4036981.7454  EKtot   =      4583.3543  EPtot      =  -4041565.0997
 BOND   =         0.0000  ANGLE   =         0.0000  DIHED      =         0.0000
 1-4 NB =         0.0000  1-4 EEL =         0.0000  VDWAALS    =      8027.7564
 EELEC  =  -4049592.8561  EHBOND  =         0.0000  RESTRAINT  =         0.0000
 ------------------------------------------------------------------------------


 NSTEP =      706   TIME(PS) =       0.706  TEMP(K) =   187.61  PRESS =     0.0
 Etot   =  -4036981.7339  EKtot   =      4580.6178  EPtot      =  -4041562.3517
 BOND   =         0.0000  ANGLE   =         0.0000  DIHED      =         0.0000
 1-4 NB =         0.0000  1-4 EEL =         0.0000  VDWAALS    =      8029.5908
 EELEC  =  -4049591.9425  EHBOND  =         0.0000  RESTRAINT  =         0.0000
 ------------------------------------------------------------------------------


 NSTEP =      707   TIME(PS) =       0.707  TEMP(K) =   187.56  PRESS =     0.0
 Etot   =  -4036981.7326  EKtot   =      4579.3108  EPtot      =  -4041561.0434
 BOND   =         0.0000  ANGLE   =         0.0000  DIHED      =         0.0000
 1-4 NB =         0.0000  1-4 EEL =         0.0000  VDWAALS    =      8031.3017
 EELEC  =  -4049592.3451  EHBOND  =         0.0000  RESTRAINT  =         0.0000
 ------------------------------------------------------------------------------


 NSTEP =      708   TIME(PS) =       0.708  TEMP(K) =   187.56  PRESS =     0.0
 Etot   =  -4036981.7401  EKtot   =      4579.4738  EPtot      =  -4041561.2139
 BOND   =         0.0000  ANGLE   =         0.0000  DIHED      =         0.0000
 1-4 NB =         0.0000  1-4 EEL =         0.0000  VDWAALS    =      8032.8697
 EELEC  =  -4049594.0836  EHBOND  =         0.0000  RESTRAINT  =         0.0000
 ------------------------------------------------------------------------------


 NSTEP =      709   TIME(PS) =       0.709  TEMP(K) =   187.63  PRESS =     0.0
 Etot   =  -4036981.7549  EKtot   =      4581.0083  EPtot      =  -4041562.7631
 BOND   =         0.0000  ANGLE   =         0.0000  DIHED      =         0.0000
 1-4 NB =         0.0000  1-4 EEL =         0.0000  VDWAALS    =      8034.2792
 EELEC  =  -4049597.0423  EHBOND  =         0.0000  RESTRAINT  =         0.0000
 ------------------------------------------------------------------------------


 NSTEP =      710   TIME(PS) =       0.710  TEMP(K) =   187.74  PRESS =     0.0
 Etot   =  -4036981.7759  EKtot   =      4583.6942  EPtot      =  -4041565.4702
 BOND   =         0.0000  ANGLE   =         0.0000  DIHED      =         0.0000
 1-4 NB =         0.0000  1-4 EEL =         0.0000  VDWAALS    =      8035.5193
 EELEC  =  -4049600.9895  EHBOND  =         0.0000  RESTRAINT  =         0.0000
 ------------------------------------------------------------------------------


 NSTEP =      711   TIME(PS) =       0.711  TEMP(K) =   187.88  PRESS =     0.0
 Etot   =  -4036981.8011  EKtot   =      4587.2193  EPtot      =  -4041569.0203
 BOND   =         0.0000  ANGLE   =         0.0000  DIHED      =         0.0000
 1-4 NB =         0.0000  1-4 EEL =         0.0000  VDWAALS    =      8036.5844
 EELEC  =  -4049605.6048  EHBOND  =         0.0000  RESTRAINT  =         0.0000
 ------------------------------------------------------------------------------


 NSTEP =      712   TIME(PS) =       0.712  TEMP(K) =   188.04  PRESS =     0.0
 Etot   =  -4036981.8268  EKtot   =      4591.2136  EPtot      =  -4041573.0404
 BOND   =         0.0000  ANGLE   =         0.0000  DIHED      =         0.0000
 1-4 NB =         0.0000  1-4 EEL =         0.0000  VDWAALS    =      8037.4748
 EELEC  =  -4049610.5152  EHBOND  =         0.0000  RESTRAINT  =         0.0000
 ------------------------------------------------------------------------------


 NSTEP =      713   TIME(PS) =       0.713  TEMP(K) =   188.21  PRESS =     0.0
 Etot   =  -4036981.8514  EKtot   =      4595.2859  EPtot      =  -4041577.1373
 BOND   =         0.0000  ANGLE   =         0.0000  DIHED      =         0.0000
 1-4 NB =         0.0000  1-4 EEL =         0.0000  VDWAALS    =      8038.1963
 EELEC  =  -4049615.3336  EHBOND  =         0.0000  RESTRAINT  =         0.0000
 ------------------------------------------------------------------------------


 NSTEP =      714   TIME(PS) =       0.714  TEMP(K) =   188.37  PRESS =     0.0
 Etot   =  -4036981.8739  EKtot   =      4599.0550  EPtot      =  -4041580.9289
 BOND   =         0.0000  ANGLE   =         0.0000  DIHED      =         0.0000
 1-4 NB =         0.0000  1-4 EEL =         0.0000  VDWAALS    =      8038.7604
 EELEC  =  -4049619.6893  EHBOND  =         0.0000  RESTRAINT  =         0.0000
 ------------------------------------------------------------------------------


 NSTEP =      715   TIME(PS) =       0.715  TEMP(K) =   188.49  PRESS =     0.0
 Etot   =  -4036981.8925  EKtot   =      4602.1776  EPtot      =  -4041584.0701
 BOND   =         0.0000  ANGLE   =         0.0000  DIHED      =         0.0000
 1-4 NB =         0.0000  1-4 EEL =         0.0000  VDWAALS    =      8039.1828
 EELEC  =  -4049623.2529  EHBOND  =         0.0000  RESTRAINT  =         0.0000
 ------------------------------------------------------------------------------


 NSTEP =      716   TIME(PS) =       0.716  TEMP(K) =   188.58  PRESS =     0.0
 Etot   =  -4036981.9056  EKtot   =      4604.3716  EPtot      =  -4041586.2772
 BOND   =         0.0000  ANGLE   =         0.0000  DIHED      =         0.0000
 1-4 NB =         0.0000  1-4 EEL =         0.0000  VDWAALS    =      8039.4825
 EELEC  =  -4049625.7597  EHBOND  =         0.0000  RESTRAINT  =         0.0000
 ------------------------------------------------------------------------------


 NSTEP =      717   TIME(PS) =       0.717  TEMP(K) =   188.63  PRESS =     0.0
 Etot   =  -4036981.9125  EKtot   =      4605.4364  EPtot      =  -4041587.3488
 BOND   =         0.0000  ANGLE   =         0.0000  DIHED      =         0.0000
 1-4 NB =         0.0000  1-4 EEL =         0.0000  VDWAALS    =      8039.6798
 EELEC  =  -4049627.0286  EHBOND  =         0.0000  RESTRAINT  =         0.0000
 ------------------------------------------------------------------------------


 NSTEP =      718   TIME(PS) =       0.718  TEMP(K) =   188.62  PRESS =     0.0
 Etot   =  -4036981.9119  EKtot   =      4605.2689  EPtot      =  -4041587.1809
 BOND   =         0.0000  ANGLE   =         0.0000  DIHED      =         0.0000
 1-4 NB =         0.0000  1-4 EEL =         0.0000  VDWAALS    =      8039.7947
 EELEC  =  -4049626.9756  EHBOND  =         0.0000  RESTRAINT  =         0.0000
 ------------------------------------------------------------------------------


 NSTEP =      719   TIME(PS) =       0.719  TEMP(K) =   188.56  PRESS =     0.0
 Etot   =  -4036981.9044  EKtot   =      4603.8778  EPtot      =  -4041585.7821
 BOND   =         0.0000  ANGLE   =         0.0000  DIHED      =         0.0000
 1-4 NB =         0.0000  1-4 EEL =         0.0000  VDWAALS    =      8039.8446
 EELEC  =  -4049625.6267  EHBOND  =         0.0000  RESTRAINT  =         0.0000
 ------------------------------------------------------------------------------


 NSTEP =      720   TIME(PS) =       0.720  TEMP(K) =   188.46  PRESS =     0.0
 Etot   =  -4036981.8889  EKtot   =      4601.3885  EPtot      =  -4041583.2774
 BOND   =         0.0000  ANGLE   =         0.0000  DIHED      =         0.0000
 1-4 NB =         0.0000  1-4 EEL =         0.0000  VDWAALS    =      8039.8428
 EELEC  =  -4049623.1202  EHBOND  =         0.0000  RESTRAINT  =         0.0000
 ------------------------------------------------------------------------------


 NSTEP =      721   TIME(PS) =       0.721  TEMP(K) =   188.32  PRESS =     0.0
 Etot   =  -4036981.8663  EKtot   =      4598.0408  EPtot      =  -4041579.9072
 BOND   =         0.0000  ANGLE   =         0.0000  DIHED      =         0.0000
 1-4 NB =         0.0000  1-4 EEL =         0.0000  VDWAALS    =      8039.7972
 EELEC  =  -4049619.7044  EHBOND  =         0.0000  RESTRAINT  =         0.0000
 ------------------------------------------------------------------------------


 NSTEP =      722   TIME(PS) =       0.722  TEMP(K) =   188.17  PRESS =     0.0
 Etot   =  -4036981.8391  EKtot   =      4594.1731  EPtot      =  -4041576.0122
 BOND   =         0.0000  ANGLE   =         0.0000  DIHED      =         0.0000
 1-4 NB =         0.0000  1-4 EEL =         0.0000  VDWAALS    =      8039.7090
 EELEC  =  -4049615.7212  EHBOND  =         0.0000  RESTRAINT  =         0.0000
 ------------------------------------------------------------------------------


 NSTEP =      723   TIME(PS) =       0.723  TEMP(K) =   188.00  PRESS =     0.0
 Etot   =  -4036981.8104  EKtot   =      4590.1933  EPtot      =  -4041572.0037
 BOND   =         0.0000  ANGLE   =         0.0000  DIHED      =         0.0000
 1-4 NB =         0.0000  1-4 EEL =         0.0000  VDWAALS    =      8039.5725
 EELEC  =  -4049611.5762  EHBOND  =         0.0000  RESTRAINT  =         0.0000
 ------------------------------------------------------------------------------


 NSTEP =      724   TIME(PS) =       0.724  TEMP(K) =   187.85  PRESS =     0.0
 Etot   =  -4036981.7821  EKtot   =      4586.5405  EPtot      =  -4041568.3226
 BOND   =         0.0000  ANGLE   =         0.0000  DIHED      =         0.0000
 1-4 NB =         0.0000  1-4 EEL =         0.0000  VDWAALS    =      8039.3751
 EELEC  =  -4049607.6978  EHBOND  =         0.0000  RESTRAINT  =         0.0000
 ------------------------------------------------------------------------------


 NSTEP =      725   TIME(PS) =       0.725  TEMP(K) =   187.73  PRESS =     0.0
 Etot   =  -4036981.7576  EKtot   =      4583.6394  EPtot      =  -4041565.3970
 BOND   =         0.0000  ANGLE   =         0.0000  DIHED      =         0.0000
 1-4 NB =         0.0000  1-4 EEL =         0.0000  VDWAALS    =      8039.0983
 EELEC  =  -4049604.4953  EHBOND  =         0.0000  RESTRAINT  =         0.0000
 ------------------------------------------------------------------------------


 NSTEP =      726   TIME(PS) =       0.726  TEMP(K) =   187.66  PRESS =     0.0
 Etot   =  -4036981.7401  EKtot   =      4581.8553  EPtot      =  -4041563.5954
 BOND   =         0.0000  ANGLE   =         0.0000  DIHED      =         0.0000
 1-4 NB =         0.0000  1-4 EEL =         0.0000  VDWAALS    =      8038.7186
 EELEC  =  -4049602.3139  EHBOND  =         0.0000  RESTRAINT  =         0.0000
 ------------------------------------------------------------------------------


 NSTEP =      727   TIME(PS) =       0.727  TEMP(K) =   187.64  PRESS =     0.0
 Etot   =  -4036981.7312  EKtot   =      4581.4545  EPtot      =  -4041563.1857
 BOND   =         0.0000  ANGLE   =         0.0000  DIHED      =         0.0000
 1-4 NB =         0.0000  1-4 EEL =         0.0000  VDWAALS    =      8038.2092
 EELEC  =  -4049601.3949  EHBOND  =         0.0000  RESTRAINT  =         0.0000
 ------------------------------------------------------------------------------


 NSTEP =      728   TIME(PS) =       0.728  TEMP(K) =   187.69  PRESS =     0.0
 Etot   =  -4036981.7317  EKtot   =      4582.5753  EPtot      =  -4041564.3070
 BOND   =         0.0000  ANGLE   =         0.0000  DIHED      =         0.0000
 1-4 NB =         0.0000  1-4 EEL =         0.0000  VDWAALS    =      8037.5420
 EELEC  =  -4049601.8490  EHBOND  =         0.0000  RESTRAINT  =         0.0000
 ------------------------------------------------------------------------------


 NSTEP =      729   TIME(PS) =       0.729  TEMP(K) =   187.80  PRESS =     0.0
 Etot   =  -4036981.7419  EKtot   =      4585.2120  EPtot      =  -4041566.9539
 BOND   =         0.0000  ANGLE   =         0.0000  DIHED      =         0.0000
 1-4 NB =         0.0000  1-4 EEL =         0.0000  VDWAALS    =      8036.6898
 EELEC  =  -4049603.6437  EHBOND  =         0.0000  RESTRAINT  =         0.0000
 ------------------------------------------------------------------------------


 NSTEP =      730   TIME(PS) =       0.730  TEMP(K) =   187.96  PRESS =     0.0
 Etot   =  -4036981.7614  EKtot   =      4589.2131  EPtot      =  -4041570.9745
 BOND   =         0.0000  ANGLE   =         0.0000  DIHED      =         0.0000
 1-4 NB =         0.0000  1-4 EEL =         0.0000  VDWAALS    =      8035.6279
 EELEC  =  -4049606.6024  EHBOND  =         0.0000  RESTRAINT  =         0.0000
 ------------------------------------------------------------------------------


 NSTEP =      731   TIME(PS) =       0.731  TEMP(K) =   188.17  PRESS =     0.0
 Etot   =  -4036981.7880  EKtot   =      4594.2949  EPtot      =  -4041576.0829
 BOND   =         0.0000  ANGLE   =         0.0000  DIHED      =         0.0000
 1-4 NB =         0.0000  1-4 EEL =         0.0000  VDWAALS    =      8034.3367
 EELEC  =  -4049610.4197  EHBOND  =         0.0000  RESTRAINT  =         0.0000
 ------------------------------------------------------------------------------


 NSTEP =      732   TIME(PS) =       0.732  TEMP(K) =   188.41  PRESS =     0.0
 Etot   =  -4036981.8193  EKtot   =      4600.0673  EPtot      =  -4041581.8866
 BOND   =         0.0000  ANGLE   =         0.0000  DIHED      =         0.0000
 1-4 NB =         0.0000  1-4 EEL =         0.0000  VDWAALS    =      8032.8030
 EELEC  =  -4049614.6896  EHBOND  =         0.0000  RESTRAINT  =         0.0000
 ------------------------------------------------------------------------------


 NSTEP =      733   TIME(PS) =       0.733  TEMP(K) =   188.65  PRESS =     0.0
 Etot   =  -4036981.8526  EKtot   =      4606.0700  EPtot      =  -4041587.9227
 BOND   =         0.0000  ANGLE   =         0.0000  DIHED      =         0.0000
 1-4 NB =         0.0000  1-4 EEL =         0.0000  VDWAALS    =      8031.0210
 EELEC  =  -4049618.9436  EHBOND  =         0.0000  RESTRAINT  =         0.0000
 ------------------------------------------------------------------------------


 NSTEP =      734   TIME(PS) =       0.734  TEMP(K) =   188.89  PRESS =     0.0
 Etot   =  -4036981.8849  EKtot   =      4611.8172  EPtot      =  -4041593.7021
 BOND   =         0.0000  ANGLE   =         0.0000  DIHED      =         0.0000
 1-4 NB =         0.0000  1-4 EEL =         0.0000  VDWAALS    =      8028.9931
 EELEC  =  -4049622.6952  EHBOND  =         0.0000  RESTRAINT  =         0.0000
 ------------------------------------------------------------------------------


 NSTEP =      735   TIME(PS) =       0.735  TEMP(K) =   189.09  PRESS =     0.0
 Etot   =  -4036981.9125  EKtot   =      4616.8463  EPtot      =  -4041598.7588
 BOND   =         0.0000  ANGLE   =         0.0000  DIHED      =         0.0000
 1-4 NB =         0.0000  1-4 EEL =         0.0000  VDWAALS    =      8026.7297
 EELEC  =  -4049625.4885  EHBOND  =         0.0000  RESTRAINT  =         0.0000
 ------------------------------------------------------------------------------


 NSTEP =      736   TIME(PS) =       0.736  TEMP(K) =   189.25  PRESS =     0.0
 Etot   =  -4036981.9323  EKtot   =      4620.7665  EPtot      =  -4041602.6988
 BOND   =         0.0000  ANGLE   =         0.0000  DIHED      =         0.0000
 1-4 NB =         0.0000  1-4 EEL =         0.0000  VDWAALS    =      8024.2479
 EELEC  =  -4049626.9467  EHBOND  =         0.0000  RESTRAINT  =         0.0000
 ------------------------------------------------------------------------------


 NSTEP =      737   TIME(PS) =       0.737  TEMP(K) =   189.36  PRESS =     0.0
 Etot   =  -4036981.9424  EKtot   =      4623.3021  EPtot      =  -4041605.2444
 BOND   =         0.0000  ANGLE   =         0.0000  DIHED      =         0.0000
 1-4 NB =         0.0000  1-4 EEL =         0.0000  VDWAALS    =      8021.5707
 EELEC  =  -4049626.8152  EHBOND  =         0.0000  RESTRAINT  =         0.0000
 ------------------------------------------------------------------------------


 NSTEP =      738   TIME(PS) =       0.738  TEMP(K) =   189.40  PRESS =     0.0
 Etot   =  -4036981.9414  EKtot   =      4624.3246  EPtot      =  -4041606.2660
 BOND   =         0.0000  ANGLE   =         0.0000  DIHED      =         0.0000
 1-4 NB =         0.0000  1-4 EEL =         0.0000  VDWAALS    =      8018.7250
 EELEC  =  -4049624.9911  EHBOND  =         0.0000  RESTRAINT  =         0.0000
 ------------------------------------------------------------------------------


 NSTEP =      739   TIME(PS) =       0.739  TEMP(K) =   189.38  PRESS =     0.0
 Etot   =  -4036981.9291  EKtot   =      4623.8713  EPtot      =  -4041605.8005
 BOND   =         0.0000  ANGLE   =         0.0000  DIHED      =         0.0000
 1-4 NB =         0.0000  1-4 EEL =         0.0000  VDWAALS    =      8015.7397
 EELEC  =  -4049621.5402  EHBOND  =         0.0000  RESTRAINT  =         0.0000
 ------------------------------------------------------------------------------


 NSTEP =      740   TIME(PS) =       0.740  TEMP(K) =   189.31  PRESS =     0.0
 Etot   =  -4036981.9067  EKtot   =      4622.1442  EPtot      =  -4041604.0509
 BOND   =         0.0000  ANGLE   =         0.0000  DIHED      =         0.0000
 1-4 NB =         0.0000  1-4 EEL =         0.0000  VDWAALS    =      8012.6440
 EELEC  =  -4049616.6949  EHBOND  =         0.0000  RESTRAINT  =         0.0000
 ------------------------------------------------------------------------------


 NSTEP =      741   TIME(PS) =       0.741  TEMP(K) =   189.20  PRESS =     0.0
 Etot   =  -4036981.8774  EKtot   =      4619.4891  EPtot      =  -4041601.3665
 BOND   =         0.0000  ANGLE   =         0.0000  DIHED      =         0.0000
 1-4 NB =         0.0000  1-4 EEL =         0.0000  VDWAALS    =      8009.4659
 EELEC  =  -4049610.8324  EHBOND  =         0.0000  RESTRAINT  =         0.0000
 ------------------------------------------------------------------------------


 NSTEP =      742   TIME(PS) =       0.742  TEMP(K) =   189.07  PRESS =     0.0
 Etot   =  -4036981.8443  EKtot   =      4616.3568  EPtot      =  -4041598.2012
 BOND   =         0.0000  ANGLE   =         0.0000  DIHED      =         0.0000
 1-4 NB =         0.0000  1-4 EEL =         0.0000  VDWAALS    =      8006.2311
 EELEC  =  -4049604.4323  EHBOND  =         0.0000  RESTRAINT  =         0.0000
 ------------------------------------------------------------------------------


 NSTEP =      743   TIME(PS) =       0.743  TEMP(K) =   188.95  PRESS =     0.0
 Etot   =  -4036981.8116  EKtot   =      4613.2500  EPtot      =  -4041595.0616
 BOND   =         0.0000  ANGLE   =         0.0000  DIHED      =         0.0000
 1-4 NB =         0.0000  1-4 EEL =         0.0000  VDWAALS    =      8002.9622
 EELEC  =  -4049598.0238  EHBOND  =         0.0000  RESTRAINT  =         0.0000
 ------------------------------------------------------------------------------


 NSTEP =      744   TIME(PS) =       0.744  TEMP(K) =   188.84  PRESS =     0.0
 Etot   =  -4036981.7831  EKtot   =      4610.6636  EPtot      =  -4041592.4467
 BOND   =         0.0000  ANGLE   =         0.0000  DIHED      =         0.0000
 1-4 NB =         0.0000  1-4 EEL =         0.0000  VDWAALS    =      7999.6784
 EELEC  =  -4049592.1251  EHBOND  =         0.0000  RESTRAINT  =         0.0000
 ------------------------------------------------------------------------------


 NSTEP =      745   TIME(PS) =       0.745  TEMP(K) =   188.77  PRESS =     0.0
 Etot   =  -4036981.7622  EKtot   =      4609.0279  EPtot      =  -4041590.7901
 BOND   =         0.0000  ANGLE   =         0.0000  DIHED      =         0.0000
 1-4 NB =         0.0000  1-4 EEL =         0.0000  VDWAALS    =      7996.3955
 EELEC  =  -4049587.1856  EHBOND  =         0.0000  RESTRAINT  =         0.0000
 ------------------------------------------------------------------------------


 NSTEP =      746   TIME(PS) =       0.746  TEMP(K) =   188.76  PRESS =     0.0
 Etot   =  -4036981.7507  EKtot   =      4608.6623  EPtot      =  -4041590.4130
 BOND   =         0.0000  ANGLE   =         0.0000  DIHED      =         0.0000
 1-4 NB =         0.0000  1-4 EEL =         0.0000  VDWAALS    =      7993.1260
 EELEC  =  -4049583.5389  EHBOND  =         0.0000  RESTRAINT  =         0.0000
 ------------------------------------------------------------------------------


 NSTEP =      747   TIME(PS) =       0.747  TEMP(K) =   188.80  PRESS =     0.0
 Etot   =  -4036981.7491  EKtot   =      4609.7452  EPtot      =  -4041591.4942
 BOND   =         0.0000  ANGLE   =         0.0000  DIHED      =         0.0000
 1-4 NB =         0.0000  1-4 EEL =         0.0000  VDWAALS    =      7989.8794
 EELEC  =  -4049581.3736  EHBOND  =         0.0000  RESTRAINT  =         0.0000
 ------------------------------------------------------------------------------


 NSTEP =      748   TIME(PS) =       0.748  TEMP(K) =   188.91  PRESS =     0.0
 Etot   =  -4036981.7576  EKtot   =      4612.3032  EPtot      =  -4041594.0608
 BOND   =         0.0000  ANGLE   =         0.0000  DIHED      =         0.0000
 1-4 NB =         0.0000  1-4 EEL =         0.0000  VDWAALS    =      7986.6629
 EELEC  =  -4049580.7237  EHBOND  =         0.0000  RESTRAINT  =         0.0000
 ------------------------------------------------------------------------------


 NSTEP =      749   TIME(PS) =       0.749  TEMP(K) =   189.07  PRESS =     0.0
 Etot   =  -4036981.7737  EKtot   =      4616.2186  EPtot      =  -4041597.9923
 BOND   =         0.0000  ANGLE   =         0.0000  DIHED      =         0.0000
 1-4 NB =         0.0000  1-4 EEL =         0.0000  VDWAALS    =      7983.4812
 EELEC  =  -4049581.4735  EHBOND  =         0.0000  RESTRAINT  =         0.0000
 ------------------------------------------------------------------------------


 NSTEP =      750   TIME(PS) =       0.750  TEMP(K) =   189.27  PRESS =     0.0
 Etot   =  -4036981.7958  EKtot   =      4621.2494  EPtot      =  -4041603.0452
 BOND   =         0.0000  ANGLE   =         0.0000  DIHED      =         0.0000
 1-4 NB =         0.0000  1-4 EEL =         0.0000  VDWAALS    =      7980.3373
 EELEC  =  -4049583.3825  EHBOND  =         0.0000  RESTRAINT  =         0.0000
 ------------------------------------------------------------------------------


 NSTEP =      751   TIME(PS) =       0.751  TEMP(K) =   189.51  PRESS =     0.0
 Etot   =  -4036981.8229  EKtot   =      4627.0600  EPtot      =  -4041608.8829
 BOND   =         0.0000  ANGLE   =         0.0000  DIHED      =         0.0000
 1-4 NB =         0.0000  1-4 EEL =         0.0000  VDWAALS    =      7977.2318
 EELEC  =  -4049586.1147  EHBOND  =         0.0000  RESTRAINT  =         0.0000
 ------------------------------------------------------------------------------


 NSTEP =      752   TIME(PS) =       0.752  TEMP(K) =   189.77  PRESS =     0.0
 Etot   =  -4036981.8507  EKtot   =      4633.2554  EPtot      =  -4041615.1061
 BOND   =         0.0000  ANGLE   =         0.0000  DIHED      =         0.0000
 1-4 NB =         0.0000  1-4 EEL =         0.0000  VDWAALS    =      7974.1636
 EELEC  =  -4049589.2697  EHBOND  =         0.0000  RESTRAINT  =         0.0000
 ------------------------------------------------------------------------------


 NSTEP =      753   TIME(PS) =       0.753  TEMP(K) =   190.02  PRESS =     0.0
 Etot   =  -4036981.8774  EKtot   =      4639.4179  EPtot      =  -4041621.2953
 BOND   =         0.0000  ANGLE   =         0.0000  DIHED      =         0.0000
 1-4 NB =         0.0000  1-4 EEL =         0.0000  VDWAALS    =      7971.1293
 EELEC  =  -4049592.4246  EHBOND  =         0.0000  RESTRAINT  =         0.0000
 ------------------------------------------------------------------------------


 NSTEP =      754   TIME(PS) =       0.754  TEMP(K) =   190.25  PRESS =     0.0
 Etot   =  -4036981.9021  EKtot   =      4645.1436  EPtot      =  -4041627.0456
 BOND   =         0.0000  ANGLE   =         0.0000  DIHED      =         0.0000
 1-4 NB =         0.0000  1-4 EEL =         0.0000  VDWAALS    =      7968.1234
 EELEC  =  -4049595.1690  EHBOND  =         0.0000  RESTRAINT  =         0.0000
 ------------------------------------------------------------------------------


 NSTEP =      755   TIME(PS) =       0.755  TEMP(K) =   190.45  PRESS =     0.0
 Etot   =  -4036981.9218  EKtot   =      4650.0756  EPtot      =  -4041631.9974
 BOND   =         0.0000  ANGLE   =         0.0000  DIHED      =         0.0000
 1-4 NB =         0.0000  1-4 EEL =         0.0000  VDWAALS    =      7965.1381
 EELEC  =  -4049597.1355  EHBOND  =         0.0000  RESTRAINT  =         0.0000
 ------------------------------------------------------------------------------


 NSTEP =      756   TIME(PS) =       0.756  TEMP(K) =   190.61  PRESS =     0.0
 Etot   =  -4036981.9341  EKtot   =      4653.9353  EPtot      =  -4041635.8694
 BOND   =         0.0000  ANGLE   =         0.0000  DIHED      =         0.0000
 1-4 NB =         0.0000  1-4 EEL =         0.0000  VDWAALS    =      7962.1639
 EELEC  =  -4049598.0333  EHBOND  =         0.0000  RESTRAINT  =         0.0000
 ------------------------------------------------------------------------------


 NSTEP =      757   TIME(PS) =       0.757  TEMP(K) =   190.72  PRESS =     0.0
 Etot   =  -4036981.9386  EKtot   =      4656.5459  EPtot      =  -4041638.4845
 BOND   =         0.0000  ANGLE   =         0.0000  DIHED      =         0.0000
 1-4 NB =         0.0000  1-4 EEL =         0.0000  VDWAALS    =      7959.1899
 EELEC  =  -4049597.6744  EHBOND  =         0.0000  RESTRAINT  =         0.0000
 ------------------------------------------------------------------------------


 NSTEP =      758   TIME(PS) =       0.758  TEMP(K) =   190.77  PRESS =     0.0
 Etot   =  -4036981.9353  EKtot   =      4657.8485  EPtot      =  -4041639.7838
 BOND   =         0.0000  ANGLE   =         0.0000  DIHED      =         0.0000
 1-4 NB =         0.0000  1-4 EEL =         0.0000  VDWAALS    =      7956.2049
 EELEC  =  -4049595.9886  EHBOND  =         0.0000  RESTRAINT  =         0.0000
 ------------------------------------------------------------------------------


 NSTEP =      759   TIME(PS) =       0.759  TEMP(K) =   190.78  PRESS =     0.0
 Etot   =  -4036981.9238  EKtot   =      4657.9072  EPtot      =  -4041639.8310
 BOND   =         0.0000  ANGLE   =         0.0000  DIHED      =         0.0000
 1-4 NB =         0.0000  1-4 EEL =         0.0000  VDWAALS    =      7953.1984
 EELEC  =  -4049593.0294  EHBOND  =         0.0000  RESTRAINT  =         0.0000
 ------------------------------------------------------------------------------


 NSTEP =      760   TIME(PS) =       0.760  TEMP(K) =   190.73  PRESS =     0.0
 Etot   =  -4036981.9053  EKtot   =      4656.9021  EPtot      =  -4041638.8074
 BOND   =         0.0000  ANGLE   =         0.0000  DIHED      =         0.0000
 1-4 NB =         0.0000  1-4 EEL =         0.0000  VDWAALS    =      7950.1624
 EELEC  =  -4049588.9699  EHBOND  =         0.0000  RESTRAINT  =         0.0000
 ------------------------------------------------------------------------------


 NSTEP =      761   TIME(PS) =       0.761  TEMP(K) =   190.66  PRESS =     0.0
 Etot   =  -4036981.8825  EKtot   =      4655.1090  EPtot      =  -4041636.9914
 BOND   =         0.0000  ANGLE   =         0.0000  DIHED      =         0.0000
 1-4 NB =         0.0000  1-4 EEL =         0.0000  VDWAALS    =      7947.0928
 EELEC  =  -4049584.0842  EHBOND  =         0.0000  RESTRAINT  =         0.0000
 ------------------------------------------------------------------------------


 NSTEP =      762   TIME(PS) =       0.762  TEMP(K) =   190.57  PRESS =     0.0
 Etot   =  -4036981.8583  EKtot   =      4652.8658  EPtot      =  -4041634.7241
 BOND   =         0.0000  ANGLE   =         0.0000  DIHED      =         0.0000
 1-4 NB =         0.0000  1-4 EEL =         0.0000  VDWAALS    =      7943.9909
 EELEC  =  -4049578.7150  EHBOND  =         0.0000  RESTRAINT  =         0.0000
 ------------------------------------------------------------------------------


 NSTEP =      763   TIME(PS) =       0.763  TEMP(K) =   190.47  PRESS =     0.0
 Etot   =  -4036981.8355  EKtot   =      4650.5302  EPtot      =  -4041632.3657
 BOND   =         0.0000  ANGLE   =         0.0000  DIHED      =         0.0000
 1-4 NB =         0.0000  1-4 EEL =         0.0000  VDWAALS    =      7940.8652
 EELEC  =  -4049573.2310  EHBOND  =         0.0000  RESTRAINT  =         0.0000
 ------------------------------------------------------------------------------


 NSTEP =      764   TIME(PS) =       0.764  TEMP(K) =   190.39  PRESS =     0.0
 Etot   =  -4036981.8172  EKtot   =      4648.4323  EPtot      =  -4041630.2496
 BOND   =         0.0000  ANGLE   =         0.0000  DIHED      =         0.0000
 1-4 NB =         0.0000  1-4 EEL =         0.0000  VDWAALS    =      7937.7322
 EELEC  =  -4049567.9818  EHBOND  =         0.0000  RESTRAINT  =         0.0000
 ------------------------------------------------------------------------------


 NSTEP =      765   TIME(PS) =       0.765  TEMP(K) =   190.32  PRESS =     0.0
 Etot   =  -4036981.8062  EKtot   =      4646.8310  EPtot      =  -4041628.6372
 BOND   =         0.0000  ANGLE   =         0.0000  DIHED      =         0.0000
 1-4 NB =         0.0000  1-4 EEL =         0.0000  VDWAALS    =      7934.6171
 EELEC  =  -4049563.2544  EHBOND  =         0.0000  RESTRAINT  =         0.0000
 ------------------------------------------------------------------------------


 NSTEP =      766   TIME(PS) =       0.766  TEMP(K) =   190.28  PRESS =     0.0
 Etot   =  -4036981.8036  EKtot   =      4645.8806  EPtot      =  -4041627.6842
 BOND   =         0.0000  ANGLE   =         0.0000  DIHED      =         0.0000
 1-4 NB =         0.0000  1-4 EEL =         0.0000  VDWAALS    =      7931.5539
 EELEC  =  -4049559.2381  EHBOND  =         0.0000  RESTRAINT  =         0.0000
 ------------------------------------------------------------------------------


 NSTEP =      767   TIME(PS) =       0.767  TEMP(K) =   190.27  PRESS =     0.0
 Etot   =  -4036981.8088  EKtot   =      4645.6146  EPtot      =  -4041627.4234
 BOND   =         0.0000  ANGLE   =         0.0000  DIHED      =         0.0000
 1-4 NB =         0.0000  1-4 EEL =         0.0000  VDWAALS    =      7928.5842
 EELEC  =  -4049556.0076  EHBOND  =         0.0000  RESTRAINT  =         0.0000
 ------------------------------------------------------------------------------


 NSTEP =      768   TIME(PS) =       0.768  TEMP(K) =   190.29  PRESS =     0.0
 Etot   =  -4036981.8205  EKtot   =      4645.9492  EPtot      =  -4041627.7697
 BOND   =         0.0000  ANGLE   =         0.0000  DIHED      =         0.0000
 1-4 NB =         0.0000  1-4 EEL =         0.0000  VDWAALS    =      7925.7565
 EELEC  =  -4049553.5261  EHBOND  =         0.0000  RESTRAINT  =         0.0000
 ------------------------------------------------------------------------------


 NSTEP =      769   TIME(PS) =       0.769  TEMP(K) =   190.32  PRESS =     0.0
 Etot   =  -4036981.8364  EKtot   =      4646.7054  EPtot      =  -4041628.5418
 BOND   =         0.0000  ANGLE   =         0.0000  DIHED      =         0.0000
 1-4 NB =         0.0000  1-4 EEL =         0.0000  VDWAALS    =      7923.1230
 EELEC  =  -4049551.6648  EHBOND  =         0.0000  RESTRAINT  =         0.0000
 ------------------------------------------------------------------------------


 NSTEP =      770   TIME(PS) =       0.770  TEMP(K) =   190.36  PRESS =     0.0
 Etot   =  -4036981.8535  EKtot   =      4647.6462  EPtot      =  -4041629.4997
 BOND   =         0.0000  ANGLE   =         0.0000  DIHED      =         0.0000
 1-4 NB =         0.0000  1-4 EEL =         0.0000  VDWAALS    =      7920.7377
 EELEC  =  -4049550.2373  EHBOND  =         0.0000  RESTRAINT  =         0.0000
 ------------------------------------------------------------------------------


 NSTEP =      771   TIME(PS) =       0.771  TEMP(K) =   190.39  PRESS =     0.0
 Etot   =  -4036981.8680  EKtot   =      4648.5210  EPtot      =  -4041630.3890
 BOND   =         0.0000  ANGLE   =         0.0000  DIHED      =         0.0000
 1-4 NB =         0.0000  1-4 EEL =         0.0000  VDWAALS    =      7918.6524
 EELEC  =  -4049549.0415  EHBOND  =         0.0000  RESTRAINT  =         0.0000
 ------------------------------------------------------------------------------


 NSTEP =      772   TIME(PS) =       0.772  TEMP(K) =   190.42  PRESS =     0.0
 Etot   =  -4036981.8785  EKtot   =      4649.1093  EPtot      =  -4041630.9878
 BOND   =         0.0000  ANGLE   =         0.0000  DIHED      =         0.0000
 1-4 NB =         0.0000  1-4 EEL =         0.0000  VDWAALS    =      7916.9144
 EELEC  =  -4049547.9022  EHBOND  =         0.0000  RESTRAINT  =         0.0000
 ------------------------------------------------------------------------------


 NSTEP =      773   TIME(PS) =       0.773  TEMP(K) =   190.42  PRESS =     0.0
 Etot   =  -4036981.8829  EKtot   =      4649.2556  EPtot      =  -4041631.1386
 BOND   =         0.0000  ANGLE   =         0.0000  DIHED      =         0.0000
 1-4 NB =         0.0000  1-4 EEL =         0.0000  VDWAALS    =      7915.5626
 EELEC  =  -4049546.7011  EHBOND  =         0.0000  RESTRAINT  =         0.0000
 ------------------------------------------------------------------------------


 NSTEP =      774   TIME(PS) =       0.774  TEMP(K) =   190.41  PRESS =     0.0
 Etot   =  -4036981.8812  EKtot   =      4648.8898  EPtot      =  -4041630.7710
 BOND   =         0.0000  ANGLE   =         0.0000  DIHED      =         0.0000
 1-4 NB =         0.0000  1-4 EEL =         0.0000  VDWAALS    =      7914.6257
 EELEC  =  -4049545.3967  EHBOND  =         0.0000  RESTRAINT  =         0.0000
 ------------------------------------------------------------------------------


 NSTEP =      775   TIME(PS) =       0.775  TEMP(K) =   190.37  PRESS =     0.0
 Etot   =  -4036981.8745  EKtot   =      4648.0304  EPtot      =  -4041629.9049
 BOND   =         0.0000  ANGLE   =         0.0000  DIHED      =         0.0000
 1-4 NB =         0.0000  1-4 EEL =         0.0000  VDWAALS    =      7914.1202
 EELEC  =  -4049544.0250  EHBOND  =         0.0000  RESTRAINT  =         0.0000
 ------------------------------------------------------------------------------


 NSTEP =      776   TIME(PS) =       0.776  TEMP(K) =   190.32  PRESS =     0.0
 Etot   =  -4036981.8643  EKtot   =      4646.7707  EPtot      =  -4041628.6350
 BOND   =         0.0000  ANGLE   =         0.0000  DIHED      =         0.0000
 1-4 NB =         0.0000  1-4 EEL =         0.0000  VDWAALS    =      7914.0495
 EELEC  =  -4049542.6845  EHBOND  =         0.0000  RESTRAINT  =         0.0000
 ------------------------------------------------------------------------------


 NSTEP =      777   TIME(PS) =       0.777  TEMP(K) =   190.26  PRESS =     0.0
 Etot   =  -4036981.8532  EKtot   =      4645.2529  EPtot      =  -4041627.1061
 BOND   =         0.0000  ANGLE   =         0.0000  DIHED      =         0.0000
 1-4 NB =         0.0000  1-4 EEL =         0.0000  VDWAALS    =      7914.4042
 EELEC  =  -4049541.5103  EHBOND  =         0.0000  RESTRAINT  =         0.0000
 ------------------------------------------------------------------------------


 NSTEP =      778   TIME(PS) =       0.778  TEMP(K) =   190.19  PRESS =     0.0
 Etot   =  -4036981.8438  EKtot   =      4643.6335  EPtot      =  -4041625.4772
 BOND   =         0.0000  ANGLE   =         0.0000  DIHED      =         0.0000
 1-4 NB =         0.0000  1-4 EEL =         0.0000  VDWAALS    =      7915.1627
 EELEC  =  -4049540.6399  EHBOND  =         0.0000  RESTRAINT  =         0.0000
 ------------------------------------------------------------------------------


 NSTEP =      779   TIME(PS) =       0.779  TEMP(K) =   190.13  PRESS =     0.0
 Etot   =  -4036981.8377  EKtot   =      4642.0479  EPtot      =  -4041623.8856
 BOND   =         0.0000  ANGLE   =         0.0000  DIHED      =         0.0000
 1-4 NB =         0.0000  1-4 EEL =         0.0000  VDWAALS    =      7916.2929
 EELEC  =  -4049540.1785  EHBOND  =         0.0000  RESTRAINT  =         0.0000
 ------------------------------------------------------------------------------


 NSTEP =      780   TIME(PS) =       0.780  TEMP(K) =   190.07  PRESS =     0.0
 Etot   =  -4036981.8362  EKtot   =      4640.5817  EPtot      =  -4041622.4179
 BOND   =         0.0000  ANGLE   =         0.0000  DIHED      =         0.0000
 1-4 NB =         0.0000  1-4 EEL =         0.0000  VDWAALS    =      7917.7545
 EELEC  =  -4049540.1724  EHBOND  =         0.0000  RESTRAINT  =         0.0000
 ------------------------------------------------------------------------------


 NSTEP =      781   TIME(PS) =       0.781  TEMP(K) =   190.01  PRESS =     0.0
 Etot   =  -4036981.8403  EKtot   =      4639.2498  EPtot      =  -4041621.0902
 BOND   =         0.0000  ANGLE   =         0.0000  DIHED      =         0.0000
 1-4 NB =         0.0000  1-4 EEL =         0.0000  VDWAALS    =      7919.5011
 EELEC  =  -4049540.5913  EHBOND  =         0.0000  RESTRAINT  =         0.0000
 ------------------------------------------------------------------------------


 NSTEP =      782   TIME(PS) =       0.782  TEMP(K) =   189.96  PRESS =     0.0
 Etot   =  -4036981.8491  EKtot   =      4637.9904  EPtot      =  -4041619.8395
 BOND   =         0.0000  ANGLE   =         0.0000  DIHED      =         0.0000
 1-4 NB =         0.0000  1-4 EEL =         0.0000  VDWAALS    =      7921.4831
 EELEC  =  -4049541.3226  EHBOND  =         0.0000  RESTRAINT  =         0.0000
 ------------------------------------------------------------------------------


 NSTEP =      783   TIME(PS) =       0.783  TEMP(K) =   189.91  PRESS =     0.0
 Etot   =  -4036981.8613  EKtot   =      4636.6714  EPtot      =  -4041618.5327
 BOND   =         0.0000  ANGLE   =         0.0000  DIHED      =         0.0000
 1-4 NB =         0.0000  1-4 EEL =         0.0000  VDWAALS    =      7923.6497
 EELEC  =  -4049542.1824  EHBOND  =         0.0000  RESTRAINT  =         0.0000
 ------------------------------------------------------------------------------


 NSTEP =      784   TIME(PS) =       0.784  TEMP(K) =   189.84  PRESS =     0.0
 Etot   =  -4036981.8748  EKtot   =      4635.1104  EPtot      =  -4041616.9852
 BOND   =         0.0000  ANGLE   =         0.0000  DIHED      =         0.0000
 1-4 NB =         0.0000  1-4 EEL =         0.0000  VDWAALS    =      7925.9509
 EELEC  =  -4049542.9361  EHBOND  =         0.0000  RESTRAINT  =         0.0000
 ------------------------------------------------------------------------------


 NSTEP =      785   TIME(PS) =       0.785  TEMP(K) =   189.76  PRESS =     0.0
 Etot   =  -4036981.8881  EKtot   =      4633.1031  EPtot      =  -4041614.9912
 BOND   =         0.0000  ANGLE   =         0.0000  DIHED      =         0.0000
 1-4 NB =         0.0000  1-4 EEL =         0.0000  VDWAALS    =      7928.3395
 EELEC  =  -4049543.3307  EHBOND  =         0.0000  RESTRAINT  =         0.0000
 ------------------------------------------------------------------------------


 NSTEP =      786   TIME(PS) =       0.786  TEMP(K) =   189.65  PRESS =     0.0
 Etot   =  -4036981.8979  EKtot   =      4630.4589  EPtot      =  -4041612.3567
 BOND   =         0.0000  ANGLE   =         0.0000  DIHED      =         0.0000
 1-4 NB =         0.0000  1-4 EEL =         0.0000  VDWAALS    =      7930.7713
 EELEC  =  -4049543.1281  EHBOND  =         0.0000  RESTRAINT  =         0.0000
 ------------------------------------------------------------------------------


 NSTEP =      787   TIME(PS) =       0.787  TEMP(K) =   189.51  PRESS =     0.0
 Etot   =  -4036981.9022  EKtot   =      4627.0360  EPtot      =  -4041608.9382
 BOND   =         0.0000  ANGLE   =         0.0000  DIHED      =         0.0000
 1-4 NB =         0.0000  1-4 EEL =         0.0000  VDWAALS    =      7933.2063
 EELEC  =  -4049542.1445  EHBOND  =         0.0000  RESTRAINT  =         0.0000
 ------------------------------------------------------------------------------


 NSTEP =      788   TIME(PS) =       0.788  TEMP(K) =   189.34  PRESS =     0.0
 Etot   =  -4036981.9001  EKtot   =      4622.7737  EPtot      =  -4041604.6737
 BOND   =         0.0000  ANGLE   =         0.0000  DIHED      =         0.0000
 1-4 NB =         0.0000  1-4 EEL =         0.0000  VDWAALS    =      7935.6081
 EELEC  =  -4049540.2819  EHBOND  =         0.0000  RESTRAINT  =         0.0000
 ------------------------------------------------------------------------------


 NSTEP =      789   TIME(PS) =       0.789  TEMP(K) =   189.13  PRESS =     0.0
 Etot   =  -4036981.8904  EKtot   =      4617.7147  EPtot      =  -4041599.6051
 BOND   =         0.0000  ANGLE   =         0.0000  DIHED      =         0.0000
 1-4 NB =         0.0000  1-4 EEL =         0.0000  VDWAALS    =      7937.9440
 EELEC  =  -4049537.5491  EHBOND  =         0.0000  RESTRAINT  =         0.0000
 ------------------------------------------------------------------------------


 NSTEP =      790   TIME(PS) =       0.790  TEMP(K) =   188.90  PRESS =     0.0
 Etot   =  -4036981.8731  EKtot   =      4612.0162  EPtot      =  -4041593.8894
 BOND   =         0.0000  ANGLE   =         0.0000  DIHED      =         0.0000
 1-4 NB =         0.0000  1-4 EEL =         0.0000  VDWAALS    =      7940.1840
 EELEC  =  -4049534.0733  EHBOND  =         0.0000  RESTRAINT  =         0.0000
 ------------------------------------------------------------------------------


 NSTEP =      791   TIME(PS) =       0.791  TEMP(K) =   188.65  PRESS =     0.0
 Etot   =  -4036981.8499  EKtot   =      4605.9448  EPtot      =  -4041587.7947
 BOND   =         0.0000  ANGLE   =         0.0000  DIHED      =         0.0000
 1-4 NB =         0.0000  1-4 EEL =         0.0000  VDWAALS    =      7942.3011
 EELEC  =  -4049530.0958  EHBOND  =         0.0000  RESTRAINT  =         0.0000
 ------------------------------------------------------------------------------


 NSTEP =      792   TIME(PS) =       0.792  TEMP(K) =   188.40  PRESS =     0.0
 Etot   =  -4036981.8234  EKtot   =      4599.8552  EPtot      =  -4041581.6786
 BOND   =         0.0000  ANGLE   =         0.0000  DIHED      =         0.0000
 1-4 NB =         0.0000  1-4 EEL =         0.0000  VDWAALS    =      7944.2709
 EELEC  =  -4049525.9495  EHBOND  =         0.0000  RESTRAINT  =         0.0000
 ------------------------------------------------------------------------------


 NSTEP =      793   TIME(PS) =       0.793  TEMP(K) =   188.16  PRESS =     0.0
 Etot   =  -4036981.7965  EKtot   =      4594.1542  EPtot      =  -4041575.9508
 BOND   =         0.0000  ANGLE   =         0.0000  DIHED      =         0.0000
 1-4 NB =         0.0000  1-4 EEL =         0.0000  VDWAALS    =      7946.0722
 EELEC  =  -4049522.0230  EHBOND  =         0.0000  RESTRAINT  =         0.0000
 ------------------------------------------------------------------------------


 NSTEP =      794   TIME(PS) =       0.794  TEMP(K) =   187.96  PRESS =     0.0
 Etot   =  -4036981.7727  EKtot   =      4589.2528  EPtot      =  -4041571.0255
 BOND   =         0.0000  ANGLE   =         0.0000  DIHED      =         0.0000
 1-4 NB =         0.0000  1-4 EEL =         0.0000  VDWAALS    =      7947.6873
 EELEC  =  -4049518.7129  EHBOND  =         0.0000  RESTRAINT  =         0.0000
 ------------------------------------------------------------------------------


 NSTEP =      795   TIME(PS) =       0.795  TEMP(K) =   187.81  PRESS =     0.0
 Etot   =  -4036981.7556  EKtot   =      4585.5137  EPtot      =  -4041567.2693
 BOND   =         0.0000  ANGLE   =         0.0000  DIHED      =         0.0000
 1-4 NB =         0.0000  1-4 EEL =         0.0000  VDWAALS    =      7949.1032
 EELEC  =  -4049516.3725  EHBOND  =         0.0000  RESTRAINT  =         0.0000
 ------------------------------------------------------------------------------


 NSTEP =      796   TIME(PS) =       0.796  TEMP(K) =   187.72  PRESS =     0.0
 Etot   =  -4036981.7479  EKtot   =      4583.2021  EPtot      =  -4041564.9499
 BOND   =         0.0000  ANGLE   =         0.0000  DIHED      =         0.0000
 1-4 NB =         0.0000  1-4 EEL =         0.0000  VDWAALS    =      7950.3123
 EELEC  =  -4049515.2623  EHBOND  =         0.0000  RESTRAINT  =         0.0000
 ------------------------------------------------------------------------------


 NSTEP =      797   TIME(PS) =       0.797  TEMP(K) =   187.69  PRESS =     0.0
 Etot   =  -4036981.7505  EKtot   =      4582.4483  EPtot      =  -4041564.1988
 BOND   =         0.0000  ANGLE   =         0.0000  DIHED      =         0.0000
 1-4 NB =         0.0000  1-4 EEL =         0.0000  VDWAALS    =      7951.3130
 EELEC  =  -4049515.5118  EHBOND  =         0.0000  RESTRAINT  =         0.0000
 ------------------------------------------------------------------------------


 NSTEP =      798   TIME(PS) =       0.798  TEMP(K) =   187.72  PRESS =     0.0
 Etot   =  -4036981.7635  EKtot   =      4583.2276  EPtot      =  -4041564.9911
 BOND   =         0.0000  ANGLE   =         0.0000  DIHED      =         0.0000
 1-4 NB =         0.0000  1-4 EEL =         0.0000  VDWAALS    =      7952.1099
 EELEC  =  -4049517.1011  EHBOND  =         0.0000  RESTRAINT  =         0.0000
 ------------------------------------------------------------------------------


 NSTEP =      799   TIME(PS) =       0.799  TEMP(K) =   187.80  PRESS =     0.0
 Etot   =  -4036981.7853  EKtot   =      4585.3618  EPtot      =  -4041567.1471
 BOND   =         0.0000  ANGLE   =         0.0000  DIHED      =         0.0000
 1-4 NB =         0.0000  1-4 EEL =         0.0000  VDWAALS    =      7952.7133
 EELEC  =  -4049519.8605  EHBOND  =         0.0000  RESTRAINT  =         0.0000
 ------------------------------------------------------------------------------


 NSTEP =      800   TIME(PS) =       0.800  TEMP(K) =   187.93  PRESS =     0.0
 Etot   =  -4036981.8128  EKtot   =      4588.5412  EPtot      =  -4041570.3539
 BOND   =         0.0000  ANGLE   =         0.0000  DIHED      =         0.0000
 1-4 NB =         0.0000  1-4 EEL =         0.0000  VDWAALS    =      7953.1382
 EELEC  =  -4049523.4921  EHBOND  =         0.0000  RESTRAINT  =         0.0000
 ------------------------------------------------------------------------------


 NSTEP =      801   TIME(PS) =       0.801  TEMP(K) =   188.09  PRESS =     0.0
 Etot   =  -4036981.8433  EKtot   =      4592.3638  EPtot      =  -4041574.2071
 BOND   =         0.0000  ANGLE   =         0.0000  DIHED      =         0.0000
 1-4 NB =         0.0000  1-4 EEL =         0.0000  VDWAALS    =      7953.4028
 EELEC  =  -4049527.6099  EHBOND  =         0.0000  RESTRAINT  =         0.0000
 ------------------------------------------------------------------------------


 NSTEP =      802   TIME(PS) =       0.802  TEMP(K) =   188.26  PRESS =     0.0
 Etot   =  -4036981.8733  EKtot   =      4596.3840  EPtot      =  -4041578.2573
 BOND   =         0.0000  ANGLE   =         0.0000  DIHED      =         0.0000
 1-4 NB =         0.0000  1-4 EEL =         0.0000  VDWAALS    =      7953.5264
 EELEC  =  -4049531.7837  EHBOND  =         0.0000  RESTRAINT  =         0.0000
 ------------------------------------------------------------------------------


 NSTEP =      803   TIME(PS) =       0.803  TEMP(K) =   188.41  PRESS =     0.0
 Etot   =  -4036981.8991  EKtot   =      4600.1626  EPtot      =  -4041582.0617
 BOND   =         0.0000  ANGLE   =         0.0000  DIHED      =         0.0000
 1-4 NB =         0.0000  1-4 EEL =         0.0000  VDWAALS    =      7953.5280
 EELEC  =  -4049535.5897  EHBOND  =         0.0000  RESTRAINT  =         0.0000
 ------------------------------------------------------------------------------


 NSTEP =      804   TIME(PS) =       0.804  TEMP(K) =   188.54  PRESS =     0.0
 Etot   =  -4036981.9188  EKtot   =      4603.3136  EPtot      =  -4041585.2325
 BOND   =         0.0000  ANGLE   =         0.0000  DIHED      =         0.0000
 1-4 NB =         0.0000  1-4 EEL =         0.0000  VDWAALS    =      7953.4236
 EELEC  =  -4049538.6561  EHBOND  =         0.0000  RESTRAINT  =         0.0000
 ------------------------------------------------------------------------------


 NSTEP =      805   TIME(PS) =       0.805  TEMP(K) =   188.63  PRESS =     0.0
 Etot   =  -4036981.9312  EKtot   =      4605.5405  EPtot      =  -4041587.4717
 BOND   =         0.0000  ANGLE   =         0.0000  DIHED      =         0.0000
 1-4 NB =         0.0000  1-4 EEL =         0.0000  VDWAALS    =      7953.2251
 EELEC  =  -4049540.6968  EHBOND  =         0.0000  RESTRAINT  =         0.0000
 ------------------------------------------------------------------------------


 NSTEP =      806   TIME(PS) =       0.806  TEMP(K) =   188.68  PRESS =     0.0
 Etot   =  -4036981.9349  EKtot   =      4606.6619  EPtot      =  -4041588.5968
 BOND   =         0.0000  ANGLE   =         0.0000  DIHED      =         0.0000
 1-4 NB =         0.0000  1-4 EEL =         0.0000  VDWAALS    =      7952.9394
 EELEC  =  -4049541.5363  EHBOND  =         0.0000  RESTRAINT  =         0.0000
 ------------------------------------------------------------------------------


 NSTEP =      807   TIME(PS) =       0.807  TEMP(K) =   188.68  PRESS =     0.0
 Etot   =  -4036981.9299  EKtot   =      4606.6254  EPtot      =  -4041588.5553
 BOND   =         0.0000  ANGLE   =         0.0000  DIHED      =         0.0000
 1-4 NB =         0.0000  1-4 EEL =         0.0000  VDWAALS    =      7952.5679
 EELEC  =  -4049541.1232  EHBOND  =         0.0000  RESTRAINT  =         0.0000
 ------------------------------------------------------------------------------


 NSTEP =      808   TIME(PS) =       0.808  TEMP(K) =   188.63  PRESS =     0.0
 Etot   =  -4036981.9169  EKtot   =      4605.5090  EPtot      =  -4041587.4259
 BOND   =         0.0000  ANGLE   =         0.0000  DIHED      =         0.0000
 1-4 NB =         0.0000  1-4 EEL =         0.0000  VDWAALS    =      7952.1071
 EELEC  =  -4049539.5330  EHBOND  =         0.0000  RESTRAINT  =         0.0000
 ------------------------------------------------------------------------------


 NSTEP =      809   TIME(PS) =       0.809  TEMP(K) =   188.55  PRESS =     0.0
 Etot   =  -4036981.8972  EKtot   =      4603.5109  EPtot      =  -4041585.4081
 BOND   =         0.0000  ANGLE   =         0.0000  DIHED      =         0.0000
 1-4 NB =         0.0000  1-4 EEL =         0.0000  VDWAALS    =      7951.5501
 EELEC  =  -4049536.9581  EHBOND  =         0.0000  RESTRAINT  =         0.0000
 ------------------------------------------------------------------------------


 NSTEP =      810   TIME(PS) =       0.810  TEMP(K) =   188.44  PRESS =     0.0
 Etot   =  -4036981.8730  EKtot   =      4600.9278  EPtot      =  -4041582.8007
 BOND   =         0.0000  ANGLE   =         0.0000  DIHED      =         0.0000
 1-4 NB =         0.0000  1-4 EEL =         0.0000  VDWAALS    =      7950.8880
 EELEC  =  -4049533.6887  EHBOND  =         0.0000  RESTRAINT  =         0.0000
 ------------------------------------------------------------------------------


 NSTEP =      811   TIME(PS) =       0.811  TEMP(K) =   188.33  PRESS =     0.0
 Etot   =  -4036981.8464  EKtot   =      4598.1245  EPtot      =  -4041579.9709
 BOND   =         0.0000  ANGLE   =         0.0000  DIHED      =         0.0000
 1-4 NB =         0.0000  1-4 EEL =         0.0000  VDWAALS    =      7950.1128
 EELEC  =  -4049530.0837  EHBOND  =         0.0000  RESTRAINT  =         0.0000
 ------------------------------------------------------------------------------


 NSTEP =      812   TIME(PS) =       0.812  TEMP(K) =   188.22  PRESS =     0.0
 Etot   =  -4036981.8208  EKtot   =      4595.4955  EPtot      =  -4041577.3162
 BOND   =         0.0000  ANGLE   =         0.0000  DIHED      =         0.0000
 1-4 NB =         0.0000  1-4 EEL =         0.0000  VDWAALS    =      7949.2196
 EELEC  =  -4049526.5359  EHBOND  =         0.0000  RESTRAINT  =         0.0000
 ------------------------------------------------------------------------------


 NSTEP =      813   TIME(PS) =       0.813  TEMP(K) =   188.13  PRESS =     0.0
 Etot   =  -4036981.7983  EKtot   =      4593.4230  EPtot      =  -4041575.2213
 BOND   =         0.0000  ANGLE   =         0.0000  DIHED      =         0.0000
 1-4 NB =         0.0000  1-4 EEL =         0.0000  VDWAALS    =      7948.2089
 EELEC  =  -4049523.4302  EHBOND  =         0.0000  RESTRAINT  =         0.0000
 ------------------------------------------------------------------------------


 NSTEP =      814   TIME(PS) =       0.814  TEMP(K) =   188.09  PRESS =     0.0
 Etot   =  -4036981.7814  EKtot   =      4592.2369  EPtot      =  -4041574.0183
 BOND   =         0.0000  ANGLE   =         0.0000  DIHED      =         0.0000
 1-4 NB =         0.0000  1-4 EEL =         0.0000  VDWAALS    =      7947.0885
 EELEC  =  -4049521.1067  EHBOND  =         0.0000  RESTRAINT  =         0.0000
 ------------------------------------------------------------------------------


 NSTEP =      815   TIME(PS) =       0.815  TEMP(K) =   188.08  PRESS =     0.0
 Etot   =  -4036981.7719  EKtot   =      4592.1811  EPtot      =  -4041573.9531
 BOND   =         0.0000  ANGLE   =         0.0000  DIHED      =         0.0000
 1-4 NB =         0.0000  1-4 EEL =         0.0000  VDWAALS    =      7945.8745
 EELEC  =  -4049519.8276  EHBOND  =         0.0000  RESTRAINT  =         0.0000
 ------------------------------------------------------------------------------


 NSTEP =      816   TIME(PS) =       0.816  TEMP(K) =   188.13  PRESS =     0.0
 Etot   =  -4036981.7705  EKtot   =      4593.3912  EPtot      =  -4041575.1616
 BOND   =         0.0000  ANGLE   =         0.0000  DIHED      =         0.0000
 1-4 NB =         0.0000  1-4 EEL =         0.0000  VDWAALS    =      7944.5923
 EELEC  =  -4049519.7539  EHBOND  =         0.0000  RESTRAINT  =         0.0000
 ------------------------------------------------------------------------------


 NSTEP =      817   TIME(PS) =       0.817  TEMP(K) =   188.24  PRESS =     0.0
 Etot   =  -4036981.7760  EKtot   =      4595.8839  EPtot      =  -4041577.6599
 BOND   =         0.0000  ANGLE   =         0.0000  DIHED      =         0.0000
 1-4 NB =         0.0000  1-4 EEL =         0.0000  VDWAALS    =      7943.2751
 EELEC  =  -4049520.9350  EHBOND  =         0.0000  RESTRAINT  =         0.0000
 ------------------------------------------------------------------------------


 NSTEP =      818   TIME(PS) =       0.818  TEMP(K) =   188.39  PRESS =     0.0
 Etot   =  -4036981.7887  EKtot   =      4599.5614  EPtot      =  -4041581.3501
 BOND   =         0.0000  ANGLE   =         0.0000  DIHED      =         0.0000
 1-4 NB =         0.0000  1-4 EEL =         0.0000  VDWAALS    =      7941.9632
 EELEC  =  -4049523.3133  EHBOND  =         0.0000  RESTRAINT  =         0.0000
 ------------------------------------------------------------------------------


 NSTEP =      819   TIME(PS) =       0.819  TEMP(K) =   188.58  PRESS =     0.0
 Etot   =  -4036981.8068  EKtot   =      4604.2250  EPtot      =  -4041586.0318
 BOND   =         0.0000  ANGLE   =         0.0000  DIHED      =         0.0000
 1-4 NB =         0.0000  1-4 EEL =         0.0000  VDWAALS    =      7940.7019
 EELEC  =  -4049526.7337  EHBOND  =         0.0000  RESTRAINT  =         0.0000
 ------------------------------------------------------------------------------


 NSTEP =      820   TIME(PS) =       0.820  TEMP(K) =   188.80  PRESS =     0.0
 Etot   =  -4036981.8276  EKtot   =      4609.5962  EPtot      =  -4041591.4238
 BOND   =         0.0000  ANGLE   =         0.0000  DIHED      =         0.0000
 1-4 NB =         0.0000  1-4 EEL =         0.0000  VDWAALS    =      7939.5381
 EELEC  =  -4049530.9619  EHBOND  =         0.0000  RESTRAINT  =         0.0000
 ------------------------------------------------------------------------------


 NSTEP =      821   TIME(PS) =       0.821  TEMP(K) =   189.03  PRESS =     0.0
 Etot   =  -4036981.8511  EKtot   =      4615.3416  EPtot      =  -4041597.1927
 BOND   =         0.0000  ANGLE   =         0.0000  DIHED      =         0.0000
 1-4 NB =         0.0000  1-4 EEL =         0.0000  VDWAALS    =      7938.5181
 EELEC  =  -4049535.7108  EHBOND  =         0.0000  RESTRAINT  =         0.0000
 ------------------------------------------------------------------------------


 NSTEP =      822   TIME(PS) =       0.822  TEMP(K) =   189.27  PRESS =     0.0
 Etot   =  -4036981.8752  EKtot   =      4621.0986  EPtot      =  -4041602.9738
 BOND   =         0.0000  ANGLE   =         0.0000  DIHED      =         0.0000
 1-4 NB =         0.0000  1-4 EEL =         0.0000  VDWAALS    =      7937.6840
 EELEC  =  -4049540.6577  EHBOND  =         0.0000  RESTRAINT  =         0.0000
 ------------------------------------------------------------------------------


 NSTEP =      823   TIME(PS) =       0.823  TEMP(K) =   189.49  PRESS =     0.0
 Etot   =  -4036981.8976  EKtot   =      4626.5004  EPtot      =  -4041608.3980
 BOND   =         0.0000  ANGLE   =         0.0000  DIHED      =         0.0000
 1-4 NB =         0.0000  1-4 EEL =         0.0000  VDWAALS    =      7937.0713
 EELEC  =  -4049545.4693  EHBOND  =         0.0000  RESTRAINT  =         0.0000
 ------------------------------------------------------------------------------


 NSTEP =      824   TIME(PS) =       0.824  TEMP(K) =   189.68  PRESS =     0.0
 Etot   =  -4036981.9176  EKtot   =      4631.1998  EPtot      =  -4041613.1174
 BOND   =         0.0000  ANGLE   =         0.0000  DIHED      =         0.0000
 1-4 NB =         0.0000  1-4 EEL =         0.0000  VDWAALS    =      7936.7067
 EELEC  =  -4049549.8241  EHBOND  =         0.0000  RESTRAINT  =         0.0000
 ------------------------------------------------------------------------------


 NSTEP =      825   TIME(PS) =       0.825  TEMP(K) =   189.83  PRESS =     0.0
 Etot   =  -4036981.9344  EKtot   =      4634.8909  EPtot      =  -4041616.8253
 BOND   =         0.0000  ANGLE   =         0.0000  DIHED      =         0.0000
 1-4 NB =         0.0000  1-4 EEL =         0.0000  VDWAALS    =      7936.6063
 EELEC  =  -4049553.4317  EHBOND  =         0.0000  RESTRAINT  =         0.0000
 ------------------------------------------------------------------------------


 NSTEP =      826   TIME(PS) =       0.826  TEMP(K) =   189.93  PRESS =     0.0
 Etot   =  -4036981.9454  EKtot   =      4637.3299  EPtot      =  -4041619.2753
 BOND   =         0.0000  ANGLE   =         0.0000  DIHED      =         0.0000
 1-4 NB =         0.0000  1-4 EEL =         0.0000  VDWAALS    =      7936.7750
 EELEC  =  -4049556.0503  EHBOND  =         0.0000  RESTRAINT  =         0.0000
 ------------------------------------------------------------------------------


 NSTEP =      827   TIME(PS) =       0.827  TEMP(K) =   189.97  PRESS =     0.0
 Etot   =  -4036981.9511  EKtot   =      4638.3529  EPtot      =  -4041620.3040
 BOND   =         0.0000  ANGLE   =         0.0000  DIHED      =         0.0000
 1-4 NB =         0.0000  1-4 EEL =         0.0000  VDWAALS    =      7937.2061
 EELEC  =  -4049557.5101  EHBOND  =         0.0000  RESTRAINT  =         0.0000
 ------------------------------------------------------------------------------


 NSTEP =      828   TIME(PS) =       0.828  TEMP(K) =   189.96  PRESS =     0.0
 Etot   =  -4036981.9502  EKtot   =      4637.8910  EPtot      =  -4041619.8412
 BOND   =         0.0000  ANGLE   =         0.0000  DIHED      =         0.0000
 1-4 NB =         0.0000  1-4 EEL =         0.0000  VDWAALS    =      7937.8818
 EELEC  =  -4049557.7230  EHBOND  =         0.0000  RESTRAINT  =         0.0000
 ------------------------------------------------------------------------------


 NSTEP =      829   TIME(PS) =       0.829  TEMP(K) =   189.88  PRESS =     0.0
 Etot   =  -4036981.9419  EKtot   =      4635.9795  EPtot      =  -4041617.9214
 BOND   =         0.0000  ANGLE   =         0.0000  DIHED      =         0.0000
 1-4 NB =         0.0000  1-4 EEL =         0.0000  VDWAALS    =      7938.7746
 EELEC  =  -4049556.6960  EHBOND  =         0.0000  RESTRAINT  =         0.0000
 ------------------------------------------------------------------------------


 NSTEP =      830   TIME(PS) =       0.830  TEMP(K) =   189.75  PRESS =     0.0
 Etot   =  -4036981.9271  EKtot   =      4632.7605  EPtot      =  -4041614.6877
 BOND   =         0.0000  ANGLE   =         0.0000  DIHED      =         0.0000
 1-4 NB =         0.0000  1-4 EEL =         0.0000  VDWAALS    =      7939.8483
 EELEC  =  -4049554.5359  EHBOND  =         0.0000  RESTRAINT  =         0.0000
 ------------------------------------------------------------------------------


 NSTEP =      831   TIME(PS) =       0.831  TEMP(K) =   189.57  PRESS =     0.0
 Etot   =  -4036981.9064  EKtot   =      4628.4777  EPtot      =  -4041610.3841
 BOND   =         0.0000  ANGLE   =         0.0000  DIHED      =         0.0000
 1-4 NB =         0.0000  1-4 EEL =         0.0000  VDWAALS    =      7941.0600
 EELEC  =  -4049551.4441  EHBOND  =         0.0000  RESTRAINT  =         0.0000
 ------------------------------------------------------------------------------


 NSTEP =      832   TIME(PS) =       0.832  TEMP(K) =   189.36  PRESS =     0.0
 Etot   =  -4036981.8821  EKtot   =      4623.4614  EPtot      =  -4041605.3435
 BOND   =         0.0000  ANGLE   =         0.0000  DIHED      =         0.0000
 1-4 NB =         0.0000  1-4 EEL =         0.0000  VDWAALS    =      7942.3624
 EELEC  =  -4049547.7059  EHBOND  =         0.0000  RESTRAINT  =         0.0000
 ------------------------------------------------------------------------------


 NSTEP =      833   TIME(PS) =       0.833  TEMP(K) =   189.15  PRESS =     0.0
 Etot   =  -4036981.8550  EKtot   =      4618.1053  EPtot      =  -4041599.9603
 BOND   =         0.0000  ANGLE   =         0.0000  DIHED      =         0.0000
 1-4 NB =         0.0000  1-4 EEL =         0.0000  VDWAALS    =      7943.7055
 EELEC  =  -4049543.6658  EHBOND  =         0.0000  RESTRAINT  =         0.0000
 ------------------------------------------------------------------------------


 NSTEP =      834   TIME(PS) =       0.834  TEMP(K) =   188.93  PRESS =     0.0
 Etot   =  -4036981.8279  EKtot   =      4612.8340  EPtot      =  -4041594.6618
 BOND   =         0.0000  ANGLE   =         0.0000  DIHED      =         0.0000
 1-4 NB =         0.0000  1-4 EEL =         0.0000  VDWAALS    =      7945.0395
 EELEC  =  -4049539.7014  EHBOND  =         0.0000  RESTRAINT  =         0.0000
 ------------------------------------------------------------------------------


 NSTEP =      835   TIME(PS) =       0.835  TEMP(K) =   188.73  PRESS =     0.0
 Etot   =  -4036981.8035  EKtot   =      4608.0667  EPtot      =  -4041589.8702
 BOND   =         0.0000  ANGLE   =         0.0000  DIHED      =         0.0000
 1-4 NB =         0.0000  1-4 EEL =         0.0000  VDWAALS    =      7946.3167
 EELEC  =  -4049536.1869  EHBOND  =         0.0000  RESTRAINT  =         0.0000
 ------------------------------------------------------------------------------


 NSTEP =      836   TIME(PS) =       0.836  TEMP(K) =   188.58  PRESS =     0.0
 Etot   =  -4036981.7849  EKtot   =      4604.1782  EPtot      =  -4041585.9631
 BOND   =         0.0000  ANGLE   =         0.0000  DIHED      =         0.0000
 1-4 NB =         0.0000  1-4 EEL =         0.0000  VDWAALS    =      7947.4936
 EELEC  =  -4049533.4568  EHBOND  =         0.0000  RESTRAINT  =         0.0000
 ------------------------------------------------------------------------------


 NSTEP =      837   TIME(PS) =       0.837  TEMP(K) =   188.46  PRESS =     0.0
 Etot   =  -4036981.7729  EKtot   =      4601.4630  EPtot      =  -4041583.2359
 BOND   =         0.0000  ANGLE   =         0.0000  DIHED      =         0.0000
 1-4 NB =         0.0000  1-4 EEL =         0.0000  VDWAALS    =      7948.5329
 EELEC  =  -4049531.7689  EHBOND  =         0.0000  RESTRAINT  =         0.0000
 ------------------------------------------------------------------------------


 NSTEP =      838   TIME(PS) =       0.838  TEMP(K) =   188.41  PRESS =     0.0
 Etot   =  -4036981.7690  EKtot   =      4600.1074  EPtot      =  -4041581.8765
 BOND   =         0.0000  ANGLE   =         0.0000  DIHED      =         0.0000
 1-4 NB =         0.0000  1-4 EEL =         0.0000  VDWAALS    =      7949.4043
 EELEC  =  -4049531.2807  EHBOND  =         0.0000  RESTRAINT  =         0.0000
 ------------------------------------------------------------------------------


 NSTEP =      839   TIME(PS) =       0.839  TEMP(K) =   188.41  PRESS =     0.0
 Etot   =  -4036981.7738  EKtot   =      4600.1739  EPtot      =  -4041581.9477
 BOND   =         0.0000  ANGLE   =         0.0000  DIHED      =         0.0000
 1-4 NB =         0.0000  1-4 EEL =         0.0000  VDWAALS    =      7950.0857
 EELEC  =  -4049532.0334  EHBOND  =         0.0000  RESTRAINT  =         0.0000
 ------------------------------------------------------------------------------


 NSTEP =      840   TIME(PS) =       0.840  TEMP(K) =   188.47  PRESS =     0.0
 Etot   =  -4036981.7865  EKtot   =      4601.5979  EPtot      =  -4041583.3844
 BOND   =         0.0000  ANGLE   =         0.0000  DIHED      =         0.0000
 1-4 NB =         0.0000  1-4 EEL =         0.0000  VDWAALS    =      7950.5637
 EELEC  =  -4049533.9481  EHBOND  =         0.0000  RESTRAINT  =         0.0000
 ------------------------------------------------------------------------------


 NSTEP =      841   TIME(PS) =       0.841  TEMP(K) =   188.58  PRESS =     0.0
 Etot   =  -4036981.8049  EKtot   =      4604.1998  EPtot      =  -4041586.0046
 BOND   =         0.0000  ANGLE   =         0.0000  DIHED      =         0.0000
 1-4 NB =         0.0000  1-4 EEL =         0.0000  VDWAALS    =      7950.8336
 EELEC  =  -4049536.8382  EHBOND  =         0.0000  RESTRAINT  =         0.0000
 ------------------------------------------------------------------------------


 NSTEP =      842   TIME(PS) =       0.842  TEMP(K) =   188.72  PRESS =     0.0
 Etot   =  -4036981.8273  EKtot   =      4607.7074  EPtot      =  -4041589.5347
 BOND   =         0.0000  ANGLE   =         0.0000  DIHED      =         0.0000
 1-4 NB =         0.0000  1-4 EEL =         0.0000  VDWAALS    =      7950.8993
 EELEC  =  -4049540.4340  EHBOND  =         0.0000  RESTRAINT  =         0.0000
 ------------------------------------------------------------------------------


 NSTEP =      843   TIME(PS) =       0.843  TEMP(K) =   188.89  PRESS =     0.0
 Etot   =  -4036981.8517  EKtot   =      4611.7901  EPtot      =  -4041593.6419
 BOND   =         0.0000  ANGLE   =         0.0000  DIHED      =         0.0000
 1-4 NB =         0.0000  1-4 EEL =         0.0000  VDWAALS    =      7950.7730
 EELEC  =  -4049544.4149  EHBOND  =         0.0000  RESTRAINT  =         0.0000
 ------------------------------------------------------------------------------


 NSTEP =      844   TIME(PS) =       0.844  TEMP(K) =   189.06  PRESS =     0.0
 Etot   =  -4036981.8743  EKtot   =      4616.0968  EPtot      =  -4041597.9711
 BOND   =         0.0000  ANGLE   =         0.0000  DIHED      =         0.0000
 1-4 NB =         0.0000  1-4 EEL =         0.0000  VDWAALS    =      7950.4754
 EELEC  =  -4049548.4464  EHBOND  =         0.0000  RESTRAINT  =         0.0000
 ------------------------------------------------------------------------------


 NSTEP =      845   TIME(PS) =       0.845  TEMP(K) =   189.24  PRESS =     0.0
 Etot   =  -4036981.8933  EKtot   =      4620.2958  EPtot      =  -4041602.1891
 BOND   =         0.0000  ANGLE   =         0.0000  DIHED      =         0.0000
 1-4 NB =         0.0000  1-4 EEL =         0.0000  VDWAALS    =      7950.0341
 EELEC  =  -4049552.2231  EHBOND  =         0.0000  RESTRAINT  =         0.0000
 ------------------------------------------------------------------------------


 NSTEP =      846   TIME(PS) =       0.846  TEMP(K) =   189.39  PRESS =     0.0
 Etot   =  -4036981.9074  EKtot   =      4624.1109  EPtot      =  -4041606.0183
 BOND   =         0.0000  ANGLE   =         0.0000  DIHED      =         0.0000
 1-4 NB =         0.0000  1-4 EEL =         0.0000  VDWAALS    =      7949.4839
 EELEC  =  -4049555.5023  EHBOND  =         0.0000  RESTRAINT  =         0.0000
 ------------------------------------------------------------------------------


 NSTEP =      847   TIME(PS) =       0.847  TEMP(K) =   189.52  PRESS =     0.0
 Etot   =  -4036981.9144  EKtot   =      4627.3500  EPtot      =  -4041609.2644
 BOND   =         0.0000  ANGLE   =         0.0000  DIHED      =         0.0000
 1-4 NB =         0.0000  1-4 EEL =         0.0000  VDWAALS    =      7948.8654
 EELEC  =  -4049558.1298  EHBOND  =         0.0000  RESTRAINT  =         0.0000
 ------------------------------------------------------------------------------


 NSTEP =      848   TIME(PS) =       0.848  TEMP(K) =   189.63  PRESS =     0.0
 Etot   =  -4036981.9143  EKtot   =      4629.9221  EPtot      =  -4041611.8364
 BOND   =         0.0000  ANGLE   =         0.0000  DIHED      =         0.0000
 1-4 NB =         0.0000  1-4 EEL =         0.0000  VDWAALS    =      7948.2233
 EELEC  =  -4049560.0598  EHBOND  =         0.0000  RESTRAINT  =         0.0000
 ------------------------------------------------------------------------------


 NSTEP =      849   TIME(PS) =       0.849  TEMP(K) =   189.71  PRESS =     0.0
 Etot   =  -4036981.9080  EKtot   =      4631.8413  EPtot      =  -4041613.7493
 BOND   =         0.0000  ANGLE   =         0.0000  DIHED      =         0.0000
 1-4 NB =         0.0000  1-4 EEL =         0.0000  VDWAALS    =      7947.6052
 EELEC  =  -4049561.3545  EHBOND  =         0.0000  RESTRAINT  =         0.0000
 ------------------------------------------------------------------------------


 NSTEP =      850   TIME(PS) =       0.850  TEMP(K) =   189.76  PRESS =     0.0
 Etot   =  -4036981.8969  EKtot   =      4633.2142  EPtot      =  -4041615.1111
 BOND   =         0.0000  ANGLE   =         0.0000  DIHED      =         0.0000
 1-4 NB =         0.0000  1-4 EEL =         0.0000  VDWAALS    =      7947.0591
 EELEC  =  -4049562.1702  EHBOND  =         0.0000  RESTRAINT  =         0.0000
 ------------------------------------------------------------------------------


 NSTEP =      851   TIME(PS) =       0.851  TEMP(K) =   189.81  PRESS =     0.0
 Etot   =  -4036981.8836  EKtot   =      4634.2153  EPtot      =  -4041616.0989
 BOND   =         0.0000  ANGLE   =         0.0000  DIHED      =         0.0000
 1-4 NB =         0.0000  1-4 EEL =         0.0000  VDWAALS    =      7946.6314
 EELEC  =  -4049562.7303  EHBOND  =         0.0000  RESTRAINT  =         0.0000
 ------------------------------------------------------------------------------


 NSTEP =      852   TIME(PS) =       0.852  TEMP(K) =   189.84  PRESS =     0.0
 Etot   =  -4036981.8709  EKtot   =      4635.0508  EPtot      =  -4041616.9217
 BOND   =         0.0000  ANGLE   =         0.0000  DIHED      =         0.0000
 1-4 NB =         0.0000  1-4 EEL =         0.0000  VDWAALS    =      7946.3646
 EELEC  =  -4049563.2863  EHBOND  =         0.0000  RESTRAINT  =         0.0000
 ------------------------------------------------------------------------------


 NSTEP =      853   TIME(PS) =       0.853  TEMP(K) =   189.88  PRESS =     0.0
 Etot   =  -4036981.8611  EKtot   =      4635.9179  EPtot      =  -4041617.7790
 BOND   =         0.0000  ANGLE   =         0.0000  DIHED      =         0.0000
 1-4 NB =         0.0000  1-4 EEL =         0.0000  VDWAALS    =      7946.2955
 EELEC  =  -4049564.0745  EHBOND  =         0.0000  RESTRAINT  =         0.0000
 ------------------------------------------------------------------------------


 NSTEP =      854   TIME(PS) =       0.854  TEMP(K) =   189.92  PRESS =     0.0
 Etot   =  -4036981.8566  EKtot   =      4636.9658  EPtot      =  -4041618.8223
 BOND   =         0.0000  ANGLE   =         0.0000  DIHED      =         0.0000
 1-4 NB =         0.0000  1-4 EEL =         0.0000  VDWAALS    =      7946.4535
 EELEC  =  -4049565.2759  EHBOND  =         0.0000  RESTRAINT  =         0.0000
 ------------------------------------------------------------------------------


 NSTEP =      855   TIME(PS) =       0.855  TEMP(K) =   189.97  PRESS =     0.0
 Etot   =  -4036981.8585  EKtot   =      4638.2658  EPtot      =  -4041620.1243
 BOND   =         0.0000  ANGLE   =         0.0000  DIHED      =         0.0000
 1-4 NB =         0.0000  1-4 EEL =         0.0000  VDWAALS    =      7946.8598
 EELEC  =  -4049566.9841  EHBOND  =         0.0000  RESTRAINT  =         0.0000
 ------------------------------------------------------------------------------


 NSTEP =      856   TIME(PS) =       0.856  TEMP(K) =   190.03  PRESS =     0.0
 Etot   =  -4036981.8667  EKtot   =      4639.7956  EPtot      =  -4041621.6623
 BOND   =         0.0000  ANGLE   =         0.0000  DIHED      =         0.0000
 1-4 NB =         0.0000  1-4 EEL =         0.0000  VDWAALS    =      7947.5269
 EELEC  =  -4049569.1892  EHBOND  =         0.0000  RESTRAINT  =         0.0000
 ------------------------------------------------------------------------------


 NSTEP =      857   TIME(PS) =       0.857  TEMP(K) =   190.10  PRESS =     0.0
 Etot   =  -4036981.8798  EKtot   =      4641.4403  EPtot      =  -4041623.3201
 BOND   =         0.0000  ANGLE   =         0.0000  DIHED      =         0.0000
 1-4 NB =         0.0000  1-4 EEL =         0.0000  VDWAALS    =      7948.4594
 EELEC  =  -4049571.7795  EHBOND  =         0.0000  RESTRAINT  =         0.0000
 ------------------------------------------------------------------------------


 NSTEP =      858   TIME(PS) =       0.858  TEMP(K) =   190.17  PRESS =     0.0
 Etot   =  -4036981.8960  EKtot   =      4643.0100  EPtot      =  -4041624.9059
 BOND   =         0.0000  ANGLE   =         0.0000  DIHED      =         0.0000
 1-4 NB =         0.0000  1-4 EEL =         0.0000  VDWAALS    =      7949.6541
 EELEC  =  -4049574.5601  EHBOND  =         0.0000  RESTRAINT  =         0.0000
 ------------------------------------------------------------------------------


 NSTEP =      859   TIME(PS) =       0.859  TEMP(K) =   190.22  PRESS =     0.0
 Etot   =  -4036981.9125  EKtot   =      4644.2695  EPtot      =  -4041626.1820
 BOND   =         0.0000  ANGLE   =         0.0000  DIHED      =         0.0000
 1-4 NB =         0.0000  1-4 EEL =         0.0000  VDWAALS    =      7951.1020
 EELEC  =  -4049577.2840  EHBOND  =         0.0000  RESTRAINT  =         0.0000
 ------------------------------------------------------------------------------


 NSTEP =      860   TIME(PS) =       0.860  TEMP(K) =   190.25  PRESS =     0.0
 Etot   =  -4036981.9273  EKtot   =      4644.9760  EPtot      =  -4041626.9033
 BOND   =         0.0000  ANGLE   =         0.0000  DIHED      =         0.0000
 1-4 NB =         0.0000  1-4 EEL =         0.0000  VDWAALS    =      7952.7891
 EELEC  =  -4049579.6924  EHBOND  =         0.0000  RESTRAINT  =         0.0000
 ------------------------------------------------------------------------------


 NSTEP =      861   TIME(PS) =       0.861  TEMP(K) =   190.24  PRESS =     0.0
 Etot   =  -4036981.9370  EKtot   =      4644.9165  EPtot      =  -4041626.8535
 BOND   =         0.0000  ANGLE   =         0.0000  DIHED      =         0.0000
 1-4 NB =         0.0000  1-4 EEL =         0.0000  VDWAALS    =      7954.6979
 EELEC  =  -4049581.5514  EHBOND  =         0.0000  RESTRAINT  =         0.0000
 ------------------------------------------------------------------------------


 NSTEP =      862   TIME(PS) =       0.862  TEMP(K) =   190.20  PRESS =     0.0
 Etot   =  -4036981.9409  EKtot   =      4643.9412  EPtot      =  -4041625.8821
 BOND   =         0.0000  ANGLE   =         0.0000  DIHED      =         0.0000
 1-4 NB =         0.0000  1-4 EEL =         0.0000  VDWAALS    =      7956.8089
 EELEC  =  -4049582.6910  EHBOND  =         0.0000  RESTRAINT  =         0.0000
 ------------------------------------------------------------------------------


 NSTEP =      863   TIME(PS) =       0.863  TEMP(K) =   190.12  PRESS =     0.0
 Etot   =  -4036981.9388  EKtot   =      4641.9862  EPtot      =  -4041623.9250
 BOND   =         0.0000  ANGLE   =         0.0000  DIHED      =         0.0000
 1-4 NB =         0.0000  1-4 EEL =         0.0000  VDWAALS    =      7959.1013
 EELEC  =  -4049583.0263  EHBOND  =         0.0000  RESTRAINT  =         0.0000
 ------------------------------------------------------------------------------


 NSTEP =      864   TIME(PS) =       0.864  TEMP(K) =   190.00  PRESS =     0.0
 Etot   =  -4036981.9297  EKtot   =      4639.0850  EPtot      =  -4041621.0146
 BOND   =         0.0000  ANGLE   =         0.0000  DIHED      =         0.0000
 1-4 NB =         0.0000  1-4 EEL =         0.0000  VDWAALS    =      7961.5541
 EELEC  =  -4049582.5687  EHBOND  =         0.0000  RESTRAINT  =         0.0000
 ------------------------------------------------------------------------------


 NSTEP =      865   TIME(PS) =       0.865  TEMP(K) =   189.85  PRESS =     0.0
 Etot   =  -4036981.9149  EKtot   =      4635.3669  EPtot      =  -4041617.2818
 BOND   =         0.0000  ANGLE   =         0.0000  DIHED      =         0.0000
 1-4 NB =         0.0000  1-4 EEL =         0.0000  VDWAALS    =      7964.1464
 EELEC  =  -4049581.4282  EHBOND  =         0.0000  RESTRAINT  =         0.0000
 ------------------------------------------------------------------------------


 NSTEP =      866   TIME(PS) =       0.866  TEMP(K) =   189.68  PRESS =     0.0
 Etot   =  -4036981.8965  EKtot   =      4631.0458  EPtot      =  -4041612.9424
 BOND   =         0.0000  ANGLE   =         0.0000  DIHED      =         0.0000
 1-4 NB =         0.0000  1-4 EEL =         0.0000  VDWAALS    =      7966.8584
 EELEC  =  -4049579.8008  EHBOND  =         0.0000  RESTRAINT  =         0.0000
 ------------------------------------------------------------------------------


 NSTEP =      867   TIME(PS) =       0.867  TEMP(K) =   189.49  PRESS =     0.0
 Etot   =  -4036981.8758  EKtot   =      4626.4001  EPtot      =  -4041608.2759
 BOND   =         0.0000  ANGLE   =         0.0000  DIHED      =         0.0000
 1-4 NB =         0.0000  1-4 EEL =         0.0000  VDWAALS    =      7969.6714
 EELEC  =  -4049577.9473  EHBOND  =         0.0000  RESTRAINT  =         0.0000
 ------------------------------------------------------------------------------


 NSTEP =      868   TIME(PS) =       0.868  TEMP(K) =   189.29  PRESS =     0.0
 Etot   =  -4036981.8540  EKtot   =      4621.7459  EPtot      =  -4041603.5999
 BOND   =         0.0000  ANGLE   =         0.0000  DIHED      =         0.0000
 1-4 NB =         0.0000  1-4 EEL =         0.0000  VDWAALS    =      7972.5686
 EELEC  =  -4049576.1685  EHBOND  =         0.0000  RESTRAINT  =         0.0000
 ------------------------------------------------------------------------------


 NSTEP =      869   TIME(PS) =       0.869  TEMP(K) =   189.12  PRESS =     0.0
 Etot   =  -4036981.8344  EKtot   =      4617.4074  EPtot      =  -4041599.2419
 BOND   =         0.0000  ANGLE   =         0.0000  DIHED      =         0.0000
 1-4 NB =         0.0000  1-4 EEL =         0.0000  VDWAALS    =      7975.5353
 EELEC  =  -4049574.7772  EHBOND  =         0.0000  RESTRAINT  =         0.0000
 ------------------------------------------------------------------------------


 NSTEP =      870   TIME(PS) =       0.870  TEMP(K) =   188.96  PRESS =     0.0
 Etot   =  -4036981.8190  EKtot   =      4613.6844  EPtot      =  -4041595.5034
 BOND   =         0.0000  ANGLE   =         0.0000  DIHED      =         0.0000
 1-4 NB =         0.0000  1-4 EEL =         0.0000  VDWAALS    =      7978.5596
 EELEC  =  -4049574.0630  EHBOND  =         0.0000  RESTRAINT  =         0.0000
 ------------------------------------------------------------------------------


 NSTEP =      871   TIME(PS) =       0.871  TEMP(K) =   188.85  PRESS =     0.0
 Etot   =  -4036981.8089  EKtot   =      4610.8203  EPtot      =  -4041592.6291
 BOND   =         0.0000  ANGLE   =         0.0000  DIHED      =         0.0000
 1-4 NB =         0.0000  1-4 EEL =         0.0000  VDWAALS    =      7981.6323
 EELEC  =  -4049574.2615  EHBOND  =         0.0000  RESTRAINT  =         0.0000
 ------------------------------------------------------------------------------


 NSTEP =      872   TIME(PS) =       0.872  TEMP(K) =   188.77  PRESS =     0.0
 Etot   =  -4036981.8056  EKtot   =      4608.9737  EPtot      =  -4041590.7793
 BOND   =         0.0000  ANGLE   =         0.0000  DIHED      =         0.0000
 1-4 NB =         0.0000  1-4 EEL =         0.0000  VDWAALS    =      7984.7472
 EELEC  =  -4049575.5265  EHBOND  =         0.0000  RESTRAINT  =         0.0000
 ------------------------------------------------------------------------------


 NSTEP =      873   TIME(PS) =       0.873  TEMP(K) =   188.74  PRESS =     0.0
 Etot   =  -4036981.8105  EKtot   =      4608.1959  EPtot      =  -4041590.0065
 BOND   =         0.0000  ANGLE   =         0.0000  DIHED      =         0.0000
 1-4 NB =         0.0000  1-4 EEL =         0.0000  VDWAALS    =      7987.9004
 EELEC  =  -4049577.9068  EHBOND  =         0.0000  RESTRAINT  =         0.0000
 ------------------------------------------------------------------------------


 NSTEP =      874   TIME(PS) =       0.874  TEMP(K) =   188.75  PRESS =     0.0
 Etot   =  -4036981.8231  EKtot   =      4608.4199  EPtot      =  -4041590.2430
 BOND   =         0.0000  ANGLE   =         0.0000  DIHED      =         0.0000
 1-4 NB =         0.0000  1-4 EEL =         0.0000  VDWAALS    =      7991.0897
 EELEC  =  -4049581.3327  EHBOND  =         0.0000  RESTRAINT  =         0.0000
 ------------------------------------------------------------------------------


 NSTEP =      875   TIME(PS) =       0.875  TEMP(K) =   188.79  PRESS =     0.0
 Etot   =  -4036981.8417  EKtot   =      4609.4625  EPtot      =  -4041591.3042
 BOND   =         0.0000  ANGLE   =         0.0000  DIHED      =         0.0000
 1-4 NB =         0.0000  1-4 EEL =         0.0000  VDWAALS    =      7994.3135
 EELEC  =  -4049585.6178  EHBOND  =         0.0000  RESTRAINT  =         0.0000
 ------------------------------------------------------------------------------


 NSTEP =      876   TIME(PS) =       0.876  TEMP(K) =   188.86  PRESS =     0.0
 Etot   =  -4036981.8645  EKtot   =      4611.0429  EPtot      =  -4041592.9074
 BOND   =         0.0000  ANGLE   =         0.0000  DIHED      =         0.0000
 1-4 NB =         0.0000  1-4 EEL =         0.0000  VDWAALS    =      7997.5691
 EELEC  =  -4049590.4765  EHBOND  =         0.0000  RESTRAINT  =         0.0000
 ------------------------------------------------------------------------------


 NSTEP =      877   TIME(PS) =       0.877  TEMP(K) =   188.93  PRESS =     0.0
 Etot   =  -4036981.8890  EKtot   =      4612.8151  EPtot      =  -4041594.7041
 BOND   =         0.0000  ANGLE   =         0.0000  DIHED      =         0.0000
 1-4 NB =         0.0000  1-4 EEL =         0.0000  VDWAALS    =      8000.8508
 EELEC  =  -4049595.5549  EHBOND  =         0.0000  RESTRAINT  =         0.0000
 ------------------------------------------------------------------------------


 NSTEP =      878   TIME(PS) =       0.878  TEMP(K) =   188.99  PRESS =     0.0
 Etot   =  -4036981.9110  EKtot   =      4614.4115  EPtot      =  -4041596.3225
 BOND   =         0.0000  ANGLE   =         0.0000  DIHED      =         0.0000
 1-4 NB =         0.0000  1-4 EEL =         0.0000  VDWAALS    =      8004.1489
 EELEC  =  -4049600.4714  EHBOND  =         0.0000  RESTRAINT  =         0.0000
 ------------------------------------------------------------------------------


 NSTEP =      879   TIME(PS) =       0.879  TEMP(K) =   189.04  PRESS =     0.0
 Etot   =  -4036981.9286  EKtot   =      4615.4910  EPtot      =  -4041597.4196
 BOND   =         0.0000  ANGLE   =         0.0000  DIHED      =         0.0000
 1-4 NB =         0.0000  1-4 EEL =         0.0000  VDWAALS    =      8007.4475
 EELEC  =  -4049604.8671  EHBOND  =         0.0000  RESTRAINT  =         0.0000
 ------------------------------------------------------------------------------


 NSTEP =      880   TIME(PS) =       0.880  TEMP(K) =   189.05  PRESS =     0.0
 Etot   =  -4036981.9392  EKtot   =      4615.7840  EPtot      =  -4041597.7232
 BOND   =         0.0000  ANGLE   =         0.0000  DIHED      =         0.0000
 1-4 NB =         0.0000  1-4 EEL =         0.0000  VDWAALS    =      8010.7239
 EELEC  =  -4049608.4471  EHBOND  =         0.0000  RESTRAINT  =         0.0000
 ------------------------------------------------------------------------------


 NSTEP =      881   TIME(PS) =       0.881  TEMP(K) =   189.02  PRESS =     0.0
 Etot   =  -4036981.9411  EKtot   =      4615.1264  EPtot      =  -4041597.0676
 BOND   =         0.0000  ANGLE   =         0.0000  DIHED      =         0.0000
 1-4 NB =         0.0000  1-4 EEL =         0.0000  VDWAALS    =      8013.9480
 EELEC  =  -4049611.0155  EHBOND  =         0.0000  RESTRAINT  =         0.0000
 ------------------------------------------------------------------------------


 NSTEP =      882   TIME(PS) =       0.882  TEMP(K) =   188.96  PRESS =     0.0
 Etot   =  -4036981.9352  EKtot   =      4613.4777  EPtot      =  -4041595.4130
 BOND   =         0.0000  ANGLE   =         0.0000  DIHED      =         0.0000
 1-4 NB =         0.0000  1-4 EEL =         0.0000  VDWAALS    =      8017.0826
 EELEC  =  -4049612.4955  EHBOND  =         0.0000  RESTRAINT  =         0.0000
 ------------------------------------------------------------------------------


 NSTEP =      883   TIME(PS) =       0.883  TEMP(K) =   188.85  PRESS =     0.0
 Etot   =  -4036981.9224  EKtot   =      4610.9214  EPtot      =  -4041592.8437
 BOND   =         0.0000  ANGLE   =         0.0000  DIHED      =         0.0000
 1-4 NB =         0.0000  1-4 EEL =         0.0000  VDWAALS    =      8020.0840
 EELEC  =  -4049612.9278  EHBOND  =         0.0000  RESTRAINT  =         0.0000
 ------------------------------------------------------------------------------


 NSTEP =      884   TIME(PS) =       0.884  TEMP(K) =   188.72  PRESS =     0.0
 Etot   =  -4036981.9041  EKtot   =      4607.6495  EPtot      =  -4041589.5537
 BOND   =         0.0000  ANGLE   =         0.0000  DIHED      =         0.0000
 1-4 NB =         0.0000  1-4 EEL =         0.0000  VDWAALS    =      8022.9039
 EELEC  =  -4049612.4576  EHBOND  =         0.0000  RESTRAINT  =         0.0000
 ------------------------------------------------------------------------------


 NSTEP =      885   TIME(PS) =       0.885  TEMP(K) =   188.57  PRESS =     0.0
 Etot   =  -4036981.8828  EKtot   =      4603.9367  EPtot      =  -4041585.8195
 BOND   =         0.0000  ANGLE   =         0.0000  DIHED      =         0.0000
 1-4 NB =         0.0000  1-4 EEL =         0.0000  VDWAALS    =      8025.4908
 EELEC  =  -4049611.3103  EHBOND  =         0.0000  RESTRAINT  =         0.0000
 ------------------------------------------------------------------------------


 NSTEP =      886   TIME(PS) =       0.886  TEMP(K) =   188.41  PRESS =     0.0
 Etot   =  -4036981.8609  EKtot   =      4600.1067  EPtot      =  -4041581.9675
 BOND   =         0.0000  ANGLE   =         0.0000  DIHED      =         0.0000
 1-4 NB =         0.0000  1-4 EEL =         0.0000  VDWAALS    =      8027.7928
 EELEC  =  -4049609.7604  EHBOND  =         0.0000  RESTRAINT  =         0.0000
 ------------------------------------------------------------------------------


 NSTEP =      887   TIME(PS) =       0.887  TEMP(K) =   188.26  PRESS =     0.0
 Etot   =  -4036981.8399  EKtot   =      4596.4983  EPtot      =  -4041578.3382
 BOND   =         0.0000  ANGLE   =         0.0000  DIHED      =         0.0000
 1-4 NB =         0.0000  1-4 EEL =         0.0000  VDWAALS    =      8029.7602
 EELEC  =  -4049608.0984  EHBOND  =         0.0000  RESTRAINT  =         0.0000
 ------------------------------------------------------------------------------


 NSTEP =      888   TIME(PS) =       0.888  TEMP(K) =   188.13  PRESS =     0.0
 Etot   =  -4036981.8219  EKtot   =      4593.4331  EPtot      =  -4041575.2550
 BOND   =         0.0000  ANGLE   =         0.0000  DIHED      =         0.0000
 1-4 NB =         0.0000  1-4 EEL =         0.0000  VDWAALS    =      8031.3480
 EELEC  =  -4049606.6031  EHBOND  =         0.0000  RESTRAINT  =         0.0000
 ------------------------------------------------------------------------------


 NSTEP =      889   TIME(PS) =       0.889  TEMP(K) =   188.04  PRESS =     0.0
 Etot   =  -4036981.8085  EKtot   =      4591.1885  EPtot      =  -4041572.9970
 BOND   =         0.0000  ANGLE   =         0.0000  DIHED      =         0.0000
 1-4 NB =         0.0000  1-4 EEL =         0.0000  VDWAALS    =      8032.5187
 EELEC  =  -4049605.5157  EHBOND  =         0.0000  RESTRAINT  =         0.0000
 ------------------------------------------------------------------------------


 NSTEP =      890   TIME(PS) =       0.890  TEMP(K) =   187.99  PRESS =     0.0
 Etot   =  -4036981.8006  EKtot   =      4589.9746  EPtot      =  -4041571.7753
 BOND   =         0.0000  ANGLE   =         0.0000  DIHED      =         0.0000
 1-4 NB =         0.0000  1-4 EEL =         0.0000  VDWAALS    =      8033.2446
 EELEC  =  -4049605.0198  EHBOND  =         0.0000  RESTRAINT  =         0.0000
 ------------------------------------------------------------------------------


 NSTEP =      891   TIME(PS) =       0.891  TEMP(K) =   187.99  PRESS =     0.0
 Etot   =  -4036981.7988  EKtot   =      4589.9188  EPtot      =  -4041571.7176
 BOND   =         0.0000  ANGLE   =         0.0000  DIHED      =         0.0000
 1-4 NB =         0.0000  1-4 EEL =         0.0000  VDWAALS    =      8033.5097
 EELEC  =  -4049605.2273  EHBOND  =         0.0000  RESTRAINT  =         0.0000
 ------------------------------------------------------------------------------


 NSTEP =      892   TIME(PS) =       0.892  TEMP(K) =   188.04  PRESS =     0.0
 Etot   =  -4036981.8035  EKtot   =      4591.0554  EPtot      =  -4041572.8589
 BOND   =         0.0000  ANGLE   =         0.0000  DIHED      =         0.0000
 1-4 NB =         0.0000  1-4 EEL =         0.0000  VDWAALS    =      8033.3113
 EELEC  =  -4049606.1702  EHBOND  =         0.0000  RESTRAINT  =         0.0000
 ------------------------------------------------------------------------------


 NSTEP =      893   TIME(PS) =       0.893  TEMP(K) =   188.13  PRESS =     0.0
 Etot   =  -4036981.8143  EKtot   =      4593.3246  EPtot      =  -4041575.1389
 BOND   =         0.0000  ANGLE   =         0.0000  DIHED      =         0.0000
 1-4 NB =         0.0000  1-4 EEL =         0.0000  VDWAALS    =      8032.6604
 EELEC  =  -4049607.7993  EHBOND  =         0.0000  RESTRAINT  =         0.0000
 ------------------------------------------------------------------------------


 NSTEP =      894   TIME(PS) =       0.894  TEMP(K) =   188.26  PRESS =     0.0
 Etot   =  -4036981.8300  EKtot   =      4596.5789  EPtot      =  -4041578.4088
 BOND   =         0.0000  ANGLE   =         0.0000  DIHED      =         0.0000
 1-4 NB =         0.0000  1-4 EEL =         0.0000  VDWAALS    =      8031.5821
 EELEC  =  -4049609.9909  EHBOND  =         0.0000  RESTRAINT  =         0.0000
 ------------------------------------------------------------------------------


 NSTEP =      895   TIME(PS) =       0.895  TEMP(K) =   188.43  PRESS =     0.0
 Etot   =  -4036981.8489  EKtot   =      4600.5987  EPtot      =  -4041582.4476
 BOND   =         0.0000  ANGLE   =         0.0000  DIHED      =         0.0000
 1-4 NB =         0.0000  1-4 EEL =         0.0000  VDWAALS    =      8030.1142
 EELEC  =  -4049612.5617  EHBOND  =         0.0000  RESTRAINT  =         0.0000
 ------------------------------------------------------------------------------


 NSTEP =      896   TIME(PS) =       0.896  TEMP(K) =   188.61  PRESS =     0.0
 Etot   =  -4036981.8693  EKtot   =      4605.1150  EPtot      =  -4041586.9843
 BOND   =         0.0000  ANGLE   =         0.0000  DIHED      =         0.0000
 1-4 NB =         0.0000  1-4 EEL =         0.0000  VDWAALS    =      8028.3059
 EELEC  =  -4049615.2902  EHBOND  =         0.0000  RESTRAINT  =         0.0000
 ------------------------------------------------------------------------------


 NSTEP =      897   TIME(PS) =       0.897  TEMP(K) =   188.81  PRESS =     0.0
 Etot   =  -4036981.8897  EKtot   =      4609.8340  EPtot      =  -4041591.7238
 BOND   =         0.0000  ANGLE   =         0.0000  DIHED      =         0.0000
 1-4 NB =         0.0000  1-4 EEL =         0.0000  VDWAALS    =      8026.2159
 EELEC  =  -4049617.9397  EHBOND  =         0.0000  RESTRAINT  =         0.0000
 ------------------------------------------------------------------------------


 NSTEP =      898   TIME(PS) =       0.898  TEMP(K) =   189.00  PRESS =     0.0
 Etot   =  -4036981.9084  EKtot   =      4614.4615  EPtot      =  -4041596.3699
 BOND   =         0.0000  ANGLE   =         0.0000  DIHED      =         0.0000
 1-4 NB =         0.0000  1-4 EEL =         0.0000  VDWAALS    =      8023.9096
 EELEC  =  -4049620.2795  EHBOND  =         0.0000  RESTRAINT  =         0.0000
 ------------------------------------------------------------------------------


 NSTEP =      899   TIME(PS) =       0.899  TEMP(K) =   189.17  PRESS =     0.0
 Etot   =  -4036981.9246  EKtot   =      4618.7199  EPtot      =  -4041600.6446
 BOND   =         0.0000  ANGLE   =         0.0000  DIHED      =         0.0000
 1-4 NB =         0.0000  1-4 EEL =         0.0000  VDWAALS    =      8021.4561
 EELEC  =  -4049622.1007  EHBOND  =         0.0000  RESTRAINT  =         0.0000
 ------------------------------------------------------------------------------


 NSTEP =      900   TIME(PS) =       0.900  TEMP(K) =   189.32  PRESS =     0.0
 Etot   =  -4036981.9453  EKtot   =      4622.3584  EPtot      =  -4041604.3037
 BOND   =         0.0000  ANGLE   =         0.0000  DIHED      =         0.0000
 1-4 NB =         0.0000  1-4 EEL =         0.0000  VDWAALS    =      8018.9259
 EELEC  =  -4049623.2296  EHBOND  =         0.0000  RESTRAINT  =         0.0000
 ------------------------------------------------------------------------------


 NSTEP =      901   TIME(PS) =       0.901  TEMP(K) =   189.43  PRESS =     0.0
 Etot   =  -4036981.9404  EKtot   =      4625.1560  EPtot      =  -4041607.0964
 BOND   =         0.0000  ANGLE   =         0.0000  DIHED      =         0.0000
 1-4 NB =         0.0000  1-4 EEL =         0.0000  VDWAALS    =      8016.3876
 EELEC  =  -4049623.4840  EHBOND  =         0.0000  RESTRAINT  =         0.0000
 ------------------------------------------------------------------------------


 NSTEP =      902   TIME(PS) =       0.902  TEMP(K) =   189.51  PRESS =     0.0
 Etot   =  -4036981.9614  EKtot   =      4626.9233  EPtot      =  -4041608.8847
 BOND   =         0.0000  ANGLE   =         0.0000  DIHED      =         0.0000
 1-4 NB =         0.0000  1-4 EEL =         0.0000  VDWAALS    =      8013.9058
 EELEC  =  -4049622.7905  EHBOND  =         0.0000  RESTRAINT  =         0.0000
 ------------------------------------------------------------------------------


 NSTEP =      903   TIME(PS) =       0.903  TEMP(K) =   189.53  PRESS =     0.0
 Etot   =  -4036981.9745  EKtot   =      4627.5062  EPtot      =  -4041609.4807
 BOND   =         0.0000  ANGLE   =         0.0000  DIHED      =         0.0000
 1-4 NB =         0.0000  1-4 EEL =         0.0000  VDWAALS    =      8011.5386
 EELEC  =  -4049621.0193  EHBOND  =         0.0000  RESTRAINT  =         0.0000
 ------------------------------------------------------------------------------


 NSTEP =      904   TIME(PS) =       0.904  TEMP(K) =   189.50  PRESS =     0.0
 Etot   =  -4036981.9664  EKtot   =      4626.7957  EPtot      =  -4041608.7622
 BOND   =         0.0000  ANGLE   =         0.0000  DIHED      =         0.0000
 1-4 NB =         0.0000  1-4 EEL =         0.0000  VDWAALS    =      8009.3354
 EELEC  =  -4049618.0975  EHBOND  =         0.0000  RESTRAINT  =         0.0000
 ------------------------------------------------------------------------------


 NSTEP =      905   TIME(PS) =       0.905  TEMP(K) =   189.42  PRESS =     0.0
 Etot   =  -4036981.9550  EKtot   =      4624.7448  EPtot      =  -4041606.6998
 BOND   =         0.0000  ANGLE   =         0.0000  DIHED      =         0.0000
 1-4 NB =         0.0000  1-4 EEL =         0.0000  VDWAALS    =      8007.3355
 EELEC  =  -4049614.0353  EHBOND  =         0.0000  RESTRAINT  =         0.0000
 ------------------------------------------------------------------------------


 NSTEP =      906   TIME(PS) =       0.906  TEMP(K) =   189.28  PRESS =     0.0
 Etot   =  -4036981.9618  EKtot   =      4621.3871  EPtot      =  -4041603.3489
 BOND   =         0.0000  ANGLE   =         0.0000  DIHED      =         0.0000
 1-4 NB =         0.0000  1-4 EEL =         0.0000  VDWAALS    =      8005.5665
 EELEC  =  -4049608.9154  EHBOND  =         0.0000  RESTRAINT  =         0.0000
 ------------------------------------------------------------------------------


 NSTEP =      907   TIME(PS) =       0.907  TEMP(K) =   189.09  PRESS =     0.0
 Etot   =  -4036981.9454  EKtot   =      4616.8531  EPtot      =  -4041598.7986
 BOND   =         0.0000  ANGLE   =         0.0000  DIHED      =         0.0000
 1-4 NB =         0.0000  1-4 EEL =         0.0000  VDWAALS    =      8004.0435
 EELEC  =  -4049602.8421  EHBOND  =         0.0000  RESTRAINT  =         0.0000
 ------------------------------------------------------------------------------


 NSTEP =      908   TIME(PS) =       0.908  TEMP(K) =   188.87  PRESS =     0.0
 Etot   =  -4036981.9118  EKtot   =      4611.3762  EPtot      =  -4041593.2880
 BOND   =         0.0000  ANGLE   =         0.0000  DIHED      =         0.0000
 1-4 NB =         0.0000  1-4 EEL =         0.0000  VDWAALS    =      8002.7684
 EELEC  =  -4049596.0564  EHBOND  =         0.0000  RESTRAINT  =         0.0000
 ------------------------------------------------------------------------------


 NSTEP =      909   TIME(PS) =       0.909  TEMP(K) =   188.62  PRESS =     0.0
 Etot   =  -4036981.8866  EKtot   =      4605.2843  EPtot      =  -4041587.1709
 BOND   =         0.0000  ANGLE   =         0.0000  DIHED      =         0.0000
 1-4 NB =         0.0000  1-4 EEL =         0.0000  VDWAALS    =      8001.7302
 EELEC  =  -4049588.9010  EHBOND  =         0.0000  RESTRAINT  =         0.0000
 ------------------------------------------------------------------------------


 NSTEP =      910   TIME(PS) =       0.910  TEMP(K) =   188.36  PRESS =     0.0
 Etot   =  -4036981.8629  EKtot   =      4598.9755  EPtot      =  -4041580.8384
 BOND   =         0.0000  ANGLE   =         0.0000  DIHED      =         0.0000
 1-4 NB =         0.0000  1-4 EEL =         0.0000  VDWAALS    =      8000.9060
 EELEC  =  -4049581.7443  EHBOND  =         0.0000  RESTRAINT  =         0.0000
 ------------------------------------------------------------------------------


 NSTEP =      911   TIME(PS) =       0.911  TEMP(K) =   188.11  PRESS =     0.0
 Etot   =  -4036981.8339  EKtot   =      4592.8809  EPtot      =  -4041574.7148
 BOND   =         0.0000  ANGLE   =         0.0000  DIHED      =         0.0000
 1-4 NB =         0.0000  1-4 EEL =         0.0000  VDWAALS    =      8000.2625
 EELEC  =  -4049574.9773  EHBOND  =         0.0000  RESTRAINT  =         0.0000
 ------------------------------------------------------------------------------


 NSTEP =      912   TIME(PS) =       0.912  TEMP(K) =   187.89  PRESS =     0.0
 Etot   =  -4036981.8038  EKtot   =      4587.4207  EPtot      =  -4041569.2244
 BOND   =         0.0000  ANGLE   =         0.0000  DIHED      =         0.0000
 1-4 NB =         0.0000  1-4 EEL =         0.0000  VDWAALS    =      7999.7590
 EELEC  =  -4049568.9834  EHBOND  =         0.0000  RESTRAINT  =         0.0000
 ------------------------------------------------------------------------------


 NSTEP =      913   TIME(PS) =       0.913  TEMP(K) =   187.71  PRESS =     0.0
 Etot   =  -4036981.7878  EKtot   =      4582.9625  EPtot      =  -4041564.7504
 BOND   =         0.0000  ANGLE   =         0.0000  DIHED      =         0.0000
 1-4 NB =         0.0000  1-4 EEL =         0.0000  VDWAALS    =      7999.3496
 EELEC  =  -4049564.0999  EHBOND  =         0.0000  RESTRAINT  =         0.0000
 ------------------------------------------------------------------------------


 NSTEP =      914   TIME(PS) =       0.914  TEMP(K) =   187.58  PRESS =     0.0
 Etot   =  -4036981.7817  EKtot   =      4579.7905  EPtot      =  -4041561.5722
 BOND   =         0.0000  ANGLE   =         0.0000  DIHED      =         0.0000
 1-4 NB =         0.0000  1-4 EEL =         0.0000  VDWAALS    =      7998.9878
 EELEC  =  -4049560.5600  EHBOND  =         0.0000  RESTRAINT  =         0.0000
 ------------------------------------------------------------------------------


 NSTEP =      915   TIME(PS) =       0.915  TEMP(K) =   187.51  PRESS =     0.0
 Etot   =  -4036981.7750  EKtot   =      4578.0889  EPtot      =  -4041559.8639
 BOND   =         0.0000  ANGLE   =         0.0000  DIHED      =         0.0000
 1-4 NB =         0.0000  1-4 EEL =         0.0000  VDWAALS    =      7998.6301
 EELEC  =  -4049558.4940  EHBOND  =         0.0000  RESTRAINT  =         0.0000
 ------------------------------------------------------------------------------


 NSTEP =      916   TIME(PS) =       0.916  TEMP(K) =   187.50  PRESS =     0.0
 Etot   =  -4036981.7741  EKtot   =      4577.9429  EPtot      =  -4041559.7170
 BOND   =         0.0000  ANGLE   =         0.0000  DIHED      =         0.0000
 1-4 NB =         0.0000  1-4 EEL =         0.0000  VDWAALS    =      7998.2395
 EELEC  =  -4049557.9565  EHBOND  =         0.0000  RESTRAINT  =         0.0000
 ------------------------------------------------------------------------------


 NSTEP =      917   TIME(PS) =       0.917  TEMP(K) =   187.56  PRESS =     0.0
 Etot   =  -4036981.7825  EKtot   =      4579.3527  EPtot      =  -4041561.1351
 BOND   =         0.0000  ANGLE   =         0.0000  DIHED      =         0.0000
 1-4 NB =         0.0000  1-4 EEL =         0.0000  VDWAALS    =      7997.7895
 EELEC  =  -4049558.9246  EHBOND  =         0.0000  RESTRAINT  =         0.0000
 ------------------------------------------------------------------------------


 NSTEP =      918   TIME(PS) =       0.918  TEMP(K) =   187.68  PRESS =     0.0
 Etot   =  -4036981.7929  EKtot   =      4582.2530  EPtot      =  -4041564.0459
 BOND   =         0.0000  ANGLE   =         0.0000  DIHED      =         0.0000
 1-4 NB =         0.0000  1-4 EEL =         0.0000  VDWAALS    =      7997.2664
 EELEC  =  -4049561.3122  EHBOND  =         0.0000  RESTRAINT  =         0.0000
 ------------------------------------------------------------------------------


 NSTEP =      919   TIME(PS) =       0.919  TEMP(K) =   187.85  PRESS =     0.0
 Etot   =  -4036981.8008  EKtot   =      4586.5319  EPtot      =  -4041568.3327
 BOND   =         0.0000  ANGLE   =         0.0000  DIHED      =         0.0000
 1-4 NB =         0.0000  1-4 EEL =         0.0000  VDWAALS    =      7996.6711
 EELEC  =  -4049565.0039  EHBOND  =         0.0000  RESTRAINT  =         0.0000
 ------------------------------------------------------------------------------


 NSTEP =      920   TIME(PS) =       0.920  TEMP(K) =   188.08  PRESS =     0.0
 Etot   =  -4036981.8116  EKtot   =      4592.0404  EPtot      =  -4041573.8520
 BOND   =         0.0000  ANGLE   =         0.0000  DIHED      =         0.0000
 1-4 NB =         0.0000  1-4 EEL =         0.0000  VDWAALS    =      7996.0202
 EELEC  =  -4049569.8721  EHBOND  =         0.0000  RESTRAINT  =         0.0000
 ------------------------------------------------------------------------------


 NSTEP =      921   TIME(PS) =       0.921  TEMP(K) =   188.35  PRESS =     0.0
 Etot   =  -4036981.8295  EKtot   =      4598.5895  EPtot      =  -4041580.4190
 BOND   =         0.0000  ANGLE   =         0.0000  DIHED      =         0.0000
 1-4 NB =         0.0000  1-4 EEL =         0.0000  VDWAALS    =      7995.3443
 EELEC  =  -4049575.7632  EHBOND  =         0.0000  RESTRAINT  =         0.0000
 ------------------------------------------------------------------------------


 NSTEP =      922   TIME(PS) =       0.922  TEMP(K) =   188.65  PRESS =     0.0
 Etot   =  -4036981.8506  EKtot   =      4605.9393  EPtot      =  -4041587.7899
 BOND   =         0.0000  ANGLE   =         0.0000  DIHED      =         0.0000
 1-4 NB =         0.0000  1-4 EEL =         0.0000  VDWAALS    =      7994.6868
 EELEC  =  -4049582.4767  EHBOND  =         0.0000  RESTRAINT  =         0.0000
 ------------------------------------------------------------------------------


 NSTEP =      923   TIME(PS) =       0.923  TEMP(K) =   188.97  PRESS =     0.0
 Etot   =  -4036981.8735  EKtot   =      4613.7846  EPtot      =  -4041595.6581
 BOND   =         0.0000  ANGLE   =         0.0000  DIHED      =         0.0000
 1-4 NB =         0.0000  1-4 EEL =         0.0000  VDWAALS    =      7994.1006
 EELEC  =  -4049589.7587  EHBOND  =         0.0000  RESTRAINT  =         0.0000
 ------------------------------------------------------------------------------


 NSTEP =      924   TIME(PS) =       0.924  TEMP(K) =   189.29  PRESS =     0.0
 Etot   =  -4036981.9035  EKtot   =      4621.7460  EPtot      =  -4041603.6495
 BOND   =         0.0000  ANGLE   =         0.0000  DIHED      =         0.0000
 1-4 NB =         0.0000  1-4 EEL =         0.0000  VDWAALS    =      7993.6434
 EELEC  =  -4049597.2928  EHBOND  =         0.0000  RESTRAINT  =         0.0000
 ------------------------------------------------------------------------------


 NSTEP =      925   TIME(PS) =       0.925  TEMP(K) =   189.61  PRESS =     0.0
 Etot   =  -4036981.9392  EKtot   =      4629.3750  EPtot      =  -4041611.3142
 BOND   =         0.0000  ANGLE   =         0.0000  DIHED      =         0.0000
 1-4 NB =         0.0000  1-4 EEL =         0.0000  VDWAALS    =      7993.3735
 EELEC  =  -4049604.6877  EHBOND  =         0.0000  RESTRAINT  =         0.0000
 ------------------------------------------------------------------------------


 NSTEP =      926   TIME(PS) =       0.926  TEMP(K) =   189.89  PRESS =     0.0
 Etot   =  -4036981.9745  EKtot   =      4636.1763  EPtot      =  -4041618.1509
 BOND   =         0.0000  ANGLE   =         0.0000  DIHED      =         0.0000
 1-4 NB =         0.0000  1-4 EEL =         0.0000  VDWAALS    =      7993.3448
 EELEC  =  -4049611.4956  EHBOND  =         0.0000  RESTRAINT  =         0.0000
 ------------------------------------------------------------------------------


 NSTEP =      927   TIME(PS) =       0.927  TEMP(K) =   190.11  PRESS =     0.0
 Etot   =  -4036982.0052  EKtot   =      4641.6465  EPtot      =  -4041623.6518
 BOND   =         0.0000  ANGLE   =         0.0000  DIHED      =         0.0000
 1-4 NB =         0.0000  1-4 EEL =         0.0000  VDWAALS    =      7993.6017
 EELEC  =  -4049617.2535  EHBOND  =         0.0000  RESTRAINT  =         0.0000
 ------------------------------------------------------------------------------


 NSTEP =      928   TIME(PS) =       0.928  TEMP(K) =   190.26  PRESS =     0.0
 Etot   =  -4036982.0309  EKtot   =      4645.3251  EPtot      =  -4041627.3559
 BOND   =         0.0000  ANGLE   =         0.0000  DIHED      =         0.0000
 1-4 NB =         0.0000  1-4 EEL =         0.0000  VDWAALS    =      7994.1756
 EELEC  =  -4049621.5316  EHBOND  =         0.0000  RESTRAINT  =         0.0000
 ------------------------------------------------------------------------------


 NSTEP =      929   TIME(PS) =       0.929  TEMP(K) =   190.32  PRESS =     0.0
 Etot   =  -4036982.0485  EKtot   =      4646.8477  EPtot      =  -4041628.8961
 BOND   =         0.0000  ANGLE   =         0.0000  DIHED      =         0.0000
 1-4 NB =         0.0000  1-4 EEL =         0.0000  VDWAALS    =      7995.0815
 EELEC  =  -4049623.9776  EHBOND  =         0.0000  RESTRAINT  =         0.0000
 ------------------------------------------------------------------------------


 NSTEP =      930   TIME(PS) =       0.930  TEMP(K) =   190.29  PRESS =     0.0
 Etot   =  -4036982.0528  EKtot   =      4645.9929  EPtot      =  -4041628.0457
 BOND   =         0.0000  ANGLE   =         0.0000  DIHED      =         0.0000
 1-4 NB =         0.0000  1-4 EEL =         0.0000  VDWAALS    =      7996.3161
 EELEC  =  -4049624.3618  EHBOND  =         0.0000  RESTRAINT  =         0.0000
 ------------------------------------------------------------------------------


 NSTEP =      931   TIME(PS) =       0.931  TEMP(K) =   190.15  PRESS =     0.0
 Etot   =  -4036982.0429  EKtot   =      4642.7133  EPtot      =  -4041624.7562
 BOND   =         0.0000  ANGLE   =         0.0000  DIHED      =         0.0000
 1-4 NB =         0.0000  1-4 EEL =         0.0000  VDWAALS    =      7997.8582
 EELEC  =  -4049622.6144  EHBOND  =         0.0000  RESTRAINT  =         0.0000
 ------------------------------------------------------------------------------


 NSTEP =      932   TIME(PS) =       0.932  TEMP(K) =   189.93  PRESS =     0.0
 Etot   =  -4036982.0227  EKtot   =      4637.1464  EPtot      =  -4041619.1690
 BOND   =         0.0000  ANGLE   =         0.0000  DIHED      =         0.0000
 1-4 NB =         0.0000  1-4 EEL =         0.0000  VDWAALS    =      7999.6688
 EELEC  =  -4049618.8378  EHBOND  =         0.0000  RESTRAINT  =         0.0000
 ------------------------------------------------------------------------------


 NSTEP =      933   TIME(PS) =       0.933  TEMP(K) =   189.62  PRESS =     0.0
 Etot   =  -4036981.9939  EKtot   =      4629.6044  EPtot      =  -4041611.5983
 BOND   =         0.0000  ANGLE   =         0.0000  DIHED      =         0.0000
 1-4 NB =         0.0000  1-4 EEL =         0.0000  VDWAALS    =      8001.6941
 EELEC  =  -4049613.2924  EHBOND  =         0.0000  RESTRAINT  =         0.0000
 ------------------------------------------------------------------------------


 NSTEP =      934   TIME(PS) =       0.934  TEMP(K) =   189.25  PRESS =     0.0
 Etot   =  -4036981.9561  EKtot   =      4620.5457  EPtot      =  -4041602.5018
 BOND   =         0.0000  ANGLE   =         0.0000  DIHED      =         0.0000
 1-4 NB =         0.0000  1-4 EEL =         0.0000  VDWAALS    =      8003.8684
 EELEC  =  -4049606.3701  EHBOND  =         0.0000  RESTRAINT  =         0.0000
 ------------------------------------------------------------------------------


 NSTEP =      935   TIME(PS) =       0.935  TEMP(K) =   188.84  PRESS =     0.0
 Etot   =  -4036981.9150  EKtot   =      4610.5309  EPtot      =  -4041592.4459
 BOND   =         0.0000  ANGLE   =         0.0000  DIHED      =         0.0000
 1-4 NB =         0.0000  1-4 EEL =         0.0000  VDWAALS    =      8006.1179
 EELEC  =  -4049598.5638  EHBOND  =         0.0000  RESTRAINT  =         0.0000
 ------------------------------------------------------------------------------


 NSTEP =      936   TIME(PS) =       0.936  TEMP(K) =   188.41  PRESS =     0.0
 Etot   =  -4036981.8749  EKtot   =      4600.1728  EPtot      =  -4041582.0477
 BOND   =         0.0000  ANGLE   =         0.0000  DIHED      =         0.0000
 1-4 NB =         0.0000  1-4 EEL =         0.0000  VDWAALS    =      8008.3651
 EELEC  =  -4049590.4128  EHBOND  =         0.0000  RESTRAINT  =         0.0000
 ------------------------------------------------------------------------------


 NSTEP =      937   TIME(PS) =       0.937  TEMP(K) =   188.00  PRESS =     0.0
 Etot   =  -4036981.8386  EKtot   =      4590.0822  EPtot      =  -4041571.9208
 BOND   =         0.0000  ANGLE   =         0.0000  DIHED      =         0.0000
 1-4 NB =         0.0000  1-4 EEL =         0.0000  VDWAALS    =      8010.5325
 EELEC  =  -4049582.4533  EHBOND  =         0.0000  RESTRAINT  =         0.0000
 ------------------------------------------------------------------------------


 NSTEP =      938   TIME(PS) =       0.938  TEMP(K) =   187.62  PRESS =     0.0
 Etot   =  -4036981.8081  EKtot   =      4580.8185  EPtot      =  -4041562.6266
 BOND   =         0.0000  ANGLE   =         0.0000  DIHED      =         0.0000
 1-4 NB =         0.0000  1-4 EEL =         0.0000  VDWAALS    =      8012.5467
 EELEC  =  -4049575.1732  EHBOND  =         0.0000  RESTRAINT  =         0.0000
 ------------------------------------------------------------------------------


 NSTEP =      939   TIME(PS) =       0.939  TEMP(K) =   187.29  PRESS =     0.0
 Etot   =  -4036981.7854  EKtot   =      4572.8476  EPtot      =  -4041554.6330
 BOND   =         0.0000  ANGLE   =         0.0000  DIHED      =         0.0000
 1-4 NB =         0.0000  1-4 EEL =         0.0000  VDWAALS    =      8014.3409
 EELEC  =  -4049568.9740  EHBOND  =         0.0000  RESTRAINT  =         0.0000
 ------------------------------------------------------------------------------


 NSTEP =      940   TIME(PS) =       0.940  TEMP(K) =   187.03  PRESS =     0.0
 Etot   =  -4036981.7722  EKtot   =      4566.5129  EPtot      =  -4041548.2851
 BOND   =         0.0000  ANGLE   =         0.0000  DIHED      =         0.0000
 1-4 NB =         0.0000  1-4 EEL =         0.0000  VDWAALS    =      8015.8580
 EELEC  =  -4049564.1431  EHBOND  =         0.0000  RESTRAINT  =         0.0000
 ------------------------------------------------------------------------------


 NSTEP =      941   TIME(PS) =       0.941  TEMP(K) =   186.85  PRESS =     0.0
 Etot   =  -4036981.7686  EKtot   =      4562.0218  EPtot      =  -4041543.7905
 BOND   =         0.0000  ANGLE   =         0.0000  DIHED      =         0.0000
 1-4 NB =         0.0000  1-4 EEL =         0.0000  VDWAALS    =      8017.0515
 EELEC  =  -4049560.8420  EHBOND  =         0.0000  RESTRAINT  =         0.0000
 ------------------------------------------------------------------------------


 NSTEP =      942   TIME(PS) =       0.942  TEMP(K) =   186.74  PRESS =     0.0
 Etot   =  -4036981.7719  EKtot   =      4559.4478  EPtot      =  -4041541.2197
 BOND   =         0.0000  ANGLE   =         0.0000  DIHED      =         0.0000
 1-4 NB =         0.0000  1-4 EEL =         0.0000  VDWAALS    =      8017.8870
 EELEC  =  -4049559.1067  EHBOND  =         0.0000  RESTRAINT  =         0.0000
 ------------------------------------------------------------------------------


 NSTEP =      943   TIME(PS) =       0.943  TEMP(K) =   186.71  PRESS =     0.0
 Etot   =  -4036981.7808  EKtot   =      4558.7459  EPtot      =  -4041540.5267
 BOND   =         0.0000  ANGLE   =         0.0000  DIHED      =         0.0000
 1-4 NB =         0.0000  1-4 EEL =         0.0000  VDWAALS    =      8018.3424
 EELEC  =  -4049558.8691  EHBOND  =         0.0000  RESTRAINT  =         0.0000
 ------------------------------------------------------------------------------


 NSTEP =      944   TIME(PS) =       0.944  TEMP(K) =   186.76  PRESS =     0.0
 Etot   =  -4036981.7944  EKtot   =      4559.7786  EPtot      =  -4041541.5730
 BOND   =         0.0000  ANGLE   =         0.0000  DIHED      =         0.0000
 1-4 NB =         0.0000  1-4 EEL =         0.0000  VDWAALS    =      8018.4079
 EELEC  =  -4049559.9809  EHBOND  =         0.0000  RESTRAINT  =         0.0000
 ------------------------------------------------------------------------------


 NSTEP =      945   TIME(PS) =       0.945  TEMP(K) =   186.86  PRESS =     0.0
 Etot   =  -4036981.8103  EKtot   =      4562.3446  EPtot      =  -4041544.1549
 BOND   =         0.0000  ANGLE   =         0.0000  DIHED      =         0.0000
 1-4 NB =         0.0000  1-4 EEL =         0.0000  VDWAALS    =      8018.0853
 EELEC  =  -4049562.2403  EHBOND  =         0.0000  RESTRAINT  =         0.0000
 ------------------------------------------------------------------------------


 NSTEP =      946   TIME(PS) =       0.946  TEMP(K) =   187.02  PRESS =     0.0
 Etot   =  -4036981.8258  EKtot   =      4566.2068  EPtot      =  -4041548.0326
 BOND   =         0.0000  ANGLE   =         0.0000  DIHED      =         0.0000
 1-4 NB =         0.0000  1-4 EEL =         0.0000  VDWAALS    =      8017.3877
 EELEC  =  -4049565.4203  EHBOND  =         0.0000  RESTRAINT  =         0.0000
 ------------------------------------------------------------------------------


 NSTEP =      947   TIME(PS) =       0.947  TEMP(K) =   187.22  PRESS =     0.0
 Etot   =  -4036981.8412  EKtot   =      4571.1142  EPtot      =  -4041552.9554
 BOND   =         0.0000  ANGLE   =         0.0000  DIHED      =         0.0000
 1-4 NB =         0.0000  1-4 EEL =         0.0000  VDWAALS    =      8016.3378
 EELEC  =  -4049569.2932  EHBOND  =         0.0000  RESTRAINT  =         0.0000
 ------------------------------------------------------------------------------


 NSTEP =      948   TIME(PS) =       0.948  TEMP(K) =   187.45  PRESS =     0.0
 Etot   =  -4036981.8568  EKtot   =      4576.8163  EPtot      =  -4041558.6731
 BOND   =         0.0000  ANGLE   =         0.0000  DIHED      =         0.0000
 1-4 NB =         0.0000  1-4 EEL =         0.0000  VDWAALS    =      8014.9673
 EELEC  =  -4049573.6404  EHBOND  =         0.0000  RESTRAINT  =         0.0000
 ------------------------------------------------------------------------------


 NSTEP =      949   TIME(PS) =       0.949  TEMP(K) =   187.71  PRESS =     0.0
 Etot   =  -4036981.8711  EKtot   =      4583.0701  EPtot      =  -4041564.9412
 BOND   =         0.0000  ANGLE   =         0.0000  DIHED      =         0.0000
 1-4 NB =         0.0000  1-4 EEL =         0.0000  VDWAALS    =      8013.3147
 EELEC  =  -4049578.2559  EHBOND  =         0.0000  RESTRAINT  =         0.0000
 ------------------------------------------------------------------------------


 NSTEP =      950   TIME(PS) =       0.950  TEMP(K) =   187.98  PRESS =     0.0
 Etot   =  -4036981.8844  EKtot   =      4589.6405  EPtot      =  -4041571.5249
 BOND   =         0.0000  ANGLE   =         0.0000  DIHED      =         0.0000
 1-4 NB =         0.0000  1-4 EEL =         0.0000  VDWAALS    =      8011.4240
 EELEC  =  -4049582.9489  EHBOND  =         0.0000  RESTRAINT  =         0.0000
 ------------------------------------------------------------------------------


 NSTEP =      951   TIME(PS) =       0.951  TEMP(K) =   188.25  PRESS =     0.0
 Etot   =  -4036981.8978  EKtot   =      4596.2989  EPtot      =  -4041578.1966
 BOND   =         0.0000  ANGLE   =         0.0000  DIHED      =         0.0000
 1-4 NB =         0.0000  1-4 EEL =         0.0000  VDWAALS    =      8009.3429
 EELEC  =  -4049587.5396  EHBOND  =         0.0000  RESTRAINT  =         0.0000
 ------------------------------------------------------------------------------


 NSTEP =      952   TIME(PS) =       0.952  TEMP(K) =   188.52  PRESS =     0.0
 Etot   =  -4036981.9116  EKtot   =      4602.8192  EPtot      =  -4041584.7307
 BOND   =         0.0000  ANGLE   =         0.0000  DIHED      =         0.0000
 1-4 NB =         0.0000  1-4 EEL =         0.0000  VDWAALS    =      8007.1208
 EELEC  =  -4049591.8515  EHBOND  =         0.0000  RESTRAINT  =         0.0000
 ------------------------------------------------------------------------------


 NSTEP =      953   TIME(PS) =       0.953  TEMP(K) =   188.77  PRESS =     0.0
 Etot   =  -4036981.9249  EKtot   =      4608.9766  EPtot      =  -4041590.9015
 BOND   =         0.0000  ANGLE   =         0.0000  DIHED      =         0.0000
 1-4 NB =         0.0000  1-4 EEL =         0.0000  VDWAALS    =      8004.8074
 EELEC  =  -4049595.7088  EHBOND  =         0.0000  RESTRAINT  =         0.0000
 ------------------------------------------------------------------------------


 NSTEP =      954   TIME(PS) =       0.954  TEMP(K) =   189.00  PRESS =     0.0
 Etot   =  -4036981.9378  EKtot   =      4614.5479  EPtot      =  -4041596.4856
 BOND   =         0.0000  ANGLE   =         0.0000  DIHED      =         0.0000
 1-4 NB =         0.0000  1-4 EEL =         0.0000  VDWAALS    =      8002.4511
 EELEC  =  -4049598.9367  EHBOND  =         0.0000  RESTRAINT  =         0.0000
 ------------------------------------------------------------------------------


 NSTEP =      955   TIME(PS) =       0.955  TEMP(K) =   189.19  PRESS =     0.0
 Etot   =  -4036981.9504  EKtot   =      4619.3151  EPtot      =  -4041601.2655
 BOND   =         0.0000  ANGLE   =         0.0000  DIHED      =         0.0000
 1-4 NB =         0.0000  1-4 EEL =         0.0000  VDWAALS    =      8000.0984
 EELEC  =  -4049601.3639  EHBOND  =         0.0000  RESTRAINT  =         0.0000
 ------------------------------------------------------------------------------


 NSTEP =      956   TIME(PS) =       0.956  TEMP(K) =   189.35  PRESS =     0.0
 Etot   =  -4036981.9621  EKtot   =      4623.0738  EPtot      =  -4041605.0359
 BOND   =         0.0000  ANGLE   =         0.0000  DIHED      =         0.0000
 1-4 NB =         0.0000  1-4 EEL =         0.0000  VDWAALS    =      7997.7929
 EELEC  =  -4049602.8288  EHBOND  =         0.0000  RESTRAINT  =         0.0000
 ------------------------------------------------------------------------------


 NSTEP =      957   TIME(PS) =       0.957  TEMP(K) =   189.45  PRESS =     0.0
 Etot   =  -4036981.9711  EKtot   =      4625.6454  EPtot      =  -4041607.6165
 BOND   =         0.0000  ANGLE   =         0.0000  DIHED      =         0.0000
 1-4 NB =         0.0000  1-4 EEL =         0.0000  VDWAALS    =      7995.5751
 EELEC  =  -4049603.1916  EHBOND  =         0.0000  RESTRAINT  =         0.0000
 ------------------------------------------------------------------------------


 NSTEP =      958   TIME(PS) =       0.958  TEMP(K) =   189.51  PRESS =     0.0
 Etot   =  -4036981.9765  EKtot   =      4626.8928  EPtot      =  -4041608.8693
 BOND   =         0.0000  ANGLE   =         0.0000  DIHED      =         0.0000
 1-4 NB =         0.0000  1-4 EEL =         0.0000  VDWAALS    =      7993.4822
 EELEC  =  -4049602.3515  EHBOND  =         0.0000  RESTRAINT  =         0.0000
 ------------------------------------------------------------------------------


 NSTEP =      959   TIME(PS) =       0.959  TEMP(K) =   189.50  PRESS =     0.0
 Etot   =  -4036981.9770  EKtot   =      4626.7404  EPtot      =  -4041608.7174
 BOND   =         0.0000  ANGLE   =         0.0000  DIHED      =         0.0000
 1-4 NB =         0.0000  1-4 EEL =         0.0000  VDWAALS    =      7991.5479
 EELEC  =  -4049600.2653  EHBOND  =         0.0000  RESTRAINT  =         0.0000
 ------------------------------------------------------------------------------


 NSTEP =      960   TIME(PS) =       0.960  TEMP(K) =   189.44  PRESS =     0.0
 Etot   =  -4036981.9712  EKtot   =      4625.1935  EPtot      =  -4041607.1648
 BOND   =         0.0000  ANGLE   =         0.0000  DIHED      =         0.0000
 1-4 NB =         0.0000  1-4 EEL =         0.0000  VDWAALS    =      7989.8024
 EELEC  =  -4049596.9672  EHBOND  =         0.0000  RESTRAINT  =         0.0000
 ------------------------------------------------------------------------------


 NSTEP =      961   TIME(PS) =       0.961  TEMP(K) =   189.32  PRESS =     0.0
 Etot   =  -4036981.9581  EKtot   =      4622.3563  EPtot      =  -4041604.3144
 BOND   =         0.0000  ANGLE   =         0.0000  DIHED      =         0.0000
 1-4 NB =         0.0000  1-4 EEL =         0.0000  VDWAALS    =      7988.2721
 EELEC  =  -4049592.5865  EHBOND  =         0.0000  RESTRAINT  =         0.0000
 ------------------------------------------------------------------------------


 NSTEP =      962   TIME(PS) =       0.962  TEMP(K) =   189.16  PRESS =     0.0
 Etot   =  -4036981.9373  EKtot   =      4618.4429  EPtot      =  -4041600.3802
 BOND   =         0.0000  ANGLE   =         0.0000  DIHED      =         0.0000
 1-4 NB =         0.0000  1-4 EEL =         0.0000  VDWAALS    =      7986.9789
 EELEC  =  -4049587.3591  EHBOND  =         0.0000  RESTRAINT  =         0.0000
 ------------------------------------------------------------------------------


 NSTEP =      963   TIME(PS) =       0.963  TEMP(K) =   188.97  PRESS =     0.0
 Etot   =  -4036981.9098  EKtot   =      4613.7777  EPtot      =  -4041595.6875
 BOND   =         0.0000  ANGLE   =         0.0000  DIHED      =         0.0000
 1-4 NB =         0.0000  1-4 EEL =         0.0000  VDWAALS    =      7985.9400
 EELEC  =  -4049581.6275  EHBOND  =         0.0000  RESTRAINT  =         0.0000
 ------------------------------------------------------------------------------


 NSTEP =      964   TIME(PS) =       0.964  TEMP(K) =   188.76  PRESS =     0.0
 Etot   =  -4036981.8775  EKtot   =      4608.7827  EPtot      =  -4041590.6602
 BOND   =         0.0000  ANGLE   =         0.0000  DIHED      =         0.0000
 1-4 NB =         0.0000  1-4 EEL =         0.0000  VDWAALS    =      7985.1666
 EELEC  =  -4049575.8268  EHBOND  =         0.0000  RESTRAINT  =         0.0000
 ------------------------------------------------------------------------------


 NSTEP =      965   TIME(PS) =       0.965  TEMP(K) =   188.57  PRESS =     0.0
 Etot   =  -4036981.8429  EKtot   =      4603.9479  EPtot      =  -4041585.7908
 BOND   =         0.0000  ANGLE   =         0.0000  DIHED      =         0.0000
 1-4 NB =         0.0000  1-4 EEL =         0.0000  VDWAALS    =      7984.6637
 EELEC  =  -4049570.4545  EHBOND  =         0.0000  RESTRAINT  =         0.0000
 ------------------------------------------------------------------------------


 NSTEP =      966   TIME(PS) =       0.966  TEMP(K) =   188.40  PRESS =     0.0
 Etot   =  -4036981.8099  EKtot   =      4599.7878  EPtot      =  -4041581.5977
 BOND   =         0.0000  ANGLE   =         0.0000  DIHED      =         0.0000
 1-4 NB =         0.0000  1-4 EEL =         0.0000  VDWAALS    =      7984.4294
 EELEC  =  -4049566.0271  EHBOND  =         0.0000  RESTRAINT  =         0.0000
 ------------------------------------------------------------------------------


 NSTEP =      967   TIME(PS) =       0.967  TEMP(K) =   188.27  PRESS =     0.0
 Etot   =  -4036981.7830  EKtot   =      4596.7873  EPtot      =  -4041578.5703
 BOND   =         0.0000  ANGLE   =         0.0000  DIHED      =         0.0000
 1-4 NB =         0.0000  1-4 EEL =         0.0000  VDWAALS    =      7984.4553
 EELEC  =  -4049563.0257  EHBOND  =         0.0000  RESTRAINT  =         0.0000
 ------------------------------------------------------------------------------


 NSTEP =      968   TIME(PS) =       0.968  TEMP(K) =   188.21  PRESS =     0.0
 Etot   =  -4036981.7657  EKtot   =      4595.3430  EPtot      =  -4041577.1087
 BOND   =         0.0000  ANGLE   =         0.0000  DIHED      =         0.0000
 1-4 NB =         0.0000  1-4 EEL =         0.0000  VDWAALS    =      7984.7266
 EELEC  =  -4049561.8354  EHBOND  =         0.0000  RESTRAINT  =         0.0000
 ------------------------------------------------------------------------------


 NSTEP =      969   TIME(PS) =       0.969  TEMP(K) =   188.23  PRESS =     0.0
 Etot   =  -4036981.7605  EKtot   =      4595.7102  EPtot      =  -4041577.4707
 BOND   =         0.0000  ANGLE   =         0.0000  DIHED      =         0.0000
 1-4 NB =         0.0000  1-4 EEL =         0.0000  VDWAALS    =      7985.2230
 EELEC  =  -4049562.6937  EHBOND  =         0.0000  RESTRAINT  =         0.0000
 ------------------------------------------------------------------------------


 NSTEP =      970   TIME(PS) =       0.970  TEMP(K) =   188.32  PRESS =     0.0
 Etot   =  -4036981.7690  EKtot   =      4597.9643  EPtot      =  -4041579.7333
 BOND   =         0.0000  ANGLE   =         0.0000  DIHED      =         0.0000
 1-4 NB =         0.0000  1-4 EEL =         0.0000  VDWAALS    =      7985.9198
 EELEC  =  -4049565.6531  EHBOND  =         0.0000  RESTRAINT  =         0.0000
 ------------------------------------------------------------------------------


 NSTEP =      971   TIME(PS) =       0.971  TEMP(K) =   188.49  PRESS =     0.0
 Etot   =  -4036981.7910  EKtot   =      4601.9834  EPtot      =  -4041583.7744
 BOND   =         0.0000  ANGLE   =         0.0000  DIHED      =         0.0000
 1-4 NB =         0.0000  1-4 EEL =         0.0000  VDWAALS    =      7986.7893
 EELEC  =  -4049570.5638  EHBOND  =         0.0000  RESTRAINT  =         0.0000
 ------------------------------------------------------------------------------


 NSTEP =      972   TIME(PS) =       0.972  TEMP(K) =   188.71  PRESS =     0.0
 Etot   =  -4036981.8239  EKtot   =      4607.4547  EPtot      =  -4041589.2786
 BOND   =         0.0000  ANGLE   =         0.0000  DIHED      =         0.0000
 1-4 NB =         0.0000  1-4 EEL =         0.0000  VDWAALS    =      7987.8023
 EELEC  =  -4049577.0809  EHBOND  =         0.0000  RESTRAINT  =         0.0000
 ------------------------------------------------------------------------------


 NSTEP =      973   TIME(PS) =       0.973  TEMP(K) =   188.97  PRESS =     0.0
 Etot   =  -4036981.8643  EKtot   =      4613.9044  EPtot      =  -4041595.7687
 BOND   =         0.0000  ANGLE   =         0.0000  DIHED      =         0.0000
 1-4 NB =         0.0000  1-4 EEL =         0.0000  VDWAALS    =      7988.9285
 EELEC  =  -4049584.6972  EHBOND  =         0.0000  RESTRAINT  =         0.0000
 ------------------------------------------------------------------------------


 NSTEP =      974   TIME(PS) =       0.974  TEMP(K) =   189.25  PRESS =     0.0
 Etot   =  -4036981.9083  EKtot   =      4620.7455  EPtot      =  -4041602.6539
 BOND   =         0.0000  ANGLE   =         0.0000  DIHED      =         0.0000
 1-4 NB =         0.0000  1-4 EEL =         0.0000  VDWAALS    =      7990.1382
 EELEC  =  -4049592.7921  EHBOND  =         0.0000  RESTRAINT  =         0.0000
 ------------------------------------------------------------------------------


 NSTEP =      975   TIME(PS) =       0.975  TEMP(K) =   189.52  PRESS =     0.0
 Etot   =  -4036981.9519  EKtot   =      4627.3376  EPtot      =  -4041609.2894
 BOND   =         0.0000  ANGLE   =         0.0000  DIHED      =         0.0000
 1-4 NB =         0.0000  1-4 EEL =         0.0000  VDWAALS    =      7991.4020
 EELEC  =  -4049600.6915  EHBOND  =         0.0000  RESTRAINT  =         0.0000
 ------------------------------------------------------------------------------


 NSTEP =      976   TIME(PS) =       0.976  TEMP(K) =   189.76  PRESS =     0.0
 Etot   =  -4036981.9904  EKtot   =      4633.0496  EPtot      =  -4041615.0400
 BOND   =         0.0000  ANGLE   =         0.0000  DIHED      =         0.0000
 1-4 NB =         0.0000  1-4 EEL =         0.0000  VDWAALS    =      7992.6915
 EELEC  =  -4049607.7315  EHBOND  =         0.0000  RESTRAINT  =         0.0000
 ------------------------------------------------------------------------------


 NSTEP =      977   TIME(PS) =       0.977  TEMP(K) =   189.93  PRESS =     0.0
 Etot   =  -4036982.0199  EKtot   =      4637.3218  EPtot      =  -4041619.3417
 BOND   =         0.0000  ANGLE   =         0.0000  DIHED      =         0.0000
 1-4 NB =         0.0000  1-4 EEL =         0.0000  VDWAALS    =      7993.9789
 EELEC  =  -4049613.3206  EHBOND  =         0.0000  RESTRAINT  =         0.0000
 ------------------------------------------------------------------------------


 NSTEP =      978   TIME(PS) =       0.978  TEMP(K) =   190.03  PRESS =     0.0
 Etot   =  -4036982.0383  EKtot   =      4639.7192  EPtot      =  -4041621.7576
 BOND   =         0.0000  ANGLE   =         0.0000  DIHED      =         0.0000
 1-4 NB =         0.0000  1-4 EEL =         0.0000  VDWAALS    =      7995.2373
 EELEC  =  -4049616.9949  EHBOND  =         0.0000  RESTRAINT  =         0.0000
 ------------------------------------------------------------------------------


 NSTEP =      979   TIME(PS) =       0.979  TEMP(K) =   190.04  PRESS =     0.0
 Etot   =  -4036982.0440  EKtot   =      4639.9748  EPtot      =  -4041622.0188
 BOND   =         0.0000  ANGLE   =         0.0000  DIHED      =         0.0000
 1-4 NB =         0.0000  1-4 EEL =         0.0000  VDWAALS    =      7996.4408
 EELEC  =  -4049618.4596  EHBOND  =         0.0000  RESTRAINT  =         0.0000
 ------------------------------------------------------------------------------


 NSTEP =      980   TIME(PS) =       0.980  TEMP(K) =   189.96  PRESS =     0.0
 Etot   =  -4036982.0359  EKtot   =      4638.0155  EPtot      =  -4041620.0514
 BOND   =         0.0000  ANGLE   =         0.0000  DIHED      =         0.0000
 1-4 NB =         0.0000  1-4 EEL =         0.0000  VDWAALS    =      7997.5643
 EELEC  =  -4049617.6157  EHBOND  =         0.0000  RESTRAINT  =         0.0000
 ------------------------------------------------------------------------------


 NSTEP =      981   TIME(PS) =       0.981  TEMP(K) =   189.80  PRESS =     0.0
 Etot   =  -4036982.0147  EKtot   =      4633.9714  EPtot      =  -4041615.9861
 BOND   =         0.0000  ANGLE   =         0.0000  DIHED      =         0.0000
 1-4 NB =         0.0000  1-4 EEL =         0.0000  VDWAALS    =      7998.5846
 EELEC  =  -4049614.5707  EHBOND  =         0.0000  RESTRAINT  =         0.0000
 ------------------------------------------------------------------------------


 NSTEP =      982   TIME(PS) =       0.982  TEMP(K) =   189.56  PRESS =     0.0
 Etot   =  -4036981.9834  EKtot   =      4628.1640  EPtot      =  -4041610.1474
 BOND   =         0.0000  ANGLE   =         0.0000  DIHED      =         0.0000
 1-4 NB =         0.0000  1-4 EEL =         0.0000  VDWAALS    =      7999.4806
 EELEC  =  -4049609.6280  EHBOND  =         0.0000  RESTRAINT  =         0.0000
 ------------------------------------------------------------------------------


 NSTEP =      983   TIME(PS) =       0.983  TEMP(K) =   189.27  PRESS =     0.0
 Etot   =  -4036981.9446  EKtot   =      4621.0744  EPtot      =  -4041603.0190
 BOND   =         0.0000  ANGLE   =         0.0000  DIHED      =         0.0000
 1-4 NB =         0.0000  1-4 EEL =         0.0000  VDWAALS    =      8000.2345
 EELEC  =  -4049603.2535  EHBOND  =         0.0000  RESTRAINT  =         0.0000
 ------------------------------------------------------------------------------


 NSTEP =      984   TIME(PS) =       0.984  TEMP(K) =   188.95  PRESS =     0.0
 Etot   =  -4036981.9028  EKtot   =      4613.2940  EPtot      =  -4041595.1968
 BOND   =         0.0000  ANGLE   =         0.0000  DIHED      =         0.0000
 1-4 NB =         0.0000  1-4 EEL =         0.0000  VDWAALS    =      8000.8320
 EELEC  =  -4049596.0288  EHBOND  =         0.0000  RESTRAINT  =         0.0000
 ------------------------------------------------------------------------------


 NSTEP =      985   TIME(PS) =       0.985  TEMP(K) =   188.63  PRESS =     0.0
 Etot   =  -4036981.8626  EKtot   =      4605.4623  EPtot      =  -4041587.3248
 BOND   =         0.0000  ANGLE   =         0.0000  DIHED      =         0.0000
 1-4 NB =         0.0000  1-4 EEL =         0.0000  VDWAALS    =      8001.2634
 EELEC  =  -4049588.5883  EHBOND  =         0.0000  RESTRAINT  =         0.0000
 ------------------------------------------------------------------------------


 NSTEP =      986   TIME(PS) =       0.986  TEMP(K) =   188.33  PRESS =     0.0
 Etot   =  -4036981.8279  EKtot   =      4598.1993  EPtot      =  -4041580.0273
 BOND   =         0.0000  ANGLE   =         0.0000  DIHED      =         0.0000
 1-4 NB =         0.0000  1-4 EEL =         0.0000  VDWAALS    =      8001.5237
 EELEC  =  -4049581.5510  EHBOND  =         0.0000  RESTRAINT  =         0.0000
 ------------------------------------------------------------------------------


 NSTEP =      987   TIME(PS) =       0.987  TEMP(K) =   188.08  PRESS =     0.0
 Etot   =  -4036981.8023  EKtot   =      4592.0422  EPtot      =  -4041573.8445
 BOND   =         0.0000  ANGLE   =         0.0000  DIHED      =         0.0000
 1-4 NB =         0.0000  1-4 EEL =         0.0000  VDWAALS    =      8001.6126
 EELEC  =  -4049575.4571  EHBOND  =         0.0000  RESTRAINT  =         0.0000
 ------------------------------------------------------------------------------


 NSTEP =      988   TIME(PS) =       0.988  TEMP(K) =   187.89  PRESS =     0.0
 Etot   =  -4036981.7884  EKtot   =      4587.3928  EPtot      =  -4041569.1812
 BOND   =         0.0000  ANGLE   =         0.0000  DIHED      =         0.0000
 1-4 NB =         0.0000  1-4 EEL =         0.0000  VDWAALS    =      8001.5341
 EELEC  =  -4049570.7153  EHBOND  =         0.0000  RESTRAINT  =         0.0000
 ------------------------------------------------------------------------------


 NSTEP =      989   TIME(PS) =       0.989  TEMP(K) =   187.77  PRESS =     0.0
 Etot   =  -4036981.7866  EKtot   =      4584.4841  EPtot      =  -4041566.2707
 BOND   =         0.0000  ANGLE   =         0.0000  DIHED      =         0.0000
 1-4 NB =         0.0000  1-4 EEL =         0.0000  VDWAALS    =      8001.2959
 EELEC  =  -4049567.5666  EHBOND  =         0.0000  RESTRAINT  =         0.0000
 ------------------------------------------------------------------------------


 NSTEP =      990   TIME(PS) =       0.990  TEMP(K) =   187.72  PRESS =     0.0
 Etot   =  -4036981.7960  EKtot   =      4583.3692  EPtot      =  -4041565.1652
 BOND   =         0.0000  ANGLE   =         0.0000  DIHED      =         0.0000
 1-4 NB =         0.0000  1-4 EEL =         0.0000  VDWAALS    =      8000.9080
 EELEC  =  -4049566.0733  EHBOND  =         0.0000  RESTRAINT  =         0.0000
 ------------------------------------------------------------------------------


 NSTEP =      991   TIME(PS) =       0.991  TEMP(K) =   187.75  PRESS =     0.0
 Etot   =  -4036981.8147  EKtot   =      4583.9318  EPtot      =  -4041565.7465
 BOND   =         0.0000  ANGLE   =         0.0000  DIHED      =         0.0000
 1-4 NB =         0.0000  1-4 EEL =         0.0000  VDWAALS    =      8000.3822
 EELEC  =  -4049566.1287  EHBOND  =         0.0000  RESTRAINT  =         0.0000
 ------------------------------------------------------------------------------


 NSTEP =      992   TIME(PS) =       0.992  TEMP(K) =   187.83  PRESS =     0.0
 Etot   =  -4036981.8397  EKtot   =      4585.9174  EPtot      =  -4041567.7571
 BOND   =         0.0000  ANGLE   =         0.0000  DIHED      =         0.0000
 1-4 NB =         0.0000  1-4 EEL =         0.0000  VDWAALS    =      7999.7299
 EELEC  =  -4049567.4870  EHBOND  =         0.0000  RESTRAINT  =         0.0000
 ------------------------------------------------------------------------------


 NSTEP =      993   TIME(PS) =       0.993  TEMP(K) =   187.95  PRESS =     0.0
 Etot   =  -4036981.8672  EKtot   =      4588.9769  EPtot      =  -4041570.8441
 BOND   =         0.0000  ANGLE   =         0.0000  DIHED      =         0.0000
 1-4 NB =         0.0000  1-4 EEL =         0.0000  VDWAALS    =      7998.9618
 EELEC  =  -4049569.8059  EHBOND  =         0.0000  RESTRAINT  =         0.0000
 ------------------------------------------------------------------------------


 NSTEP =      994   TIME(PS) =       0.994  TEMP(K) =   188.11  PRESS =     0.0
 Etot   =  -4036981.8942  EKtot   =      4592.7162  EPtot      =  -4041574.6104
 BOND   =         0.0000  ANGLE   =         0.0000  DIHED      =         0.0000
 1-4 NB =         0.0000  1-4 EEL =         0.0000  VDWAALS    =      7998.0866
 EELEC  =  -4049572.6969  EHBOND  =         0.0000  RESTRAINT  =         0.0000
 ------------------------------------------------------------------------------


 NSTEP =      995   TIME(PS) =       0.995  TEMP(K) =   188.27  PRESS =     0.0
 Etot   =  -4036981.9181  EKtot   =      4596.7440  EPtot      =  -4041578.6621
 BOND   =         0.0000  ANGLE   =         0.0000  DIHED      =         0.0000
 1-4 NB =         0.0000  1-4 EEL =         0.0000  VDWAALS    =      7997.1103
 EELEC  =  -4049575.7724  EHBOND  =         0.0000  RESTRAINT  =         0.0000
 ------------------------------------------------------------------------------


 NSTEP =      996   TIME(PS) =       0.996  TEMP(K) =   188.43  PRESS =     0.0
 Etot   =  -4036981.9371  EKtot   =      4600.7097  EPtot      =  -4041582.6468
 BOND   =         0.0000  ANGLE   =         0.0000  DIHED      =         0.0000
 1-4 NB =         0.0000  1-4 EEL =         0.0000  VDWAALS    =      7996.0364
 EELEC  =  -4049578.6832  EHBOND  =         0.0000  RESTRAINT  =         0.0000
 ------------------------------------------------------------------------------


 NSTEP =      997   TIME(PS) =       0.997  TEMP(K) =   188.58  PRESS =     0.0
 Etot   =  -4036981.9509  EKtot   =      4604.3295  EPtot      =  -4041586.2804
 BOND   =         0.0000  ANGLE   =         0.0000  DIHED      =         0.0000
 1-4 NB =         0.0000  1-4 EEL =         0.0000  VDWAALS    =      7994.8660
 EELEC  =  -4049581.1464  EHBOND  =         0.0000  RESTRAINT  =         0.0000
 ------------------------------------------------------------------------------


 NSTEP =      998   TIME(PS) =       0.998  TEMP(K) =   188.71  PRESS =     0.0
 Etot   =  -4036981.9594  EKtot   =      4607.3966  EPtot      =  -4041589.3561
 BOND   =         0.0000  ANGLE   =         0.0000  DIHED      =         0.0000
 1-4 NB =         0.0000  1-4 EEL =         0.0000  VDWAALS    =      7993.5985
 EELEC  =  -4049582.9545  EHBOND  =         0.0000  RESTRAINT  =         0.0000
 ------------------------------------------------------------------------------


 NSTEP =      999   TIME(PS) =       0.999  TEMP(K) =   188.80  PRESS =     0.0
 Etot   =  -4036981.9643  EKtot   =      4609.7778  EPtot      =  -4041591.7422
 BOND   =         0.0000  ANGLE   =         0.0000  DIHED      =         0.0000
 1-4 NB =         0.0000  1-4 EEL =         0.0000  VDWAALS    =      7992.2324
 EELEC  =  -4049583.9745  EHBOND  =         0.0000  RESTRAINT  =         0.0000
 ------------------------------------------------------------------------------

check COM velocity, temp:        0.000000     0.00(Removed)

 NSTEP =     1000   TIME(PS) =       1.000  TEMP(K) =   188.87  PRESS =     0.0
 Etot   =  -4036981.9662  EKtot   =      4611.4010  EPtot      =  -4041593.3673
 BOND   =         0.0000  ANGLE   =         0.0000  DIHED      =         0.0000
 1-4 NB =         0.0000  1-4 EEL =         0.0000  VDWAALS    =      7990.7668
 EELEC  =  -4049584.1341  EHBOND  =         0.0000  RESTRAINT  =         0.0000
 ------------------------------------------------------------------------------


      A V E R A G E S   O V E R    1000 S T E P S


 NSTEP =     1000   TIME(PS) =       1.000  TEMP(K) =   181.57  PRESS =     0.0
 Etot   =  -4036981.2764  EKtot   =      4433.0736  EPtot      =  -4041414.3499
 BOND   =         0.0000  ANGLE   =         0.0000  DIHED      =         0.0000
 1-4 NB =         0.0000  1-4 EEL =         0.0000  VDWAALS    =      7784.2836
 EELEC  =  -4049198.6335  EHBOND  =         0.0000  RESTRAINT  =         0.0000
 ------------------------------------------------------------------------------


      R M S  F L U C T U A T I O N S


 NSTEP =     1000   TIME(PS) =       1.000  TEMP(K) =    17.21  PRESS =     0.0
 Etot   =        14.2682  EKtot   =       420.0793  EPtot      =       424.9249
 BOND   =         0.0000  ANGLE   =         0.0000  DIHED      =         0.0000
 1-4 NB =         0.0000  1-4 EEL =         0.0000  VDWAALS    =       471.5370
 EELEC  =       821.0334  EHBOND  =         0.0000  RESTRAINT  =         0.0000
|E(PBS) =         0.7030
 ------------------------------------------------------------------------------


--------------------------------------------------------------------------------
   5.  TIMINGS
--------------------------------------------------------------------------------

|>>>>>>>>PROFILE of Average TIMES>>>>>>>>> 
|                Build the list             0.80 (93.34% of List )
|                Other                      0.06 ( 6.66% of List )
|             List time                  0.86 ( 0.27% of Nonbo)
|                   Short_ene time           293.79 (100.0% of Direc)
|                Direct Ewald time        293.79 (94.40% of Ewald)
|                Other                     17.42 ( 5.60% of Ewald)
|             Ewald time               311.21 (99.70% of Nonbo)
|             IPS excludes               0.08 ( 0.03% of Nonbo)
|          Nonbond force            312.15 (100.0% of Force)
|          FRC Collect time           0.12 ( 0.04% of Force)
|          Other                      0.09 ( 0.03% of Force)
|       Force time               312.36 (99.66% of Runmd)
|       Shake time                 0.11 ( 0.03% of Runmd)
|       Verlet update time         0.40 ( 0.13% of Runmd)
|       CRD distribute time        0.38 ( 0.12% of Runmd)
|       Other                      0.18 ( 0.06% of Runmd)
|    Runmd Time               313.43 (100.0% of Total)
|    Other                      0.17 ( 0.05% of Total)
| Total time               313.60 (100.0% of ALL  )

| Number of list builds   :         35

| Highest rstack allocated:     133554
| Highest istack allocated:          0

| Final Performance Info:
| -----------------------------------------------------
| Average timings for all steps:
|     Elapsed(s) =     313.43 Per Step(ms) =     313.43
|         ns/day =       0.28   seconds/ns =  313433.28
| -----------------------------------------------------

|           Job began  at 19:27:09.991  on 02/26/2025
|           Setup done at 19:27:10.162  on 02/26/2025
|           Run   done at 19:32:23.595  on 02/26/2025
|     wallclock() was called   44195 times

|3D-RISM memory allocation summary
|Type          Maximum        Current   
|Integer       0.00000 GB     0.00000 GB
|Real          0.00000 GB     0.00000 GB
|Logical       0.00000 GB     0.00000 GB
|Character     0.00000 GB     0.00000 GB
|---------------------------------------
|Total         0.00000 GB     0.00000 GB
