
          -------------------------------------------------------
          Amber 24 SANDER                              2024
          -------------------------------------------------------

| Run on 02/26/2025 at 15:38:44

|   Executable path: /home8/larry/ips/build/AmberTools/src/sander/sander.MPI
| Working directory: /home8/larry/project/ips/test/4096
|          Hostname: rayl8

  [-O]verwriting output

File Assignments:
|  MDIN: mdin                                                                  
| MDOUT: ips-16.out                                                            
|INPCRD: rst                                                                   
|  PARM: prmtop                                                                
|RESTRT: restrt                                                                
|  REFC: refc                                                                  
| MDVEL: mdvel                                                                 
| MDFRC: mdfrc                                                                 
|  MDEN: mden                                                                  
| MDCRD: mdcrd                                                                 
|MDINFO: mdinfo                                                                
|  MTMD: mtmd                                                                  
|INPDIP: inpdip                                                                
|RSTDIP: rstdip                                                                
|INPTRA: inptraj                                                               

|    REMLOG: rem.log
|   REMTYPE: rem.type
|  REMSTRIP: 
|   SAVEENE: saveene
|CLUSTERINF: cluster.info
| RESERVOIR: reserv/frame
|   REMDDIM: 


 Here is the input file:

 single point calc.                                                            
 &cntrl                                                                        
   imin=0, nstlim=1000,                                                        
   irest=0, ntx=1,                                                             
   ntt=0, temp0=300,                                                           
   ntb=1, ntp=0,                                                               
   ntc=2, ntf=2, tol=0.000001,                                                 
   cut=9.,                                                                     
   ntpr=1, ntwr=1, ntwx=100000,                                                
   dt=0.001,                                                                   
   ipgm=1,ips=1,                                                               
 /                                                                             
 &ewald                                                                        
  skinnb=2.,ew_coeff=0.4,nfft1=30,nfft2=30,nfft3=30,order=5,vdwmeth=0          
 /                                                                             
 &pol_gauss                                                                    
   pol_gauss_verbose=0,ee_dsum_cut=9.0,pol_gauss_ips=1,                        
   dipole_scf_tol=0.01,dipole_scf_init=3,dipole_scf_init_order=2,dipole_scf_init_step=4,
   scf_solv_opt=3,scf_sor_niter=100,scf_sor_coefficient=0.65,                  
   scf_cg_niter=50,scf_local_niter=3,scf_local_cut=4.0                         
 /                                                                             

--------------------------------------------------------------------------------
   1.  RESOURCE   USE: 
--------------------------------------------------------------------------------

| Flags: MPI                                                                    
 getting box info from netcdf restart file
| NetCDF restart box info found
|Largest sphere to fit in unit cell has radius =    24.971
| New format PARM file being parsed.
| Version =    1.000 Date = 04/24/24 Time = 21:13:58
 NATOM  =   12288 NTYPES =       2 NBONH =   12288 MBONA  =       0
 NTHETH =       0 MTHETA =       0 NPHIH =       0 MPHIA  =       0
 NHPARM =       0 NPARM  =       0 NNB   =   16384 NRES   =    4096
 NBONA  =       0 NTHETA =       0 NPHIA =       0 NUMBND =       2
 NUMANG =       0 NPTRA  =       0 NATYP =       2 NPHB   =       0
 IFBOX  =       1 NMXRS  =       3 IFCAP =       0 NEXTRA =       0
 NCOPY  =       0


|     Memory Use     Allocated
|     Real             1885081
|     Hollerith          40962
|     Integer           298537
|     Max Pairs         454314
|     nblistReal        147456
|     nblist Int        424624
|       Total            20638 kbytes

| Note: 1-4 EEL scale factors are being read from the topology file.

| Note: 1-4 VDW scale factors are being read from the topology file.
| Duplicated    0 dihedrals
| Duplicated    0 dihedrals

     BOX TYPE: RECTILINEAR

--------------------------------------------------------------------------------
   2.  CONTROL  DATA  FOR  THE  RUN
--------------------------------------------------------------------------------

default_name                                                                    

General flags:
     imin    =       0, nmropt  =       0

Nature and format of input:
     ntx     =       1, irest   =       0, ntrx    =       1

Nature and format of output:
     ntxo    =       2, ntpr    =       1, ntrx    =       1, ntwr    =       1
     iwrap   =       0, ntwx    =  100000, ntwv    =       0, ntwe    =       0
     ioutfm  =       1, ntwprt  =       0, idecomp =       0, rbornstat=      0

Potential function:
     ntf     =       2, ntb     =       1, igb     =       0, nsnb    =      25
     ipol    =       0, gbsa    =       0, iesp    =       0
     dielc   =   1.00000, cut     =   9.00000, intdiel =   1.00000

Frozen or restrained atoms:
     ibelly  =       0, ntr     =       0

Molecular dynamics:
     nstlim  =      1000, nscm    =      1000, nrespa  =         1
     t       =   0.00000, dt      =   0.00100, vlimit  =  20.00000

SHAKE:
     ntc     =       2, jfastw  =       0
     tol     =   0.00000

Ewald parameters:
     verbose =       0, ew_type =       0, nbflag  =       1, use_pme =       0
     vdwmeth =       2, eedmeth =       6, netfrc  =       1
     Box X =   49.989   Box Y =   49.943   Box Z =   50.012
     Alpha =   90.000   Beta  =   90.000   Gamma =   90.000
     NFFT1 =   30       NFFT2 =   30       NFFT3 =   30
     Cutoff=    9.000   Tol   =0.395E-07
     Ewald Coefficient =  0.40000
     Interpolation order =    5

| MPI Timing options:
|      profile_mpi =        0
|  INFO: Old style inpcrd file read


--------------------------------------------------------------------------------
   3.  ATOMIC COORDINATES AND VELOCITIES
--------------------------------------------------------------------------------

default_name                                                                    
 begin time read from input coords =  2300.000 ps

 Number of triangulated 3-point waters found:     4096
|  Atom division among processors:
|         0     768    1536    2304    3072    3840    4608    5376
|      6144    6912    7680    8448    9216    9984   10752   11520
|     12288

     Sum of charges from parm topology file =   0.00000000
     Forcing neutrality...
|  Running AMBER/MPI version on   16 nodes

 ----------------------------------
 Using 3D-IPS algorithm
   IPS Radius:   9.00 A
   Using IPS for electrostatic energy
   Using IPS for L-J energy
 ----------------------------------

--------------------------------------------------------------------------------
   4.  RESULTS
--------------------------------------------------------------------------------

|  # of SOLUTE  degrees of freedom (RNDFP):   24576.
|  # of SOLVENT degrees of freedom (RNDFS):       0.
|  NDFMIN =   24573.     NUM_NOSHAKE =      0     CORRECTED RNDFP =   24573.
|  TOTAL # of degrees of freedom (RNDF) =   24573.
 ---------------------------------------------------

     eedmeth=6: Using IPS method for electrostatic energy

 ---------------------------------------------------
| Local SIZE OF NONBOND LIST =     209770
| TOTAL SIZE OF NONBOND LIST =    3367078

 NSTEP =        0   TIME(PS) =       0.000  TEMP(K) =     0.00  PRESS =     0.0
 Etot   =  -4036973.7423  EKtot   =         0.0000  EPtot      =  -4036973.7423
 BOND   =         0.0000  ANGLE   =         0.0000  DIHED      =         0.0000
 1-4 NB =         0.0000  1-4 EEL =         0.0000  VDWAALS    =      6835.9967
 EELEC  =  -4043809.7391  EHBOND  =         0.0000  RESTRAINT  =         0.0000
 ------------------------------------------------------------------------------


 NSTEP =        1   TIME(PS) =       0.001  TEMP(K) =    18.14  PRESS =     0.0
 Etot   =  -4036530.7756  EKtot   =       442.9667  EPtot      =  -4036973.7423
 BOND   =         0.0000  ANGLE   =         0.0000  DIHED      =         0.0000
 1-4 NB =         0.0000  1-4 EEL =         0.0000  VDWAALS    =      6835.9967
 EELEC  =  -4043809.7391  EHBOND  =         0.0000  RESTRAINT  =         0.0000
 ------------------------------------------------------------------------------


 NSTEP =        2   TIME(PS) =       0.002  TEMP(K) =     1.82  PRESS =     0.0
 Etot   =  -4036973.8844  EKtot   =        44.5338  EPtot      =  -4037018.4182
 BOND   =         0.0000  ANGLE   =         0.0000  DIHED      =         0.0000
 1-4 NB =         0.0000  1-4 EEL =         0.0000  VDWAALS    =      6831.4298
 EELEC  =  -4043849.8480  EHBOND  =         0.0000  RESTRAINT  =         0.0000
 ------------------------------------------------------------------------------


 NSTEP =        3   TIME(PS) =       0.003  TEMP(K) =     7.20  PRESS =     0.0
 Etot   =  -4036974.3080  EKtot   =       175.8790  EPtot      =  -4037150.1870
 BOND   =         0.0000  ANGLE   =         0.0000  DIHED      =         0.0000
 1-4 NB =         0.0000  1-4 EEL =         0.0000  VDWAALS    =      6817.8394
 EELEC  =  -4043968.0264  EHBOND  =         0.0000  RESTRAINT  =         0.0000
 ------------------------------------------------------------------------------


 NSTEP =        4   TIME(PS) =       0.004  TEMP(K) =    15.87  PRESS =     0.0
 Etot   =  -4036975.0109  EKtot   =       387.3677  EPtot      =  -4037362.3786
 BOND   =         0.0000  ANGLE   =         0.0000  DIHED      =         0.0000
 1-4 NB =         0.0000  1-4 EEL =         0.0000  VDWAALS    =      6795.5507
 EELEC  =  -4044157.9293  EHBOND  =         0.0000  RESTRAINT  =         0.0000
 ------------------------------------------------------------------------------


 NSTEP =        5   TIME(PS) =       0.005  TEMP(K) =    27.37  PRESS =     0.0
 Etot   =  -4036975.9382  EKtot   =       668.2296  EPtot      =  -4037644.1678
 BOND   =         0.0000  ANGLE   =         0.0000  DIHED      =         0.0000
 1-4 NB =         0.0000  1-4 EEL =         0.0000  VDWAALS    =      6765.0868
 EELEC  =  -4044409.2547  EHBOND  =         0.0000  RESTRAINT  =         0.0000
 ------------------------------------------------------------------------------


 NSTEP =        6   TIME(PS) =       0.006  TEMP(K) =    41.13  PRESS =     0.0
 Etot   =  -4036977.0369  EKtot   =      1004.1290  EPtot      =  -4037981.1659
 BOND   =         0.0000  ANGLE   =         0.0000  DIHED      =         0.0000
 1-4 NB =         0.0000  1-4 EEL =         0.0000  VDWAALS    =      6727.1417
 EELEC  =  -4044708.3076  EHBOND  =         0.0000  RESTRAINT  =         0.0000
 ------------------------------------------------------------------------------


 NSTEP =        7   TIME(PS) =       0.007  TEMP(K) =    56.44  PRESS =     0.0
 Etot   =  -4036978.2491  EKtot   =      1377.9458  EPtot      =  -4038356.1949
 BOND   =         0.0000  ANGLE   =         0.0000  DIHED      =         0.0000
 1-4 NB =         0.0000  1-4 EEL =         0.0000  VDWAALS    =      6682.5459
 EELEC  =  -4045038.7409  EHBOND  =         0.0000  RESTRAINT  =         0.0000
 ------------------------------------------------------------------------------


 NSTEP =        8   TIME(PS) =       0.008  TEMP(K) =    72.53  PRESS =     0.0
 Etot   =  -4036980.6260  EKtot   =      1770.8190  EPtot      =  -4038751.4449
 BOND   =         0.0000  ANGLE   =         0.0000  DIHED      =         0.0000
 1-4 NB =         0.0000  1-4 EEL =         0.0000  VDWAALS    =      6632.2271
 EELEC  =  -4045383.6721  EHBOND  =         0.0000  RESTRAINT  =         0.0000
 ------------------------------------------------------------------------------


 NSTEP =        9   TIME(PS) =       0.009  TEMP(K) =    88.60  PRESS =     0.0
 Etot   =  -4036985.0376  EKtot   =      2163.3350  EPtot      =  -4039148.3726
 BOND   =         0.0000  ANGLE   =         0.0000  DIHED      =         0.0000
 1-4 NB =         0.0000  1-4 EEL =         0.0000  VDWAALS    =      6577.1701
 EELEC  =  -4045725.5427  EHBOND  =         0.0000  RESTRAINT  =         0.0000
 ------------------------------------------------------------------------------


 NSTEP =       10   TIME(PS) =       0.010  TEMP(K) =   103.90  PRESS =     0.0
 Etot   =  -4036980.4463  EKtot   =      2536.8661  EPtot      =  -4039517.3124
 BOND   =         0.0000  ANGLE   =         0.0000  DIHED      =         0.0000
 1-4 NB =         0.0000  1-4 EEL =         0.0000  VDWAALS    =      6518.3749
 EELEC  =  -4046035.6873  EHBOND  =         0.0000  RESTRAINT  =         0.0000
 ------------------------------------------------------------------------------


 NSTEP =       11   TIME(PS) =       0.011  TEMP(K) =   117.75  PRESS =     0.0
 Etot   =  -4036985.1143  EKtot   =      2874.9584  EPtot      =  -4039860.0727
 BOND   =         0.0000  ANGLE   =         0.0000  DIHED      =         0.0000
 1-4 NB =         0.0000  1-4 EEL =         0.0000  VDWAALS    =      6456.8223
 EELEC  =  -4046316.8950  EHBOND  =         0.0000  RESTRAINT  =         0.0000
 ------------------------------------------------------------------------------


 NSTEP =       12   TIME(PS) =       0.012  TEMP(K) =   129.61  PRESS =     0.0
 Etot   =  -4036987.4610  EKtot   =      3164.4951  EPtot      =  -4040151.9561
 BOND   =         0.0000  ANGLE   =         0.0000  DIHED      =         0.0000
 1-4 NB =         0.0000  1-4 EEL =         0.0000  VDWAALS    =      6393.4434
 EELEC  =  -4046545.3995  EHBOND  =         0.0000  RESTRAINT  =         0.0000
 ------------------------------------------------------------------------------


 NSTEP =       13   TIME(PS) =       0.013  TEMP(K) =   139.12  PRESS =     0.0
 Etot   =  -4036984.6708  EKtot   =      3396.5901  EPtot      =  -4040381.2610
 BOND   =         0.0000  ANGLE   =         0.0000  DIHED      =         0.0000
 1-4 NB =         0.0000  1-4 EEL =         0.0000  VDWAALS    =      6329.0982
 EELEC  =  -4046710.3592  EHBOND  =         0.0000  RESTRAINT  =         0.0000
 ------------------------------------------------------------------------------


 NSTEP =       14   TIME(PS) =       0.014  TEMP(K) =   146.10  PRESS =     0.0
 Etot   =  -4036986.5160  EKtot   =      3567.0389  EPtot      =  -4040553.5549
 BOND   =         0.0000  ANGLE   =         0.0000  DIHED      =         0.0000
 1-4 NB =         0.0000  1-4 EEL =         0.0000  VDWAALS    =      6264.5614
 EELEC  =  -4046818.1163  EHBOND  =         0.0000  RESTRAINT  =         0.0000
 ------------------------------------------------------------------------------


 NSTEP =       15   TIME(PS) =       0.015  TEMP(K) =   150.57  PRESS =     0.0
 Etot   =  -4036985.1631  EKtot   =      3676.3041  EPtot      =  -4040661.4673
 BOND   =         0.0000  ANGLE   =         0.0000  DIHED      =         0.0000
 1-4 NB =         0.0000  1-4 EEL =         0.0000  VDWAALS    =      6200.5162
 EELEC  =  -4046861.9834  EHBOND  =         0.0000  RESTRAINT  =         0.0000
 ------------------------------------------------------------------------------


 NSTEP =       16   TIME(PS) =       0.016  TEMP(K) =   152.73  PRESS =     0.0
 Etot   =  -4036984.9763  EKtot   =      3729.0595  EPtot      =  -4040714.0358
 BOND   =         0.0000  ANGLE   =         0.0000  DIHED      =         0.0000
 1-4 NB =         0.0000  1-4 EEL =         0.0000  VDWAALS    =      6137.5551
 EELEC  =  -4046851.5909  EHBOND  =         0.0000  RESTRAINT  =         0.0000
 ------------------------------------------------------------------------------


 NSTEP =       17   TIME(PS) =       0.017  TEMP(K) =   152.91  PRESS =     0.0
 Etot   =  -4036984.0765  EKtot   =      3733.3680  EPtot      =  -4040717.4445
 BOND   =         0.0000  ANGLE   =         0.0000  DIHED      =         0.0000
 1-4 NB =         0.0000  1-4 EEL =         0.0000  VDWAALS    =      6076.1862
 EELEC  =  -4046793.6307  EHBOND  =         0.0000  RESTRAINT  =         0.0000
 ------------------------------------------------------------------------------


 NSTEP =       18   TIME(PS) =       0.018  TEMP(K) =   151.53  PRESS =     0.0
 Etot   =  -4036982.5128  EKtot   =      3699.6363  EPtot      =  -4040682.1491
 BOND   =         0.0000  ANGLE   =         0.0000  DIHED      =         0.0000
 1-4 NB =         0.0000  1-4 EEL =         0.0000  VDWAALS    =      6016.8422
 EELEC  =  -4046698.9914  EHBOND  =         0.0000  RESTRAINT  =         0.0000
 ------------------------------------------------------------------------------


 NSTEP =       19   TIME(PS) =       0.019  TEMP(K) =   149.06  PRESS =     0.0
 Etot   =  -4036983.0405  EKtot   =      3639.4566  EPtot      =  -4040622.4971
 BOND   =         0.0000  ANGLE   =         0.0000  DIHED      =         0.0000
 1-4 NB =         0.0000  1-4 EEL =         0.0000  VDWAALS    =      5959.8925
 EELEC  =  -4046582.3896  EHBOND  =         0.0000  RESTRAINT  =         0.0000
 ------------------------------------------------------------------------------


 NSTEP =       20   TIME(PS) =       0.020  TEMP(K) =   145.99  PRESS =     0.0
 Etot   =  -4036981.4267  EKtot   =      3564.5212  EPtot      =  -4040545.9479
 BOND   =         0.0000  ANGLE   =         0.0000  DIHED      =         0.0000
 1-4 NB =         0.0000  1-4 EEL =         0.0000  VDWAALS    =      5905.6541
 EELEC  =  -4046451.6020  EHBOND  =         0.0000  RESTRAINT  =         0.0000
 ------------------------------------------------------------------------------


 NSTEP =       21   TIME(PS) =       0.021  TEMP(K) =   142.76  PRESS =     0.0
 Etot   =  -4036980.8596  EKtot   =      3485.6713  EPtot      =  -4040466.5309
 BOND   =         0.0000  ANGLE   =         0.0000  DIHED      =         0.0000
 1-4 NB =         0.0000  1-4 EEL =         0.0000  VDWAALS    =      5854.4032
 EELEC  =  -4046320.9341  EHBOND  =         0.0000  RESTRAINT  =         0.0000
 ------------------------------------------------------------------------------


 NSTEP =       22   TIME(PS) =       0.022  TEMP(K) =   139.75  PRESS =     0.0
 Etot   =  -4036980.6637  EKtot   =      3412.1416  EPtot      =  -4040392.8053
 BOND   =         0.0000  ANGLE   =         0.0000  DIHED      =         0.0000
 1-4 NB =         0.0000  1-4 EEL =         0.0000  VDWAALS    =      5806.3835
 EELEC  =  -4046199.1888  EHBOND  =         0.0000  RESTRAINT  =         0.0000
 ------------------------------------------------------------------------------


 NSTEP =       23   TIME(PS) =       0.023  TEMP(K) =   137.25  PRESS =     0.0
 Etot   =  -4036980.0168  EKtot   =      3351.0656  EPtot      =  -4040331.0824
 BOND   =         0.0000  ANGLE   =         0.0000  DIHED      =         0.0000
 1-4 NB =         0.0000  1-4 EEL =         0.0000  VDWAALS    =      5761.8142
 EELEC  =  -4046092.8966  EHBOND  =         0.0000  RESTRAINT  =         0.0000
 ------------------------------------------------------------------------------


 NSTEP =       24   TIME(PS) =       0.024  TEMP(K) =   135.45  PRESS =     0.0
 Etot   =  -4036980.0547  EKtot   =      3307.2056  EPtot      =  -4040287.2603
 BOND   =         0.0000  ANGLE   =         0.0000  DIHED      =         0.0000
 1-4 NB =         0.0000  1-4 EEL =         0.0000  VDWAALS    =      5720.8942
 EELEC  =  -4046008.1545  EHBOND  =         0.0000  RESTRAINT  =         0.0000
 ------------------------------------------------------------------------------


 NSTEP =       25   TIME(PS) =       0.025  TEMP(K) =   134.46  PRESS =     0.0
 Etot   =  -4036979.8293  EKtot   =      3282.9132  EPtot      =  -4040262.7426
 BOND   =         0.0000  ANGLE   =         0.0000  DIHED      =         0.0000
 1-4 NB =         0.0000  1-4 EEL =         0.0000  VDWAALS    =      5683.8050
 EELEC  =  -4045946.5476  EHBOND  =         0.0000  RESTRAINT  =         0.0000
 ------------------------------------------------------------------------------


 NSTEP =       26   TIME(PS) =       0.026  TEMP(K) =   134.27  PRESS =     0.0
 Etot   =  -4036980.2047  EKtot   =      3278.2861  EPtot      =  -4040258.4907
 BOND   =         0.0000  ANGLE   =         0.0000  DIHED      =         0.0000
 1-4 NB =         0.0000  1-4 EEL =         0.0000  VDWAALS    =      5650.7120
 EELEC  =  -4045909.2028  EHBOND  =         0.0000  RESTRAINT  =         0.0000
 ------------------------------------------------------------------------------


 NSTEP =       27   TIME(PS) =       0.027  TEMP(K) =   134.81  PRESS =     0.0
 Etot   =  -4036980.4971  EKtot   =      3291.4874  EPtot      =  -4040271.9845
 BOND   =         0.0000  ANGLE   =         0.0000  DIHED      =         0.0000
 1-4 NB =         0.0000  1-4 EEL =         0.0000  VDWAALS    =      5621.7637
 EELEC  =  -4045893.7482  EHBOND  =         0.0000  RESTRAINT  =         0.0000
 ------------------------------------------------------------------------------


 NSTEP =       28   TIME(PS) =       0.028  TEMP(K) =   135.95  PRESS =     0.0
 Etot   =  -4036980.5030  EKtot   =      3319.1945  EPtot      =  -4040299.6975
 BOND   =         0.0000  ANGLE   =         0.0000  DIHED      =         0.0000
 1-4 NB =         0.0000  1-4 EEL =         0.0000  VDWAALS    =      5597.0899
 EELEC  =  -4045896.7874  EHBOND  =         0.0000  RESTRAINT  =         0.0000
 ------------------------------------------------------------------------------


 NSTEP =       29   TIME(PS) =       0.029  TEMP(K) =   137.50  PRESS =     0.0
 Etot   =  -4036980.9835  EKtot   =      3357.1193  EPtot      =  -4040338.1028
 BOND   =         0.0000  ANGLE   =         0.0000  DIHED      =         0.0000
 1-4 NB =         0.0000  1-4 EEL =         0.0000  VDWAALS    =      5576.7996
 EELEC  =  -4045914.9024  EHBOND  =         0.0000  RESTRAINT  =         0.0000
 ------------------------------------------------------------------------------


 NSTEP =       30   TIME(PS) =       0.030  TEMP(K) =   139.28  PRESS =     0.0
 Etot   =  -4036981.2291  EKtot   =      3400.5631  EPtot      =  -4040381.7921
 BOND   =         0.0000  ANGLE   =         0.0000  DIHED      =         0.0000
 1-4 NB =         0.0000  1-4 EEL =         0.0000  VDWAALS    =      5560.9782
 EELEC  =  -4045942.7703  EHBOND  =         0.0000  RESTRAINT  =         0.0000
 ------------------------------------------------------------------------------


 NSTEP =       31   TIME(PS) =       0.031  TEMP(K) =   141.10  PRESS =     0.0
 Etot   =  -4036981.4803  EKtot   =      3444.9524  EPtot      =  -4040426.4327
 BOND   =         0.0000  ANGLE   =         0.0000  DIHED      =         0.0000
 1-4 NB =         0.0000  1-4 EEL =         0.0000  VDWAALS    =      5549.6850
 EELEC  =  -4045976.1176  EHBOND  =         0.0000  RESTRAINT  =         0.0000
 ------------------------------------------------------------------------------


 NSTEP =       32   TIME(PS) =       0.032  TEMP(K) =   142.79  PRESS =     0.0
 Etot   =  -4036981.6756  EKtot   =      3486.3045  EPtot      =  -4040467.9801
 BOND   =         0.0000  ANGLE   =         0.0000  DIHED      =         0.0000
 1-4 NB =         0.0000  1-4 EEL =         0.0000  VDWAALS    =      5542.9509
 EELEC  =  -4046010.9310  EHBOND  =         0.0000  RESTRAINT  =         0.0000
 ------------------------------------------------------------------------------


 NSTEP =       33   TIME(PS) =       0.033  TEMP(K) =   144.23  PRESS =     0.0
 Etot   =  -4036981.7415  EKtot   =      3521.5884  EPtot      =  -4040503.3299
 BOND   =         0.0000  ANGLE   =         0.0000  DIHED      =         0.0000
 1-4 NB =         0.0000  1-4 EEL =         0.0000  VDWAALS    =      5540.7775
 EELEC  =  -4046044.1074  EHBOND  =         0.0000  RESTRAINT  =         0.0000
 ------------------------------------------------------------------------------


 NSTEP =       34   TIME(PS) =       0.034  TEMP(K) =   145.36  PRESS =     0.0
 Etot   =  -4036981.8898  EKtot   =      3548.9514  EPtot      =  -4040530.8412
 BOND   =         0.0000  ANGLE   =         0.0000  DIHED      =         0.0000
 1-4 NB =         0.0000  1-4 EEL =         0.0000  VDWAALS    =      5543.1363
 EELEC  =  -4046073.9775  EHBOND  =         0.0000  RESTRAINT  =         0.0000
 ------------------------------------------------------------------------------


 NSTEP =       35   TIME(PS) =       0.035  TEMP(K) =   146.13  PRESS =     0.0
 Etot   =  -4036981.7687  EKtot   =      3567.8018  EPtot      =  -4040549.5705
 BOND   =         0.0000  ANGLE   =         0.0000  DIHED      =         0.0000
 1-4 NB =         0.0000  1-4 EEL =         0.0000  VDWAALS    =      5549.9694
 EELEC  =  -4046099.5399  EHBOND  =         0.0000  RESTRAINT  =         0.0000
 ------------------------------------------------------------------------------


 NSTEP =       36   TIME(PS) =       0.036  TEMP(K) =   146.58  PRESS =     0.0
 Etot   =  -4036981.6746  EKtot   =      3578.7514  EPtot      =  -4040560.4261
 BOND   =         0.0000  ANGLE   =         0.0000  DIHED      =         0.0000
 1-4 NB =         0.0000  1-4 EEL =         0.0000  VDWAALS    =      5561.1913
 EELEC  =  -4046121.6174  EHBOND  =         0.0000  RESTRAINT  =         0.0000
 ------------------------------------------------------------------------------


 NSTEP =       37   TIME(PS) =       0.037  TEMP(K) =   146.77  PRESS =     0.0
 Etot   =  -4036981.5553  EKtot   =      3583.4374  EPtot      =  -4040564.9927
 BOND   =         0.0000  ANGLE   =         0.0000  DIHED      =         0.0000
 1-4 NB =         0.0000  1-4 EEL =         0.0000  VDWAALS    =      5576.6911
 EELEC  =  -4046141.6839  EHBOND  =         0.0000  RESTRAINT  =         0.0000
 ------------------------------------------------------------------------------


 NSTEP =       38   TIME(PS) =       0.038  TEMP(K) =   146.80  PRESS =     0.0
 Etot   =  -4036981.3444  EKtot   =      3584.2522  EPtot      =  -4040565.5966
 BOND   =         0.0000  ANGLE   =         0.0000  DIHED      =         0.0000
 1-4 NB =         0.0000  1-4 EEL =         0.0000  VDWAALS    =      5596.3359
 EELEC  =  -4046161.9326  EHBOND  =         0.0000  RESTRAINT  =         0.0000
 ------------------------------------------------------------------------------


 NSTEP =       39   TIME(PS) =       0.039  TEMP(K) =   146.79  PRESS =     0.0
 Etot   =  -4036981.1826  EKtot   =      3584.0168  EPtot      =  -4040565.1994
 BOND   =         0.0000  ANGLE   =         0.0000  DIHED      =         0.0000
 1-4 NB =         0.0000  1-4 EEL =         0.0000  VDWAALS    =      5619.9743
 EELEC  =  -4046185.1737  EHBOND  =         0.0000  RESTRAINT  =         0.0000
 ------------------------------------------------------------------------------


 NSTEP =       40   TIME(PS) =       0.040  TEMP(K) =   146.86  PRESS =     0.0
 Etot   =  -4036980.9884  EKtot   =      3585.6339  EPtot      =  -4040566.6223
 BOND   =         0.0000  ANGLE   =         0.0000  DIHED      =         0.0000
 1-4 NB =         0.0000  1-4 EEL =         0.0000  VDWAALS    =      5647.4398
 EELEC  =  -4046214.0621  EHBOND  =         0.0000  RESTRAINT  =         0.0000
 ------------------------------------------------------------------------------


 NSTEP =       41   TIME(PS) =       0.041  TEMP(K) =   147.11  PRESS =     0.0
 Etot   =  -4036980.8871  EKtot   =      3591.7560  EPtot      =  -4040572.6431
 BOND   =         0.0000  ANGLE   =         0.0000  DIHED      =         0.0000
 1-4 NB =         0.0000  1-4 EEL =         0.0000  VDWAALS    =      5678.5549
 EELEC  =  -4046251.1980  EHBOND  =         0.0000  RESTRAINT  =         0.0000
 ------------------------------------------------------------------------------


 NSTEP =       42   TIME(PS) =       0.042  TEMP(K) =   147.63  PRESS =     0.0
 Etot   =  -4036980.8067  EKtot   =      3604.4986  EPtot      =  -4040585.3053
 BOND   =         0.0000  ANGLE   =         0.0000  DIHED      =         0.0000
 1-4 NB =         0.0000  1-4 EEL =         0.0000  VDWAALS    =      5713.1336
 EELEC  =  -4046298.4389  EHBOND  =         0.0000  RESTRAINT  =         0.0000
 ------------------------------------------------------------------------------


 NSTEP =       43   TIME(PS) =       0.043  TEMP(K) =   148.48  PRESS =     0.0
 Etot   =  -4036980.7531  EKtot   =      3625.2211  EPtot      =  -4040605.9742
 BOND   =         0.0000  ANGLE   =         0.0000  DIHED      =         0.0000
 1-4 NB =         0.0000  1-4 EEL =         0.0000  VDWAALS    =      5750.9842
 EELEC  =  -4046356.9584  EHBOND  =         0.0000  RESTRAINT  =         0.0000
 ------------------------------------------------------------------------------


 NSTEP =       44   TIME(PS) =       0.044  TEMP(K) =   149.67  PRESS =     0.0
 Etot   =  -4036980.8118  EKtot   =      3654.3936  EPtot      =  -4040635.2053
 BOND   =         0.0000  ANGLE   =         0.0000  DIHED      =         0.0000
 1-4 NB =         0.0000  1-4 EEL =         0.0000  VDWAALS    =      5791.9106
 EELEC  =  -4046427.1159  EHBOND  =         0.0000  RESTRAINT  =         0.0000
 ------------------------------------------------------------------------------


 NSTEP =       45   TIME(PS) =       0.045  TEMP(K) =   151.20  PRESS =     0.0
 Etot   =  -4036980.8959  EKtot   =      3691.5582  EPtot      =  -4040672.4541
 BOND   =         0.0000  ANGLE   =         0.0000  DIHED      =         0.0000
 1-4 NB =         0.0000  1-4 EEL =         0.0000  VDWAALS    =      5835.7133
 EELEC  =  -4046508.1674  EHBOND  =         0.0000  RESTRAINT  =         0.0000
 ------------------------------------------------------------------------------


 NSTEP =       46   TIME(PS) =       0.046  TEMP(K) =   152.99  PRESS =     0.0
 Etot   =  -4036981.0365  EKtot   =      3735.3848  EPtot      =  -4040716.4212
 BOND   =         0.0000  ANGLE   =         0.0000  DIHED      =         0.0000
 1-4 NB =         0.0000  1-4 EEL =         0.0000  VDWAALS    =      5882.1888
 EELEC  =  -4046598.6101  EHBOND  =         0.0000  RESTRAINT  =         0.0000
 ------------------------------------------------------------------------------


 NSTEP =       47   TIME(PS) =       0.047  TEMP(K) =   154.98  PRESS =     0.0
 Etot   =  -4036981.2052  EKtot   =      3783.8140  EPtot      =  -4040765.0191
 BOND   =         0.0000  ANGLE   =         0.0000  DIHED      =         0.0000
 1-4 NB =         0.0000  1-4 EEL =         0.0000  VDWAALS    =      5931.1290
 EELEC  =  -4046696.1482  EHBOND  =         0.0000  RESTRAINT  =         0.0000
 ------------------------------------------------------------------------------


 NSTEP =       48   TIME(PS) =       0.048  TEMP(K) =   157.04  PRESS =     0.0
 Etot   =  -4036981.3922  EKtot   =      3834.2729  EPtot      =  -4040815.6651
 BOND   =         0.0000  ANGLE   =         0.0000  DIHED      =         0.0000
 1-4 NB =         0.0000  1-4 EEL =         0.0000  VDWAALS    =      5982.3191
 EELEC  =  -4046797.9842  EHBOND  =         0.0000  RESTRAINT  =         0.0000
 ------------------------------------------------------------------------------


 NSTEP =       49   TIME(PS) =       0.049  TEMP(K) =   159.08  PRESS =     0.0
 Etot   =  -4036981.5936  EKtot   =      3883.9396  EPtot      =  -4040865.5332
 BOND   =         0.0000  ANGLE   =         0.0000  DIHED      =         0.0000
 1-4 NB =         0.0000  1-4 EEL =         0.0000  VDWAALS    =      6035.5355
 EELEC  =  -4046901.0687  EHBOND  =         0.0000  RESTRAINT  =         0.0000
 ------------------------------------------------------------------------------


 NSTEP =       50   TIME(PS) =       0.050  TEMP(K) =   160.96  PRESS =     0.0
 Etot   =  -4036981.7502  EKtot   =      3930.0277  EPtot      =  -4040911.7779
 BOND   =         0.0000  ANGLE   =         0.0000  DIHED      =         0.0000
 1-4 NB =         0.0000  1-4 EEL =         0.0000  VDWAALS    =      6090.5441
 EELEC  =  -4047002.3220  EHBOND  =         0.0000  RESTRAINT  =         0.0000
 ------------------------------------------------------------------------------


 NSTEP =       51   TIME(PS) =       0.051  TEMP(K) =   162.60  PRESS =     0.0
 Etot   =  -4036981.8844  EKtot   =      3970.0620  EPtot      =  -4040951.9464
 BOND   =         0.0000  ANGLE   =         0.0000  DIHED      =         0.0000
 1-4 NB =         0.0000  1-4 EEL =         0.0000  VDWAALS    =      6147.0977
 EELEC  =  -4047099.0441  EHBOND  =         0.0000  RESTRAINT  =         0.0000
 ------------------------------------------------------------------------------


 NSTEP =       52   TIME(PS) =       0.052  TEMP(K) =   163.92  PRESS =     0.0
 Etot   =  -4036981.9750  EKtot   =      4002.1138  EPtot      =  -4040984.0888
 BOND   =         0.0000  ANGLE   =         0.0000  DIHED      =         0.0000
 1-4 NB =         0.0000  1-4 EEL =         0.0000  VDWAALS    =      6204.9351
 EELEC  =  -4047189.0239  EHBOND  =         0.0000  RESTRAINT  =         0.0000
 ------------------------------------------------------------------------------


 NSTEP =       53   TIME(PS) =       0.053  TEMP(K) =   164.85  PRESS =     0.0
 Etot   =  -4036982.0078  EKtot   =      4024.9708  EPtot      =  -4041006.9785
 BOND   =         0.0000  ANGLE   =         0.0000  DIHED      =         0.0000
 1-4 NB =         0.0000  1-4 EEL =         0.0000  VDWAALS    =      6263.7808
 EELEC  =  -4047270.7593  EHBOND  =         0.0000  RESTRAINT  =         0.0000
 ------------------------------------------------------------------------------


 NSTEP =       54   TIME(PS) =       0.054  TEMP(K) =   165.40  PRESS =     0.0
 Etot   =  -4036981.9891  EKtot   =      4038.2238  EPtot      =  -4041020.2128
 BOND   =         0.0000  ANGLE   =         0.0000  DIHED      =         0.0000
 1-4 NB =         0.0000  1-4 EEL =         0.0000  VDWAALS    =      6323.3452
 EELEC  =  -4047343.5580  EHBOND  =         0.0000  RESTRAINT  =         0.0000
 ------------------------------------------------------------------------------


 NSTEP =       55   TIME(PS) =       0.055  TEMP(K) =   165.56  PRESS =     0.0
 Etot   =  -4036981.9217  EKtot   =      4042.2643  EPtot      =  -4041024.1859
 BOND   =         0.0000  ANGLE   =         0.0000  DIHED      =         0.0000
 1-4 NB =         0.0000  1-4 EEL =         0.0000  VDWAALS    =      6383.3271
 EELEC  =  -4047407.5131  EHBOND  =         0.0000  RESTRAINT  =         0.0000
 ------------------------------------------------------------------------------


 NSTEP =       56   TIME(PS) =       0.056  TEMP(K) =   165.39  PRESS =     0.0
 Etot   =  -4036981.8265  EKtot   =      4038.1958  EPtot      =  -4041020.0223
 BOND   =         0.0000  ANGLE   =         0.0000  DIHED      =         0.0000
 1-4 NB =         0.0000  1-4 EEL =         0.0000  VDWAALS    =      6443.4168
 EELEC  =  -4047463.4391  EHBOND  =         0.0000  RESTRAINT  =         0.0000
 ------------------------------------------------------------------------------


 NSTEP =       57   TIME(PS) =       0.057  TEMP(K) =   164.96  PRESS =     0.0
 Etot   =  -4036981.7041  EKtot   =      4027.6757  EPtot      =  -4041009.3798
 BOND   =         0.0000  ANGLE   =         0.0000  DIHED      =         0.0000
 1-4 NB =         0.0000  1-4 EEL =         0.0000  VDWAALS    =      6503.3002
 EELEC  =  -4047512.6800  EHBOND  =         0.0000  RESTRAINT  =         0.0000
 ------------------------------------------------------------------------------


 NSTEP =       58   TIME(PS) =       0.058  TEMP(K) =   164.35  PRESS =     0.0
 Etot   =  -4036981.5699  EKtot   =      4012.7094  EPtot      =  -4040994.2793
 BOND   =         0.0000  ANGLE   =         0.0000  DIHED      =         0.0000
 1-4 NB =         0.0000  1-4 EEL =         0.0000  VDWAALS    =      6562.6641
 EELEC  =  -4047556.9434  EHBOND  =         0.0000  RESTRAINT  =         0.0000
 ------------------------------------------------------------------------------


 NSTEP =       59   TIME(PS) =       0.059  TEMP(K) =   163.64  PRESS =     0.0
 Etot   =  -4036981.4482  EKtot   =      3995.4257  EPtot      =  -4040976.8738
 BOND   =         0.0000  ANGLE   =         0.0000  DIHED      =         0.0000
 1-4 NB =         0.0000  1-4 EEL =         0.0000  VDWAALS    =      6621.2016
 EELEC  =  -4047598.0755  EHBOND  =         0.0000  RESTRAINT  =         0.0000
 ------------------------------------------------------------------------------


 NSTEP =       60   TIME(PS) =       0.060  TEMP(K) =   162.92  PRESS =     0.0
 Etot   =  -4036981.3450  EKtot   =      3977.8573  EPtot      =  -4040959.2023
 BOND   =         0.0000  ANGLE   =         0.0000  DIHED      =         0.0000
 1-4 NB =         0.0000  1-4 EEL =         0.0000  VDWAALS    =      6678.6186
 EELEC  =  -4047637.8209  EHBOND  =         0.0000  RESTRAINT  =         0.0000
 ------------------------------------------------------------------------------


 NSTEP =       61   TIME(PS) =       0.061  TEMP(K) =   162.26  PRESS =     0.0
 Etot   =  -4036981.2667  EKtot   =      3961.7532  EPtot      =  -4040943.0199
 BOND   =         0.0000  ANGLE   =         0.0000  DIHED      =         0.0000
 1-4 NB =         0.0000  1-4 EEL =         0.0000  VDWAALS    =      6734.6385
 EELEC  =  -4047677.6585  EHBOND  =         0.0000  RESTRAINT  =         0.0000
 ------------------------------------------------------------------------------


 NSTEP =       62   TIME(PS) =       0.062  TEMP(K) =   161.72  PRESS =     0.0
 Etot   =  -4036981.2189  EKtot   =      3948.4383  EPtot      =  -4040929.6573
 BOND   =         0.0000  ANGLE   =         0.0000  DIHED      =         0.0000
 1-4 NB =         0.0000  1-4 EEL =         0.0000  VDWAALS    =      6789.0082
 EELEC  =  -4047718.6655  EHBOND  =         0.0000  RESTRAINT  =         0.0000
 ------------------------------------------------------------------------------


 NSTEP =       63   TIME(PS) =       0.063  TEMP(K) =   161.32  PRESS =     0.0
 Etot   =  -4036981.2077  EKtot   =      3938.7314  EPtot      =  -4040919.9391
 BOND   =         0.0000  ANGLE   =         0.0000  DIHED      =         0.0000
 1-4 NB =         0.0000  1-4 EEL =         0.0000  VDWAALS    =      6841.5019
 EELEC  =  -4047761.4410  EHBOND  =         0.0000  RESTRAINT  =         0.0000
 ------------------------------------------------------------------------------


 NSTEP =       64   TIME(PS) =       0.064  TEMP(K) =   161.08  PRESS =     0.0
 Etot   =  -4036981.2289  EKtot   =      3932.9256  EPtot      =  -4040914.1545
 BOND   =         0.0000  ANGLE   =         0.0000  DIHED      =         0.0000
 1-4 NB =         0.0000  1-4 EEL =         0.0000  VDWAALS    =      6891.9246
 EELEC  =  -4047806.0791  EHBOND  =         0.0000  RESTRAINT  =         0.0000
 ------------------------------------------------------------------------------


 NSTEP =       65   TIME(PS) =       0.065  TEMP(K) =   161.00  PRESS =     0.0
 Etot   =  -4036981.2707  EKtot   =      3930.8287  EPtot      =  -4040912.0994
 BOND   =         0.0000  ANGLE   =         0.0000  DIHED      =         0.0000
 1-4 NB =         0.0000  1-4 EEL =         0.0000  VDWAALS    =      6940.1139
 EELEC  =  -4047852.2132  EHBOND  =         0.0000  RESTRAINT  =         0.0000
 ------------------------------------------------------------------------------


 NSTEP =       66   TIME(PS) =       0.066  TEMP(K) =   161.04  PRESS =     0.0
 Etot   =  -4036981.3294  EKtot   =      3931.8523  EPtot      =  -4040913.1817
 BOND   =         0.0000  ANGLE   =         0.0000  DIHED      =         0.0000
 1-4 NB =         0.0000  1-4 EEL =         0.0000  VDWAALS    =      6985.9412
 EELEC  =  -4047899.1229  EHBOND  =         0.0000  RESTRAINT  =         0.0000
 ------------------------------------------------------------------------------


 NSTEP =       67   TIME(PS) =       0.067  TEMP(K) =   161.17  PRESS =     0.0
 Etot   =  -4036981.3981  EKtot   =      3935.1408  EPtot      =  -4040916.5389
 BOND   =         0.0000  ANGLE   =         0.0000  DIHED      =         0.0000
 1-4 NB =         0.0000  1-4 EEL =         0.0000  VDWAALS    =      7029.3108
 EELEC  =  -4047945.8497  EHBOND  =         0.0000  RESTRAINT  =         0.0000
 ------------------------------------------------------------------------------


 NSTEP =       68   TIME(PS) =       0.068  TEMP(K) =   161.36  PRESS =     0.0
 Etot   =  -4036981.4640  EKtot   =      3939.7193  EPtot      =  -4040921.1833
 BOND   =         0.0000  ANGLE   =         0.0000  DIHED      =         0.0000
 1-4 NB =         0.0000  1-4 EEL =         0.0000  VDWAALS    =      7070.1586
 EELEC  =  -4047991.3419  EHBOND  =         0.0000  RESTRAINT  =         0.0000
 ------------------------------------------------------------------------------


 NSTEP =       69   TIME(PS) =       0.069  TEMP(K) =   161.56  PRESS =     0.0
 Etot   =  -4036981.5158  EKtot   =      3944.6470  EPtot      =  -4040926.1628
 BOND   =         0.0000  ANGLE   =         0.0000  DIHED      =         0.0000
 1-4 NB =         0.0000  1-4 EEL =         0.0000  VDWAALS    =      7108.4494
 EELEC  =  -4048034.6122  EHBOND  =         0.0000  RESTRAINT  =         0.0000
 ------------------------------------------------------------------------------


 NSTEP =       70   TIME(PS) =       0.070  TEMP(K) =   161.75  PRESS =     0.0
 Etot   =  -4036981.5494  EKtot   =      3949.1547  EPtot      =  -4040930.7041
 BOND   =         0.0000  ANGLE   =         0.0000  DIHED      =         0.0000
 1-4 NB =         0.0000  1-4 EEL =         0.0000  VDWAALS    =      7144.1741
 EELEC  =  -4048074.8782  EHBOND  =         0.0000  RESTRAINT  =         0.0000
 ------------------------------------------------------------------------------


 NSTEP =       71   TIME(PS) =       0.071  TEMP(K) =   161.89  PRESS =     0.0
 Etot   =  -4036981.5631  EKtot   =      3952.7540  EPtot      =  -4040934.3170
 BOND   =         0.0000  ANGLE   =         0.0000  DIHED      =         0.0000
 1-4 NB =         0.0000  1-4 EEL =         0.0000  VDWAALS    =      7177.3461
 EELEC  =  -4048111.6631  EHBOND  =         0.0000  RESTRAINT  =         0.0000
 ------------------------------------------------------------------------------


 NSTEP =       72   TIME(PS) =       0.072  TEMP(K) =   162.00  PRESS =     0.0
 Etot   =  -4036981.5518  EKtot   =      3955.3053  EPtot      =  -4040936.8571
 BOND   =         0.0000  ANGLE   =         0.0000  DIHED      =         0.0000
 1-4 NB =         0.0000  1-4 EEL =         0.0000  VDWAALS    =      7207.9984
 EELEC  =  -4048144.8555  EHBOND  =         0.0000  RESTRAINT  =         0.0000
 ------------------------------------------------------------------------------


 NSTEP =       73   TIME(PS) =       0.073  TEMP(K) =   162.07  PRESS =     0.0
 Etot   =  -4036981.5158  EKtot   =      3957.0391  EPtot      =  -4040938.5549
 BOND   =         0.0000  ANGLE   =         0.0000  DIHED      =         0.0000
 1-4 NB =         0.0000  1-4 EEL =         0.0000  VDWAALS    =      7236.1808
 EELEC  =  -4048174.7357  EHBOND  =         0.0000  RESTRAINT  =         0.0000
 ------------------------------------------------------------------------------


 NSTEP =       74   TIME(PS) =       0.074  TEMP(K) =   162.13  PRESS =     0.0
 Etot   =  -4036981.4632  EKtot   =      3958.5295  EPtot      =  -4040939.9927
 BOND   =         0.0000  ANGLE   =         0.0000  DIHED      =         0.0000
 1-4 NB =         0.0000  1-4 EEL =         0.0000  VDWAALS    =      7261.9576
 EELEC  =  -4048201.9504  EHBOND  =         0.0000  RESTRAINT  =         0.0000
 ------------------------------------------------------------------------------


 NSTEP =       75   TIME(PS) =       0.075  TEMP(K) =   162.22  PRESS =     0.0
 Etot   =  -4036981.4015  EKtot   =      3960.6249  EPtot      =  -4040942.0263
 BOND   =         0.0000  ANGLE   =         0.0000  DIHED      =         0.0000
 1-4 NB =         0.0000  1-4 EEL =         0.0000  VDWAALS    =      7285.4067
 EELEC  =  -4048227.4330  EHBOND  =         0.0000  RESTRAINT  =         0.0000
 ------------------------------------------------------------------------------


 NSTEP =       76   TIME(PS) =       0.076  TEMP(K) =   162.37  PRESS =     0.0
 Etot   =  -4036981.3353  EKtot   =      3964.3452  EPtot      =  -4040945.6805
 BOND   =         0.0000  ANGLE   =         0.0000  DIHED      =         0.0000
 1-4 NB =         0.0000  1-4 EEL =         0.0000  VDWAALS    =      7306.6184
 EELEC  =  -4048252.2989  EHBOND  =         0.0000  RESTRAINT  =         0.0000
 ------------------------------------------------------------------------------


 NSTEP =       77   TIME(PS) =       0.077  TEMP(K) =   162.63  PRESS =     0.0
 Etot   =  -4036981.2728  EKtot   =      3970.7580  EPtot      =  -4040952.0308
 BOND   =         0.0000  ANGLE   =         0.0000  DIHED      =         0.0000
 1-4 NB =         0.0000  1-4 EEL =         0.0000  VDWAALS    =      7325.6960
 EELEC  =  -4048277.7268  EHBOND  =         0.0000  RESTRAINT  =         0.0000
 ------------------------------------------------------------------------------


 NSTEP =       78   TIME(PS) =       0.078  TEMP(K) =   163.05  PRESS =     0.0
 Etot   =  -4036981.2253  EKtot   =      3980.8475  EPtot      =  -4040962.0728
 BOND   =         0.0000  ANGLE   =         0.0000  DIHED      =         0.0000
 1-4 NB =         0.0000  1-4 EEL =         0.0000  VDWAALS    =      7342.7558
 EELEC  =  -4048304.8287  EHBOND  =         0.0000  RESTRAINT  =         0.0000
 ------------------------------------------------------------------------------


 NSTEP =       79   TIME(PS) =       0.079  TEMP(K) =   163.64  PRESS =     0.0
 Etot   =  -4036981.1991  EKtot   =      3995.3907  EPtot      =  -4040976.5899
 BOND   =         0.0000  ANGLE   =         0.0000  DIHED      =         0.0000
 1-4 NB =         0.0000  1-4 EEL =         0.0000  VDWAALS    =      7357.9281
 EELEC  =  -4048334.5180  EHBOND  =         0.0000  RESTRAINT  =         0.0000
 ------------------------------------------------------------------------------


 NSTEP =       80   TIME(PS) =       0.080  TEMP(K) =   164.44  PRESS =     0.0
 Etot   =  -4036981.1957  EKtot   =      4014.8557  EPtot      =  -4040996.0514
 BOND   =         0.0000  ANGLE   =         0.0000  DIHED      =         0.0000
 1-4 NB =         0.0000  1-4 EEL =         0.0000  VDWAALS    =      7371.3573
 EELEC  =  -4048367.4087  EHBOND  =         0.0000  RESTRAINT  =         0.0000
 ------------------------------------------------------------------------------


 NSTEP =       81   TIME(PS) =       0.081  TEMP(K) =   165.44  PRESS =     0.0
 Etot   =  -4036981.2176  EKtot   =      4039.3313  EPtot      =  -4041020.5488
 BOND   =         0.0000  ANGLE   =         0.0000  DIHED      =         0.0000
 1-4 NB =         0.0000  1-4 EEL =         0.0000  VDWAALS    =      7383.2019
 EELEC  =  -4048403.7508  EHBOND  =         0.0000  RESTRAINT  =         0.0000
 ------------------------------------------------------------------------------


 NSTEP =       82   TIME(PS) =       0.082  TEMP(K) =   166.63  PRESS =     0.0
 Etot   =  -4036981.2666  EKtot   =      4068.4970  EPtot      =  -4041049.7636
 BOND   =         0.0000  ANGLE   =         0.0000  DIHED      =         0.0000
 1-4 NB =         0.0000  1-4 EEL =         0.0000  VDWAALS    =      7393.6341
 EELEC  =  -4048443.3977  EHBOND  =         0.0000  RESTRAINT  =         0.0000
 ------------------------------------------------------------------------------


 NSTEP =       83   TIME(PS) =       0.083  TEMP(K) =   167.99  PRESS =     0.0
 Etot   =  -4036981.3381  EKtot   =      4101.6362  EPtot      =  -4041082.9743
 BOND   =         0.0000  ANGLE   =         0.0000  DIHED      =         0.0000
 1-4 NB =         0.0000  1-4 EEL =         0.0000  VDWAALS    =      7402.8383
 EELEC  =  -4048485.8126  EHBOND  =         0.0000  RESTRAINT  =         0.0000
 ------------------------------------------------------------------------------


 NSTEP =       84   TIME(PS) =       0.084  TEMP(K) =   169.47  PRESS =     0.0
 Etot   =  -4036981.4236  EKtot   =      4137.6914  EPtot      =  -4041119.1151
 BOND   =         0.0000  ANGLE   =         0.0000  DIHED      =         0.0000
 1-4 NB =         0.0000  1-4 EEL =         0.0000  VDWAALS    =      7411.0089
 EELEC  =  -4048530.1239  EHBOND  =         0.0000  RESTRAINT  =         0.0000
 ------------------------------------------------------------------------------


 NSTEP =       85   TIME(PS) =       0.085  TEMP(K) =   171.01  PRESS =     0.0
 Etot   =  -4036981.5171  EKtot   =      4175.3563  EPtot      =  -4041156.8733
 BOND   =         0.0000  ANGLE   =         0.0000  DIHED      =         0.0000
 1-4 NB =         0.0000  1-4 EEL =         0.0000  VDWAALS    =      7418.3475
 EELEC  =  -4048575.2208  EHBOND  =         0.0000  RESTRAINT  =         0.0000
 ------------------------------------------------------------------------------


 NSTEP =       86   TIME(PS) =       0.086  TEMP(K) =   172.56  PRESS =     0.0
 Etot   =  -4036981.6118  EKtot   =      4213.1940  EPtot      =  -4041194.8059
 BOND   =         0.0000  ANGLE   =         0.0000  DIHED      =         0.0000
 1-4 NB =         0.0000  1-4 EEL =         0.0000  VDWAALS    =      7425.0596
 EELEC  =  -4048619.8655  EHBOND  =         0.0000  RESTRAINT  =         0.0000
 ------------------------------------------------------------------------------


 NSTEP =       87   TIME(PS) =       0.087  TEMP(K) =   174.06  PRESS =     0.0
 Etot   =  -4036981.6979  EKtot   =      4249.7710  EPtot      =  -4041231.4689
 BOND   =         0.0000  ANGLE   =         0.0000  DIHED      =         0.0000
 1-4 NB =         0.0000  1-4 EEL =         0.0000  VDWAALS    =      7431.3505
 EELEC  =  -4048662.8194  EHBOND  =         0.0000  RESTRAINT  =         0.0000
 ------------------------------------------------------------------------------


 NSTEP =       88   TIME(PS) =       0.088  TEMP(K) =   175.45  PRESS =     0.0
 Etot   =  -4036981.7660  EKtot   =      4283.7890  EPtot      =  -4041265.5551
 BOND   =         0.0000  ANGLE   =         0.0000  DIHED      =         0.0000
 1-4 NB =         0.0000  1-4 EEL =         0.0000  VDWAALS    =      7437.4214
 EELEC  =  -4048702.9765  EHBOND  =         0.0000  RESTRAINT  =         0.0000
 ------------------------------------------------------------------------------


 NSTEP =       89   TIME(PS) =       0.089  TEMP(K) =   176.70  PRESS =     0.0
 Etot   =  -4036981.8120  EKtot   =      4314.2042  EPtot      =  -4041296.0162
 BOND   =         0.0000  ANGLE   =         0.0000  DIHED      =         0.0000
 1-4 NB =         0.0000  1-4 EEL =         0.0000  VDWAALS    =      7443.4652
 EELEC  =  -4048739.4814  EHBOND  =         0.0000  RESTRAINT  =         0.0000
 ------------------------------------------------------------------------------


 NSTEP =       90   TIME(PS) =       0.090  TEMP(K) =   177.77  PRESS =     0.0
 Etot   =  -4036981.8338  EKtot   =      4340.3172  EPtot      =  -4041322.1511
 BOND   =         0.0000  ANGLE   =         0.0000  DIHED      =         0.0000
 1-4 NB =         0.0000  1-4 EEL =         0.0000  VDWAALS    =      7449.6628
 EELEC  =  -4048771.8139  EHBOND  =         0.0000  RESTRAINT  =         0.0000
 ------------------------------------------------------------------------------


 NSTEP =       91   TIME(PS) =       0.091  TEMP(K) =   178.65  PRESS =     0.0
 Etot   =  -4036981.8293  EKtot   =      4361.8255  EPtot      =  -4041343.6549
 BOND   =         0.0000  ANGLE   =         0.0000  DIHED      =         0.0000
 1-4 NB =         0.0000  1-4 EEL =         0.0000  VDWAALS    =      7456.1799
 EELEC  =  -4048799.8347  EHBOND  =         0.0000  RESTRAINT  =         0.0000
 ------------------------------------------------------------------------------


 NSTEP =       92   TIME(PS) =       0.092  TEMP(K) =   179.35  PRESS =     0.0
 Etot   =  -4036981.7994  EKtot   =      4378.8328  EPtot      =  -4041360.6322
 BOND   =         0.0000  ANGLE   =         0.0000  DIHED      =         0.0000
 1-4 NB =         0.0000  1-4 EEL =         0.0000  VDWAALS    =      7463.1636
 EELEC  =  -4048823.7959  EHBOND  =         0.0000  RESTRAINT  =         0.0000
 ------------------------------------------------------------------------------


 NSTEP =       93   TIME(PS) =       0.093  TEMP(K) =   179.88  PRESS =     0.0
 Etot   =  -4036981.7509  EKtot   =      4391.8151  EPtot      =  -4041373.5659
 BOND   =         0.0000  ANGLE   =         0.0000  DIHED      =         0.0000
 1-4 NB =         0.0000  1-4 EEL =         0.0000  VDWAALS    =      7470.7409
 EELEC  =  -4048844.3069  EHBOND  =         0.0000  RESTRAINT  =         0.0000
 ------------------------------------------------------------------------------


 NSTEP =       94   TIME(PS) =       0.094  TEMP(K) =   180.28  PRESS =     0.0
 Etot   =  -4036981.6908  EKtot   =      4401.5485  EPtot      =  -4041383.2393
 BOND   =         0.0000  ANGLE   =         0.0000  DIHED      =         0.0000
 1-4 NB =         0.0000  1-4 EEL =         0.0000  VDWAALS    =      7479.0166
 EELEC  =  -4048862.2559  EHBOND  =         0.0000  RESTRAINT  =         0.0000
 ------------------------------------------------------------------------------


 NSTEP =       95   TIME(PS) =       0.095  TEMP(K) =   180.58  PRESS =     0.0
 Etot   =  -4036981.6250  EKtot   =      4409.0081  EPtot      =  -4041390.6331
 BOND   =         0.0000  ANGLE   =         0.0000  DIHED      =         0.0000
 1-4 NB =         0.0000  1-4 EEL =         0.0000  VDWAALS    =      7488.0726
 EELEC  =  -4048878.7056  EHBOND  =         0.0000  RESTRAINT  =         0.0000
 ------------------------------------------------------------------------------


 NSTEP =       96   TIME(PS) =       0.096  TEMP(K) =   180.84  PRESS =     0.0
 Etot   =  -4036981.5608  EKtot   =      4415.2492  EPtot      =  -4041396.8100
 BOND   =         0.0000  ANGLE   =         0.0000  DIHED      =         0.0000
 1-4 NB =         0.0000  1-4 EEL =         0.0000  VDWAALS    =      7497.9675
 EELEC  =  -4048894.7775  EHBOND  =         0.0000  RESTRAINT  =         0.0000
 ------------------------------------------------------------------------------


 NSTEP =       97   TIME(PS) =       0.097  TEMP(K) =   181.08  PRESS =     0.0
 Etot   =  -4036981.5076  EKtot   =      4421.2848  EPtot      =  -4041402.7924
 BOND   =         0.0000  ANGLE   =         0.0000  DIHED      =         0.0000
 1-4 NB =         0.0000  1-4 EEL =         0.0000  VDWAALS    =      7508.7369
 EELEC  =  -4048911.5293  EHBOND  =         0.0000  RESTRAINT  =         0.0000
 ------------------------------------------------------------------------------


 NSTEP =       98   TIME(PS) =       0.098  TEMP(K) =   181.36  PRESS =     0.0
 Etot   =  -4036981.4717  EKtot   =      4427.9711  EPtot      =  -4041409.4428
 BOND   =         0.0000  ANGLE   =         0.0000  DIHED      =         0.0000
 1-4 NB =         0.0000  1-4 EEL =         0.0000  VDWAALS    =      7520.3942
 EELEC  =  -4048929.8370  EHBOND  =         0.0000  RESTRAINT  =         0.0000
 ------------------------------------------------------------------------------


 NSTEP =       99   TIME(PS) =       0.099  TEMP(K) =   181.68  PRESS =     0.0
 Etot   =  -4036981.4551  EKtot   =      4435.9158  EPtot      =  -4041417.3709
 BOND   =         0.0000  ANGLE   =         0.0000  DIHED      =         0.0000
 1-4 NB =         0.0000  1-4 EEL =         0.0000  VDWAALS    =      7532.9312
 EELEC  =  -4048950.3020  EHBOND  =         0.0000  RESTRAINT  =         0.0000
 ------------------------------------------------------------------------------


 NSTEP =      100   TIME(PS) =       0.100  TEMP(K) =   182.07  PRESS =     0.0
 Etot   =  -4036981.4596  EKtot   =      4445.4160  EPtot      =  -4041426.8756
 BOND   =         0.0000  ANGLE   =         0.0000  DIHED      =         0.0000
 1-4 NB =         0.0000  1-4 EEL =         0.0000  VDWAALS    =      7546.3200
 EELEC  =  -4048973.1956  EHBOND  =         0.0000  RESTRAINT  =         0.0000
 ------------------------------------------------------------------------------


 NSTEP =      101   TIME(PS) =       0.101  TEMP(K) =   182.52  PRESS =     0.0
 Etot   =  -4036981.4859  EKtot   =      4456.4358  EPtot      =  -4041437.9218
 BOND   =         0.0000  ANGLE   =         0.0000  DIHED      =         0.0000
 1-4 NB =         0.0000  1-4 EEL =         0.0000  VDWAALS    =      7560.5148
 EELEC  =  -4048998.4365  EHBOND  =         0.0000  RESTRAINT  =         0.0000
 ------------------------------------------------------------------------------


 NSTEP =      102   TIME(PS) =       0.102  TEMP(K) =   183.02  PRESS =     0.0
 Etot   =  -4036981.5300  EKtot   =      4468.6243  EPtot      =  -4041450.1543
 BOND   =         0.0000  ANGLE   =         0.0000  DIHED      =         0.0000
 1-4 NB =         0.0000  1-4 EEL =         0.0000  VDWAALS    =      7575.4532
 EELEC  =  -4049025.6075  EHBOND  =         0.0000  RESTRAINT  =         0.0000
 ------------------------------------------------------------------------------


 NSTEP =      103   TIME(PS) =       0.103  TEMP(K) =   183.55  PRESS =     0.0
 Etot   =  -4036981.5843  EKtot   =      4481.3713  EPtot      =  -4041462.9556
 BOND   =         0.0000  ANGLE   =         0.0000  DIHED      =         0.0000
 1-4 NB =         0.0000  1-4 EEL =         0.0000  VDWAALS    =      7591.0593
 EELEC  =  -4049054.0150  EHBOND  =         0.0000  RESTRAINT  =         0.0000
 ------------------------------------------------------------------------------


 NSTEP =      104   TIME(PS) =       0.104  TEMP(K) =   184.06  PRESS =     0.0
 Etot   =  -4036981.6429  EKtot   =      4493.8933  EPtot      =  -4041475.5361
 BOND   =         0.0000  ANGLE   =         0.0000  DIHED      =         0.0000
 1-4 NB =         0.0000  1-4 EEL =         0.0000  VDWAALS    =      7607.2459
 EELEC  =  -4049082.7820  EHBOND  =         0.0000  RESTRAINT  =         0.0000
 ------------------------------------------------------------------------------


 NSTEP =      105   TIME(PS) =       0.105  TEMP(K) =   184.53  PRESS =     0.0
 Etot   =  -4036981.6999  EKtot   =      4505.3365  EPtot      =  -4041487.0364
 BOND   =         0.0000  ANGLE   =         0.0000  DIHED      =         0.0000
 1-4 NB =         0.0000  1-4 EEL =         0.0000  VDWAALS    =      7623.9167
 EELEC  =  -4049110.9532  EHBOND  =         0.0000  RESTRAINT  =         0.0000
 ------------------------------------------------------------------------------


 NSTEP =      106   TIME(PS) =       0.106  TEMP(K) =   184.92  PRESS =     0.0
 Etot   =  -4036981.7486  EKtot   =      4514.8842  EPtot      =  -4041496.6328
 BOND   =         0.0000  ANGLE   =         0.0000  DIHED      =         0.0000
 1-4 NB =         0.0000  1-4 EEL =         0.0000  VDWAALS    =      7640.9697
 EELEC  =  -4049137.6025  EHBOND  =         0.0000  RESTRAINT  =         0.0000
 ------------------------------------------------------------------------------


 NSTEP =      107   TIME(PS) =       0.107  TEMP(K) =   185.20  PRESS =     0.0
 Etot   =  -4036981.7807  EKtot   =      4521.8534  EPtot      =  -4041503.6341
 BOND   =         0.0000  ANGLE   =         0.0000  DIHED      =         0.0000
 1-4 NB =         0.0000  1-4 EEL =         0.0000  VDWAALS    =      7658.2993
 EELEC  =  -4049161.9334  EHBOND  =         0.0000  RESTRAINT  =         0.0000
 ------------------------------------------------------------------------------


 NSTEP =      108   TIME(PS) =       0.108  TEMP(K) =   185.36  PRESS =     0.0
 Etot   =  -4036981.7975  EKtot   =      4525.7722  EPtot      =  -4041507.5697
 BOND   =         0.0000  ANGLE   =         0.0000  DIHED      =         0.0000
 1-4 NB =         0.0000  1-4 EEL =         0.0000  VDWAALS    =      7675.7988
 EELEC  =  -4049183.3686  EHBOND  =         0.0000  RESTRAINT  =         0.0000
 ------------------------------------------------------------------------------


 NSTEP =      109   TIME(PS) =       0.109  TEMP(K) =   185.39  PRESS =     0.0
 Etot   =  -4036981.7971  EKtot   =      4526.4288  EPtot      =  -4041508.2259
 BOND   =         0.0000  ANGLE   =         0.0000  DIHED      =         0.0000
 1-4 NB =         0.0000  1-4 EEL =         0.0000  VDWAALS    =      7693.3632
 EELEC  =  -4049201.5891  EHBOND  =         0.0000  RESTRAINT  =         0.0000
 ------------------------------------------------------------------------------


 NSTEP =      110   TIME(PS) =       0.110  TEMP(K) =   185.29  PRESS =     0.0
 Etot   =  -4036981.7781  EKtot   =      4523.8895  EPtot      =  -4041505.6675
 BOND   =         0.0000  ANGLE   =         0.0000  DIHED      =         0.0000
 1-4 NB =         0.0000  1-4 EEL =         0.0000  VDWAALS    =      7710.8906
 EELEC  =  -4049216.5581  EHBOND  =         0.0000  RESTRAINT  =         0.0000
 ------------------------------------------------------------------------------


 NSTEP =      111   TIME(PS) =       0.111  TEMP(K) =   185.07  PRESS =     0.0
 Etot   =  -4036981.7399  EKtot   =      4518.4887  EPtot      =  -4041500.2286
 BOND   =         0.0000  ANGLE   =         0.0000  DIHED      =         0.0000
 1-4 NB =         0.0000  1-4 EEL =         0.0000  VDWAALS    =      7728.2841
 EELEC  =  -4049228.5127  EHBOND  =         0.0000  RESTRAINT  =         0.0000
 ------------------------------------------------------------------------------


 NSTEP =      112   TIME(PS) =       0.112  TEMP(K) =   184.75  PRESS =     0.0
 Etot   =  -4036981.6961  EKtot   =      4510.7925  EPtot      =  -4041492.4886
 BOND   =         0.0000  ANGLE   =         0.0000  DIHED      =         0.0000
 1-4 NB =         0.0000  1-4 EEL =         0.0000  VDWAALS    =      7745.4534
 EELEC  =  -4049237.9420  EHBOND  =         0.0000  RESTRAINT  =         0.0000
 ------------------------------------------------------------------------------


 NSTEP =      113   TIME(PS) =       0.113  TEMP(K) =   184.37  PRESS =     0.0
 Etot   =  -4036981.6452  EKtot   =      4501.5411  EPtot      =  -4041483.1863
 BOND   =         0.0000  ANGLE   =         0.0000  DIHED      =         0.0000
 1-4 NB =         0.0000  1-4 EEL =         0.0000  VDWAALS    =      7762.3153
 EELEC  =  -4049245.5016  EHBOND  =         0.0000  RESTRAINT  =         0.0000
 ------------------------------------------------------------------------------


 NSTEP =      114   TIME(PS) =       0.114  TEMP(K) =   183.96  PRESS =     0.0
 Etot   =  -4036981.5879  EKtot   =      4491.5782  EPtot      =  -4041473.1661
 BOND   =         0.0000  ANGLE   =         0.0000  DIHED      =         0.0000
 1-4 NB =         0.0000  1-4 EEL =         0.0000  VDWAALS    =      7778.7950
 EELEC  =  -4049251.9612  EHBOND  =         0.0000  RESTRAINT  =         0.0000
 ------------------------------------------------------------------------------


 NSTEP =      115   TIME(PS) =       0.115  TEMP(K) =   183.56  PRESS =     0.0
 Etot   =  -4036981.5352  EKtot   =      4481.7730  EPtot      =  -4041463.3082
 BOND   =         0.0000  ANGLE   =         0.0000  DIHED      =         0.0000
 1-4 NB =         0.0000  1-4 EEL =         0.0000  VDWAALS    =      7794.8263
 EELEC  =  -4049258.1345  EHBOND  =         0.0000  RESTRAINT  =         0.0000
 ------------------------------------------------------------------------------


 NSTEP =      116   TIME(PS) =       0.116  TEMP(K) =   183.20  PRESS =     0.0
 Etot   =  -4036981.4937  EKtot   =      4472.9419  EPtot      =  -4041454.4357
 BOND   =         0.0000  ANGLE   =         0.0000  DIHED      =         0.0000
 1-4 NB =         0.0000  1-4 EEL =         0.0000  VDWAALS    =      7810.3518
 EELEC  =  -4049264.7875  EHBOND  =         0.0000  RESTRAINT  =         0.0000
 ------------------------------------------------------------------------------


 NSTEP =      117   TIME(PS) =       0.117  TEMP(K) =   182.91  PRESS =     0.0
 Etot   =  -4036981.4625  EKtot   =      4465.7782  EPtot      =  -4041447.2407
 BOND   =         0.0000  ANGLE   =         0.0000  DIHED      =         0.0000
 1-4 NB =         0.0000  1-4 EEL =         0.0000  VDWAALS    =      7825.3231
 EELEC  =  -4049272.5638  EHBOND  =         0.0000  RESTRAINT  =         0.0000
 ------------------------------------------------------------------------------


 NSTEP =      118   TIME(PS) =       0.118  TEMP(K) =   182.70  PRESS =     0.0
 Etot   =  -4036981.4432  EKtot   =      4460.7949  EPtot      =  -4041442.2382
 BOND   =         0.0000  ANGLE   =         0.0000  DIHED      =         0.0000
 1-4 NB =         0.0000  1-4 EEL =         0.0000  VDWAALS    =      7839.7008
 EELEC  =  -4049281.9390  EHBOND  =         0.0000  RESTRAINT  =         0.0000
 ------------------------------------------------------------------------------


 NSTEP =      119   TIME(PS) =       0.119  TEMP(K) =   182.60  PRESS =     0.0
 Etot   =  -4036981.4408  EKtot   =      4458.2872  EPtot      =  -4041439.7280
 BOND   =         0.0000  ANGLE   =         0.0000  DIHED      =         0.0000
 1-4 NB =         0.0000  1-4 EEL =         0.0000  VDWAALS    =      7853.4540
 EELEC  =  -4049293.1819  EHBOND  =         0.0000  RESTRAINT  =         0.0000
 ------------------------------------------------------------------------------


 NSTEP =      120   TIME(PS) =       0.120  TEMP(K) =   182.60  PRESS =     0.0
 Etot   =  -4036981.4546  EKtot   =      4458.3161  EPtot      =  -4041439.7707
 BOND   =         0.0000  ANGLE   =         0.0000  DIHED      =         0.0000
 1-4 NB =         0.0000  1-4 EEL =         0.0000  VDWAALS    =      7866.5595
 EELEC  =  -4049306.3302  EHBOND  =         0.0000  RESTRAINT  =         0.0000
 ------------------------------------------------------------------------------


 NSTEP =      121   TIME(PS) =       0.121  TEMP(K) =   182.70  PRESS =     0.0
 Etot   =  -4036981.4802  EKtot   =      4460.7169  EPtot      =  -4041442.1971
 BOND   =         0.0000  ANGLE   =         0.0000  DIHED      =         0.0000
 1-4 NB =         0.0000  1-4 EEL =         0.0000  VDWAALS    =      7879.0016
 EELEC  =  -4049321.1987  EHBOND  =         0.0000  RESTRAINT  =         0.0000
 ------------------------------------------------------------------------------


 NSTEP =      122   TIME(PS) =       0.122  TEMP(K) =   182.88  PRESS =     0.0
 Etot   =  -4036981.5141  EKtot   =      4465.1300  EPtot      =  -4041446.6441
 BOND   =         0.0000  ANGLE   =         0.0000  DIHED      =         0.0000
 1-4 NB =         0.0000  1-4 EEL =         0.0000  VDWAALS    =      7890.7706
 EELEC  =  -4049337.4148  EHBOND  =         0.0000  RESTRAINT  =         0.0000
 ------------------------------------------------------------------------------


 NSTEP =      123   TIME(PS) =       0.123  TEMP(K) =   183.12  PRESS =     0.0
 Etot   =  -4036981.5544  EKtot   =      4471.0506  EPtot      =  -4041452.6050
 BOND   =         0.0000  ANGLE   =         0.0000  DIHED      =         0.0000
 1-4 NB =         0.0000  1-4 EEL =         0.0000  VDWAALS    =      7901.8621
 EELEC  =  -4049354.4671  EHBOND  =         0.0000  RESTRAINT  =         0.0000
 ------------------------------------------------------------------------------


 NSTEP =      124   TIME(PS) =       0.124  TEMP(K) =   183.40  PRESS =     0.0
 Etot   =  -4036981.5968  EKtot   =      4477.8910  EPtot      =  -4041459.4878
 BOND   =         0.0000  ANGLE   =         0.0000  DIHED      =         0.0000
 1-4 NB =         0.0000  1-4 EEL =         0.0000  VDWAALS    =      7912.2758
 EELEC  =  -4049371.7635  EHBOND  =         0.0000  RESTRAINT  =         0.0000
 ------------------------------------------------------------------------------


 NSTEP =      125   TIME(PS) =       0.125  TEMP(K) =   183.70  PRESS =     0.0
 Etot   =  -4036981.6346  EKtot   =      4485.0485  EPtot      =  -4041466.6832
 BOND   =         0.0000  ANGLE   =         0.0000  DIHED      =         0.0000
 1-4 NB =         0.0000  1-4 EEL =         0.0000  VDWAALS    =      7922.0142
 EELEC  =  -4049388.6974  EHBOND  =         0.0000  RESTRAINT  =         0.0000
 ------------------------------------------------------------------------------


 NSTEP =      126   TIME(PS) =       0.126  TEMP(K) =   183.98  PRESS =     0.0
 Etot   =  -4036981.6647  EKtot   =      4491.9695  EPtot      =  -4041473.6342
 BOND   =         0.0000  ANGLE   =         0.0000  DIHED      =         0.0000
 1-4 NB =         0.0000  1-4 EEL =         0.0000  VDWAALS    =      7931.0823
 EELEC  =  -4049404.7165  EHBOND  =         0.0000  RESTRAINT  =         0.0000
 ------------------------------------------------------------------------------


 NSTEP =      127   TIME(PS) =       0.127  TEMP(K) =   184.23  PRESS =     0.0
 Etot   =  -4036981.6863  EKtot   =      4498.2021  EPtot      =  -4041479.8884
 BOND   =         0.0000  ANGLE   =         0.0000  DIHED      =         0.0000
 1-4 NB =         0.0000  1-4 EEL =         0.0000  VDWAALS    =      7939.4865
 EELEC  =  -4049419.3749  EHBOND  =         0.0000  RESTRAINT  =         0.0000
 ------------------------------------------------------------------------------


 NSTEP =      128   TIME(PS) =       0.128  TEMP(K) =   184.45  PRESS =     0.0
 Etot   =  -4036981.6983  EKtot   =      4503.4325  EPtot      =  -4041485.1308
 BOND   =         0.0000  ANGLE   =         0.0000  DIHED      =         0.0000
 1-4 NB =         0.0000  1-4 EEL =         0.0000  VDWAALS    =      7947.2344
 EELEC  =  -4049432.3652  EHBOND  =         0.0000  RESTRAINT  =         0.0000
 ------------------------------------------------------------------------------


 NSTEP =      129   TIME(PS) =       0.129  TEMP(K) =   184.62  PRESS =     0.0
 Etot   =  -4036981.6995  EKtot   =      4507.5018  EPtot      =  -4041489.2014
 BOND   =         0.0000  ANGLE   =         0.0000  DIHED      =         0.0000
 1-4 NB =         0.0000  1-4 EEL =         0.0000  VDWAALS    =      7954.3348
 EELEC  =  -4049443.5362  EHBOND  =         0.0000  RESTRAINT  =         0.0000
 ------------------------------------------------------------------------------


 NSTEP =      130   TIME(PS) =       0.130  TEMP(K) =   184.73  PRESS =     0.0
 Etot   =  -4036981.6916  EKtot   =      4510.4021  EPtot      =  -4041492.0937
 BOND   =         0.0000  ANGLE   =         0.0000  DIHED      =         0.0000
 1-4 NB =         0.0000  1-4 EEL =         0.0000  VDWAALS    =      7960.7976
 EELEC  =  -4049452.8913  EHBOND  =         0.0000  RESTRAINT  =         0.0000
 ------------------------------------------------------------------------------


 NSTEP =      131   TIME(PS) =       0.131  TEMP(K) =   184.81  PRESS =     0.0
 Etot   =  -4036981.6782  EKtot   =      4512.2550  EPtot      =  -4041493.9331
 BOND   =         0.0000  ANGLE   =         0.0000  DIHED      =         0.0000
 1-4 NB =         0.0000  1-4 EEL =         0.0000  VDWAALS    =      7966.6339
 EELEC  =  -4049460.5671  EHBOND  =         0.0000  RESTRAINT  =         0.0000
 ------------------------------------------------------------------------------


 NSTEP =      132   TIME(PS) =       0.132  TEMP(K) =   184.85  PRESS =     0.0
 Etot   =  -4036981.6615  EKtot   =      4513.2792  EPtot      =  -4041494.9408
 BOND   =         0.0000  ANGLE   =         0.0000  DIHED      =         0.0000
 1-4 NB =         0.0000  1-4 EEL =         0.0000  VDWAALS    =      7971.8567
 EELEC  =  -4049466.7975  EHBOND  =         0.0000  RESTRAINT  =         0.0000
 ------------------------------------------------------------------------------


 NSTEP =      133   TIME(PS) =       0.133  TEMP(K) =   184.87  PRESS =     0.0
 Etot   =  -4036981.6428  EKtot   =      4513.7525  EPtot      =  -4041495.3953
 BOND   =         0.0000  ANGLE   =         0.0000  DIHED      =         0.0000
 1-4 NB =         0.0000  1-4 EEL =         0.0000  VDWAALS    =      7976.4809
 EELEC  =  -4049471.8762  EHBOND  =         0.0000  RESTRAINT  =         0.0000
 ------------------------------------------------------------------------------


 NSTEP =      134   TIME(PS) =       0.134  TEMP(K) =   184.88  PRESS =     0.0
 Etot   =  -4036981.6246  EKtot   =      4513.9737  EPtot      =  -4041495.5983
 BOND   =         0.0000  ANGLE   =         0.0000  DIHED      =         0.0000
 1-4 NB =         0.0000  1-4 EEL =         0.0000  VDWAALS    =      7980.5239
 EELEC  =  -4049476.1222  EHBOND  =         0.0000  RESTRAINT  =         0.0000
 ------------------------------------------------------------------------------


 NSTEP =      135   TIME(PS) =       0.135  TEMP(K) =   184.89  PRESS =     0.0
 Etot   =  -4036981.6092  EKtot   =      4514.2312  EPtot      =  -4041495.8404
 BOND   =         0.0000  ANGLE   =         0.0000  DIHED      =         0.0000
 1-4 NB =         0.0000  1-4 EEL =         0.0000  VDWAALS    =      7984.0056
 EELEC  =  -4049479.8460  EHBOND  =         0.0000  RESTRAINT  =         0.0000
 ------------------------------------------------------------------------------


 NSTEP =      136   TIME(PS) =       0.136  TEMP(K) =   184.91  PRESS =     0.0
 Etot   =  -4036981.5971  EKtot   =      4514.7797  EPtot      =  -4041496.3768
 BOND   =         0.0000  ANGLE   =         0.0000  DIHED      =         0.0000
 1-4 NB =         0.0000  1-4 EEL =         0.0000  VDWAALS    =      7986.9491
 EELEC  =  -4049483.3259  EHBOND  =         0.0000  RESTRAINT  =         0.0000
 ------------------------------------------------------------------------------


 NSTEP =      137   TIME(PS) =       0.137  TEMP(K) =   184.96  PRESS =     0.0
 Etot   =  -4036981.5879  EKtot   =      4515.8256  EPtot      =  -4041497.4135
 BOND   =         0.0000  ANGLE   =         0.0000  DIHED      =         0.0000
 1-4 NB =         0.0000  1-4 EEL =         0.0000  VDWAALS    =      7989.3807
 EELEC  =  -4049486.7942  EHBOND  =         0.0000  RESTRAINT  =         0.0000
 ------------------------------------------------------------------------------


 NSTEP =      138   TIME(PS) =       0.138  TEMP(K) =   185.03  PRESS =     0.0
 Etot   =  -4036981.5851  EKtot   =      4517.5212  EPtot      =  -4041499.1064
 BOND   =         0.0000  ANGLE   =         0.0000  DIHED      =         0.0000
 1-4 NB =         0.0000  1-4 EEL =         0.0000  VDWAALS    =      7991.3296
 EELEC  =  -4049490.4360  EHBOND  =         0.0000  RESTRAINT  =         0.0000
 ------------------------------------------------------------------------------


 NSTEP =      139   TIME(PS) =       0.139  TEMP(K) =   185.13  PRESS =     0.0
 Etot   =  -4036981.5741  EKtot   =      4519.9637  EPtot      =  -4041501.5379
 BOND   =         0.0000  ANGLE   =         0.0000  DIHED      =         0.0000
 1-4 NB =         0.0000  1-4 EEL =         0.0000  VDWAALS    =      7992.8287
 EELEC  =  -4049494.3666  EHBOND  =         0.0000  RESTRAINT  =         0.0000
 ------------------------------------------------------------------------------


 NSTEP =      140   TIME(PS) =       0.140  TEMP(K) =   185.26  PRESS =     0.0
 Etot   =  -4036981.5810  EKtot   =      4523.1979  EPtot      =  -4041504.7789
 BOND   =         0.0000  ANGLE   =         0.0000  DIHED      =         0.0000
 1-4 NB =         0.0000  1-4 EEL =         0.0000  VDWAALS    =      7993.9136
 EELEC  =  -4049498.6925  EHBOND  =         0.0000  RESTRAINT  =         0.0000
 ------------------------------------------------------------------------------


 NSTEP =      141   TIME(PS) =       0.141  TEMP(K) =   185.42  PRESS =     0.0
 Etot   =  -4036981.5898  EKtot   =      4527.2213  EPtot      =  -4041508.8111
 BOND   =         0.0000  ANGLE   =         0.0000  DIHED      =         0.0000
 1-4 NB =         0.0000  1-4 EEL =         0.0000  VDWAALS    =      7994.6231
 EELEC  =  -4049503.4342  EHBOND  =         0.0000  RESTRAINT  =         0.0000
 ------------------------------------------------------------------------------


 NSTEP =      142   TIME(PS) =       0.142  TEMP(K) =   185.62  PRESS =     0.0
 Etot   =  -4036981.5892  EKtot   =      4531.9903  EPtot      =  -4041513.5796
 BOND   =         0.0000  ANGLE   =         0.0000  DIHED      =         0.0000
 1-4 NB =         0.0000  1-4 EEL =         0.0000  VDWAALS    =      7994.9983
 EELEC  =  -4049508.5778  EHBOND  =         0.0000  RESTRAINT  =         0.0000
 ------------------------------------------------------------------------------


 NSTEP =      143   TIME(PS) =       0.143  TEMP(K) =   185.84  PRESS =     0.0
 Etot   =  -4036981.5941  EKtot   =      4537.4278  EPtot      =  -4041519.0219
 BOND   =         0.0000  ANGLE   =         0.0000  DIHED      =         0.0000
 1-4 NB =         0.0000  1-4 EEL =         0.0000  VDWAALS    =      7995.0827
 EELEC  =  -4049514.1046  EHBOND  =         0.0000  RESTRAINT  =         0.0000
 ------------------------------------------------------------------------------


 NSTEP =      144   TIME(PS) =       0.144  TEMP(K) =   186.09  PRESS =     0.0
 Etot   =  -4036981.6108  EKtot   =      4543.4319  EPtot      =  -4041525.0427
 BOND   =         0.0000  ANGLE   =         0.0000  DIHED      =         0.0000
 1-4 NB =         0.0000  1-4 EEL =         0.0000  VDWAALS    =      7994.9217
 EELEC  =  -4049519.9644  EHBOND  =         0.0000  RESTRAINT  =         0.0000
 ------------------------------------------------------------------------------


 NSTEP =      145   TIME(PS) =       0.145  TEMP(K) =   186.35  PRESS =     0.0
 Etot   =  -4036981.6214  EKtot   =      4549.8855  EPtot      =  -4041531.5069
 BOND   =         0.0000  ANGLE   =         0.0000  DIHED      =         0.0000
 1-4 NB =         0.0000  1-4 EEL =         0.0000  VDWAALS    =      7994.5619
 EELEC  =  -4049526.0688  EHBOND  =         0.0000  RESTRAINT  =         0.0000
 ------------------------------------------------------------------------------


 NSTEP =      146   TIME(PS) =       0.146  TEMP(K) =   186.63  PRESS =     0.0
 Etot   =  -4036981.6258  EKtot   =      4556.6655  EPtot      =  -4041538.2912
 BOND   =         0.0000  ANGLE   =         0.0000  DIHED      =         0.0000
 1-4 NB =         0.0000  1-4 EEL =         0.0000  VDWAALS    =      7994.0511
 EELEC  =  -4049532.3424  EHBOND  =         0.0000  RESTRAINT  =         0.0000
 ------------------------------------------------------------------------------


 NSTEP =      147   TIME(PS) =       0.147  TEMP(K) =   186.92  PRESS =     0.0
 Etot   =  -4036981.6360  EKtot   =      4563.6490  EPtot      =  -4041545.2850
 BOND   =         0.0000  ANGLE   =         0.0000  DIHED      =         0.0000
 1-4 NB =         0.0000  1-4 EEL =         0.0000  VDWAALS    =      7993.4380
 EELEC  =  -4049538.7230  EHBOND  =         0.0000  RESTRAINT  =         0.0000
 ------------------------------------------------------------------------------


 NSTEP =      148   TIME(PS) =       0.148  TEMP(K) =   187.20  PRESS =     0.0
 Etot   =  -4036981.6480  EKtot   =      4570.7174  EPtot      =  -4041552.3654
 BOND   =         0.0000  ANGLE   =         0.0000  DIHED      =         0.0000
 1-4 NB =         0.0000  1-4 EEL =         0.0000  VDWAALS    =      7992.7713
 EELEC  =  -4049545.1367  EHBOND  =         0.0000  RESTRAINT  =         0.0000
 ------------------------------------------------------------------------------


 NSTEP =      149   TIME(PS) =       0.149  TEMP(K) =   187.49  PRESS =     0.0
 Etot   =  -4036981.6551  EKtot   =      4577.7561  EPtot      =  -4041559.4113
 BOND   =         0.0000  ANGLE   =         0.0000  DIHED      =         0.0000
 1-4 NB =         0.0000  1-4 EEL =         0.0000  VDWAALS    =      7992.1000
 EELEC  =  -4049551.5112  EHBOND  =         0.0000  RESTRAINT  =         0.0000
 ------------------------------------------------------------------------------


 NSTEP =      150   TIME(PS) =       0.150  TEMP(K) =   187.78  PRESS =     0.0
 Etot   =  -4036981.6598  EKtot   =      4584.6517  EPtot      =  -4041566.3115
 BOND   =         0.0000  ANGLE   =         0.0000  DIHED      =         0.0000
 1-4 NB =         0.0000  1-4 EEL =         0.0000  VDWAALS    =      7991.4722
 EELEC  =  -4049557.7837  EHBOND  =         0.0000  RESTRAINT  =         0.0000
 ------------------------------------------------------------------------------


 NSTEP =      151   TIME(PS) =       0.151  TEMP(K) =   188.05  PRESS =     0.0
 Etot   =  -4036981.6693  EKtot   =      4591.2869  EPtot      =  -4041572.9562
 BOND   =         0.0000  ANGLE   =         0.0000  DIHED      =         0.0000
 1-4 NB =         0.0000  1-4 EEL =         0.0000  VDWAALS    =      7990.9349
 EELEC  =  -4049563.8911  EHBOND  =         0.0000  RESTRAINT  =         0.0000
 ------------------------------------------------------------------------------


 NSTEP =      152   TIME(PS) =       0.152  TEMP(K) =   188.30  PRESS =     0.0
 Etot   =  -4036981.6805  EKtot   =      4597.5373  EPtot      =  -4041579.2178
 BOND   =         0.0000  ANGLE   =         0.0000  DIHED      =         0.0000
 1-4 NB =         0.0000  1-4 EEL =         0.0000  VDWAALS    =      7990.5324
 EELEC  =  -4049569.7501  EHBOND  =         0.0000  RESTRAINT  =         0.0000
 ------------------------------------------------------------------------------


 NSTEP =      153   TIME(PS) =       0.153  TEMP(K) =   188.54  PRESS =     0.0
 Etot   =  -4036981.6884  EKtot   =      4603.2685  EPtot      =  -4041584.9569
 BOND   =         0.0000  ANGLE   =         0.0000  DIHED      =         0.0000
 1-4 NB =         0.0000  1-4 EEL =         0.0000  VDWAALS    =      7990.3053
 EELEC  =  -4049575.2622  EHBOND  =         0.0000  RESTRAINT  =         0.0000
 ------------------------------------------------------------------------------


 NSTEP =      154   TIME(PS) =       0.154  TEMP(K) =   188.75  PRESS =     0.0
 Etot   =  -4036981.6966  EKtot   =      4608.3383  EPtot      =  -4041590.0349
 BOND   =         0.0000  ANGLE   =         0.0000  DIHED      =         0.0000
 1-4 NB =         0.0000  1-4 EEL =         0.0000  VDWAALS    =      7990.2895
 EELEC  =  -4049580.3244  EHBOND  =         0.0000  RESTRAINT  =         0.0000
 ------------------------------------------------------------------------------


 NSTEP =      155   TIME(PS) =       0.155  TEMP(K) =   188.92  PRESS =     0.0
 Etot   =  -4036981.7080  EKtot   =      4612.6009  EPtot      =  -4041594.3089
 BOND   =         0.0000  ANGLE   =         0.0000  DIHED      =         0.0000
 1-4 NB =         0.0000  1-4 EEL =         0.0000  VDWAALS    =      7990.5142
 EELEC  =  -4049584.8231  EHBOND  =         0.0000  RESTRAINT  =         0.0000
 ------------------------------------------------------------------------------


 NSTEP =      156   TIME(PS) =       0.156  TEMP(K) =   189.06  PRESS =     0.0
 Etot   =  -4036981.7184  EKtot   =      4615.9144  EPtot      =  -4041597.6328
 BOND   =         0.0000  ANGLE   =         0.0000  DIHED      =         0.0000
 1-4 NB =         0.0000  1-4 EEL =         0.0000  VDWAALS    =      7991.0018
 EELEC  =  -4049588.6347  EHBOND  =         0.0000  RESTRAINT  =         0.0000
 ------------------------------------------------------------------------------


 NSTEP =      157   TIME(PS) =       0.157  TEMP(K) =   189.15  PRESS =     0.0
 Etot   =  -4036981.7249  EKtot   =      4618.1502  EPtot      =  -4041599.8751
 BOND   =         0.0000  ANGLE   =         0.0000  DIHED      =         0.0000
 1-4 NB =         0.0000  1-4 EEL =         0.0000  VDWAALS    =      7991.7670
 EELEC  =  -4049591.6421  EHBOND  =         0.0000  RESTRAINT  =         0.0000
 ------------------------------------------------------------------------------


 NSTEP =      158   TIME(PS) =       0.158  TEMP(K) =   189.19  PRESS =     0.0
 Etot   =  -4036981.7301  EKtot   =      4619.2000  EPtot      =  -4041600.9301
 BOND   =         0.0000  ANGLE   =         0.0000  DIHED      =         0.0000
 1-4 NB =         0.0000  1-4 EEL =         0.0000  VDWAALS    =      7992.8166
 EELEC  =  -4049593.7467  EHBOND  =         0.0000  RESTRAINT  =         0.0000
 ------------------------------------------------------------------------------


 NSTEP =      159   TIME(PS) =       0.159  TEMP(K) =   189.18  PRESS =     0.0
 Etot   =  -4036981.7360  EKtot   =      4618.9808  EPtot      =  -4041600.7168
 BOND   =         0.0000  ANGLE   =         0.0000  DIHED      =         0.0000
 1-4 NB =         0.0000  1-4 EEL =         0.0000  VDWAALS    =      7994.1510
 EELEC  =  -4049594.8678  EHBOND  =         0.0000  RESTRAINT  =         0.0000
 ------------------------------------------------------------------------------


 NSTEP =      160   TIME(PS) =       0.160  TEMP(K) =   189.12  PRESS =     0.0
 Etot   =  -4036981.7388  EKtot   =      4617.4361  EPtot      =  -4041599.1749
 BOND   =         0.0000  ANGLE   =         0.0000  DIHED      =         0.0000
 1-4 NB =         0.0000  1-4 EEL =         0.0000  VDWAALS    =      7995.7643
 EELEC  =  -4049594.9391  EHBOND  =         0.0000  RESTRAINT  =         0.0000
 ------------------------------------------------------------------------------


 NSTEP =      161   TIME(PS) =       0.161  TEMP(K) =   189.00  PRESS =     0.0
 Etot   =  -4036981.7406  EKtot   =      4614.5331  EPtot      =  -4041596.2737
 BOND   =         0.0000  ANGLE   =         0.0000  DIHED      =         0.0000
 1-4 NB =         0.0000  1-4 EEL =         0.0000  VDWAALS    =      7997.6460
 EELEC  =  -4049593.9197  EHBOND  =         0.0000  RESTRAINT  =         0.0000
 ------------------------------------------------------------------------------


 NSTEP =      162   TIME(PS) =       0.162  TEMP(K) =   188.82  PRESS =     0.0
 Etot   =  -4036981.7394  EKtot   =      4610.2595  EPtot      =  -4041591.9989
 BOND   =         0.0000  ANGLE   =         0.0000  DIHED      =         0.0000
 1-4 NB =         0.0000  1-4 EEL =         0.0000  VDWAALS    =      7999.7818
 EELEC  =  -4049591.7808  EHBOND  =         0.0000  RESTRAINT  =         0.0000
 ------------------------------------------------------------------------------


 NSTEP =      163   TIME(PS) =       0.163  TEMP(K) =   188.59  PRESS =     0.0
 Etot   =  -4036981.7388  EKtot   =      4604.6209  EPtot      =  -4041586.3597
 BOND   =         0.0000  ANGLE   =         0.0000  DIHED      =         0.0000
 1-4 NB =         0.0000  1-4 EEL =         0.0000  VDWAALS    =      8002.1543
 EELEC  =  -4049588.5140  EHBOND  =         0.0000  RESTRAINT  =         0.0000
 ------------------------------------------------------------------------------


 NSTEP =      164   TIME(PS) =       0.164  TEMP(K) =   188.31  PRESS =     0.0
 Etot   =  -4036981.7378  EKtot   =      4597.6432  EPtot      =  -4041579.3810
 BOND   =         0.0000  ANGLE   =         0.0000  DIHED      =         0.0000
 1-4 NB =         0.0000  1-4 EEL =         0.0000  VDWAALS    =      8004.7425
 EELEC  =  -4049584.1235  EHBOND  =         0.0000  RESTRAINT  =         0.0000
 ------------------------------------------------------------------------------


 NSTEP =      165   TIME(PS) =       0.165  TEMP(K) =   187.97  PRESS =     0.0
 Etot   =  -4036981.7327  EKtot   =      4589.3797  EPtot      =  -4041571.1124
 BOND   =         0.0000  ANGLE   =         0.0000  DIHED      =         0.0000
 1-4 NB =         0.0000  1-4 EEL =         0.0000  VDWAALS    =      8007.5210
 EELEC  =  -4049578.6334  EHBOND  =         0.0000  RESTRAINT  =         0.0000
 ------------------------------------------------------------------------------


 NSTEP =      166   TIME(PS) =       0.166  TEMP(K) =   187.58  PRESS =     0.0
 Etot   =  -4036981.7238  EKtot   =      4579.9231  EPtot      =  -4041561.6468
 BOND   =         0.0000  ANGLE   =         0.0000  DIHED      =         0.0000
 1-4 NB =         0.0000  1-4 EEL =         0.0000  VDWAALS    =      8010.4591
 EELEC  =  -4049572.1059  EHBOND  =         0.0000  RESTRAINT  =         0.0000
 ------------------------------------------------------------------------------


 NSTEP =      167   TIME(PS) =       0.167  TEMP(K) =   187.15  PRESS =     0.0
 Etot   =  -4036981.7124  EKtot   =      4569.4190  EPtot      =  -4041551.1314
 BOND   =         0.0000  ANGLE   =         0.0000  DIHED      =         0.0000
 1-4 NB =         0.0000  1-4 EEL =         0.0000  VDWAALS    =      8013.5186
 EELEC  =  -4049564.6500  EHBOND  =         0.0000  RESTRAINT  =         0.0000
 ------------------------------------------------------------------------------


 NSTEP =      168   TIME(PS) =       0.168  TEMP(K) =   186.69  PRESS =     0.0
 Etot   =  -4036981.6960  EKtot   =      4558.0782  EPtot      =  -4041539.7742
 BOND   =         0.0000  ANGLE   =         0.0000  DIHED      =         0.0000
 1-4 NB =         0.0000  1-4 EEL =         0.0000  VDWAALS    =      8016.6530
 EELEC  =  -4049556.4272  EHBOND  =         0.0000  RESTRAINT  =         0.0000
 ------------------------------------------------------------------------------


 NSTEP =      169   TIME(PS) =       0.169  TEMP(K) =   186.20  PRESS =     0.0
 Etot   =  -4036981.6734  EKtot   =      4546.1823  EPtot      =  -4041527.8558
 BOND   =         0.0000  ANGLE   =         0.0000  DIHED      =         0.0000
 1-4 NB =         0.0000  1-4 EEL =         0.0000  VDWAALS    =      8019.8064
 EELEC  =  -4049547.6621  EHBOND  =         0.0000  RESTRAINT  =         0.0000
 ------------------------------------------------------------------------------


 NSTEP =      170   TIME(PS) =       0.170  TEMP(K) =   185.70  PRESS =     0.0
 Etot   =  -4036981.6479  EKtot   =      4534.0803  EPtot      =  -4041515.7282
 BOND   =         0.0000  ANGLE   =         0.0000  DIHED      =         0.0000
 1-4 NB =         0.0000  1-4 EEL =         0.0000  VDWAALS    =      8022.9137
 EELEC  =  -4049538.6418  EHBOND  =         0.0000  RESTRAINT  =         0.0000
 ------------------------------------------------------------------------------


 NSTEP =      171   TIME(PS) =       0.171  TEMP(K) =   185.22  PRESS =     0.0
 Etot   =  -4036981.6211  EKtot   =      4522.1733  EPtot      =  -4041503.7944
 BOND   =         0.0000  ANGLE   =         0.0000  DIHED      =         0.0000
 1-4 NB =         0.0000  1-4 EEL =         0.0000  VDWAALS    =      8025.9021
 EELEC  =  -4049529.6965  EHBOND  =         0.0000  RESTRAINT  =         0.0000
 ------------------------------------------------------------------------------


 NSTEP =      172   TIME(PS) =       0.172  TEMP(K) =   184.75  PRESS =     0.0
 Etot   =  -4036981.5936  EKtot   =      4510.8896  EPtot      =  -4041492.4832
 BOND   =         0.0000  ANGLE   =         0.0000  DIHED      =         0.0000
 1-4 NB =         0.0000  1-4 EEL =         0.0000  VDWAALS    =      8028.6932
 EELEC  =  -4049521.1764  EHBOND  =         0.0000  RESTRAINT  =         0.0000
 ------------------------------------------------------------------------------


 NSTEP =      173   TIME(PS) =       0.173  TEMP(K) =   184.33  PRESS =     0.0
 Etot   =  -4036981.5676  EKtot   =      4500.6513  EPtot      =  -4041482.2189
 BOND   =         0.0000  ANGLE   =         0.0000  DIHED      =         0.0000
 1-4 NB =         0.0000  1-4 EEL =         0.0000  VDWAALS    =      8031.2061
 EELEC  =  -4049513.4250  EHBOND  =         0.0000  RESTRAINT  =         0.0000
 ------------------------------------------------------------------------------


 NSTEP =      174   TIME(PS) =       0.174  TEMP(K) =   183.97  PRESS =     0.0
 Etot   =  -4036981.5486  EKtot   =      4491.8383  EPtot      =  -4041473.3870
 BOND   =         0.0000  ANGLE   =         0.0000  DIHED      =         0.0000
 1-4 NB =         0.0000  1-4 EEL =         0.0000  VDWAALS    =      8033.3612
 EELEC  =  -4049506.7481  EHBOND  =         0.0000  RESTRAINT  =         0.0000
 ------------------------------------------------------------------------------


 NSTEP =      175   TIME(PS) =       0.175  TEMP(K) =   183.68  PRESS =     0.0
 Etot   =  -4036981.5342  EKtot   =      4484.7539  EPtot      =  -4041466.2881
 BOND   =         0.0000  ANGLE   =         0.0000  DIHED      =         0.0000
 1-4 NB =         0.0000  1-4 EEL =         0.0000  VDWAALS    =      8035.0835
 EELEC  =  -4049501.3716  EHBOND  =         0.0000  RESTRAINT  =         0.0000
 ------------------------------------------------------------------------------


 NSTEP =      176   TIME(PS) =       0.176  TEMP(K) =   183.47  PRESS =     0.0
 Etot   =  -4036981.5293  EKtot   =      4479.5971  EPtot      =  -4041461.1264
 BOND   =         0.0000  ANGLE   =         0.0000  DIHED      =         0.0000
 1-4 NB =         0.0000  1-4 EEL =         0.0000  VDWAALS    =      8036.3065
 EELEC  =  -4049497.4328  EHBOND  =         0.0000  RESTRAINT  =         0.0000
 ------------------------------------------------------------------------------


 NSTEP =      177   TIME(PS) =       0.177  TEMP(K) =   183.34  PRESS =     0.0
 Etot   =  -4036981.5331  EKtot   =      4476.4458  EPtot      =  -4041457.9789
 BOND   =         0.0000  ANGLE   =         0.0000  DIHED      =         0.0000
 1-4 NB =         0.0000  1-4 EEL =         0.0000  VDWAALS    =      8036.9744
 EELEC  =  -4049494.9533  EHBOND  =         0.0000  RESTRAINT  =         0.0000
 ------------------------------------------------------------------------------


 NSTEP =      178   TIME(PS) =       0.178  TEMP(K) =   183.29  PRESS =     0.0
 Etot   =  -4036981.5438  EKtot   =      4475.2511  EPtot      =  -4041456.7949
 BOND   =         0.0000  ANGLE   =         0.0000  DIHED      =         0.0000
 1-4 NB =         0.0000  1-4 EEL =         0.0000  VDWAALS    =      8037.0443
 EELEC  =  -4049493.8392  EHBOND  =         0.0000  RESTRAINT  =         0.0000
 ------------------------------------------------------------------------------


 NSTEP =      179   TIME(PS) =       0.179  TEMP(K) =   183.32  PRESS =     0.0
 Etot   =  -4036981.5616  EKtot   =      4475.8433  EPtot      =  -4041457.4049
 BOND   =         0.0000  ANGLE   =         0.0000  DIHED      =         0.0000
 1-4 NB =         0.0000  1-4 EEL =         0.0000  VDWAALS    =      8036.4874
 EELEC  =  -4049493.8923  EHBOND  =         0.0000  RESTRAINT  =         0.0000
 ------------------------------------------------------------------------------


 NSTEP =      180   TIME(PS) =       0.180  TEMP(K) =   183.40  PRESS =     0.0
 Etot   =  -4036981.5857  EKtot   =      4477.9477  EPtot      =  -4041459.5334
 BOND   =         0.0000  ANGLE   =         0.0000  DIHED      =         0.0000
 1-4 NB =         0.0000  1-4 EEL =         0.0000  VDWAALS    =      8035.2886
 EELEC  =  -4049494.8220  EHBOND  =         0.0000  RESTRAINT  =         0.0000
 ------------------------------------------------------------------------------


 NSTEP =      181   TIME(PS) =       0.181  TEMP(K) =   183.54  PRESS =     0.0
 Etot   =  -4036981.6133  EKtot   =      4481.2075  EPtot      =  -4041462.8207
 BOND   =         0.0000  ANGLE   =         0.0000  DIHED      =         0.0000
 1-4 NB =         0.0000  1-4 EEL =         0.0000  VDWAALS    =      8033.4467
 EELEC  =  -4049496.2675  EHBOND  =         0.0000  RESTRAINT  =         0.0000
 ------------------------------------------------------------------------------


 NSTEP =      182   TIME(PS) =       0.182  TEMP(K) =   183.70  PRESS =     0.0
 Etot   =  -4036981.6428  EKtot   =      4485.2096  EPtot      =  -4041466.8524
 BOND   =         0.0000  ANGLE   =         0.0000  DIHED      =         0.0000
 1-4 NB =         0.0000  1-4 EEL =         0.0000  VDWAALS    =      8030.9728
 EELEC  =  -4049497.8252  EHBOND  =         0.0000  RESTRAINT  =         0.0000
 ------------------------------------------------------------------------------


 NSTEP =      183   TIME(PS) =       0.183  TEMP(K) =   183.88  PRESS =     0.0
 Etot   =  -4036981.6729  EKtot   =      4489.5132  EPtot      =  -4041471.1861
 BOND   =         0.0000  ANGLE   =         0.0000  DIHED      =         0.0000
 1-4 NB =         0.0000  1-4 EEL =         0.0000  VDWAALS    =      8027.8892
 EELEC  =  -4049499.0753  EHBOND  =         0.0000  RESTRAINT  =         0.0000
 ------------------------------------------------------------------------------


 NSTEP =      184   TIME(PS) =       0.184  TEMP(K) =   184.05  PRESS =     0.0
 Etot   =  -4036981.7006  EKtot   =      4493.6772  EPtot      =  -4041475.3779
 BOND   =         0.0000  ANGLE   =         0.0000  DIHED      =         0.0000
 1-4 NB =         0.0000  1-4 EEL =         0.0000  VDWAALS    =      8024.2272
 EELEC  =  -4049499.6051  EHBOND  =         0.0000  RESTRAINT  =         0.0000
 ------------------------------------------------------------------------------


 NSTEP =      185   TIME(PS) =       0.185  TEMP(K) =   184.20  PRESS =     0.0
 Etot   =  -4036981.7257  EKtot   =      4497.2856  EPtot      =  -4041479.0114
 BOND   =         0.0000  ANGLE   =         0.0000  DIHED      =         0.0000
 1-4 NB =         0.0000  1-4 EEL =         0.0000  VDWAALS    =      8020.0254
 EELEC  =  -4049499.0368  EHBOND  =         0.0000  RESTRAINT  =         0.0000
 ------------------------------------------------------------------------------


 NSTEP =      186   TIME(PS) =       0.186  TEMP(K) =   184.31  PRESS =     0.0
 Etot   =  -4036981.7468  EKtot   =      4499.9705  EPtot      =  -4041481.7173
 BOND   =         0.0000  ANGLE   =         0.0000  DIHED      =         0.0000
 1-4 NB =         0.0000  1-4 EEL =         0.0000  VDWAALS    =      8015.3278
 EELEC  =  -4049497.0452  EHBOND  =         0.0000  RESTRAINT  =         0.0000
 ------------------------------------------------------------------------------


 NSTEP =      187   TIME(PS) =       0.187  TEMP(K) =   184.37  PRESS =     0.0
 Etot   =  -4036981.7617  EKtot   =      4501.4313  EPtot      =  -4041483.1930
 BOND   =         0.0000  ANGLE   =         0.0000  DIHED      =         0.0000
 1-4 NB =         0.0000  1-4 EEL =         0.0000  VDWAALS    =      8010.1815
 EELEC  =  -4049493.3745  EHBOND  =         0.0000  RESTRAINT  =         0.0000
 ------------------------------------------------------------------------------


 NSTEP =      188   TIME(PS) =       0.188  TEMP(K) =   184.37  PRESS =     0.0
 Etot   =  -4036981.7699  EKtot   =      4501.4504  EPtot      =  -4041483.2203
 BOND   =         0.0000  ANGLE   =         0.0000  DIHED      =         0.0000
 1-4 NB =         0.0000  1-4 EEL =         0.0000  VDWAALS    =      8004.6352
 EELEC  =  -4049487.8555  EHBOND  =         0.0000  RESTRAINT  =         0.0000
 ------------------------------------------------------------------------------


 NSTEP =      189   TIME(PS) =       0.189  TEMP(K) =   184.30  PRESS =     0.0
 Etot   =  -4036981.7717  EKtot   =      4499.9053  EPtot      =  -4041481.6770
 BOND   =         0.0000  ANGLE   =         0.0000  DIHED      =         0.0000
 1-4 NB =         0.0000  1-4 EEL =         0.0000  VDWAALS    =      7998.7378
 EELEC  =  -4049480.4148  EHBOND  =         0.0000  RESTRAINT  =         0.0000
 ------------------------------------------------------------------------------


 NSTEP =      190   TIME(PS) =       0.190  TEMP(K) =   184.18  PRESS =     0.0
 Etot   =  -4036981.7670  EKtot   =      4496.7748  EPtot      =  -4041478.5418
 BOND   =         0.0000  ANGLE   =         0.0000  DIHED      =         0.0000
 1-4 NB =         0.0000  1-4 EEL =         0.0000  VDWAALS    =      7992.5371
 EELEC  =  -4049471.0789  EHBOND  =         0.0000  RESTRAINT  =         0.0000
 ------------------------------------------------------------------------------


 NSTEP =      191   TIME(PS) =       0.191  TEMP(K) =   183.99  PRESS =     0.0
 Etot   =  -4036981.7552  EKtot   =      4492.1383  EPtot      =  -4041473.8936
 BOND   =         0.0000  ANGLE   =         0.0000  DIHED      =         0.0000
 1-4 NB =         0.0000  1-4 EEL =         0.0000  VDWAALS    =      7986.0801
 EELEC  =  -4049459.9737  EHBOND  =         0.0000  RESTRAINT  =         0.0000
 ------------------------------------------------------------------------------


 NSTEP =      192   TIME(PS) =       0.192  TEMP(K) =   183.74  PRESS =     0.0
 Etot   =  -4036981.7377  EKtot   =      4486.1683  EPtot      =  -4041467.9060
 BOND   =         0.0000  ANGLE   =         0.0000  DIHED      =         0.0000
 1-4 NB =         0.0000  1-4 EEL =         0.0000  VDWAALS    =      7979.4123
 EELEC  =  -4049447.3183  EHBOND  =         0.0000  RESTRAINT  =         0.0000
 ------------------------------------------------------------------------------


 NSTEP =      193   TIME(PS) =       0.193  TEMP(K) =   183.45  PRESS =     0.0
 Etot   =  -4036981.7172  EKtot   =      4479.1153  EPtot      =  -4041460.8324
 BOND   =         0.0000  ANGLE   =         0.0000  DIHED      =         0.0000
 1-4 NB =         0.0000  1-4 EEL =         0.0000  VDWAALS    =      7972.5782
 EELEC  =  -4049433.4106  EHBOND  =         0.0000  RESTRAINT  =         0.0000
 ------------------------------------------------------------------------------


 NSTEP =      194   TIME(PS) =       0.194  TEMP(K) =   183.13  PRESS =     0.0
 Etot   =  -4036981.6944  EKtot   =      4471.2873  EPtot      =  -4041452.9817
 BOND   =         0.0000  ANGLE   =         0.0000  DIHED      =         0.0000
 1-4 NB =         0.0000  1-4 EEL =         0.0000  VDWAALS    =      7965.6225
 EELEC  =  -4049418.6042  EHBOND  =         0.0000  RESTRAINT  =         0.0000
 ------------------------------------------------------------------------------


 NSTEP =      195   TIME(PS) =       0.195  TEMP(K) =   182.79  PRESS =     0.0
 Etot   =  -4036981.6704  EKtot   =      4463.0263  EPtot      =  -4041444.6968
 BOND   =         0.0000  ANGLE   =         0.0000  DIHED      =         0.0000
 1-4 NB =         0.0000  1-4 EEL =         0.0000  VDWAALS    =      7958.5906
 EELEC  =  -4049403.2873  EHBOND  =         0.0000  RESTRAINT  =         0.0000
 ------------------------------------------------------------------------------


 NSTEP =      196   TIME(PS) =       0.196  TEMP(K) =   182.45  PRESS =     0.0
 Etot   =  -4036981.6463  EKtot   =      4454.6844  EPtot      =  -4041436.3306
 BOND   =         0.0000  ANGLE   =         0.0000  DIHED      =         0.0000
 1-4 NB =         0.0000  1-4 EEL =         0.0000  VDWAALS    =      7951.5290
 EELEC  =  -4049387.8596  EHBOND  =         0.0000  RESTRAINT  =         0.0000
 ------------------------------------------------------------------------------


 NSTEP =      197   TIME(PS) =       0.197  TEMP(K) =   182.12  PRESS =     0.0
 Etot   =  -4036981.6263  EKtot   =      4446.6016  EPtot      =  -4041428.2279
 BOND   =         0.0000  ANGLE   =         0.0000  DIHED      =         0.0000
 1-4 NB =         0.0000  1-4 EEL =         0.0000  VDWAALS    =      7944.4860
 EELEC  =  -4049372.7138  EHBOND  =         0.0000  RESTRAINT  =         0.0000
 ------------------------------------------------------------------------------


 NSTEP =      198   TIME(PS) =       0.198  TEMP(K) =   181.81  PRESS =     0.0
 Etot   =  -4036981.6092  EKtot   =      4439.0873  EPtot      =  -4041420.6965
 BOND   =         0.0000  ANGLE   =         0.0000  DIHED      =         0.0000
 1-4 NB =         0.0000  1-4 EEL =         0.0000  VDWAALS    =      7937.5111
 EELEC  =  -4049358.2076  EHBOND  =         0.0000  RESTRAINT  =         0.0000
 ------------------------------------------------------------------------------


 NSTEP =      199   TIME(PS) =       0.199  TEMP(K) =   181.54  PRESS =     0.0
 Etot   =  -4036981.5938  EKtot   =      4432.4059  EPtot      =  -4041413.9998
 BOND   =         0.0000  ANGLE   =         0.0000  DIHED      =         0.0000
 1-4 NB =         0.0000  1-4 EEL =         0.0000  VDWAALS    =      7930.6545
 EELEC  =  -4049344.6542  EHBOND  =         0.0000  RESTRAINT  =         0.0000
 ------------------------------------------------------------------------------


 NSTEP =      200   TIME(PS) =       0.200  TEMP(K) =   181.31  PRESS =     0.0
 Etot   =  -4036981.5831  EKtot   =      4426.7652  EPtot      =  -4041408.3482
 BOND   =         0.0000  ANGLE   =         0.0000  DIHED      =         0.0000
 1-4 NB =         0.0000  1-4 EEL =         0.0000  VDWAALS    =      7923.9655
 EELEC  =  -4049332.3137  EHBOND  =         0.0000  RESTRAINT  =         0.0000
 ------------------------------------------------------------------------------


 NSTEP =      201   TIME(PS) =       0.201  TEMP(K) =   181.13  PRESS =     0.0
 Etot   =  -4036981.5783  EKtot   =      4422.3083  EPtot      =  -4041403.8866
 BOND   =         0.0000  ANGLE   =         0.0000  DIHED      =         0.0000
 1-4 NB =         0.0000  1-4 EEL =         0.0000  VDWAALS    =      7917.4906
 EELEC  =  -4049321.3772  EHBOND  =         0.0000  RESTRAINT  =         0.0000
 ------------------------------------------------------------------------------


 NSTEP =      202   TIME(PS) =       0.202  TEMP(K) =   181.00  PRESS =     0.0
 Etot   =  -4036981.5776  EKtot   =      4419.1083  EPtot      =  -4041400.6859
 BOND   =         0.0000  ANGLE   =         0.0000  DIHED      =         0.0000
 1-4 NB =         0.0000  1-4 EEL =         0.0000  VDWAALS    =      7911.2715
 EELEC  =  -4049311.9574  EHBOND  =         0.0000  RESTRAINT  =         0.0000
 ------------------------------------------------------------------------------


 NSTEP =      203   TIME(PS) =       0.203  TEMP(K) =   180.92  PRESS =     0.0
 Etot   =  -4036981.5804  EKtot   =      4417.1650  EPtot      =  -4041398.7454
 BOND   =         0.0000  ANGLE   =         0.0000  DIHED      =         0.0000
 1-4 NB =         0.0000  1-4 EEL =         0.0000  VDWAALS    =      7905.3426
 EELEC  =  -4049304.0880  EHBOND  =         0.0000  RESTRAINT  =         0.0000
 ------------------------------------------------------------------------------


 NSTEP =      204   TIME(PS) =       0.204  TEMP(K) =   180.88  PRESS =     0.0
 Etot   =  -4036981.5886  EKtot   =      4416.4065  EPtot      =  -4041397.9951
 BOND   =         0.0000  ANGLE   =         0.0000  DIHED      =         0.0000
 1-4 NB =         0.0000  1-4 EEL =         0.0000  VDWAALS    =      7899.7294
 EELEC  =  -4049297.7245  EHBOND  =         0.0000  RESTRAINT  =         0.0000
 ------------------------------------------------------------------------------


 NSTEP =      205   TIME(PS) =       0.205  TEMP(K) =   180.90  PRESS =     0.0
 Etot   =  -4036981.6011  EKtot   =      4416.6956  EPtot      =  -4041398.2967
 BOND   =         0.0000  ANGLE   =         0.0000  DIHED      =         0.0000
 1-4 NB =         0.0000  1-4 EEL =         0.0000  VDWAALS    =      7894.4462
 EELEC  =  -4049292.7430  EHBOND  =         0.0000  RESTRAINT  =         0.0000
 ------------------------------------------------------------------------------


 NSTEP =      206   TIME(PS) =       0.206  TEMP(K) =   180.94  PRESS =     0.0
 Etot   =  -4036981.6157  EKtot   =      4417.8421  EPtot      =  -4041399.4578
 BOND   =         0.0000  ANGLE   =         0.0000  DIHED      =         0.0000
 1-4 NB =         0.0000  1-4 EEL =         0.0000  VDWAALS    =      7889.4959
 EELEC  =  -4049288.9537  EHBOND  =         0.0000  RESTRAINT  =         0.0000
 ------------------------------------------------------------------------------


 NSTEP =      207   TIME(PS) =       0.207  TEMP(K) =   181.02  PRESS =     0.0
 Etot   =  -4036981.6309  EKtot   =      4419.6203  EPtot      =  -4041401.2512
 BOND   =         0.0000  ANGLE   =         0.0000  DIHED      =         0.0000
 1-4 NB =         0.0000  1-4 EEL =         0.0000  VDWAALS    =      7884.8691
 EELEC  =  -4049286.1203  EHBOND  =         0.0000  RESTRAINT  =         0.0000
 ------------------------------------------------------------------------------


 NSTEP =      208   TIME(PS) =       0.208  TEMP(K) =   181.10  PRESS =     0.0
 Etot   =  -4036981.6464  EKtot   =      4421.7900  EPtot      =  -4041403.4364
 BOND   =         0.0000  ANGLE   =         0.0000  DIHED      =         0.0000
 1-4 NB =         0.0000  1-4 EEL =         0.0000  VDWAALS    =      7880.5451
 EELEC  =  -4049283.9815  EHBOND  =         0.0000  RESTRAINT  =         0.0000
 ------------------------------------------------------------------------------


 NSTEP =      209   TIME(PS) =       0.209  TEMP(K) =   181.20  PRESS =     0.0
 Etot   =  -4036981.6610  EKtot   =      4424.1171  EPtot      =  -4041405.7781
 BOND   =         0.0000  ANGLE   =         0.0000  DIHED      =         0.0000
 1-4 NB =         0.0000  1-4 EEL =         0.0000  VDWAALS    =      7876.4926
 EELEC  =  -4049282.2707  EHBOND  =         0.0000  RESTRAINT  =         0.0000
 ------------------------------------------------------------------------------


 NSTEP =      210   TIME(PS) =       0.210  TEMP(K) =   181.29  PRESS =     0.0
 Etot   =  -4036981.6727  EKtot   =      4426.3921  EPtot      =  -4041408.0648
 BOND   =         0.0000  ANGLE   =         0.0000  DIHED      =         0.0000
 1-4 NB =         0.0000  1-4 EEL =         0.0000  VDWAALS    =      7872.6720
 EELEC  =  -4049280.7368  EHBOND  =         0.0000  RESTRAINT  =         0.0000
 ------------------------------------------------------------------------------


 NSTEP =      211   TIME(PS) =       0.211  TEMP(K) =   181.38  PRESS =     0.0
 Etot   =  -4036981.6811  EKtot   =      4428.4437  EPtot      =  -4041410.1249
 BOND   =         0.0000  ANGLE   =         0.0000  DIHED      =         0.0000
 1-4 NB =         0.0000  1-4 EEL =         0.0000  VDWAALS    =      7869.0367
 EELEC  =  -4049279.1615  EHBOND  =         0.0000  RESTRAINT  =         0.0000
 ------------------------------------------------------------------------------


 NSTEP =      212   TIME(PS) =       0.212  TEMP(K) =   181.45  PRESS =     0.0
 Etot   =  -4036981.6871  EKtot   =      4430.1458  EPtot      =  -4041411.8328
 BOND   =         0.0000  ANGLE   =         0.0000  DIHED      =         0.0000
 1-4 NB =         0.0000  1-4 EEL =         0.0000  VDWAALS    =      7865.5361
 EELEC  =  -4049277.3689  EHBOND  =         0.0000  RESTRAINT  =         0.0000
 ------------------------------------------------------------------------------


 NSTEP =      213   TIME(PS) =       0.213  TEMP(K) =   181.50  PRESS =     0.0
 Etot   =  -4036981.6908  EKtot   =      4431.4177  EPtot      =  -4041413.1085
 BOND   =         0.0000  ANGLE   =         0.0000  DIHED      =         0.0000
 1-4 NB =         0.0000  1-4 EEL =         0.0000  VDWAALS    =      7862.1172
 EELEC  =  -4049275.2256  EHBOND  =         0.0000  RESTRAINT  =         0.0000
 ------------------------------------------------------------------------------


 NSTEP =      214   TIME(PS) =       0.214  TEMP(K) =   181.53  PRESS =     0.0
 Etot   =  -4036981.6917  EKtot   =      4432.2201  EPtot      =  -4041413.9118
 BOND   =         0.0000  ANGLE   =         0.0000  DIHED      =         0.0000
 1-4 NB =         0.0000  1-4 EEL =         0.0000  VDWAALS    =      7858.7269
 EELEC  =  -4049272.6387  EHBOND  =         0.0000  RESTRAINT  =         0.0000
 ------------------------------------------------------------------------------


 NSTEP =      215   TIME(PS) =       0.215  TEMP(K) =   181.55  PRESS =     0.0
 Etot   =  -4036981.6909  EKtot   =      4432.5465  EPtot      =  -4041414.2374
 BOND   =         0.0000  ANGLE   =         0.0000  DIHED      =         0.0000
 1-4 NB =         0.0000  1-4 EEL =         0.0000  VDWAALS    =      7855.3135
 EELEC  =  -4049269.5509  EHBOND  =         0.0000  RESTRAINT  =         0.0000
 ------------------------------------------------------------------------------


 NSTEP =      216   TIME(PS) =       0.216  TEMP(K) =   181.54  PRESS =     0.0
 Etot   =  -4036981.6898  EKtot   =      4432.4121  EPtot      =  -4041414.1018
 BOND   =         0.0000  ANGLE   =         0.0000  DIHED      =         0.0000
 1-4 NB =         0.0000  1-4 EEL =         0.0000  VDWAALS    =      7851.8285
 EELEC  =  -4049265.9304  EHBOND  =         0.0000  RESTRAINT  =         0.0000
 ------------------------------------------------------------------------------


 NSTEP =      217   TIME(PS) =       0.217  TEMP(K) =   181.52  PRESS =     0.0
 Etot   =  -4036981.6885  EKtot   =      4431.8436  EPtot      =  -4041413.5322
 BOND   =         0.0000  ANGLE   =         0.0000  DIHED      =         0.0000
 1-4 NB =         0.0000  1-4 EEL =         0.0000  VDWAALS    =      7848.2274
 EELEC  =  -4049261.7595  EHBOND  =         0.0000  RESTRAINT  =         0.0000
 ------------------------------------------------------------------------------


 NSTEP =      218   TIME(PS) =       0.218  TEMP(K) =   181.48  PRESS =     0.0
 Etot   =  -4036981.6867  EKtot   =      4430.8702  EPtot      =  -4041412.5569
 BOND   =         0.0000  ANGLE   =         0.0000  DIHED      =         0.0000
 1-4 NB =         0.0000  1-4 EEL =         0.0000  VDWAALS    =      7844.4709
 EELEC  =  -4049257.0278  EHBOND  =         0.0000  RESTRAINT  =         0.0000
 ------------------------------------------------------------------------------


 NSTEP =      219   TIME(PS) =       0.219  TEMP(K) =   181.42  PRESS =     0.0
 Etot   =  -4036981.6852  EKtot   =      4429.5162  EPtot      =  -4041411.2014
 BOND   =         0.0000  ANGLE   =         0.0000  DIHED      =         0.0000
 1-4 NB =         0.0000  1-4 EEL =         0.0000  VDWAALS    =      7840.5261
 EELEC  =  -4049251.7275  EHBOND  =         0.0000  RESTRAINT  =         0.0000
 ------------------------------------------------------------------------------


 NSTEP =      220   TIME(PS) =       0.220  TEMP(K) =   181.35  PRESS =     0.0
 Etot   =  -4036981.6851  EKtot   =      4427.7962  EPtot      =  -4041409.4813
 BOND   =         0.0000  ANGLE   =         0.0000  DIHED      =         0.0000
 1-4 NB =         0.0000  1-4 EEL =         0.0000  VDWAALS    =      7836.3670
 EELEC  =  -4049245.8483  EHBOND  =         0.0000  RESTRAINT  =         0.0000
 ------------------------------------------------------------------------------


 NSTEP =      221   TIME(PS) =       0.221  TEMP(K) =   181.27  PRESS =     0.0
 Etot   =  -4036981.6854  EKtot   =      4425.7126  EPtot      =  -4041407.3980
 BOND   =         0.0000  ANGLE   =         0.0000  DIHED      =         0.0000
 1-4 NB =         0.0000  1-4 EEL =         0.0000  VDWAALS    =      7831.9757
 EELEC  =  -4049239.3737  EHBOND  =         0.0000  RESTRAINT  =         0.0000
 ------------------------------------------------------------------------------


 NSTEP =      222   TIME(PS) =       0.222  TEMP(K) =   181.16  PRESS =     0.0
 Etot   =  -4036981.6858  EKtot   =      4423.2547  EPtot      =  -4041404.9405
 BOND   =         0.0000  ANGLE   =         0.0000  DIHED      =         0.0000
 1-4 NB =         0.0000  1-4 EEL =         0.0000  VDWAALS    =      7827.3426
 EELEC  =  -4049232.2831  EHBOND  =         0.0000  RESTRAINT  =         0.0000
 ------------------------------------------------------------------------------


 NSTEP =      223   TIME(PS) =       0.223  TEMP(K) =   181.05  PRESS =     0.0
 Etot   =  -4036981.6869  EKtot   =      4420.4018  EPtot      =  -4041402.0887
 BOND   =         0.0000  ANGLE   =         0.0000  DIHED      =         0.0000
 1-4 NB =         0.0000  1-4 EEL =         0.0000  VDWAALS    =      7822.4675
 EELEC  =  -4049224.5562  EHBOND  =         0.0000  RESTRAINT  =         0.0000
 ------------------------------------------------------------------------------


 NSTEP =      224   TIME(PS) =       0.224  TEMP(K) =   180.91  PRESS =     0.0
 Etot   =  -4036981.6871  EKtot   =      4417.1288  EPtot      =  -4041398.8159
 BOND   =         0.0000  ANGLE   =         0.0000  DIHED      =         0.0000
 1-4 NB =         0.0000  1-4 EEL =         0.0000  VDWAALS    =      7817.3593
 EELEC  =  -4049216.1751  EHBOND  =         0.0000  RESTRAINT  =         0.0000
 ------------------------------------------------------------------------------


 NSTEP =      225   TIME(PS) =       0.225  TEMP(K) =   180.76  PRESS =     0.0
 Etot   =  -4036981.6872  EKtot   =      4413.4155  EPtot      =  -4041395.1027
 BOND   =         0.0000  ANGLE   =         0.0000  DIHED      =         0.0000
 1-4 NB =         0.0000  1-4 EEL =         0.0000  VDWAALS    =      7812.0360
 EELEC  =  -4049207.1387  EHBOND  =         0.0000  RESTRAINT  =         0.0000
 ------------------------------------------------------------------------------


 NSTEP =      226   TIME(PS) =       0.226  TEMP(K) =   180.59  PRESS =     0.0
 Etot   =  -4036981.6851  EKtot   =      4409.2579  EPtot      =  -4041390.9429
 BOND   =         0.0000  ANGLE   =         0.0000  DIHED      =         0.0000
 1-4 NB =         0.0000  1-4 EEL =         0.0000  VDWAALS    =      7806.5247
 EELEC  =  -4049197.4677  EHBOND  =         0.0000  RESTRAINT  =         0.0000
 ------------------------------------------------------------------------------


 NSTEP =      227   TIME(PS) =       0.227  TEMP(K) =   180.40  PRESS =     0.0
 Etot   =  -4036981.6794  EKtot   =      4404.6801  EPtot      =  -4041386.3595
 BOND   =         0.0000  ANGLE   =         0.0000  DIHED      =         0.0000
 1-4 NB =         0.0000  1-4 EEL =         0.0000  VDWAALS    =      7800.8604
 EELEC  =  -4049187.2199  EHBOND  =         0.0000  RESTRAINT  =         0.0000
 ------------------------------------------------------------------------------


 NSTEP =      228   TIME(PS) =       0.228  TEMP(K) =   180.20  PRESS =     0.0
 Etot   =  -4036981.6714  EKtot   =      4399.7447  EPtot      =  -4041381.4161
 BOND   =         0.0000  ANGLE   =         0.0000  DIHED      =         0.0000
 1-4 NB =         0.0000  1-4 EEL =         0.0000  VDWAALS    =      7795.0850
 EELEC  =  -4049176.5011  EHBOND  =         0.0000  RESTRAINT  =         0.0000
 ------------------------------------------------------------------------------


 NSTEP =      229   TIME(PS) =       0.229  TEMP(K) =   179.99  PRESS =     0.0
 Etot   =  -4036981.6609  EKtot   =      4394.5581  EPtot      =  -4041376.2190
 BOND   =         0.0000  ANGLE   =         0.0000  DIHED      =         0.0000
 1-4 NB =         0.0000  1-4 EEL =         0.0000  VDWAALS    =      7789.2459
 EELEC  =  -4049165.4649  EHBOND  =         0.0000  RESTRAINT  =         0.0000
 ------------------------------------------------------------------------------


 NSTEP =      230   TIME(PS) =       0.230  TEMP(K) =   179.77  PRESS =     0.0
 Etot   =  -4036981.6467  EKtot   =      4389.2714  EPtot      =  -4041370.9181
 BOND   =         0.0000  ANGLE   =         0.0000  DIHED      =         0.0000
 1-4 NB =         0.0000  1-4 EEL =         0.0000  VDWAALS    =      7783.3946
 EELEC  =  -4049154.3127  EHBOND  =         0.0000  RESTRAINT  =         0.0000
 ------------------------------------------------------------------------------


 NSTEP =      231   TIME(PS) =       0.231  TEMP(K) =   179.56  PRESS =     0.0
 Etot   =  -4036981.6307  EKtot   =      4384.0735  EPtot      =  -4041365.7042
 BOND   =         0.0000  ANGLE   =         0.0000  DIHED      =         0.0000
 1-4 NB =         0.0000  1-4 EEL =         0.0000  VDWAALS    =      7777.5848
 EELEC  =  -4049143.2891  EHBOND  =         0.0000  RESTRAINT  =         0.0000
 ------------------------------------------------------------------------------


 NSTEP =      232   TIME(PS) =       0.232  TEMP(K) =   179.36  PRESS =     0.0
 Etot   =  -4036981.6151  EKtot   =      4379.1789  EPtot      =  -4041360.7940
 BOND   =         0.0000  ANGLE   =         0.0000  DIHED      =         0.0000
 1-4 NB =         0.0000  1-4 EEL =         0.0000  VDWAALS    =      7771.8706
 EELEC  =  -4049132.6646  EHBOND  =         0.0000  RESTRAINT  =         0.0000
 ------------------------------------------------------------------------------


 NSTEP =      233   TIME(PS) =       0.233  TEMP(K) =   179.18  PRESS =     0.0
 Etot   =  -4036981.5999  EKtot   =      4374.8100  EPtot      =  -4041356.4099
 BOND   =         0.0000  ANGLE   =         0.0000  DIHED      =         0.0000
 1-4 NB =         0.0000  1-4 EEL =         0.0000  VDWAALS    =      7766.3047
 EELEC  =  -4049122.7146  EHBOND  =         0.0000  RESTRAINT  =         0.0000
 ------------------------------------------------------------------------------


 NSTEP =      234   TIME(PS) =       0.234  TEMP(K) =   179.03  PRESS =     0.0
 Etot   =  -4036981.5865  EKtot   =      4371.1758  EPtot      =  -4041352.7624
 BOND   =         0.0000  ANGLE   =         0.0000  DIHED      =         0.0000
 1-4 NB =         0.0000  1-4 EEL =         0.0000  VDWAALS    =      7760.9367
 EELEC  =  -4049113.6991  EHBOND  =         0.0000  RESTRAINT  =         0.0000
 ------------------------------------------------------------------------------


 NSTEP =      235   TIME(PS) =       0.235  TEMP(K) =   178.92  PRESS =     0.0
 Etot   =  -4036981.5778  EKtot   =      4368.4496  EPtot      =  -4041350.0274
 BOND   =         0.0000  ANGLE   =         0.0000  DIHED      =         0.0000
 1-4 NB =         0.0000  1-4 EEL =         0.0000  VDWAALS    =      7755.8118
 EELEC  =  -4049105.8392  EHBOND  =         0.0000  RESTRAINT  =         0.0000
 ------------------------------------------------------------------------------


 NSTEP =      236   TIME(PS) =       0.236  TEMP(K) =   178.85  PRESS =     0.0
 Etot   =  -4036981.5748  EKtot   =      4366.7474  EPtot      =  -4041348.3222
 BOND   =         0.0000  ANGLE   =         0.0000  DIHED      =         0.0000
 1-4 NB =         0.0000  1-4 EEL =         0.0000  VDWAALS    =      7750.9694
 EELEC  =  -4049099.2915  EHBOND  =         0.0000  RESTRAINT  =         0.0000
 ------------------------------------------------------------------------------


 NSTEP =      237   TIME(PS) =       0.237  TEMP(K) =   178.82  PRESS =     0.0
 Etot   =  -4036981.5773  EKtot   =      4366.1104  EPtot      =  -4041347.6877
 BOND   =         0.0000  ANGLE   =         0.0000  DIHED      =         0.0000
 1-4 NB =         0.0000  1-4 EEL =         0.0000  VDWAALS    =      7746.4418
 EELEC  =  -4049094.1295  EHBOND  =         0.0000  RESTRAINT  =         0.0000
 ------------------------------------------------------------------------------


 NSTEP =      238   TIME(PS) =       0.238  TEMP(K) =   178.84  PRESS =     0.0
 Etot   =  -4036981.5856  EKtot   =      4366.4937  EPtot      =  -4041348.0794
 BOND   =         0.0000  ANGLE   =         0.0000  DIHED      =         0.0000
 1-4 NB =         0.0000  1-4 EEL =         0.0000  VDWAALS    =      7742.2543
 EELEC  =  -4049090.3337  EHBOND  =         0.0000  RESTRAINT  =         0.0000
 ------------------------------------------------------------------------------


 NSTEP =      239   TIME(PS) =       0.239  TEMP(K) =   178.89  PRESS =     0.0
 Etot   =  -4036981.6006  EKtot   =      4367.7624  EPtot      =  -4041349.3629
 BOND   =         0.0000  ANGLE   =         0.0000  DIHED      =         0.0000
 1-4 NB =         0.0000  1-4 EEL =         0.0000  VDWAALS    =      7738.4243
 EELEC  =  -4049087.7873  EHBOND  =         0.0000  RESTRAINT  =         0.0000
 ------------------------------------------------------------------------------


 NSTEP =      240   TIME(PS) =       0.240  TEMP(K) =   178.97  PRESS =     0.0
 Etot   =  -4036981.6203  EKtot   =      4369.6974  EPtot      =  -4041351.3177
 BOND   =         0.0000  ANGLE   =         0.0000  DIHED      =         0.0000
 1-4 NB =         0.0000  1-4 EEL =         0.0000  VDWAALS    =      7734.9612
 EELEC  =  -4049086.2789  EHBOND  =         0.0000  RESTRAINT  =         0.0000
 ------------------------------------------------------------------------------


 NSTEP =      241   TIME(PS) =       0.241  TEMP(K) =   179.07  PRESS =     0.0
 Etot   =  -4036981.6423  EKtot   =      4372.0120  EPtot      =  -4041353.6543
 BOND   =         0.0000  ANGLE   =         0.0000  DIHED      =         0.0000
 1-4 NB =         0.0000  1-4 EEL =         0.0000  VDWAALS    =      7731.8665
 EELEC  =  -4049085.5208  EHBOND  =         0.0000  RESTRAINT  =         0.0000
 ------------------------------------------------------------------------------


 NSTEP =      242   TIME(PS) =       0.242  TEMP(K) =   179.16  PRESS =     0.0
 Etot   =  -4036981.6646  EKtot   =      4374.3770  EPtot      =  -4041356.0416
 BOND   =         0.0000  ANGLE   =         0.0000  DIHED      =         0.0000
 1-4 NB =         0.0000  1-4 EEL =         0.0000  VDWAALS    =      7729.1345
 EELEC  =  -4049085.1761  EHBOND  =         0.0000  RESTRAINT  =         0.0000
 ------------------------------------------------------------------------------


 NSTEP =      243   TIME(PS) =       0.243  TEMP(K) =   179.25  PRESS =     0.0
 Etot   =  -4036981.6855  EKtot   =      4376.4546  EPtot      =  -4041358.1400
 BOND   =         0.0000  ANGLE   =         0.0000  DIHED      =         0.0000
 1-4 NB =         0.0000  1-4 EEL =         0.0000  VDWAALS    =      7726.7522
 EELEC  =  -4049084.8922  EHBOND  =         0.0000  RESTRAINT  =         0.0000
 ------------------------------------------------------------------------------


 NSTEP =      244   TIME(PS) =       0.244  TEMP(K) =   179.31  PRESS =     0.0
 Etot   =  -4036981.7020  EKtot   =      4377.9341  EPtot      =  -4041359.6361
 BOND   =         0.0000  ANGLE   =         0.0000  DIHED      =         0.0000
 1-4 NB =         0.0000  1-4 EEL =         0.0000  VDWAALS    =      7724.7008
 EELEC  =  -4049084.3369  EHBOND  =         0.0000  RESTRAINT  =         0.0000
 ------------------------------------------------------------------------------


 NSTEP =      245   TIME(PS) =       0.245  TEMP(K) =   179.33  PRESS =     0.0
 Etot   =  -4036981.7116  EKtot   =      4378.5672  EPtot      =  -4041360.2788
 BOND   =         0.0000  ANGLE   =         0.0000  DIHED      =         0.0000
 1-4 NB =         0.0000  1-4 EEL =         0.0000  VDWAALS    =      7722.9563
 EELEC  =  -4049083.2351  EHBOND  =         0.0000  RESTRAINT  =         0.0000
 ------------------------------------------------------------------------------


 NSTEP =      246   TIME(PS) =       0.246  TEMP(K) =   179.32  PRESS =     0.0
 Etot   =  -4036981.7139  EKtot   =      4378.1947  EPtot      =  -4041359.9087
 BOND   =         0.0000  ANGLE   =         0.0000  DIHED      =         0.0000
 1-4 NB =         0.0000  1-4 EEL =         0.0000  VDWAALS    =      7721.4914
 EELEC  =  -4049081.4000  EHBOND  =         0.0000  RESTRAINT  =         0.0000
 ------------------------------------------------------------------------------


 NSTEP =      247   TIME(PS) =       0.247  TEMP(K) =   179.26  PRESS =     0.0
 Etot   =  -4036981.7096  EKtot   =      4376.7631  EPtot      =  -4041358.4727
 BOND   =         0.0000  ANGLE   =         0.0000  DIHED      =         0.0000
 1-4 NB =         0.0000  1-4 EEL =         0.0000  VDWAALS    =      7720.2764
 EELEC  =  -4049078.7491  EHBOND  =         0.0000  RESTRAINT  =         0.0000
 ------------------------------------------------------------------------------


 NSTEP =      248   TIME(PS) =       0.248  TEMP(K) =   179.16  PRESS =     0.0
 Etot   =  -4036981.6986  EKtot   =      4374.3281  EPtot      =  -4041356.0267
 BOND   =         0.0000  ANGLE   =         0.0000  DIHED      =         0.0000
 1-4 NB =         0.0000  1-4 EEL =         0.0000  VDWAALS    =      7719.2818
 EELEC  =  -4049075.3084  EHBOND  =         0.0000  RESTRAINT  =         0.0000
 ------------------------------------------------------------------------------


 NSTEP =      249   TIME(PS) =       0.249  TEMP(K) =   179.03  PRESS =     0.0
 Etot   =  -4036981.6813  EKtot   =      4371.0478  EPtot      =  -4041352.7292
 BOND   =         0.0000  ANGLE   =         0.0000  DIHED      =         0.0000
 1-4 NB =         0.0000  1-4 EEL =         0.0000  VDWAALS    =      7718.4793
 EELEC  =  -4049071.2085  EHBOND  =         0.0000  RESTRAINT  =         0.0000
 ------------------------------------------------------------------------------


 NSTEP =      250   TIME(PS) =       0.250  TEMP(K) =   178.87  PRESS =     0.0
 Etot   =  -4036981.6607  EKtot   =      4367.1661  EPtot      =  -4041348.8268
 BOND   =         0.0000  ANGLE   =         0.0000  DIHED      =         0.0000
 1-4 NB =         0.0000  1-4 EEL =         0.0000  VDWAALS    =      7717.8440
 EELEC  =  -4049066.6707  EHBOND  =         0.0000  RESTRAINT  =         0.0000
 ------------------------------------------------------------------------------


 NSTEP =      251   TIME(PS) =       0.251  TEMP(K) =   178.70  PRESS =     0.0
 Etot   =  -4036981.6386  EKtot   =      4362.9903  EPtot      =  -4041344.6289
 BOND   =         0.0000  ANGLE   =         0.0000  DIHED      =         0.0000
 1-4 NB =         0.0000  1-4 EEL =         0.0000  VDWAALS    =      7717.3552
 EELEC  =  -4049061.9841  EHBOND  =         0.0000  RESTRAINT  =         0.0000
 ------------------------------------------------------------------------------


 NSTEP =      252   TIME(PS) =       0.252  TEMP(K) =   178.53  PRESS =     0.0
 Etot   =  -4036981.6159  EKtot   =      4358.8655  EPtot      =  -4041340.4814
 BOND   =         0.0000  ANGLE   =         0.0000  DIHED      =         0.0000
 1-4 NB =         0.0000  1-4 EEL =         0.0000  VDWAALS    =      7716.9981
 EELEC  =  -4049057.4795  EHBOND  =         0.0000  RESTRAINT  =         0.0000
 ------------------------------------------------------------------------------


 NSTEP =      253   TIME(PS) =       0.253  TEMP(K) =   178.38  PRESS =     0.0
 Etot   =  -4036981.5943  EKtot   =      4355.1459  EPtot      =  -4041336.7402
 BOND   =         0.0000  ANGLE   =         0.0000  DIHED      =         0.0000
 1-4 NB =         0.0000  1-4 EEL =         0.0000  VDWAALS    =      7716.7640
 EELEC  =  -4049053.5043  EHBOND  =         0.0000  RESTRAINT  =         0.0000
 ------------------------------------------------------------------------------


 NSTEP =      254   TIME(PS) =       0.254  TEMP(K) =   178.25  PRESS =     0.0
 Etot   =  -4036981.5768  EKtot   =      4352.1646  EPtot      =  -4041333.7414
 BOND   =         0.0000  ANGLE   =         0.0000  DIHED      =         0.0000
 1-4 NB =         0.0000  1-4 EEL =         0.0000  VDWAALS    =      7716.6514
 EELEC  =  -4049050.3928  EHBOND  =         0.0000  RESTRAINT  =         0.0000
 ------------------------------------------------------------------------------


 NSTEP =      255   TIME(PS) =       0.255  TEMP(K) =   178.17  PRESS =     0.0
 Etot   =  -4036981.5652  EKtot   =      4350.2018  EPtot      =  -4041331.7671
 BOND   =         0.0000  ANGLE   =         0.0000  DIHED      =         0.0000
 1-4 NB =         0.0000  1-4 EEL =         0.0000  VDWAALS    =      7716.6655
 EELEC  =  -4049048.4326  EHBOND  =         0.0000  RESTRAINT  =         0.0000
 ------------------------------------------------------------------------------


 NSTEP =      256   TIME(PS) =       0.256  TEMP(K) =   178.14  PRESS =     0.0
 Etot   =  -4036981.5600  EKtot   =      4349.4553  EPtot      =  -4041331.0153
 BOND   =         0.0000  ANGLE   =         0.0000  DIHED      =         0.0000
 1-4 NB =         0.0000  1-4 EEL =         0.0000  VDWAALS    =      7716.8186
 EELEC  =  -4049047.8339  EHBOND  =         0.0000  RESTRAINT  =         0.0000
 ------------------------------------------------------------------------------


 NSTEP =      257   TIME(PS) =       0.257  TEMP(K) =   178.17  PRESS =     0.0
 Etot   =  -4036981.5626  EKtot   =      4350.0145  EPtot      =  -4041331.5770
 BOND   =         0.0000  ANGLE   =         0.0000  DIHED      =         0.0000
 1-4 NB =         0.0000  1-4 EEL =         0.0000  VDWAALS    =      7717.1291
 EELEC  =  -4049048.7061  EHBOND  =         0.0000  RESTRAINT  =         0.0000
 ------------------------------------------------------------------------------


 NSTEP =      258   TIME(PS) =       0.258  TEMP(K) =   178.24  PRESS =     0.0
 Etot   =  -4036981.5740  EKtot   =      4351.8439  EPtot      =  -4041333.4180
 BOND   =         0.0000  ANGLE   =         0.0000  DIHED      =         0.0000
 1-4 NB =         0.0000  1-4 EEL =         0.0000  VDWAALS    =      7717.6212
 EELEC  =  -4049051.0392  EHBOND  =         0.0000  RESTRAINT  =         0.0000
 ------------------------------------------------------------------------------


 NSTEP =      259   TIME(PS) =       0.259  TEMP(K) =   178.36  PRESS =     0.0
 Etot   =  -4036981.5940  EKtot   =      4354.7770  EPtot      =  -4041336.3710
 BOND   =         0.0000  ANGLE   =         0.0000  DIHED      =         0.0000
 1-4 NB =         0.0000  1-4 EEL =         0.0000  VDWAALS    =      7718.3232
 EELEC  =  -4049054.6942  EHBOND  =         0.0000  RESTRAINT  =         0.0000
 ------------------------------------------------------------------------------


 NSTEP =      260   TIME(PS) =       0.260  TEMP(K) =   178.51  PRESS =     0.0
 Etot   =  -4036981.6199  EKtot   =      4358.5232  EPtot      =  -4041340.1431
 BOND   =         0.0000  ANGLE   =         0.0000  DIHED      =         0.0000
 1-4 NB =         0.0000  1-4 EEL =         0.0000  VDWAALS    =      7719.2657
 EELEC  =  -4049059.4088  EHBOND  =         0.0000  RESTRAINT  =         0.0000
 ------------------------------------------------------------------------------


 NSTEP =      261   TIME(PS) =       0.261  TEMP(K) =   178.68  PRESS =     0.0
 Etot   =  -4036981.6500  EKtot   =      4362.6895  EPtot      =  -4041344.3395
 BOND   =         0.0000  ANGLE   =         0.0000  DIHED      =         0.0000
 1-4 NB =         0.0000  1-4 EEL =         0.0000  VDWAALS    =      7720.4798
 EELEC  =  -4049064.8193  EHBOND  =         0.0000  RESTRAINT  =         0.0000
 ------------------------------------------------------------------------------


 NSTEP =      262   TIME(PS) =       0.262  TEMP(K) =   178.85  PRESS =     0.0
 Etot   =  -4036981.6828  EKtot   =      4366.8138  EPtot      =  -4041348.4966
 BOND   =         0.0000  ANGLE   =         0.0000  DIHED      =         0.0000
 1-4 NB =         0.0000  1-4 EEL =         0.0000  VDWAALS    =      7721.9944
 EELEC  =  -4049070.4910  EHBOND  =         0.0000  RESTRAINT  =         0.0000
 ------------------------------------------------------------------------------


 NSTEP =      263   TIME(PS) =       0.263  TEMP(K) =   179.00  PRESS =     0.0
 Etot   =  -4036981.7140  EKtot   =      4370.4082  EPtot      =  -4041352.1223
 BOND   =         0.0000  ANGLE   =         0.0000  DIHED      =         0.0000
 1-4 NB =         0.0000  1-4 EEL =         0.0000  VDWAALS    =      7723.8339
 EELEC  =  -4049075.9562  EHBOND  =         0.0000  RESTRAINT  =         0.0000
 ------------------------------------------------------------------------------


 NSTEP =      264   TIME(PS) =       0.264  TEMP(K) =   179.11  PRESS =     0.0
 Etot   =  -4036981.7402  EKtot   =      4373.0076  EPtot      =  -4041354.7478
 BOND   =         0.0000  ANGLE   =         0.0000  DIHED      =         0.0000
 1-4 NB =         0.0000  1-4 EEL =         0.0000  VDWAALS    =      7726.0157
 EELEC  =  -4049080.7635  EHBOND  =         0.0000  RESTRAINT  =         0.0000
 ------------------------------------------------------------------------------


 NSTEP =      265   TIME(PS) =       0.265  TEMP(K) =   179.16  PRESS =     0.0
 Etot   =  -4036981.7585  EKtot   =      4374.2172  EPtot      =  -4041355.9758
 BOND   =         0.0000  ANGLE   =         0.0000  DIHED      =         0.0000
 1-4 NB =         0.0000  1-4 EEL =         0.0000  VDWAALS    =      7728.5478
 EELEC  =  -4049084.5235  EHBOND  =         0.0000  RESTRAINT  =         0.0000
 ------------------------------------------------------------------------------


 NSTEP =      266   TIME(PS) =       0.266  TEMP(K) =   179.14  PRESS =     0.0
 Etot   =  -4036981.7685  EKtot   =      4373.7552  EPtot      =  -4041355.5237
 BOND   =         0.0000  ANGLE   =         0.0000  DIHED      =         0.0000
 1-4 NB =         0.0000  1-4 EEL =         0.0000  VDWAALS    =      7731.4274
 EELEC  =  -4049086.9511  EHBOND  =         0.0000  RESTRAINT  =         0.0000
 ------------------------------------------------------------------------------


 NSTEP =      267   TIME(PS) =       0.267  TEMP(K) =   179.04  PRESS =     0.0
 Etot   =  -4036981.7676  EKtot   =      4371.4846  EPtot      =  -4041353.2522
 BOND   =         0.0000  ANGLE   =         0.0000  DIHED      =         0.0000
 1-4 NB =         0.0000  1-4 EEL =         0.0000  VDWAALS    =      7734.6398
 EELEC  =  -4049087.8920  EHBOND  =         0.0000  RESTRAINT  =         0.0000
 ------------------------------------------------------------------------------


 NSTEP =      268   TIME(PS) =       0.268  TEMP(K) =   178.88  PRESS =     0.0
 Etot   =  -4036981.7548  EKtot   =      4367.4305  EPtot      =  -4041349.1853
 BOND   =         0.0000  ANGLE   =         0.0000  DIHED      =         0.0000
 1-4 NB =         0.0000  1-4 EEL =         0.0000  VDWAALS    =      7738.1578
 EELEC  =  -4049087.3431  EHBOND  =         0.0000  RESTRAINT  =         0.0000
 ------------------------------------------------------------------------------


 NSTEP =      269   TIME(PS) =       0.269  TEMP(K) =   178.65  PRESS =     0.0
 Etot   =  -4036981.7324  EKtot   =      4361.7814  EPtot      =  -4041343.5138
 BOND   =         0.0000  ANGLE   =         0.0000  DIHED      =         0.0000
 1-4 NB =         0.0000  1-4 EEL =         0.0000  VDWAALS    =      7741.9426
 EELEC  =  -4049085.4564  EHBOND  =         0.0000  RESTRAINT  =         0.0000
 ------------------------------------------------------------------------------


 NSTEP =      270   TIME(PS) =       0.270  TEMP(K) =   178.36  PRESS =     0.0
 Etot   =  -4036981.7022  EKtot   =      4354.8750  EPtot      =  -4041336.5772
 BOND   =         0.0000  ANGLE   =         0.0000  DIHED      =         0.0000
 1-4 NB =         0.0000  1-4 EEL =         0.0000  VDWAALS    =      7745.9449
 EELEC  =  -4049082.5221  EHBOND  =         0.0000  RESTRAINT  =         0.0000
 ------------------------------------------------------------------------------


 NSTEP =      271   TIME(PS) =       0.271  TEMP(K) =   178.05  PRESS =     0.0
 Etot   =  -4036981.6703  EKtot   =      4347.1686  EPtot      =  -4041328.8389
 BOND   =         0.0000  ANGLE   =         0.0000  DIHED      =         0.0000
 1-4 NB =         0.0000  1-4 EEL =         0.0000  VDWAALS    =      7750.1071
 EELEC  =  -4049078.9460  EHBOND  =         0.0000  RESTRAINT  =         0.0000
 ------------------------------------------------------------------------------


 NSTEP =      272   TIME(PS) =       0.272  TEMP(K) =   177.72  PRESS =     0.0
 Etot   =  -4036981.6310  EKtot   =      4339.1977  EPtot      =  -4041320.8287
 BOND   =         0.0000  ANGLE   =         0.0000  DIHED      =         0.0000
 1-4 NB =         0.0000  1-4 EEL =         0.0000  VDWAALS    =      7754.3662
 EELEC  =  -4049075.1948  EHBOND  =         0.0000  RESTRAINT  =         0.0000
 ------------------------------------------------------------------------------


 NSTEP =      273   TIME(PS) =       0.273  TEMP(K) =   177.41  PRESS =     0.0
 Etot   =  -4036981.5940  EKtot   =      4331.5268  EPtot      =  -4041313.1208
 BOND   =         0.0000  ANGLE   =         0.0000  DIHED      =         0.0000
 1-4 NB =         0.0000  1-4 EEL =         0.0000  VDWAALS    =      7758.6568
 EELEC  =  -4049071.7776  EHBOND  =         0.0000  RESTRAINT  =         0.0000
 ------------------------------------------------------------------------------


 NSTEP =      274   TIME(PS) =       0.274  TEMP(K) =   177.13  PRESS =     0.0
 Etot   =  -4036981.5669  EKtot   =      4324.6966  EPtot      =  -4041306.2635
 BOND   =         0.0000  ANGLE   =         0.0000  DIHED      =         0.0000
 1-4 NB =         0.0000  1-4 EEL =         0.0000  VDWAALS    =      7762.9147
 EELEC  =  -4049069.1782  EHBOND  =         0.0000  RESTRAINT  =         0.0000
 ------------------------------------------------------------------------------


 NSTEP =      275   TIME(PS) =       0.275  TEMP(K) =   176.90  PRESS =     0.0
 Etot   =  -4036981.5461  EKtot   =      4319.1739  EPtot      =  -4041300.7200
 BOND   =         0.0000  ANGLE   =         0.0000  DIHED      =         0.0000
 1-4 NB =         0.0000  1-4 EEL =         0.0000  VDWAALS    =      7767.0797
 EELEC  =  -4049067.7998  EHBOND  =         0.0000  RESTRAINT  =         0.0000
 ------------------------------------------------------------------------------


 NSTEP =      276   TIME(PS) =       0.276  TEMP(K) =   176.74  PRESS =     0.0
 Etot   =  -4036981.5312  EKtot   =      4315.3102  EPtot      =  -4041296.8414
 BOND   =         0.0000  ANGLE   =         0.0000  DIHED      =         0.0000
 1-4 NB =         0.0000  1-4 EEL =         0.0000  VDWAALS    =      7771.0988
 EELEC  =  -4049067.9402  EHBOND  =         0.0000  RESTRAINT  =         0.0000
 ------------------------------------------------------------------------------


 NSTEP =      277   TIME(PS) =       0.277  TEMP(K) =   176.66  PRESS =     0.0
 Etot   =  -4036981.5291  EKtot   =      4313.3124  EPtot      =  -4041294.8415
 BOND   =         0.0000  ANGLE   =         0.0000  DIHED      =         0.0000
 1-4 NB =         0.0000  1-4 EEL =         0.0000  VDWAALS    =      7774.9279
 EELEC  =  -4049069.7694  EHBOND  =         0.0000  RESTRAINT  =         0.0000
 ------------------------------------------------------------------------------


 NSTEP =      278   TIME(PS) =       0.278  TEMP(K) =   176.66  PRESS =     0.0
 Etot   =  -4036981.5394  EKtot   =      4313.2317  EPtot      =  -4041294.7711
 BOND   =         0.0000  ANGLE   =         0.0000  DIHED      =         0.0000
 1-4 NB =         0.0000  1-4 EEL =         0.0000  VDWAALS    =      7778.5334
 EELEC  =  -4049073.3046  EHBOND  =         0.0000  RESTRAINT  =         0.0000
 ------------------------------------------------------------------------------


 NSTEP =      279   TIME(PS) =       0.279  TEMP(K) =   176.73  PRESS =     0.0
 Etot   =  -4036981.5557  EKtot   =      4314.9687  EPtot      =  -4041296.5245
 BOND   =         0.0000  ANGLE   =         0.0000  DIHED      =         0.0000
 1-4 NB =         0.0000  1-4 EEL =         0.0000  VDWAALS    =      7781.8927
 EELEC  =  -4049078.4171  EHBOND  =         0.0000  RESTRAINT  =         0.0000
 ------------------------------------------------------------------------------


 NSTEP =      280   TIME(PS) =       0.280  TEMP(K) =   176.87  PRESS =     0.0
 Etot   =  -4036981.5768  EKtot   =      4318.2955  EPtot      =  -4041299.8722
 BOND   =         0.0000  ANGLE   =         0.0000  DIHED      =         0.0000
 1-4 NB =         0.0000  1-4 EEL =         0.0000  VDWAALS    =      7784.9935
 EELEC  =  -4049084.8658  EHBOND  =         0.0000  RESTRAINT  =         0.0000
 ------------------------------------------------------------------------------


 NSTEP =      281   TIME(PS) =       0.281  TEMP(K) =   177.05  PRESS =     0.0
 Etot   =  -4036981.6031  EKtot   =      4322.8893  EPtot      =  -4041304.4924
 BOND   =         0.0000  ANGLE   =         0.0000  DIHED      =         0.0000
 1-4 NB =         0.0000  1-4 EEL =         0.0000  VDWAALS    =      7787.8338
 EELEC  =  -4049092.3262  EHBOND  =         0.0000  RESTRAINT  =         0.0000
 ------------------------------------------------------------------------------


 NSTEP =      282   TIME(PS) =       0.282  TEMP(K) =   177.28  PRESS =     0.0
 Etot   =  -4036981.6309  EKtot   =      4328.3749  EPtot      =  -4041310.0058
 BOND   =         0.0000  ANGLE   =         0.0000  DIHED      =         0.0000
 1-4 NB =         0.0000  1-4 EEL =         0.0000  VDWAALS    =      7790.4196
 EELEC  =  -4049100.4254  EHBOND  =         0.0000  RESTRAINT  =         0.0000
 ------------------------------------------------------------------------------


 NSTEP =      283   TIME(PS) =       0.283  TEMP(K) =   177.52  PRESS =     0.0
 Etot   =  -4036981.6544  EKtot   =      4334.3679  EPtot      =  -4041316.0224
 BOND   =         0.0000  ANGLE   =         0.0000  DIHED      =         0.0000
 1-4 NB =         0.0000  1-4 EEL =         0.0000  VDWAALS    =      7792.7644
 EELEC  =  -4049108.7867  EHBOND  =         0.0000  RESTRAINT  =         0.0000
 ------------------------------------------------------------------------------


 NSTEP =      284   TIME(PS) =       0.284  TEMP(K) =   177.78  PRESS =     0.0
 Etot   =  -4036981.6727  EKtot   =      4340.5159  EPtot      =  -4041322.1886
 BOND   =         0.0000  ANGLE   =         0.0000  DIHED      =         0.0000
 1-4 NB =         0.0000  1-4 EEL =         0.0000  VDWAALS    =      7794.8864
 EELEC  =  -4049117.0750  EHBOND  =         0.0000  RESTRAINT  =         0.0000
 ------------------------------------------------------------------------------


 NSTEP =      285   TIME(PS) =       0.285  TEMP(K) =   178.02  PRESS =     0.0
 Etot   =  -4036981.6870  EKtot   =      4346.5325  EPtot      =  -4041328.2194
 BOND   =         0.0000  ANGLE   =         0.0000  DIHED      =         0.0000
 1-4 NB =         0.0000  1-4 EEL =         0.0000  VDWAALS    =      7796.8079
 EELEC  =  -4049125.0273  EHBOND  =         0.0000  RESTRAINT  =         0.0000
 ------------------------------------------------------------------------------


 NSTEP =      286   TIME(PS) =       0.286  TEMP(K) =   178.26  PRESS =     0.0
 Etot   =  -4036981.6944  EKtot   =      4352.2225  EPtot      =  -4041333.9169
 BOND   =         0.0000  ANGLE   =         0.0000  DIHED      =         0.0000
 1-4 NB =         0.0000  1-4 EEL =         0.0000  VDWAALS    =      7798.5529
 EELEC  =  -4049132.4698  EHBOND  =         0.0000  RESTRAINT  =         0.0000
 ------------------------------------------------------------------------------


 NSTEP =      287   TIME(PS) =       0.287  TEMP(K) =   178.47  PRESS =     0.0
 Etot   =  -4036981.6933  EKtot   =      4357.4946  EPtot      =  -4041339.1879
 BOND   =         0.0000  ANGLE   =         0.0000  DIHED      =         0.0000
 1-4 NB =         0.0000  1-4 EEL =         0.0000  VDWAALS    =      7800.1463
 EELEC  =  -4049139.3341  EHBOND  =         0.0000  RESTRAINT  =         0.0000
 ------------------------------------------------------------------------------


 NSTEP =      288   TIME(PS) =       0.288  TEMP(K) =   178.67  PRESS =     0.0
 Etot   =  -4036981.6860  EKtot   =      4362.3621  EPtot      =  -4041344.0481
 BOND   =         0.0000  ANGLE   =         0.0000  DIHED      =         0.0000
 1-4 NB =         0.0000  1-4 EEL =         0.0000  VDWAALS    =      7801.6120
 EELEC  =  -4049145.6601  EHBOND  =         0.0000  RESTRAINT  =         0.0000
 ------------------------------------------------------------------------------


 NSTEP =      289   TIME(PS) =       0.289  TEMP(K) =   178.86  PRESS =     0.0
 Etot   =  -4036981.6758  EKtot   =      4366.9310  EPtot      =  -4041348.6068
 BOND   =         0.0000  ANGLE   =         0.0000  DIHED      =         0.0000
 1-4 NB =         0.0000  1-4 EEL =         0.0000  VDWAALS    =      7802.9726
 EELEC  =  -4049151.5794  EHBOND  =         0.0000  RESTRAINT  =         0.0000
 ------------------------------------------------------------------------------


 NSTEP =      290   TIME(PS) =       0.290  TEMP(K) =   179.04  PRESS =     0.0
 Etot   =  -4036981.6627  EKtot   =      4371.3770  EPtot      =  -4041353.0397
 BOND   =         0.0000  ANGLE   =         0.0000  DIHED      =         0.0000
 1-4 NB =         0.0000  1-4 EEL =         0.0000  VDWAALS    =      7804.2485
 EELEC  =  -4049157.2881  EHBOND  =         0.0000  RESTRAINT  =         0.0000
 ------------------------------------------------------------------------------


 NSTEP =      291   TIME(PS) =       0.291  TEMP(K) =   179.23  PRESS =     0.0
 Etot   =  -4036981.6480  EKtot   =      4375.9134  EPtot      =  -4041357.5615
 BOND   =         0.0000  ANGLE   =         0.0000  DIHED      =         0.0000
 1-4 NB =         0.0000  1-4 EEL =         0.0000  VDWAALS    =      7805.4575
 EELEC  =  -4049163.0190  EHBOND  =         0.0000  RESTRAINT  =         0.0000
 ------------------------------------------------------------------------------


 NSTEP =      292   TIME(PS) =       0.292  TEMP(K) =   179.42  PRESS =     0.0
 Etot   =  -4036981.6362  EKtot   =      4380.7557  EPtot      =  -4041362.3919
 BOND   =         0.0000  ANGLE   =         0.0000  DIHED      =         0.0000
 1-4 NB =         0.0000  1-4 EEL =         0.0000  VDWAALS    =      7806.6153
 EELEC  =  -4049169.0072  EHBOND  =         0.0000  RESTRAINT  =         0.0000
 ------------------------------------------------------------------------------


 NSTEP =      293   TIME(PS) =       0.293  TEMP(K) =   179.64  PRESS =     0.0
 Etot   =  -4036981.6300  EKtot   =      4386.0850  EPtot      =  -4041367.7149
 BOND   =         0.0000  ANGLE   =         0.0000  DIHED      =         0.0000
 1-4 NB =         0.0000  1-4 EEL =         0.0000  VDWAALS    =      7807.7355
 EELEC  =  -4049175.4505  EHBOND  =         0.0000  RESTRAINT  =         0.0000
 ------------------------------------------------------------------------------


 NSTEP =      294   TIME(PS) =       0.294  TEMP(K) =   179.89  PRESS =     0.0
 Etot   =  -4036981.6291  EKtot   =      4392.0163  EPtot      =  -4041373.6454
 BOND   =         0.0000  ANGLE   =         0.0000  DIHED      =         0.0000
 1-4 NB =         0.0000  1-4 EEL =         0.0000  VDWAALS    =      7808.8306
 EELEC  =  -4049182.4760  EHBOND  =         0.0000  RESTRAINT  =         0.0000
 ------------------------------------------------------------------------------


 NSTEP =      295   TIME(PS) =       0.295  TEMP(K) =   180.15  PRESS =     0.0
 Etot   =  -4036981.6336  EKtot   =      4398.5749  EPtot      =  -4041380.2084
 BOND   =         0.0000  ANGLE   =         0.0000  DIHED      =         0.0000
 1-4 NB =         0.0000  1-4 EEL =         0.0000  VDWAALS    =      7809.9123
 EELEC  =  -4049190.1207  EHBOND  =         0.0000  RESTRAINT  =         0.0000
 ------------------------------------------------------------------------------


 NSTEP =      296   TIME(PS) =       0.296  TEMP(K) =   180.45  PRESS =     0.0
 Etot   =  -4036981.6467  EKtot   =      4405.6828  EPtot      =  -4041387.3295
 BOND   =         0.0000  ANGLE   =         0.0000  DIHED      =         0.0000
 1-4 NB =         0.0000  1-4 EEL =         0.0000  VDWAALS    =      7810.9923
 EELEC  =  -4049198.3218  EHBOND  =         0.0000  RESTRAINT  =         0.0000
 ------------------------------------------------------------------------------


 NSTEP =      297   TIME(PS) =       0.297  TEMP(K) =   180.75  PRESS =     0.0
 Etot   =  -4036981.6669  EKtot   =      4413.1585  EPtot      =  -4041394.8254
 BOND   =         0.0000  ANGLE   =         0.0000  DIHED      =         0.0000
 1-4 NB =         0.0000  1-4 EEL =         0.0000  VDWAALS    =      7812.0828
 EELEC  =  -4049206.9082  EHBOND  =         0.0000  RESTRAINT  =         0.0000
 ------------------------------------------------------------------------------


 NSTEP =      298   TIME(PS) =       0.298  TEMP(K) =   181.06  PRESS =     0.0
 Etot   =  -4036981.6897  EKtot   =      4420.7292  EPtot      =  -4041402.4189
 BOND   =         0.0000  ANGLE   =         0.0000  DIHED      =         0.0000
 1-4 NB =         0.0000  1-4 EEL =         0.0000  VDWAALS    =      7813.1959
 EELEC  =  -4049215.6148  EHBOND  =         0.0000  RESTRAINT  =         0.0000
 ------------------------------------------------------------------------------


 NSTEP =      299   TIME(PS) =       0.299  TEMP(K) =   181.36  PRESS =     0.0
 Etot   =  -4036981.7154  EKtot   =      4428.0551  EPtot      =  -4041409.7706
 BOND   =         0.0000  ANGLE   =         0.0000  DIHED      =         0.0000
 1-4 NB =         0.0000  1-4 EEL =         0.0000  VDWAALS    =      7814.3438
 EELEC  =  -4049224.1143  EHBOND  =         0.0000  RESTRAINT  =         0.0000
 ------------------------------------------------------------------------------


 NSTEP =      300   TIME(PS) =       0.300  TEMP(K) =   181.64  PRESS =     0.0
 Etot   =  -4036981.7413  EKtot   =      4434.7627  EPtot      =  -4041416.5040
 BOND   =         0.0000  ANGLE   =         0.0000  DIHED      =         0.0000
 1-4 NB =         0.0000  1-4 EEL =         0.0000  VDWAALS    =      7815.5378
 EELEC  =  -4049232.0417  EHBOND  =         0.0000  RESTRAINT  =         0.0000
 ------------------------------------------------------------------------------


 NSTEP =      301   TIME(PS) =       0.301  TEMP(K) =   181.87  PRESS =     0.0
 Etot   =  -4036981.7643  EKtot   =      4440.4833  EPtot      =  -4041422.2476
 BOND   =         0.0000  ANGLE   =         0.0000  DIHED      =         0.0000
 1-4 NB =         0.0000  1-4 EEL =         0.0000  VDWAALS    =      7816.7877
 EELEC  =  -4049239.0352  EHBOND  =         0.0000  RESTRAINT  =         0.0000
 ------------------------------------------------------------------------------


 NSTEP =      302   TIME(PS) =       0.302  TEMP(K) =   182.05  PRESS =     0.0
 Etot   =  -4036981.7815  EKtot   =      4444.8923  EPtot      =  -4041426.6738
 BOND   =         0.0000  ANGLE   =         0.0000  DIHED      =         0.0000
 1-4 NB =         0.0000  1-4 EEL =         0.0000  VDWAALS    =      7818.1011
 EELEC  =  -4049244.7750  EHBOND  =         0.0000  RESTRAINT  =         0.0000
 ------------------------------------------------------------------------------


 NSTEP =      303   TIME(PS) =       0.303  TEMP(K) =   182.17  PRESS =     0.0
 Etot   =  -4036981.7916  EKtot   =      4447.7442  EPtot      =  -4041429.5358
 BOND   =         0.0000  ANGLE   =         0.0000  DIHED      =         0.0000
 1-4 NB =         0.0000  1-4 EEL =         0.0000  VDWAALS    =      7819.4831
 EELEC  =  -4049249.0189  EHBOND  =         0.0000  RESTRAINT  =         0.0000
 ------------------------------------------------------------------------------


 NSTEP =      304   TIME(PS) =       0.304  TEMP(K) =   182.22  PRESS =     0.0
 Etot   =  -4036981.7939  EKtot   =      4448.8996  EPtot      =  -4041430.6936
 BOND   =         0.0000  ANGLE   =         0.0000  DIHED      =         0.0000
 1-4 NB =         0.0000  1-4 EEL =         0.0000  VDWAALS    =      7820.9357
 EELEC  =  -4049251.6293  EHBOND  =         0.0000  RESTRAINT  =         0.0000
 ------------------------------------------------------------------------------


 NSTEP =      305   TIME(PS) =       0.305  TEMP(K) =   182.19  PRESS =     0.0
 Etot   =  -4036981.7880  EKtot   =      4448.3424  EPtot      =  -4041430.1304
 BOND   =         0.0000  ANGLE   =         0.0000  DIHED      =         0.0000
 1-4 NB =         0.0000  1-4 EEL =         0.0000  VDWAALS    =      7822.4585
 EELEC  =  -4049252.5888  EHBOND  =         0.0000  RESTRAINT  =         0.0000
 ------------------------------------------------------------------------------


 NSTEP =      306   TIME(PS) =       0.306  TEMP(K) =   182.10  PRESS =     0.0
 Etot   =  -4036981.7734  EKtot   =      4446.1838  EPtot      =  -4041427.9572
 BOND   =         0.0000  ANGLE   =         0.0000  DIHED      =         0.0000
 1-4 NB =         0.0000  1-4 EEL =         0.0000  VDWAALS    =      7824.0487
 EELEC  =  -4049252.0059  EHBOND  =         0.0000  RESTRAINT  =         0.0000
 ------------------------------------------------------------------------------


 NSTEP =      307   TIME(PS) =       0.307  TEMP(K) =   181.96  PRESS =     0.0
 Etot   =  -4036981.7522  EKtot   =      4442.6550  EPtot      =  -4041424.4072
 BOND   =         0.0000  ANGLE   =         0.0000  DIHED      =         0.0000
 1-4 NB =         0.0000  1-4 EEL =         0.0000  VDWAALS    =      7825.7021
 EELEC  =  -4049250.1093  EHBOND  =         0.0000  RESTRAINT  =         0.0000
 ------------------------------------------------------------------------------


 NSTEP =      308   TIME(PS) =       0.308  TEMP(K) =   181.77  PRESS =     0.0
 Etot   =  -4036981.7268  EKtot   =      4438.0869  EPtot      =  -4041419.8137
 BOND   =         0.0000  ANGLE   =         0.0000  DIHED      =         0.0000
 1-4 NB =         0.0000  1-4 EEL =         0.0000  VDWAALS    =      7827.4138
 EELEC  =  -4049247.2275  EHBOND  =         0.0000  RESTRAINT  =         0.0000
 ------------------------------------------------------------------------------


 NSTEP =      309   TIME(PS) =       0.309  TEMP(K) =   181.56  PRESS =     0.0
 Etot   =  -4036981.6985  EKtot   =      4432.8831  EPtot      =  -4041414.5815
 BOND   =         0.0000  ANGLE   =         0.0000  DIHED      =         0.0000
 1-4 NB =         0.0000  1-4 EEL =         0.0000  VDWAALS    =      7829.1789
 EELEC  =  -4049243.7604  EHBOND  =         0.0000  RESTRAINT  =         0.0000
 ------------------------------------------------------------------------------


 NSTEP =      310   TIME(PS) =       0.310  TEMP(K) =   181.34  PRESS =     0.0
 Etot   =  -4036981.6693  EKtot   =      4427.4860  EPtot      =  -4041409.1553
 BOND   =         0.0000  ANGLE   =         0.0000  DIHED      =         0.0000
 1-4 NB =         0.0000  1-4 EEL =         0.0000  VDWAALS    =      7830.9928
 EELEC  =  -4049240.1481  EHBOND  =         0.0000  RESTRAINT  =         0.0000
 ------------------------------------------------------------------------------


 NSTEP =      311   TIME(PS) =       0.311  TEMP(K) =   181.13  PRESS =     0.0
 Etot   =  -4036981.6422  EKtot   =      4422.3410  EPtot      =  -4041403.9832
 BOND   =         0.0000  ANGLE   =         0.0000  DIHED      =         0.0000
 1-4 NB =         0.0000  1-4 EEL =         0.0000  VDWAALS    =      7832.8519
 EELEC  =  -4049236.8350  EHBOND  =         0.0000  RESTRAINT  =         0.0000
 ------------------------------------------------------------------------------


 NSTEP =      312   TIME(PS) =       0.312  TEMP(K) =   180.94  PRESS =     0.0
 Etot   =  -4036981.6196  EKtot   =      4417.8610  EPtot      =  -4041399.4806
 BOND   =         0.0000  ANGLE   =         0.0000  DIHED      =         0.0000
 1-4 NB =         0.0000  1-4 EEL =         0.0000  VDWAALS    =      7834.7530
 EELEC  =  -4049234.2336  EHBOND  =         0.0000  RESTRAINT  =         0.0000
 ------------------------------------------------------------------------------


 NSTEP =      313   TIME(PS) =       0.313  TEMP(K) =   180.80  PRESS =     0.0
 Etot   =  -4036981.6024  EKtot   =      4414.3949  EPtot      =  -4041395.9973
 BOND   =         0.0000  ANGLE   =         0.0000  DIHED      =         0.0000
 1-4 NB =         0.0000  1-4 EEL =         0.0000  VDWAALS    =      7836.6933
 EELEC  =  -4049232.6906  EHBOND  =         0.0000  RESTRAINT  =         0.0000
 ------------------------------------------------------------------------------


 NSTEP =      314   TIME(PS) =       0.314  TEMP(K) =   180.71  PRESS =     0.0
 Etot   =  -4036981.5917  EKtot   =      4412.2007  EPtot      =  -4041393.7924
 BOND   =         0.0000  ANGLE   =         0.0000  DIHED      =         0.0000
 1-4 NB =         0.0000  1-4 EEL =         0.0000  VDWAALS    =      7838.6698
 EELEC  =  -4049232.4622  EHBOND  =         0.0000  RESTRAINT  =         0.0000
 ------------------------------------------------------------------------------


 NSTEP =      315   TIME(PS) =       0.315  TEMP(K) =   180.68  PRESS =     0.0
 Etot   =  -4036981.5894  EKtot   =      4411.4249  EPtot      =  -4041393.0143
 BOND   =         0.0000  ANGLE   =         0.0000  DIHED      =         0.0000
 1-4 NB =         0.0000  1-4 EEL =         0.0000  VDWAALS    =      7840.6784
 EELEC  =  -4049233.6926  EHBOND  =         0.0000  RESTRAINT  =         0.0000
 ------------------------------------------------------------------------------


 NSTEP =      316   TIME(PS) =       0.316  TEMP(K) =   180.71  PRESS =     0.0
 Etot   =  -4036981.5961  EKtot   =      4412.0888  EPtot      =  -4041393.6849
 BOND   =         0.0000  ANGLE   =         0.0000  DIHED      =         0.0000
 1-4 NB =         0.0000  1-4 EEL =         0.0000  VDWAALS    =      7842.7133
 EELEC  =  -4049236.3983  EHBOND  =         0.0000  RESTRAINT  =         0.0000
 ------------------------------------------------------------------------------


 NSTEP =      317   TIME(PS) =       0.317  TEMP(K) =   180.79  PRESS =     0.0
 Etot   =  -4036981.6107  EKtot   =      4414.0836  EPtot      =  -4041395.6943
 BOND   =         0.0000  ANGLE   =         0.0000  DIHED      =         0.0000
 1-4 NB =         0.0000  1-4 EEL =         0.0000  VDWAALS    =      7844.7669
 EELEC  =  -4049240.4613  EHBOND  =         0.0000  RESTRAINT  =         0.0000
 ------------------------------------------------------------------------------


 NSTEP =      318   TIME(PS) =       0.318  TEMP(K) =   180.92  PRESS =     0.0
 Etot   =  -4036981.6322  EKtot   =      4417.1744  EPtot      =  -4041398.8067
 BOND   =         0.0000  ANGLE   =         0.0000  DIHED      =         0.0000
 1-4 NB =         0.0000  1-4 EEL =         0.0000  VDWAALS    =      7846.8293
 EELEC  =  -4049245.6360  EHBOND  =         0.0000  RESTRAINT  =         0.0000
 ------------------------------------------------------------------------------


 NSTEP =      319   TIME(PS) =       0.319  TEMP(K) =   181.07  PRESS =     0.0
 Etot   =  -4036981.6604  EKtot   =      4421.0156  EPtot      =  -4041402.6759
 BOND   =         0.0000  ANGLE   =         0.0000  DIHED      =         0.0000
 1-4 NB =         0.0000  1-4 EEL =         0.0000  VDWAALS    =      7848.8887
 EELEC  =  -4049251.5646  EHBOND  =         0.0000  RESTRAINT  =         0.0000
 ------------------------------------------------------------------------------


 NSTEP =      320   TIME(PS) =       0.320  TEMP(K) =   181.24  PRESS =     0.0
 Etot   =  -4036981.6925  EKtot   =      4425.1766  EPtot      =  -4041406.8691
 BOND   =         0.0000  ANGLE   =         0.0000  DIHED      =         0.0000
 1-4 NB =         0.0000  1-4 EEL =         0.0000  VDWAALS    =      7850.9319
 EELEC  =  -4049257.8010  EHBOND  =         0.0000  RESTRAINT  =         0.0000
 ------------------------------------------------------------------------------


 NSTEP =      321   TIME(PS) =       0.321  TEMP(K) =   181.41  PRESS =     0.0
 Etot   =  -4036981.7244  EKtot   =      4429.1788  EPtot      =  -4041410.9033
 BOND   =         0.0000  ANGLE   =         0.0000  DIHED      =         0.0000
 1-4 NB =         0.0000  1-4 EEL =         0.0000  VDWAALS    =      7852.9456
 EELEC  =  -4049263.8489  EHBOND  =         0.0000  RESTRAINT  =         0.0000
 ------------------------------------------------------------------------------


 NSTEP =      322   TIME(PS) =       0.322  TEMP(K) =   181.55  PRESS =     0.0
 Etot   =  -4036981.7535  EKtot   =      4432.5406  EPtot      =  -4041414.2940
 BOND   =         0.0000  ANGLE   =         0.0000  DIHED      =         0.0000
 1-4 NB =         0.0000  1-4 EEL =         0.0000  VDWAALS    =      7854.9170
 EELEC  =  -4049269.2110  EHBOND  =         0.0000  RESTRAINT  =         0.0000
 ------------------------------------------------------------------------------


 NSTEP =      323   TIME(PS) =       0.323  TEMP(K) =   181.64  PRESS =     0.0
 Etot   =  -4036981.7775  EKtot   =      4434.8261  EPtot      =  -4041416.6036
 BOND   =         0.0000  ANGLE   =         0.0000  DIHED      =         0.0000
 1-4 NB =         0.0000  1-4 EEL =         0.0000  VDWAALS    =      7856.8349
 EELEC  =  -4049273.4384  EHBOND  =         0.0000  RESTRAINT  =         0.0000
 ------------------------------------------------------------------------------


 NSTEP =      324   TIME(PS) =       0.324  TEMP(K) =   181.67  PRESS =     0.0
 Etot   =  -4036981.7931  EKtot   =      4435.6940  EPtot      =  -4041417.4871
 BOND   =         0.0000  ANGLE   =         0.0000  DIHED      =         0.0000
 1-4 NB =         0.0000  1-4 EEL =         0.0000  VDWAALS    =      7858.6906
 EELEC  =  -4049276.1777  EHBOND  =         0.0000  RESTRAINT  =         0.0000
 ------------------------------------------------------------------------------


 NSTEP =      325   TIME(PS) =       0.325  TEMP(K) =   181.64  PRESS =     0.0
 Etot   =  -4036981.7974  EKtot   =      4434.9372  EPtot      =  -4041416.7347
 BOND   =         0.0000  ANGLE   =         0.0000  DIHED      =         0.0000
 1-4 NB =         0.0000  1-4 EEL =         0.0000  VDWAALS    =      7860.4783
 EELEC  =  -4049277.2130  EHBOND  =         0.0000  RESTRAINT  =         0.0000
 ------------------------------------------------------------------------------


 NSTEP =      326   TIME(PS) =       0.326  TEMP(K) =   181.54  PRESS =     0.0
 Etot   =  -4036981.7907  EKtot   =      4432.5098  EPtot      =  -4041414.3006
 BOND   =         0.0000  ANGLE   =         0.0000  DIHED      =         0.0000
 1-4 NB =         0.0000  1-4 EEL =         0.0000  VDWAALS    =      7862.1950
 EELEC  =  -4049276.4956  EHBOND  =         0.0000  RESTRAINT  =         0.0000
 ------------------------------------------------------------------------------


 NSTEP =      327   TIME(PS) =       0.327  TEMP(K) =   181.38  PRESS =     0.0
 Etot   =  -4036981.7745  EKtot   =      4428.5352  EPtot      =  -4041410.3097
 BOND   =         0.0000  ANGLE   =         0.0000  DIHED      =         0.0000
 1-4 NB =         0.0000  1-4 EEL =         0.0000  VDWAALS    =      7863.8403
 EELEC  =  -4049274.1500  EHBOND  =         0.0000  RESTRAINT  =         0.0000
 ------------------------------------------------------------------------------


 NSTEP =      328   TIME(PS) =       0.328  TEMP(K) =   181.17  PRESS =     0.0
 Etot   =  -4036981.7497  EKtot   =      4423.2948  EPtot      =  -4041405.0445
 BOND   =         0.0000  ANGLE   =         0.0000  DIHED      =         0.0000
 1-4 NB =         0.0000  1-4 EEL =         0.0000  VDWAALS    =      7865.4150
 EELEC  =  -4049270.4595  EHBOND  =         0.0000  RESTRAINT  =         0.0000
 ------------------------------------------------------------------------------


 NSTEP =      329   TIME(PS) =       0.329  TEMP(K) =   180.92  PRESS =     0.0
 Etot   =  -4036981.7187  EKtot   =      4417.1971  EPtot      =  -4041398.9158
 BOND   =         0.0000  ANGLE   =         0.0000  DIHED      =         0.0000
 1-4 NB =         0.0000  1-4 EEL =         0.0000  VDWAALS    =      7866.9203
 EELEC  =  -4049265.8361  EHBOND  =         0.0000  RESTRAINT  =         0.0000
 ------------------------------------------------------------------------------


 NSTEP =      330   TIME(PS) =       0.330  TEMP(K) =   180.65  PRESS =     0.0
 Etot   =  -4036981.6860  EKtot   =      4410.7326  EPtot      =  -4041392.4186
 BOND   =         0.0000  ANGLE   =         0.0000  DIHED      =         0.0000
 1-4 NB =         0.0000  1-4 EEL =         0.0000  VDWAALS    =      7868.3562
 EELEC  =  -4049260.7748  EHBOND  =         0.0000  RESTRAINT  =         0.0000
 ------------------------------------------------------------------------------


 NSTEP =      331   TIME(PS) =       0.331  TEMP(K) =   180.39  PRESS =     0.0
 Etot   =  -4036981.6556  EKtot   =      4404.4202  EPtot      =  -4041386.0758
 BOND   =         0.0000  ANGLE   =         0.0000  DIHED      =         0.0000
 1-4 NB =         0.0000  1-4 EEL =         0.0000  VDWAALS    =      7869.7201
 EELEC  =  -4049255.7958  EHBOND  =         0.0000  RESTRAINT  =         0.0000
 ------------------------------------------------------------------------------


 NSTEP =      332   TIME(PS) =       0.332  TEMP(K) =   180.16  PRESS =     0.0
 Etot   =  -4036981.6297  EKtot   =      4398.7530  EPtot      =  -4041380.3826
 BOND   =         0.0000  ANGLE   =         0.0000  DIHED      =         0.0000
 1-4 NB =         0.0000  1-4 EEL =         0.0000  VDWAALS    =      7871.0054
 EELEC  =  -4049251.3880  EHBOND  =         0.0000  RESTRAINT  =         0.0000
 ------------------------------------------------------------------------------


 NSTEP =      333   TIME(PS) =       0.333  TEMP(K) =   179.97  PRESS =     0.0
 Etot   =  -4036981.6103  EKtot   =      4394.1506  EPtot      =  -4041375.7609
 BOND   =         0.0000  ANGLE   =         0.0000  DIHED      =         0.0000
 1-4 NB =         0.0000  1-4 EEL =         0.0000  VDWAALS    =      7872.2007
 EELEC  =  -4049247.9615  EHBOND  =         0.0000  RESTRAINT  =         0.0000
 ------------------------------------------------------------------------------


 NSTEP =      334   TIME(PS) =       0.334  TEMP(K) =   179.84  PRESS =     0.0
 Etot   =  -4036981.5996  EKtot   =      4390.9230  EPtot      =  -4041372.5225
 BOND   =         0.0000  ANGLE   =         0.0000  DIHED      =         0.0000
 1-4 NB =         0.0000  1-4 EEL =         0.0000  VDWAALS    =      7873.2886
 EELEC  =  -4049245.8112  EHBOND  =         0.0000  RESTRAINT  =         0.0000
 ------------------------------------------------------------------------------


 NSTEP =      335   TIME(PS) =       0.335  TEMP(K) =   179.77  PRESS =     0.0
 Etot   =  -4036981.5983  EKtot   =      4389.2490  EPtot      =  -4041370.8472
 BOND   =         0.0000  ANGLE   =         0.0000  DIHED      =         0.0000
 1-4 NB =         0.0000  1-4 EEL =         0.0000  VDWAALS    =      7874.2464
 EELEC  =  -4049245.0936  EHBOND  =         0.0000  RESTRAINT  =         0.0000
 ------------------------------------------------------------------------------


 NSTEP =      336   TIME(PS) =       0.336  TEMP(K) =   179.77  PRESS =     0.0
 Etot   =  -4036981.6045  EKtot   =      4389.1723  EPtot      =  -4041370.7768
 BOND   =         0.0000  ANGLE   =         0.0000  DIHED      =         0.0000
 1-4 NB =         0.0000  1-4 EEL =         0.0000  VDWAALS    =      7875.0457
 EELEC  =  -4049245.8226  EHBOND  =         0.0000  RESTRAINT  =         0.0000
 ------------------------------------------------------------------------------


 NSTEP =      337   TIME(PS) =       0.337  TEMP(K) =   179.83  PRESS =     0.0
 Etot   =  -4036981.6164  EKtot   =      4390.6126  EPtot      =  -4041372.2290
 BOND   =         0.0000  ANGLE   =         0.0000  DIHED      =         0.0000
 1-4 NB =         0.0000  1-4 EEL =         0.0000  VDWAALS    =      7875.6539
 EELEC  =  -4049247.8830  EHBOND  =         0.0000  RESTRAINT  =         0.0000
 ------------------------------------------------------------------------------


 NSTEP =      338   TIME(PS) =       0.338  TEMP(K) =   179.94  PRESS =     0.0
 Etot   =  -4036981.6335  EKtot   =      4393.3880  EPtot      =  -4041375.0215
 BOND   =         0.0000  ANGLE   =         0.0000  DIHED      =         0.0000
 1-4 NB =         0.0000  1-4 EEL =         0.0000  VDWAALS    =      7876.0354
 EELEC  =  -4049251.0569  EHBOND  =         0.0000  RESTRAINT  =         0.0000
 ------------------------------------------------------------------------------


 NSTEP =      339   TIME(PS) =       0.339  TEMP(K) =   180.10  PRESS =     0.0
 Etot   =  -4036981.6534  EKtot   =      4397.2455  EPtot      =  -4041378.8990
 BOND   =         0.0000  ANGLE   =         0.0000  DIHED      =         0.0000
 1-4 NB =         0.0000  1-4 EEL =         0.0000  VDWAALS    =      7876.1534
 EELEC  =  -4049255.0523  EHBOND  =         0.0000  RESTRAINT  =         0.0000
 ------------------------------------------------------------------------------


 NSTEP =      340   TIME(PS) =       0.340  TEMP(K) =   180.29  PRESS =     0.0
 Etot   =  -4036981.6730  EKtot   =      4401.8928  EPtot      =  -4041383.5657
 BOND   =         0.0000  ANGLE   =         0.0000  DIHED      =         0.0000
 1-4 NB =         0.0000  1-4 EEL =         0.0000  VDWAALS    =      7875.9723
 EELEC  =  -4049259.5380  EHBOND  =         0.0000  RESTRAINT  =         0.0000
 ------------------------------------------------------------------------------


 NSTEP =      341   TIME(PS) =       0.341  TEMP(K) =   180.50  PRESS =     0.0
 Etot   =  -4036981.6915  EKtot   =      4407.0279  EPtot      =  -4041388.7194
 BOND   =         0.0000  ANGLE   =         0.0000  DIHED      =         0.0000
 1-4 NB =         0.0000  1-4 EEL =         0.0000  VDWAALS    =      7875.4596
 EELEC  =  -4049264.1790  EHBOND  =         0.0000  RESTRAINT  =         0.0000
 ------------------------------------------------------------------------------


 NSTEP =      342   TIME(PS) =       0.342  TEMP(K) =   180.72  PRESS =     0.0
 Etot   =  -4036981.7086  EKtot   =      4412.3639  EPtot      =  -4041394.0725
 BOND   =         0.0000  ANGLE   =         0.0000  DIHED      =         0.0000
 1-4 NB =         0.0000  1-4 EEL =         0.0000  VDWAALS    =      7874.5881
 EELEC  =  -4049268.6606  EHBOND  =         0.0000  RESTRAINT  =         0.0000
 ------------------------------------------------------------------------------


 NSTEP =      343   TIME(PS) =       0.343  TEMP(K) =   180.94  PRESS =     0.0
 Etot   =  -4036981.7228  EKtot   =      4417.6456  EPtot      =  -4041399.3684
 BOND   =         0.0000  ANGLE   =         0.0000  DIHED      =         0.0000
 1-4 NB =         0.0000  1-4 EEL =         0.0000  VDWAALS    =      7873.3379
 EELEC  =  -4049272.7064  EHBOND  =         0.0000  RESTRAINT  =         0.0000
 ------------------------------------------------------------------------------


 NSTEP =      344   TIME(PS) =       0.344  TEMP(K) =   181.14  PRESS =     0.0
 Etot   =  -4036981.7335  EKtot   =      4422.6605  EPtot      =  -4041404.3940
 BOND   =         0.0000  ANGLE   =         0.0000  DIHED      =         0.0000
 1-4 NB =         0.0000  1-4 EEL =         0.0000  VDWAALS    =      7871.6975
 EELEC  =  -4049276.0915  EHBOND  =         0.0000  RESTRAINT  =         0.0000
 ------------------------------------------------------------------------------


 NSTEP =      345   TIME(PS) =       0.345  TEMP(K) =   181.33  PRESS =     0.0
 Etot   =  -4036981.7410  EKtot   =      4427.2447  EPtot      =  -4041408.9858
 BOND   =         0.0000  ANGLE   =         0.0000  DIHED      =         0.0000
 1-4 NB =         0.0000  1-4 EEL =         0.0000  VDWAALS    =      7869.6646
 EELEC  =  -4049278.6504  EHBOND  =         0.0000  RESTRAINT  =         0.0000
 ------------------------------------------------------------------------------


 NSTEP =      346   TIME(PS) =       0.346  TEMP(K) =   181.49  PRESS =     0.0
 Etot   =  -4036981.7459  EKtot   =      4431.2846  EPtot      =  -4041413.0304
 BOND   =         0.0000  ANGLE   =         0.0000  DIHED      =         0.0000
 1-4 NB =         0.0000  1-4 EEL =         0.0000  VDWAALS    =      7867.2471
 EELEC  =  -4049280.2775  EHBOND  =         0.0000  RESTRAINT  =         0.0000
 ------------------------------------------------------------------------------


 NSTEP =      347   TIME(PS) =       0.347  TEMP(K) =   181.63  PRESS =     0.0
 Etot   =  -4036981.7478  EKtot   =      4434.7152  EPtot      =  -4041416.4630
 BOND   =         0.0000  ANGLE   =         0.0000  DIHED      =         0.0000
 1-4 NB =         0.0000  1-4 EEL =         0.0000  VDWAALS    =      7864.4621
 EELEC  =  -4049280.9250  EHBOND  =         0.0000  RESTRAINT  =         0.0000
 ------------------------------------------------------------------------------


 NSTEP =      348   TIME(PS) =       0.348  TEMP(K) =   181.75  PRESS =     0.0
 Etot   =  -4036981.7464  EKtot   =      4437.5163  EPtot      =  -4041419.2628
 BOND   =         0.0000  ANGLE   =         0.0000  DIHED      =         0.0000
 1-4 NB =         0.0000  1-4 EEL =         0.0000  VDWAALS    =      7861.3353
 EELEC  =  -4049280.5981  EHBOND  =         0.0000  RESTRAINT  =         0.0000
 ------------------------------------------------------------------------------


 NSTEP =      349   TIME(PS) =       0.349  TEMP(K) =   181.84  PRESS =     0.0
 Etot   =  -4036981.7431  EKtot   =      4439.7063  EPtot      =  -4041421.4494
 BOND   =         0.0000  ANGLE   =         0.0000  DIHED      =         0.0000
 1-4 NB =         0.0000  1-4 EEL =         0.0000  VDWAALS    =      7857.9001
 EELEC  =  -4049279.3496  EHBOND  =         0.0000  RESTRAINT  =         0.0000
 ------------------------------------------------------------------------------


 NSTEP =      350   TIME(PS) =       0.350  TEMP(K) =   181.91  PRESS =     0.0
 Etot   =  -4036981.7392  EKtot   =      4441.3350  EPtot      =  -4041423.0742
 BOND   =         0.0000  ANGLE   =         0.0000  DIHED      =         0.0000
 1-4 NB =         0.0000  1-4 EEL =         0.0000  VDWAALS    =      7854.1959
 EELEC  =  -4049277.2701  EHBOND  =         0.0000  RESTRAINT  =         0.0000
 ------------------------------------------------------------------------------


 NSTEP =      351   TIME(PS) =       0.351  TEMP(K) =   181.95  PRESS =     0.0
 Etot   =  -4036981.7332  EKtot   =      4442.4777  EPtot      =  -4041424.2109
 BOND   =         0.0000  ANGLE   =         0.0000  DIHED      =         0.0000
 1-4 NB =         0.0000  1-4 EEL =         0.0000  VDWAALS    =      7850.2661
 EELEC  =  -4049274.4771  EHBOND  =         0.0000  RESTRAINT  =         0.0000
 ------------------------------------------------------------------------------


 NSTEP =      352   TIME(PS) =       0.352  TEMP(K) =   181.98  PRESS =     0.0
 Etot   =  -4036981.7254  EKtot   =      4443.2308  EPtot      =  -4041424.9563
 BOND   =         0.0000  ANGLE   =         0.0000  DIHED      =         0.0000
 1-4 NB =         0.0000  1-4 EEL =         0.0000  VDWAALS    =      7846.1572
 EELEC  =  -4049271.1134  EHBOND  =         0.0000  RESTRAINT  =         0.0000
 ------------------------------------------------------------------------------


 NSTEP =      353   TIME(PS) =       0.353  TEMP(K) =   182.00  PRESS =     0.0
 Etot   =  -4036981.7169  EKtot   =      4443.7106  EPtot      =  -4041425.4275
 BOND   =         0.0000  ANGLE   =         0.0000  DIHED      =         0.0000
 1-4 NB =         0.0000  1-4 EEL =         0.0000  VDWAALS    =      7841.9163
 EELEC  =  -4049267.3438  EHBOND  =         0.0000  RESTRAINT  =         0.0000
 ------------------------------------------------------------------------------


 NSTEP =      354   TIME(PS) =       0.354  TEMP(K) =   182.02  PRESS =     0.0
 Etot   =  -4036981.7073  EKtot   =      4444.0537  EPtot      =  -4041425.7610
 BOND   =         0.0000  ANGLE   =         0.0000  DIHED      =         0.0000
 1-4 NB =         0.0000  1-4 EEL =         0.0000  VDWAALS    =      7837.5904
 EELEC  =  -4049263.3514  EHBOND  =         0.0000  RESTRAINT  =         0.0000
 ------------------------------------------------------------------------------


 NSTEP =      355   TIME(PS) =       0.355  TEMP(K) =   182.03  PRESS =     0.0
 Etot   =  -4036981.6956  EKtot   =      4444.4177  EPtot      =  -4041426.1133
 BOND   =         0.0000  ANGLE   =         0.0000  DIHED      =         0.0000
 1-4 NB =         0.0000  1-4 EEL =         0.0000  VDWAALS    =      7833.2250
 EELEC  =  -4049259.3383  EHBOND  =         0.0000  RESTRAINT  =         0.0000
 ------------------------------------------------------------------------------


 NSTEP =      356   TIME(PS) =       0.356  TEMP(K) =   182.05  PRESS =     0.0
 Etot   =  -4036981.6829  EKtot   =      4444.9778  EPtot      =  -4041426.6607
 BOND   =         0.0000  ANGLE   =         0.0000  DIHED      =         0.0000
 1-4 NB =         0.0000  1-4 EEL =         0.0000  VDWAALS    =      7828.8632
 EELEC  =  -4049255.5239  EHBOND  =         0.0000  RESTRAINT  =         0.0000
 ------------------------------------------------------------------------------


 NSTEP =      357   TIME(PS) =       0.357  TEMP(K) =   182.09  PRESS =     0.0
 Etot   =  -4036981.6707  EKtot   =      4445.9195  EPtot      =  -4041427.5902
 BOND   =         0.0000  ANGLE   =         0.0000  DIHED      =         0.0000
 1-4 NB =         0.0000  1-4 EEL =         0.0000  VDWAALS    =      7824.5452
 EELEC  =  -4049252.1354  EHBOND  =         0.0000  RESTRAINT  =         0.0000
 ------------------------------------------------------------------------------


 NSTEP =      358   TIME(PS) =       0.358  TEMP(K) =   182.15  PRESS =     0.0
 Etot   =  -4036981.6603  EKtot   =      4447.4233  EPtot      =  -4041429.0836
 BOND   =         0.0000  ANGLE   =         0.0000  DIHED      =         0.0000
 1-4 NB =         0.0000  1-4 EEL =         0.0000  VDWAALS    =      7820.3081
 EELEC  =  -4049249.3916  EHBOND  =         0.0000  RESTRAINT  =         0.0000
 ------------------------------------------------------------------------------


 NSTEP =      359   TIME(PS) =       0.359  TEMP(K) =   182.25  PRESS =     0.0
 Etot   =  -4036981.6523  EKtot   =      4449.6457  EPtot      =  -4041431.2981
 BOND   =         0.0000  ANGLE   =         0.0000  DIHED      =         0.0000
 1-4 NB =         0.0000  1-4 EEL =         0.0000  VDWAALS    =      7816.1854
 EELEC  =  -4049247.4835  EHBOND  =         0.0000  RESTRAINT  =         0.0000
 ------------------------------------------------------------------------------


 NSTEP =      360   TIME(PS) =       0.360  TEMP(K) =   182.37  PRESS =     0.0
 Etot   =  -4036981.6484  EKtot   =      4452.6984  EPtot      =  -4041434.3469
 BOND   =         0.0000  ANGLE   =         0.0000  DIHED      =         0.0000
 1-4 NB =         0.0000  1-4 EEL =         0.0000  VDWAALS    =      7812.2074
 EELEC  =  -4049246.5543  EHBOND  =         0.0000  RESTRAINT  =         0.0000
 ------------------------------------------------------------------------------


 NSTEP =      361   TIME(PS) =       0.361  TEMP(K) =   182.53  PRESS =     0.0
 Etot   =  -4036981.6502  EKtot   =      4456.6297  EPtot      =  -4041438.2798
 BOND   =         0.0000  ANGLE   =         0.0000  DIHED      =         0.0000
 1-4 NB =         0.0000  1-4 EEL =         0.0000  VDWAALS    =      7808.4013
 EELEC  =  -4049246.6811  EHBOND  =         0.0000  RESTRAINT  =         0.0000
 ------------------------------------------------------------------------------


 NSTEP =      362   TIME(PS) =       0.362  TEMP(K) =   182.73  PRESS =     0.0
 Etot   =  -4036981.6572  EKtot   =      4461.4138  EPtot      =  -4041443.0709
 BOND   =         0.0000  ANGLE   =         0.0000  DIHED      =         0.0000
 1-4 NB =         0.0000  1-4 EEL =         0.0000  VDWAALS    =      7804.7910
 EELEC  =  -4049247.8619  EHBOND  =         0.0000  RESTRAINT  =         0.0000
 ------------------------------------------------------------------------------


 NSTEP =      363   TIME(PS) =       0.363  TEMP(K) =   182.95  PRESS =     0.0
 Etot   =  -4036981.6680  EKtot   =      4466.9499  EPtot      =  -4041448.6179
 BOND   =         0.0000  ANGLE   =         0.0000  DIHED      =         0.0000
 1-4 NB =         0.0000  1-4 EEL =         0.0000  VDWAALS    =      7801.3984
 EELEC  =  -4049250.0163  EHBOND  =         0.0000  RESTRAINT  =         0.0000
 ------------------------------------------------------------------------------


 NSTEP =      364   TIME(PS) =       0.364  TEMP(K) =   183.21  PRESS =     0.0
 Etot   =  -4036981.6820  EKtot   =      4473.0715  EPtot      =  -4041454.7535
 BOND   =         0.0000  ANGLE   =         0.0000  DIHED      =         0.0000
 1-4 NB =         0.0000  1-4 EEL =         0.0000  VDWAALS    =      7798.2435
 EELEC  =  -4049252.9969  EHBOND  =         0.0000  RESTRAINT  =         0.0000
 ------------------------------------------------------------------------------


 NSTEP =      365   TIME(PS) =       0.365  TEMP(K) =   183.47  PRESS =     0.0
 Etot   =  -4036981.6981  EKtot   =      4479.5639  EPtot      =  -4041461.2620
 BOND   =         0.0000  ANGLE   =         0.0000  DIHED      =         0.0000
 1-4 NB =         0.0000  1-4 EEL =         0.0000  VDWAALS    =      7795.3451
 EELEC  =  -4049256.6070  EHBOND  =         0.0000  RESTRAINT  =         0.0000
 ------------------------------------------------------------------------------


 NSTEP =      366   TIME(PS) =       0.366  TEMP(K) =   183.74  PRESS =     0.0
 Etot   =  -4036981.7143  EKtot   =      4486.1855  EPtot      =  -4041467.8999
 BOND   =         0.0000  ANGLE   =         0.0000  DIHED      =         0.0000
 1-4 NB =         0.0000  1-4 EEL =         0.0000  VDWAALS    =      7792.7216
 EELEC  =  -4049260.6214  EHBOND  =         0.0000  RESTRAINT  =         0.0000
 ------------------------------------------------------------------------------


 NSTEP =      367   TIME(PS) =       0.367  TEMP(K) =   184.01  PRESS =     0.0
 Etot   =  -4036981.7293  EKtot   =      4492.6876  EPtot      =  -4041474.4169
 BOND   =         0.0000  ANGLE   =         0.0000  DIHED      =         0.0000
 1-4 NB =         0.0000  1-4 EEL =         0.0000  VDWAALS    =      7790.3917
 EELEC  =  -4049264.8086  EHBOND  =         0.0000  RESTRAINT  =         0.0000
 ------------------------------------------------------------------------------


 NSTEP =      368   TIME(PS) =       0.368  TEMP(K) =   184.26  PRESS =     0.0
 Etot   =  -4036981.7431  EKtot   =      4498.8276  EPtot      =  -4041480.5707
 BOND   =         0.0000  ANGLE   =         0.0000  DIHED      =         0.0000
 1-4 NB =         0.0000  1-4 EEL =         0.0000  VDWAALS    =      7788.3746
 EELEC  =  -4049268.9453  EHBOND  =         0.0000  RESTRAINT  =         0.0000
 ------------------------------------------------------------------------------


 NSTEP =      369   TIME(PS) =       0.369  TEMP(K) =   184.49  PRESS =     0.0
 Etot   =  -4036981.7576  EKtot   =      4504.3758  EPtot      =  -4041486.1334
 BOND   =         0.0000  ANGLE   =         0.0000  DIHED      =         0.0000
 1-4 NB =         0.0000  1-4 EEL =         0.0000  VDWAALS    =      7786.6901
 EELEC  =  -4049272.8234  EHBOND  =         0.0000  RESTRAINT  =         0.0000
 ------------------------------------------------------------------------------


 NSTEP =      370   TIME(PS) =       0.370  TEMP(K) =   184.68  PRESS =     0.0
 Etot   =  -4036981.7707  EKtot   =      4509.1140  EPtot      =  -4041490.8847
 BOND   =         0.0000  ANGLE   =         0.0000  DIHED      =         0.0000
 1-4 NB =         0.0000  1-4 EEL =         0.0000  VDWAALS    =      7785.3580
 EELEC  =  -4049276.2426  EHBOND  =         0.0000  RESTRAINT  =         0.0000
 ------------------------------------------------------------------------------


 NSTEP =      371   TIME(PS) =       0.371  TEMP(K) =   184.83  PRESS =     0.0
 Etot   =  -4036981.7827  EKtot   =      4512.8324  EPtot      =  -4041494.6151
 BOND   =         0.0000  ANGLE   =         0.0000  DIHED      =         0.0000
 1-4 NB =         0.0000  1-4 EEL =         0.0000  VDWAALS    =      7784.3976
 EELEC  =  -4049279.0127  EHBOND  =         0.0000  RESTRAINT  =         0.0000
 ------------------------------------------------------------------------------


 NSTEP =      372   TIME(PS) =       0.372  TEMP(K) =   184.94  PRESS =     0.0
 Etot   =  -4036981.7958  EKtot   =      4515.3285  EPtot      =  -4041497.1242
 BOND   =         0.0000  ANGLE   =         0.0000  DIHED      =         0.0000
 1-4 NB =         0.0000  1-4 EEL =         0.0000  VDWAALS    =      7783.8263
 EELEC  =  -4049280.9505  EHBOND  =         0.0000  RESTRAINT  =         0.0000
 ------------------------------------------------------------------------------


 NSTEP =      373   TIME(PS) =       0.373  TEMP(K) =   184.98  PRESS =     0.0
 Etot   =  -4036981.8074  EKtot   =      4516.4145  EPtot      =  -4041498.2219
 BOND   =         0.0000  ANGLE   =         0.0000  DIHED      =         0.0000
 1-4 NB =         0.0000  1-4 EEL =         0.0000  VDWAALS    =      7783.6578
 EELEC  =  -4049281.8798  EHBOND  =         0.0000  RESTRAINT  =         0.0000
 ------------------------------------------------------------------------------


 NSTEP =      374   TIME(PS) =       0.374  TEMP(K) =   184.96  PRESS =     0.0
 Etot   =  -4036981.8146  EKtot   =      4515.9337  EPtot      =  -4041497.7483
 BOND   =         0.0000  ANGLE   =         0.0000  DIHED      =         0.0000
 1-4 NB =         0.0000  1-4 EEL =         0.0000  VDWAALS    =      7783.9011
 EELEC  =  -4049281.6494  EHBOND  =         0.0000  RESTRAINT  =         0.0000
 ------------------------------------------------------------------------------


 NSTEP =      375   TIME(PS) =       0.375  TEMP(K) =   184.87  PRESS =     0.0
 Etot   =  -4036981.8163  EKtot   =      4513.7845  EPtot      =  -4041495.6008
 BOND   =         0.0000  ANGLE   =         0.0000  DIHED      =         0.0000
 1-4 NB =         0.0000  1-4 EEL =         0.0000  VDWAALS    =      7784.5581
 EELEC  =  -4049280.1589  EHBOND  =         0.0000  RESTRAINT  =         0.0000
 ------------------------------------------------------------------------------


 NSTEP =      376   TIME(PS) =       0.376  TEMP(K) =   184.72  PRESS =     0.0
 Etot   =  -4036981.8118  EKtot   =      4509.9490  EPtot      =  -4041491.7608
 BOND   =         0.0000  ANGLE   =         0.0000  DIHED      =         0.0000
 1-4 NB =         0.0000  1-4 EEL =         0.0000  VDWAALS    =      7785.6226
 EELEC  =  -4049277.3834  EHBOND  =         0.0000  RESTRAINT  =         0.0000
 ------------------------------------------------------------------------------


 NSTEP =      377   TIME(PS) =       0.377  TEMP(K) =   184.49  PRESS =     0.0
 Etot   =  -4036981.7988  EKtot   =      4504.5182  EPtot      =  -4041486.3170
 BOND   =         0.0000  ANGLE   =         0.0000  DIHED      =         0.0000
 1-4 NB =         0.0000  1-4 EEL =         0.0000  VDWAALS    =      7787.0798
 EELEC  =  -4049273.3969  EHBOND  =         0.0000  RESTRAINT  =         0.0000
 ------------------------------------------------------------------------------


 NSTEP =      378   TIME(PS) =       0.378  TEMP(K) =   184.21  PRESS =     0.0
 Etot   =  -4036981.7765  EKtot   =      4497.7083  EPtot      =  -4041479.4848
 BOND   =         0.0000  ANGLE   =         0.0000  DIHED      =         0.0000
 1-4 NB =         0.0000  1-4 EEL =         0.0000  VDWAALS    =      7788.9053
 EELEC  =  -4049268.3901  EHBOND  =         0.0000  RESTRAINT  =         0.0000
 ------------------------------------------------------------------------------


 NSTEP =      379   TIME(PS) =       0.379  TEMP(K) =   183.89  PRESS =     0.0
 Etot   =  -4036981.7466  EKtot   =      4489.8630  EPtot      =  -4041471.6096
 BOND   =         0.0000  ANGLE   =         0.0000  DIHED      =         0.0000
 1-4 NB =         0.0000  1-4 EEL =         0.0000  VDWAALS    =      7791.0660
 EELEC  =  -4049262.6755  EHBOND  =         0.0000  RESTRAINT  =         0.0000
 ------------------------------------------------------------------------------


 NSTEP =      380   TIME(PS) =       0.380  TEMP(K) =   183.55  PRESS =     0.0
 Etot   =  -4036981.7117  EKtot   =      4481.4396  EPtot      =  -4041463.1513
 BOND   =         0.0000  ANGLE   =         0.0000  DIHED      =         0.0000
 1-4 NB =         0.0000  1-4 EEL =         0.0000  VDWAALS    =      7793.5208
 EELEC  =  -4049256.6721  EHBOND  =         0.0000  RESTRAINT  =         0.0000
 ------------------------------------------------------------------------------


 NSTEP =      381   TIME(PS) =       0.381  TEMP(K) =   183.20  PRESS =     0.0
 Etot   =  -4036981.6740  EKtot   =      4472.9792  EPtot      =  -4041454.6532
 BOND   =         0.0000  ANGLE   =         0.0000  DIHED      =         0.0000
 1-4 NB =         0.0000  1-4 EEL =         0.0000  VDWAALS    =      7796.2228
 EELEC  =  -4049250.8760  EHBOND  =         0.0000  RESTRAINT  =         0.0000
 ------------------------------------------------------------------------------


 NSTEP =      382   TIME(PS) =       0.382  TEMP(K) =   182.88  PRESS =     0.0
 Etot   =  -4036981.6361  EKtot   =      4465.0651  EPtot      =  -4041446.7013
 BOND   =         0.0000  ANGLE   =         0.0000  DIHED      =         0.0000
 1-4 NB =         0.0000  1-4 EEL =         0.0000  VDWAALS    =      7799.1211
 EELEC  =  -4049245.8223  EHBOND  =         0.0000  RESTRAINT  =         0.0000
 ------------------------------------------------------------------------------


 NSTEP =      383   TIME(PS) =       0.383  TEMP(K) =   182.60  PRESS =     0.0
 Etot   =  -4036981.6022  EKtot   =      4458.2736  EPtot      =  -4041439.8758
 BOND   =         0.0000  ANGLE   =         0.0000  DIHED      =         0.0000
 1-4 NB =         0.0000  1-4 EEL =         0.0000  VDWAALS    =      7802.1633
 EELEC  =  -4049242.0391  EHBOND  =         0.0000  RESTRAINT  =         0.0000
 ------------------------------------------------------------------------------


 NSTEP =      384   TIME(PS) =       0.384  TEMP(K) =   182.39  PRESS =     0.0
 Etot   =  -4036981.5758  EKtot   =      4453.1230  EPtot      =  -4041434.6988
 BOND   =         0.0000  ANGLE   =         0.0000  DIHED      =         0.0000
 1-4 NB =         0.0000  1-4 EEL =         0.0000  VDWAALS    =      7805.2981
 EELEC  =  -4049239.9969  EHBOND  =         0.0000  RESTRAINT  =         0.0000
 ------------------------------------------------------------------------------


 NSTEP =      385   TIME(PS) =       0.385  TEMP(K) =   182.26  PRESS =     0.0
 Etot   =  -4036981.5588  EKtot   =      4450.0274  EPtot      =  -4041431.5863
 BOND   =         0.0000  ANGLE   =         0.0000  DIHED      =         0.0000
 1-4 NB =         0.0000  1-4 EEL =         0.0000  VDWAALS    =      7808.4775
 EELEC  =  -4049240.0638  EHBOND  =         0.0000  RESTRAINT  =         0.0000
 ------------------------------------------------------------------------------


 NSTEP =      386   TIME(PS) =       0.386  TEMP(K) =   182.23  PRESS =     0.0
 Etot   =  -4036981.5526  EKtot   =      4449.2571  EPtot      =  -4041430.8097
 BOND   =         0.0000  ANGLE   =         0.0000  DIHED      =         0.0000
 1-4 NB =         0.0000  1-4 EEL =         0.0000  VDWAALS    =      7811.6589
 EELEC  =  -4049242.4686  EHBOND  =         0.0000  RESTRAINT  =         0.0000
 ------------------------------------------------------------------------------


 NSTEP =      387   TIME(PS) =       0.387  TEMP(K) =   182.30  PRESS =     0.0
 Etot   =  -4036981.5584  EKtot   =      4450.9122  EPtot      =  -4041432.4706
 BOND   =         0.0000  ANGLE   =         0.0000  DIHED      =         0.0000
 1-4 NB =         0.0000  1-4 EEL =         0.0000  VDWAALS    =      7814.8065
 EELEC  =  -4049247.2771  EHBOND  =         0.0000  RESTRAINT  =         0.0000
 ------------------------------------------------------------------------------


 NSTEP =      388   TIME(PS) =       0.388  TEMP(K) =   182.46  PRESS =     0.0
 Etot   =  -4036981.5765  EKtot   =      4454.9107  EPtot      =  -4041436.4873
 BOND   =         0.0000  ANGLE   =         0.0000  DIHED      =         0.0000
 1-4 NB =         0.0000  1-4 EEL =         0.0000  VDWAALS    =      7817.8922
 EELEC  =  -4049254.3795  EHBOND  =         0.0000  RESTRAINT  =         0.0000
 ------------------------------------------------------------------------------


 NSTEP =      389   TIME(PS) =       0.389  TEMP(K) =   182.71  PRESS =     0.0
 Etot   =  -4036981.6050  EKtot   =      4460.9929  EPtot      =  -4041442.5979
 BOND   =         0.0000  ANGLE   =         0.0000  DIHED      =         0.0000
 1-4 NB =         0.0000  1-4 EEL =         0.0000  VDWAALS    =      7820.8961
 EELEC  =  -4049263.4940  EHBOND  =         0.0000  RESTRAINT  =         0.0000
 ------------------------------------------------------------------------------


 NSTEP =      390   TIME(PS) =       0.390  TEMP(K) =   183.03  PRESS =     0.0
 Etot   =  -4036981.6412  EKtot   =      4468.7409  EPtot      =  -4041450.3822
 BOND   =         0.0000  ANGLE   =         0.0000  DIHED      =         0.0000
 1-4 NB =         0.0000  1-4 EEL =         0.0000  VDWAALS    =      7823.8064
 EELEC  =  -4049274.1885  EHBOND  =         0.0000  RESTRAINT  =         0.0000
 ------------------------------------------------------------------------------


 NSTEP =      391   TIME(PS) =       0.391  TEMP(K) =   183.39  PRESS =     0.0
 Etot   =  -4036981.6830  EKtot   =      4477.6137  EPtot      =  -4041459.2967
 BOND   =         0.0000  ANGLE   =         0.0000  DIHED      =         0.0000
 1-4 NB =         0.0000  1-4 EEL =         0.0000  VDWAALS    =      7826.6189
 EELEC  =  -4049285.9156  EHBOND  =         0.0000  RESTRAINT  =         0.0000
 ------------------------------------------------------------------------------


 NSTEP =      392   TIME(PS) =       0.392  TEMP(K) =   183.78  PRESS =     0.0
 Etot   =  -4036981.7271  EKtot   =      4486.9915  EPtot      =  -4041468.7187
 BOND   =         0.0000  ANGLE   =         0.0000  DIHED      =         0.0000
 1-4 NB =         0.0000  1-4 EEL =         0.0000  VDWAALS    =      7829.3362
 EELEC  =  -4049298.0549  EHBOND  =         0.0000  RESTRAINT  =         0.0000
 ------------------------------------------------------------------------------


 NSTEP =      393   TIME(PS) =       0.393  TEMP(K) =   184.15  PRESS =     0.0
 Etot   =  -4036981.7694  EKtot   =      4496.2290  EPtot      =  -4041477.9984
 BOND   =         0.0000  ANGLE   =         0.0000  DIHED      =         0.0000
 1-4 NB =         0.0000  1-4 EEL =         0.0000  VDWAALS    =      7831.9671
 EELEC  =  -4049309.9654  EHBOND  =         0.0000  RESTRAINT  =         0.0000
 ------------------------------------------------------------------------------


 NSTEP =      394   TIME(PS) =       0.394  TEMP(K) =   184.50  PRESS =     0.0
 Etot   =  -4036981.8059  EKtot   =      4504.7092  EPtot      =  -4041486.5151
 BOND   =         0.0000  ANGLE   =         0.0000  DIHED      =         0.0000
 1-4 NB =         0.0000  1-4 EEL =         0.0000  VDWAALS    =      7834.5247
 EELEC  =  -4049321.0397  EHBOND  =         0.0000  RESTRAINT  =         0.0000
 ------------------------------------------------------------------------------


 NSTEP =      395   TIME(PS) =       0.395  TEMP(K) =   184.80  PRESS =     0.0
 Etot   =  -4036981.8350  EKtot   =      4511.8948  EPtot      =  -4041493.7299
 BOND   =         0.0000  ANGLE   =         0.0000  DIHED      =         0.0000
 1-4 NB =         0.0000  1-4 EEL =         0.0000  VDWAALS    =      7837.0262
 EELEC  =  -4049330.7561  EHBOND  =         0.0000  RESTRAINT  =         0.0000
 ------------------------------------------------------------------------------


 NSTEP =      396   TIME(PS) =       0.396  TEMP(K) =   185.02  PRESS =     0.0
 Etot   =  -4036981.8544  EKtot   =      4517.3712  EPtot      =  -4041499.2256
 BOND   =         0.0000  ANGLE   =         0.0000  DIHED      =         0.0000
 1-4 NB =         0.0000  1-4 EEL =         0.0000  VDWAALS    =      7839.4914
 EELEC  =  -4049338.7170  EHBOND  =         0.0000  RESTRAINT  =         0.0000
 ------------------------------------------------------------------------------


 NSTEP =      397   TIME(PS) =       0.397  TEMP(K) =   185.16  PRESS =     0.0
 Etot   =  -4036981.8621  EKtot   =      4520.8764  EPtot      =  -4041502.7384
 BOND   =         0.0000  ANGLE   =         0.0000  DIHED      =         0.0000
 1-4 NB =         0.0000  1-4 EEL =         0.0000  VDWAALS    =      7841.9417
 EELEC  =  -4049344.6801  EHBOND  =         0.0000  RESTRAINT  =         0.0000
 ------------------------------------------------------------------------------


 NSTEP =      398   TIME(PS) =       0.398  TEMP(K) =   185.22  PRESS =     0.0
 Etot   =  -4036981.8580  EKtot   =      4522.3162  EPtot      =  -4041504.1742
 BOND   =         0.0000  ANGLE   =         0.0000  DIHED      =         0.0000
 1-4 NB =         0.0000  1-4 EEL =         0.0000  VDWAALS    =      7844.3992
 EELEC  =  -4049348.5734  EHBOND  =         0.0000  RESTRAINT  =         0.0000
 ------------------------------------------------------------------------------


 NSTEP =      399   TIME(PS) =       0.399  TEMP(K) =   185.20  PRESS =     0.0
 Etot   =  -4036981.8452  EKtot   =      4521.7621  EPtot      =  -4041503.6073
 BOND   =         0.0000  ANGLE   =         0.0000  DIHED      =         0.0000
 1-4 NB =         0.0000  1-4 EEL =         0.0000  VDWAALS    =      7846.8857
 EELEC  =  -4049350.4930  EHBOND  =         0.0000  RESTRAINT  =         0.0000
 ------------------------------------------------------------------------------


 NSTEP =      400   TIME(PS) =       0.400  TEMP(K) =   185.10  PRESS =     0.0
 Etot   =  -4036981.8246  EKtot   =      4519.4334  EPtot      =  -4041501.2580
 BOND   =         0.0000  ANGLE   =         0.0000  DIHED      =         0.0000
 1-4 NB =         0.0000  1-4 EEL =         0.0000  VDWAALS    =      7849.4221
 EELEC  =  -4049350.6802  EHBOND  =         0.0000  RESTRAINT  =         0.0000
 ------------------------------------------------------------------------------


 NSTEP =      401   TIME(PS) =       0.401  TEMP(K) =   184.95  PRESS =     0.0
 Etot   =  -4036981.7979  EKtot   =      4515.6669  EPtot      =  -4041497.4648
 BOND   =         0.0000  ANGLE   =         0.0000  DIHED      =         0.0000
 1-4 NB =         0.0000  1-4 EEL =         0.0000  VDWAALS    =      7852.0276
 EELEC  =  -4049349.4923  EHBOND  =         0.0000  RESTRAINT  =         0.0000
 ------------------------------------------------------------------------------


 NSTEP =      402   TIME(PS) =       0.402  TEMP(K) =   184.75  PRESS =     0.0
 Etot   =  -4036981.7687  EKtot   =      4510.8768  EPtot      =  -4041492.6454
 BOND   =         0.0000  ANGLE   =         0.0000  DIHED      =         0.0000
 1-4 NB =         0.0000  1-4 EEL =         0.0000  VDWAALS    =      7854.7185
 EELEC  =  -4049347.3639  EHBOND  =         0.0000  RESTRAINT  =         0.0000
 ------------------------------------------------------------------------------


 NSTEP =      403   TIME(PS) =       0.403  TEMP(K) =   184.53  PRESS =     0.0
 Etot   =  -4036981.7412  EKtot   =      4505.5104  EPtot      =  -4041487.2516
 BOND   =         0.0000  ANGLE   =         0.0000  DIHED      =         0.0000
 1-4 NB =         0.0000  1-4 EEL =         0.0000  VDWAALS    =      7857.5079
 EELEC  =  -4049344.7596  EHBOND  =         0.0000  RESTRAINT  =         0.0000
 ------------------------------------------------------------------------------


 NSTEP =      404   TIME(PS) =       0.404  TEMP(K) =   184.31  PRESS =     0.0
 Etot   =  -4036981.7169  EKtot   =      4500.0045  EPtot      =  -4041481.7213
 BOND   =         0.0000  ANGLE   =         0.0000  DIHED      =         0.0000
 1-4 NB =         0.0000  1-4 EEL =         0.0000  VDWAALS    =      7860.4049
 EELEC  =  -4049342.1262  EHBOND  =         0.0000  RESTRAINT  =         0.0000
 ------------------------------------------------------------------------------


 NSTEP =      405   TIME(PS) =       0.405  TEMP(K) =   184.09  PRESS =     0.0
 Etot   =  -4036981.6969  EKtot   =      4494.7456  EPtot      =  -4041476.4425
 BOND   =         0.0000  ANGLE   =         0.0000  DIHED      =         0.0000
 1-4 NB =         0.0000  1-4 EEL =         0.0000  VDWAALS    =      7863.4137
 EELEC  =  -4049339.8562  EHBOND  =         0.0000  RESTRAINT  =         0.0000
 ------------------------------------------------------------------------------


 NSTEP =      406   TIME(PS) =       0.406  TEMP(K) =   183.90  PRESS =     0.0
 Etot   =  -4036981.6837  EKtot   =      4490.0398  EPtot      =  -4041471.7234
 BOND   =         0.0000  ANGLE   =         0.0000  DIHED      =         0.0000
 1-4 NB =         0.0000  1-4 EEL =         0.0000  VDWAALS    =      7866.5334
 EELEC  =  -4049338.2568  EHBOND  =         0.0000  RESTRAINT  =         0.0000
 ------------------------------------------------------------------------------


 NSTEP =      407   TIME(PS) =       0.407  TEMP(K) =   183.74  PRESS =     0.0
 Etot   =  -4036981.6783  EKtot   =      4486.0931  EPtot      =  -4041467.7715
 BOND   =         0.0000  ANGLE   =         0.0000  DIHED      =         0.0000
 1-4 NB =         0.0000  1-4 EEL =         0.0000  VDWAALS    =      7869.7572
 EELEC  =  -4049337.5287  EHBOND  =         0.0000  RESTRAINT  =         0.0000
 ------------------------------------------------------------------------------


 NSTEP =      408   TIME(PS) =       0.408  TEMP(K) =   183.61  PRESS =     0.0
 Etot   =  -4036981.6789  EKtot   =      4483.0046  EPtot      =  -4041464.6835
 BOND   =         0.0000  ANGLE   =         0.0000  DIHED      =         0.0000
 1-4 NB =         0.0000  1-4 EEL =         0.0000  VDWAALS    =      7873.0728
 EELEC  =  -4049337.7563  EHBOND  =         0.0000  RESTRAINT  =         0.0000
 ------------------------------------------------------------------------------


 NSTEP =      409   TIME(PS) =       0.409  TEMP(K) =   183.52  PRESS =     0.0
 Etot   =  -4036981.6841  EKtot   =      4480.7716  EPtot      =  -4041462.4557
 BOND   =         0.0000  ANGLE   =         0.0000  DIHED      =         0.0000
 1-4 NB =         0.0000  1-4 EEL =         0.0000  VDWAALS    =      7876.4620
 EELEC  =  -4049338.9177  EHBOND  =         0.0000  RESTRAINT  =         0.0000
 ------------------------------------------------------------------------------


 NSTEP =      410   TIME(PS) =       0.410  TEMP(K) =   183.46  PRESS =     0.0
 Etot   =  -4036981.6938  EKtot   =      4479.3061  EPtot      =  -4041460.9999
 BOND   =         0.0000  ANGLE   =         0.0000  DIHED      =         0.0000
 1-4 NB =         0.0000  1-4 EEL =         0.0000  VDWAALS    =      7879.9012
 EELEC  =  -4049340.9012  EHBOND  =         0.0000  RESTRAINT  =         0.0000
 ------------------------------------------------------------------------------


 NSTEP =      411   TIME(PS) =       0.411  TEMP(K) =   183.43  PRESS =     0.0
 Etot   =  -4036981.7060  EKtot   =      4478.4577  EPtot      =  -4041460.1637
 BOND   =         0.0000  ANGLE   =         0.0000  DIHED      =         0.0000
 1-4 NB =         0.0000  1-4 EEL =         0.0000  VDWAALS    =      7883.3624
 EELEC  =  -4049343.5261  EHBOND  =         0.0000  RESTRAINT  =         0.0000
 ------------------------------------------------------------------------------


 NSTEP =      412   TIME(PS) =       0.412  TEMP(K) =   183.41  PRESS =     0.0
 Etot   =  -4036981.7178  EKtot   =      4478.0402  EPtot      =  -4041459.7580
 BOND   =         0.0000  ANGLE   =         0.0000  DIHED      =         0.0000
 1-4 NB =         0.0000  1-4 EEL =         0.0000  VDWAALS    =      7886.8139
 EELEC  =  -4049346.5719  EHBOND  =         0.0000  RESTRAINT  =         0.0000
 ------------------------------------------------------------------------------


 NSTEP =      413   TIME(PS) =       0.413  TEMP(K) =   183.40  PRESS =     0.0
 Etot   =  -4036981.7284  EKtot   =      4477.8573  EPtot      =  -4041459.5857
 BOND   =         0.0000  ANGLE   =         0.0000  DIHED      =         0.0000
 1-4 NB =         0.0000  1-4 EEL =         0.0000  VDWAALS    =      7890.2218
 EELEC  =  -4049349.8076  EHBOND  =         0.0000  RESTRAINT  =         0.0000
 ------------------------------------------------------------------------------


 NSTEP =      414   TIME(PS) =       0.414  TEMP(K) =   183.40  PRESS =     0.0
 Etot   =  -4036981.7377  EKtot   =      4477.7243  EPtot      =  -4041459.4619
 BOND   =         0.0000  ANGLE   =         0.0000  DIHED      =         0.0000
 1-4 NB =         0.0000  1-4 EEL =         0.0000  VDWAALS    =      7893.5518
 EELEC  =  -4049353.0137  EHBOND  =         0.0000  RESTRAINT  =         0.0000
 ------------------------------------------------------------------------------


 NSTEP =      415   TIME(PS) =       0.415  TEMP(K) =   183.39  PRESS =     0.0
 Etot   =  -4036981.7448  EKtot   =      4477.4837  EPtot      =  -4041459.2285
 BOND   =         0.0000  ANGLE   =         0.0000  DIHED      =         0.0000
 1-4 NB =         0.0000  1-4 EEL =         0.0000  VDWAALS    =      7896.7709
 EELEC  =  -4049355.9994  EHBOND  =         0.0000  RESTRAINT  =         0.0000
 ------------------------------------------------------------------------------


 NSTEP =      416   TIME(PS) =       0.416  TEMP(K) =   183.37  PRESS =     0.0
 Etot   =  -4036981.7488  EKtot   =      4477.0167  EPtot      =  -4041458.7655
 BOND   =         0.0000  ANGLE   =         0.0000  DIHED      =         0.0000
 1-4 NB =         0.0000  1-4 EEL =         0.0000  VDWAALS    =      7899.8490
 EELEC  =  -4049358.6145  EHBOND  =         0.0000  RESTRAINT  =         0.0000
 ------------------------------------------------------------------------------


 NSTEP =      417   TIME(PS) =       0.417  TEMP(K) =   183.34  PRESS =     0.0
 Etot   =  -4036981.7499  EKtot   =      4476.2488  EPtot      =  -4041457.9988
 BOND   =         0.0000  ANGLE   =         0.0000  DIHED      =         0.0000
 1-4 NB =         0.0000  1-4 EEL =         0.0000  VDWAALS    =      7902.7614
 EELEC  =  -4049360.7601  EHBOND  =         0.0000  RESTRAINT  =         0.0000
 ------------------------------------------------------------------------------


 NSTEP =      418   TIME(PS) =       0.418  TEMP(K) =   183.29  PRESS =     0.0
 Etot   =  -4036981.7488  EKtot   =      4475.1545  EPtot      =  -4041456.9033
 BOND   =         0.0000  ANGLE   =         0.0000  DIHED      =         0.0000
 1-4 NB =         0.0000  1-4 EEL =         0.0000  VDWAALS    =      7905.4895
 EELEC  =  -4049362.3928  EHBOND  =         0.0000  RESTRAINT  =         0.0000
 ------------------------------------------------------------------------------


 NSTEP =      419   TIME(PS) =       0.419  TEMP(K) =   183.23  PRESS =     0.0
 Etot   =  -4036981.7444  EKtot   =      4473.7585  EPtot      =  -4041455.5029
 BOND   =         0.0000  ANGLE   =         0.0000  DIHED      =         0.0000
 1-4 NB =         0.0000  1-4 EEL =         0.0000  VDWAALS    =      7908.0227
 EELEC  =  -4049363.5256  EHBOND  =         0.0000  RESTRAINT  =         0.0000
 ------------------------------------------------------------------------------


 NSTEP =      420   TIME(PS) =       0.420  TEMP(K) =   183.17  PRESS =     0.0
 Etot   =  -4036981.7368  EKtot   =      4472.1364  EPtot      =  -4041453.8732
 BOND   =         0.0000  ANGLE   =         0.0000  DIHED      =         0.0000
 1-4 NB =         0.0000  1-4 EEL =         0.0000  VDWAALS    =      7910.3586
 EELEC  =  -4049364.2318  EHBOND  =         0.0000  RESTRAINT  =         0.0000
 ------------------------------------------------------------------------------


 NSTEP =      421   TIME(PS) =       0.421  TEMP(K) =   183.10  PRESS =     0.0
 Etot   =  -4036981.7269  EKtot   =      4470.4105  EPtot      =  -4041452.1374
 BOND   =         0.0000  ANGLE   =         0.0000  DIHED      =         0.0000
 1-4 NB =         0.0000  1-4 EEL =         0.0000  VDWAALS    =      7912.5037
 EELEC  =  -4049364.6412  EHBOND  =         0.0000  RESTRAINT  =         0.0000
 ------------------------------------------------------------------------------


 NSTEP =      422   TIME(PS) =       0.422  TEMP(K) =   183.03  PRESS =     0.0
 Etot   =  -4036981.7156  EKtot   =      4468.7420  EPtot      =  -4041450.4576
 BOND   =         0.0000  ANGLE   =         0.0000  DIHED      =         0.0000
 1-4 NB =         0.0000  1-4 EEL =         0.0000  VDWAALS    =      7914.4730
 EELEC  =  -4049364.9305  EHBOND  =         0.0000  RESTRAINT  =         0.0000
 ------------------------------------------------------------------------------


 NSTEP =      423   TIME(PS) =       0.423  TEMP(K) =   182.97  PRESS =     0.0
 Etot   =  -4036981.7037  EKtot   =      4467.3173  EPtot      =  -4041449.0210
 BOND   =         0.0000  ANGLE   =         0.0000  DIHED      =         0.0000
 1-4 NB =         0.0000  1-4 EEL =         0.0000  VDWAALS    =      7916.2890
 EELEC  =  -4049365.3100  EHBOND  =         0.0000  RESTRAINT  =         0.0000
 ------------------------------------------------------------------------------


 NSTEP =      424   TIME(PS) =       0.424  TEMP(K) =   182.93  PRESS =     0.0
 Etot   =  -4036981.6929  EKtot   =      4466.3276  EPtot      =  -4041448.0205
 BOND   =         0.0000  ANGLE   =         0.0000  DIHED      =         0.0000
 1-4 NB =         0.0000  1-4 EEL =         0.0000  VDWAALS    =      7917.9814
 EELEC  =  -4049366.0019  EHBOND  =         0.0000  RESTRAINT  =         0.0000
 ------------------------------------------------------------------------------


 NSTEP =      425   TIME(PS) =       0.425  TEMP(K) =   182.91  PRESS =     0.0
 Etot   =  -4036981.6849  EKtot   =      4465.9443  EPtot      =  -4041447.6293
 BOND   =         0.0000  ANGLE   =         0.0000  DIHED      =         0.0000
 1-4 NB =         0.0000  1-4 EEL =         0.0000  VDWAALS    =      7919.5850
 EELEC  =  -4049367.2143  EHBOND  =         0.0000  RESTRAINT  =         0.0000
 ------------------------------------------------------------------------------


 NSTEP =      426   TIME(PS) =       0.426  TEMP(K) =   182.93  PRESS =     0.0
 Etot   =  -4036981.6820  EKtot   =      4466.2931  EPtot      =  -4041447.9752
 BOND   =         0.0000  ANGLE   =         0.0000  DIHED      =         0.0000
 1-4 NB =         0.0000  1-4 EEL =         0.0000  VDWAALS    =      7921.1387
 EELEC  =  -4049369.1139  EHBOND  =         0.0000  RESTRAINT  =         0.0000
 ------------------------------------------------------------------------------


 NSTEP =      427   TIME(PS) =       0.427  TEMP(K) =   182.97  PRESS =     0.0
 Etot   =  -4036981.6850  EKtot   =      4467.4297  EPtot      =  -4041449.1146
 BOND   =         0.0000  ANGLE   =         0.0000  DIHED      =         0.0000
 1-4 NB =         0.0000  1-4 EEL =         0.0000  VDWAALS    =      7922.6835
 EELEC  =  -4049371.7981  EHBOND  =         0.0000  RESTRAINT  =         0.0000
 ------------------------------------------------------------------------------


 NSTEP =      428   TIME(PS) =       0.428  TEMP(K) =   183.05  PRESS =     0.0
 Etot   =  -4036981.6939  EKtot   =      4469.3224  EPtot      =  -4041451.0163
 BOND   =         0.0000  ANGLE   =         0.0000  DIHED      =         0.0000
 1-4 NB =         0.0000  1-4 EEL =         0.0000  VDWAALS    =      7924.2611
 EELEC  =  -4049375.2774  EHBOND  =         0.0000  RESTRAINT  =         0.0000
 ------------------------------------------------------------------------------


 NSTEP =      429   TIME(PS) =       0.429  TEMP(K) =   183.16  PRESS =     0.0
 Etot   =  -4036981.7090  EKtot   =      4471.8457  EPtot      =  -4041453.5547
 BOND   =         0.0000  ANGLE   =         0.0000  DIHED      =         0.0000
 1-4 NB =         0.0000  1-4 EEL =         0.0000  VDWAALS    =      7925.9120
 EELEC  =  -4049379.4667  EHBOND  =         0.0000  RESTRAINT  =         0.0000
 ------------------------------------------------------------------------------


 NSTEP =      430   TIME(PS) =       0.430  TEMP(K) =   183.28  PRESS =     0.0
 Etot   =  -4036981.7294  EKtot   =      4474.7850  EPtot      =  -4041456.5144
 BOND   =         0.0000  ANGLE   =         0.0000  DIHED      =         0.0000
 1-4 NB =         0.0000  1-4 EEL =         0.0000  VDWAALS    =      7927.6745
 EELEC  =  -4049384.1889  EHBOND  =         0.0000  RESTRAINT  =         0.0000
 ------------------------------------------------------------------------------


 NSTEP =      431   TIME(PS) =       0.431  TEMP(K) =   183.40  PRESS =     0.0
 Etot   =  -4036981.7528  EKtot   =      4477.8535  EPtot      =  -4041459.6063
 BOND   =         0.0000  ANGLE   =         0.0000  DIHED      =         0.0000
 1-4 NB =         0.0000  1-4 EEL =         0.0000  VDWAALS    =      7929.5829
 EELEC  =  -4049389.1892  EHBOND  =         0.0000  RESTRAINT  =         0.0000
 ------------------------------------------------------------------------------


 NSTEP =      432   TIME(PS) =       0.432  TEMP(K) =   183.52  PRESS =     0.0
 Etot   =  -4036981.7764  EKtot   =      4480.7204  EPtot      =  -4041462.4968
 BOND   =         0.0000  ANGLE   =         0.0000  DIHED      =         0.0000
 1-4 NB =         0.0000  1-4 EEL =         0.0000  VDWAALS    =      7931.6665
 EELEC  =  -4049394.1633  EHBOND  =         0.0000  RESTRAINT  =         0.0000
 ------------------------------------------------------------------------------


 NSTEP =      433   TIME(PS) =       0.433  TEMP(K) =   183.61  PRESS =     0.0
 Etot   =  -4036981.7983  EKtot   =      4483.0456  EPtot      =  -4041464.8438
 BOND   =         0.0000  ANGLE   =         0.0000  DIHED      =         0.0000
 1-4 NB =         0.0000  1-4 EEL =         0.0000  VDWAALS    =      7933.9489
 EELEC  =  -4049398.7927  EHBOND  =         0.0000  RESTRAINT  =         0.0000
 ------------------------------------------------------------------------------


 NSTEP =      434   TIME(PS) =       0.434  TEMP(K) =   183.67  PRESS =     0.0
 Etot   =  -4036981.8160  EKtot   =      4484.5181  EPtot      =  -4041466.3342
 BOND   =         0.0000  ANGLE   =         0.0000  DIHED      =         0.0000
 1-4 NB =         0.0000  1-4 EEL =         0.0000  VDWAALS    =      7936.4465
 EELEC  =  -4049402.7807  EHBOND  =         0.0000  RESTRAINT  =         0.0000
 ------------------------------------------------------------------------------


 NSTEP =      435   TIME(PS) =       0.435  TEMP(K) =   183.69  PRESS =     0.0
 Etot   =  -4036981.8273  EKtot   =      4484.8920  EPtot      =  -4041466.7193
 BOND   =         0.0000  ANGLE   =         0.0000  DIHED      =         0.0000
 1-4 NB =         0.0000  1-4 EEL =         0.0000  VDWAALS    =      7939.1685
 EELEC  =  -4049405.8878  EHBOND  =         0.0000  RESTRAINT  =         0.0000
 ------------------------------------------------------------------------------


 NSTEP =      436   TIME(PS) =       0.436  TEMP(K) =   183.65  PRESS =     0.0
 Etot   =  -4036981.8308  EKtot   =      4484.0136  EPtot      =  -4041465.8444
 BOND   =         0.0000  ANGLE   =         0.0000  DIHED      =         0.0000
 1-4 NB =         0.0000  1-4 EEL =         0.0000  VDWAALS    =      7942.1157
 EELEC  =  -4049407.9601  EHBOND  =         0.0000  RESTRAINT  =         0.0000
 ------------------------------------------------------------------------------


 NSTEP =      437   TIME(PS) =       0.437  TEMP(K) =   183.56  PRESS =     0.0
 Etot   =  -4036981.8269  EKtot   =      4481.8385  EPtot      =  -4041463.6654
 BOND   =         0.0000  ANGLE   =         0.0000  DIHED      =         0.0000
 1-4 NB =         0.0000  1-4 EEL =         0.0000  VDWAALS    =      7945.2804
 EELEC  =  -4049408.9458  EHBOND  =         0.0000  RESTRAINT  =         0.0000
 ------------------------------------------------------------------------------


 NSTEP =      438   TIME(PS) =       0.438  TEMP(K) =   183.42  PRESS =     0.0
 Etot   =  -4036981.8166  EKtot   =      4478.4324  EPtot      =  -4041460.2491
 BOND   =         0.0000  ANGLE   =         0.0000  DIHED      =         0.0000
 1-4 NB =         0.0000  1-4 EEL =         0.0000  VDWAALS    =      7948.6461
 EELEC  =  -4049408.8952  EHBOND  =         0.0000  RESTRAINT  =         0.0000
 ------------------------------------------------------------------------------


 NSTEP =      439   TIME(PS) =       0.439  TEMP(K) =   183.24  PRESS =     0.0
 Etot   =  -4036981.8011  EKtot   =      4473.9589  EPtot      =  -4041455.7600
 BOND   =         0.0000  ANGLE   =         0.0000  DIHED      =         0.0000
 1-4 NB =         0.0000  1-4 EEL =         0.0000  VDWAALS    =      7952.1875
 EELEC  =  -4049407.9476  EHBOND  =         0.0000  RESTRAINT  =         0.0000
 ------------------------------------------------------------------------------


 NSTEP =      440   TIME(PS) =       0.440  TEMP(K) =   183.02  PRESS =     0.0
 Etot   =  -4036981.7826  EKtot   =      4468.6543  EPtot      =  -4041450.4369
 BOND   =         0.0000  ANGLE   =         0.0000  DIHED      =         0.0000
 1-4 NB =         0.0000  1-4 EEL =         0.0000  VDWAALS    =      7955.8708
 EELEC  =  -4049406.3077  EHBOND  =         0.0000  RESTRAINT  =         0.0000
 ------------------------------------------------------------------------------


 NSTEP =      441   TIME(PS) =       0.441  TEMP(K) =   182.78  PRESS =     0.0
 Etot   =  -4036981.7639  EKtot   =      4462.7969  EPtot      =  -4041444.5608
 BOND   =         0.0000  ANGLE   =         0.0000  DIHED      =         0.0000
 1-4 NB =         0.0000  1-4 EEL =         0.0000  VDWAALS    =      7959.6539
 EELEC  =  -4049404.2148  EHBOND  =         0.0000  RESTRAINT  =         0.0000
 ------------------------------------------------------------------------------


 NSTEP =      442   TIME(PS) =       0.442  TEMP(K) =   182.53  PRESS =     0.0
 Etot   =  -4036981.7468  EKtot   =      4456.6738  EPtot      =  -4041438.4205
 BOND   =         0.0000  ANGLE   =         0.0000  DIHED      =         0.0000
 1-4 NB =         0.0000  1-4 EEL =         0.0000  VDWAALS    =      7963.4881
 EELEC  =  -4049401.9086  EHBOND  =         0.0000  RESTRAINT  =         0.0000
 ------------------------------------------------------------------------------


 NSTEP =      443   TIME(PS) =       0.443  TEMP(K) =   182.28  PRESS =     0.0
 Etot   =  -4036981.7324  EKtot   =      4450.5504  EPtot      =  -4041432.2827
 BOND   =         0.0000  ANGLE   =         0.0000  DIHED      =         0.0000
 1-4 NB =         0.0000  1-4 EEL =         0.0000  VDWAALS    =      7967.3182
 EELEC  =  -4049399.6010  EHBOND  =         0.0000  RESTRAINT  =         0.0000
 ------------------------------------------------------------------------------


 NSTEP =      444   TIME(PS) =       0.444  TEMP(K) =   182.04  PRESS =     0.0
 Etot   =  -4036981.7220  EKtot   =      4444.6475  EPtot      =  -4041426.3695
 BOND   =         0.0000  ANGLE   =         0.0000  DIHED      =         0.0000
 1-4 NB =         0.0000  1-4 EEL =         0.0000  VDWAALS    =      7971.0847
 EELEC  =  -4049397.4542  EHBOND  =         0.0000  RESTRAINT  =         0.0000
 ------------------------------------------------------------------------------


 NSTEP =      445   TIME(PS) =       0.445  TEMP(K) =   181.81  PRESS =     0.0
 Etot   =  -4036981.7161  EKtot   =      4439.1262  EPtot      =  -4041420.8423
 BOND   =         0.0000  ANGLE   =         0.0000  DIHED      =         0.0000
 1-4 NB =         0.0000  1-4 EEL =         0.0000  VDWAALS    =      7974.7248
 EELEC  =  -4049395.5671  EHBOND  =         0.0000  RESTRAINT  =         0.0000
 ------------------------------------------------------------------------------


 NSTEP =      446   TIME(PS) =       0.446  TEMP(K) =   181.61  PRESS =     0.0
 Etot   =  -4036981.7144  EKtot   =      4434.0817  EPtot      =  -4041415.7961
 BOND   =         0.0000  ANGLE   =         0.0000  DIHED      =         0.0000
 1-4 NB =         0.0000  1-4 EEL =         0.0000  VDWAALS    =      7978.1750
 EELEC  =  -4049393.9712  EHBOND  =         0.0000  RESTRAINT  =         0.0000
 ------------------------------------------------------------------------------


 NSTEP =      447   TIME(PS) =       0.447  TEMP(K) =   181.42  PRESS =     0.0
 Etot   =  -4036981.7159  EKtot   =      4429.5464  EPtot      =  -4041411.2623
 BOND   =         0.0000  ANGLE   =         0.0000  DIHED      =         0.0000
 1-4 NB =         0.0000  1-4 EEL =         0.0000  VDWAALS    =      7981.3726
 EELEC  =  -4049392.6349  EHBOND  =         0.0000  RESTRAINT  =         0.0000
 ------------------------------------------------------------------------------


 NSTEP =      448   TIME(PS) =       0.448  TEMP(K) =   181.26  PRESS =     0.0
 Etot   =  -4036981.7199  EKtot   =      4425.4998  EPtot      =  -4041407.2198
 BOND   =         0.0000  ANGLE   =         0.0000  DIHED      =         0.0000
 1-4 NB =         0.0000  1-4 EEL =         0.0000  VDWAALS    =      7984.2576
 EELEC  =  -4049391.4774  EHBOND  =         0.0000  RESTRAINT  =         0.0000
 ------------------------------------------------------------------------------


 NSTEP =      449   TIME(PS) =       0.449  TEMP(K) =   181.11  PRESS =     0.0
 Etot   =  -4036981.7251  EKtot   =      4421.8844  EPtot      =  -4041403.6095
 BOND   =         0.0000  ANGLE   =         0.0000  DIHED      =         0.0000
 1-4 NB =         0.0000  1-4 EEL =         0.0000  VDWAALS    =      7986.7750
 EELEC  =  -4049390.3845  EHBOND  =         0.0000  RESTRAINT  =         0.0000
 ------------------------------------------------------------------------------


 NSTEP =      450   TIME(PS) =       0.450  TEMP(K) =   180.98  PRESS =     0.0
 Etot   =  -4036981.7302  EKtot   =      4418.6249  EPtot      =  -4041400.3551
 BOND   =         0.0000  ANGLE   =         0.0000  DIHED      =         0.0000
 1-4 NB =         0.0000  1-4 EEL =         0.0000  VDWAALS    =      7988.8757
 EELEC  =  -4049389.2308  EHBOND  =         0.0000  RESTRAINT  =         0.0000
 ------------------------------------------------------------------------------


 NSTEP =      451   TIME(PS) =       0.451  TEMP(K) =   180.85  PRESS =     0.0
 Etot   =  -4036981.7337  EKtot   =      4415.6509  EPtot      =  -4041397.3846
 BOND   =         0.0000  ANGLE   =         0.0000  DIHED      =         0.0000
 1-4 NB =         0.0000  1-4 EEL =         0.0000  VDWAALS    =      7990.5179
 EELEC  =  -4049387.9026  EHBOND  =         0.0000  RESTRAINT  =         0.0000
 ------------------------------------------------------------------------------


 NSTEP =      452   TIME(PS) =       0.452  TEMP(K) =   180.74  PRESS =     0.0
 Etot   =  -4036981.7335  EKtot   =      4412.9190  EPtot      =  -4041394.6525
 BOND   =         0.0000  ANGLE   =         0.0000  DIHED      =         0.0000
 1-4 NB =         0.0000  1-4 EEL =         0.0000  VDWAALS    =      7991.6672
 EELEC  =  -4049386.3197  EHBOND  =         0.0000  RESTRAINT  =         0.0000
 ------------------------------------------------------------------------------


 NSTEP =      453   TIME(PS) =       0.453  TEMP(K) =   180.64  PRESS =     0.0
 Etot   =  -4036981.7294  EKtot   =      4410.4330  EPtot      =  -4041392.1625
 BOND   =         0.0000  ANGLE   =         0.0000  DIHED      =         0.0000
 1-4 NB =         0.0000  1-4 EEL =         0.0000  VDWAALS    =      7992.2964
 EELEC  =  -4049384.4589  EHBOND  =         0.0000  RESTRAINT  =         0.0000
 ------------------------------------------------------------------------------


 NSTEP =      454   TIME(PS) =       0.454  TEMP(K) =   180.55  PRESS =     0.0
 Etot   =  -4036981.7207  EKtot   =      4408.2620  EPtot      =  -4041389.9827
 BOND   =         0.0000  ANGLE   =         0.0000  DIHED      =         0.0000
 1-4 NB =         0.0000  1-4 EEL =         0.0000  VDWAALS    =      7992.3850
 EELEC  =  -4049382.3677  EHBOND  =         0.0000  RESTRAINT  =         0.0000
 ------------------------------------------------------------------------------


 NSTEP =      455   TIME(PS) =       0.455  TEMP(K) =   180.48  PRESS =     0.0
 Etot   =  -4036981.7064  EKtot   =      4406.5506  EPtot      =  -4041388.2570
 BOND   =         0.0000  ANGLE   =         0.0000  DIHED      =         0.0000
 1-4 NB =         0.0000  1-4 EEL =         0.0000  VDWAALS    =      7991.9179
 EELEC  =  -4049380.1750  EHBOND  =         0.0000  RESTRAINT  =         0.0000
 ------------------------------------------------------------------------------


 NSTEP =      456   TIME(PS) =       0.456  TEMP(K) =   180.44  PRESS =     0.0
 Etot   =  -4036981.6871  EKtot   =      4405.5212  EPtot      =  -4041387.2083
 BOND   =         0.0000  ANGLE   =         0.0000  DIHED      =         0.0000
 1-4 NB =         0.0000  1-4 EEL =         0.0000  VDWAALS    =      7990.8846
 EELEC  =  -4049378.0929  EHBOND  =         0.0000  RESTRAINT  =         0.0000
 ------------------------------------------------------------------------------


 NSTEP =      457   TIME(PS) =       0.457  TEMP(K) =   180.44  PRESS =     0.0
 Etot   =  -4036981.6651  EKtot   =      4405.4636  EPtot      =  -4041387.1287
 BOND   =         0.0000  ANGLE   =         0.0000  DIHED      =         0.0000
 1-4 NB =         0.0000  1-4 EEL =         0.0000  VDWAALS    =      7989.2776
 EELEC  =  -4049376.4062  EHBOND  =         0.0000  RESTRAINT  =         0.0000
 ------------------------------------------------------------------------------


 NSTEP =      458   TIME(PS) =       0.458  TEMP(K) =   180.49  PRESS =     0.0
 Etot   =  -4036981.6428  EKtot   =      4406.7110  EPtot      =  -4041388.3538
 BOND   =         0.0000  ANGLE   =         0.0000  DIHED      =         0.0000
 1-4 NB =         0.0000  1-4 EEL =         0.0000  VDWAALS    =      7987.0919
 EELEC  =  -4049375.4457  EHBOND  =         0.0000  RESTRAINT  =         0.0000
 ------------------------------------------------------------------------------


 NSTEP =      459   TIME(PS) =       0.459  TEMP(K) =   180.61  PRESS =     0.0
 Etot   =  -4036981.6223  EKtot   =      4409.6021  EPtot      =  -4041391.2243
 BOND   =         0.0000  ANGLE   =         0.0000  DIHED      =         0.0000
 1-4 NB =         0.0000  1-4 EEL =         0.0000  VDWAALS    =      7984.3248
 EELEC  =  -4049375.5491  EHBOND  =         0.0000  RESTRAINT  =         0.0000
 ------------------------------------------------------------------------------


 NSTEP =      460   TIME(PS) =       0.460  TEMP(K) =   180.80  PRESS =     0.0
 Etot   =  -4036981.6096  EKtot   =      4414.4325  EPtot      =  -4041396.0421
 BOND   =         0.0000  ANGLE   =         0.0000  DIHED      =         0.0000
 1-4 NB =         0.0000  1-4 EEL =         0.0000  VDWAALS    =      7980.9757
 EELEC  =  -4049377.0178  EHBOND  =         0.0000  RESTRAINT  =         0.0000
 ------------------------------------------------------------------------------


 NSTEP =      461   TIME(PS) =       0.461  TEMP(K) =   181.09  PRESS =     0.0
 Etot   =  -4036981.6051  EKtot   =      4421.4007  EPtot      =  -4041403.0058
 BOND   =         0.0000  ANGLE   =         0.0000  DIHED      =         0.0000
 1-4 NB =         0.0000  1-4 EEL =         0.0000  VDWAALS    =      7977.0472
 EELEC  =  -4049380.0531  EHBOND  =         0.0000  RESTRAINT  =         0.0000
 ------------------------------------------------------------------------------


 NSTEP =      462   TIME(PS) =       0.462  TEMP(K) =   181.46  PRESS =     0.0
 Etot   =  -4036981.6132  EKtot   =      4430.5591  EPtot      =  -4041412.1723
 BOND   =         0.0000  ANGLE   =         0.0000  DIHED      =         0.0000
 1-4 NB =         0.0000  1-4 EEL =         0.0000  VDWAALS    =      7972.5463
 EELEC  =  -4049384.7186  EHBOND  =         0.0000  RESTRAINT  =         0.0000
 ------------------------------------------------------------------------------


 NSTEP =      463   TIME(PS) =       0.463  TEMP(K) =   181.92  PRESS =     0.0
 Etot   =  -4036981.6360  EKtot   =      4441.7758  EPtot      =  -4041423.4118
 BOND   =         0.0000  ANGLE   =         0.0000  DIHED      =         0.0000
 1-4 NB =         0.0000  1-4 EEL =         0.0000  VDWAALS    =      7967.4859
 EELEC  =  -4049390.8977  EHBOND  =         0.0000  RESTRAINT  =         0.0000
 ------------------------------------------------------------------------------


 NSTEP =      464   TIME(PS) =       0.464  TEMP(K) =   182.45  PRESS =     0.0
 Etot   =  -4036981.6712  EKtot   =      4454.7175  EPtot      =  -4041436.3887
 BOND   =         0.0000  ANGLE   =         0.0000  DIHED      =         0.0000
 1-4 NB =         0.0000  1-4 EEL =         0.0000  VDWAALS    =      7961.8864
 EELEC  =  -4049398.2751  EHBOND  =         0.0000  RESTRAINT  =         0.0000
 ------------------------------------------------------------------------------


 NSTEP =      465   TIME(PS) =       0.465  TEMP(K) =   183.03  PRESS =     0.0
 Etot   =  -4036981.7162  EKtot   =      4468.8571  EPtot      =  -4041450.5733
 BOND   =         0.0000  ANGLE   =         0.0000  DIHED      =         0.0000
 1-4 NB =         0.0000  1-4 EEL =         0.0000  VDWAALS    =      7955.7770
 EELEC  =  -4049406.3503  EHBOND  =         0.0000  RESTRAINT  =         0.0000
 ------------------------------------------------------------------------------


 NSTEP =      466   TIME(PS) =       0.466  TEMP(K) =   183.63  PRESS =     0.0
 Etot   =  -4036981.7688  EKtot   =      4483.5064  EPtot      =  -4041465.2751
 BOND   =         0.0000  ANGLE   =         0.0000  DIHED      =         0.0000
 1-4 NB =         0.0000  1-4 EEL =         0.0000  VDWAALS    =      7949.1968
 EELEC  =  -4049414.4719  EHBOND  =         0.0000  RESTRAINT  =         0.0000
 ------------------------------------------------------------------------------


 NSTEP =      467   TIME(PS) =       0.467  TEMP(K) =   184.22  PRESS =     0.0
 Etot   =  -4036981.8238  EKtot   =      4497.8706  EPtot      =  -4041479.6945
 BOND   =         0.0000  ANGLE   =         0.0000  DIHED      =         0.0000
 1-4 NB =         0.0000  1-4 EEL =         0.0000  VDWAALS    =      7942.1948
 EELEC  =  -4049421.8892  EHBOND  =         0.0000  RESTRAINT  =         0.0000
 ------------------------------------------------------------------------------


 NSTEP =      468   TIME(PS) =       0.468  TEMP(K) =   184.76  PRESS =     0.0
 Etot   =  -4036981.8754  EKtot   =      4511.1181  EPtot      =  -4041492.9935
 BOND   =         0.0000  ANGLE   =         0.0000  DIHED      =         0.0000
 1-4 NB =         0.0000  1-4 EEL =         0.0000  VDWAALS    =      7934.8293
 EELEC  =  -4049427.8228  EHBOND  =         0.0000  RESTRAINT  =         0.0000
 ------------------------------------------------------------------------------


 NSTEP =      469   TIME(PS) =       0.469  TEMP(K) =   185.23  PRESS =     0.0
 Etot   =  -4036981.9195  EKtot   =      4522.4549  EPtot      =  -4041504.3744
 BOND   =         0.0000  ANGLE   =         0.0000  DIHED      =         0.0000
 1-4 NB =         0.0000  1-4 EEL =         0.0000  VDWAALS    =      7927.1668
 EELEC  =  -4049431.5412  EHBOND  =         0.0000  RESTRAINT  =         0.0000
 ------------------------------------------------------------------------------


 NSTEP =      470   TIME(PS) =       0.470  TEMP(K) =   185.59  PRESS =     0.0
 Etot   =  -4036981.9523  EKtot   =      4531.1978  EPtot      =  -4041513.1501
 BOND   =         0.0000  ANGLE   =         0.0000  DIHED      =         0.0000
 1-4 NB =         0.0000  1-4 EEL =         0.0000  VDWAALS    =      7919.2800
 EELEC  =  -4049432.4301  EHBOND  =         0.0000  RESTRAINT  =         0.0000
 ------------------------------------------------------------------------------


 NSTEP =      471   TIME(PS) =       0.471  TEMP(K) =   185.82  PRESS =     0.0
 Etot   =  -4036981.9709  EKtot   =      4536.8355  EPtot      =  -4041518.8064
 BOND   =         0.0000  ANGLE   =         0.0000  DIHED      =         0.0000
 1-4 NB =         0.0000  1-4 EEL =         0.0000  VDWAALS    =      7911.2457
 EELEC  =  -4049430.0521  EHBOND  =         0.0000  RESTRAINT  =         0.0000
 ------------------------------------------------------------------------------


 NSTEP =      472   TIME(PS) =       0.472  TEMP(K) =   185.91  PRESS =     0.0
 Etot   =  -4036981.9734  EKtot   =      4539.0740  EPtot      =  -4041521.0473
 BOND   =         0.0000  ANGLE   =         0.0000  DIHED      =         0.0000
 1-4 NB =         0.0000  1-4 EEL =         0.0000  VDWAALS    =      7903.1424
 EELEC  =  -4049424.1897  EHBOND  =         0.0000  RESTRAINT  =         0.0000
 ------------------------------------------------------------------------------


 NSTEP =      473   TIME(PS) =       0.473  TEMP(K) =   185.86  PRESS =     0.0
 Etot   =  -4036981.9596  EKtot   =      4537.8636  EPtot      =  -4041519.8232
 BOND   =         0.0000  ANGLE   =         0.0000  DIHED      =         0.0000
 1-4 NB =         0.0000  1-4 EEL =         0.0000  VDWAALS    =      7895.0477
 EELEC  =  -4049414.8709  EHBOND  =         0.0000  RESTRAINT  =         0.0000
 ------------------------------------------------------------------------------


 NSTEP =      474   TIME(PS) =       0.474  TEMP(K) =   185.68  PRESS =     0.0
 Etot   =  -4036981.9306  EKtot   =      4533.4056  EPtot      =  -4041515.3362
 BOND   =         0.0000  ANGLE   =         0.0000  DIHED      =         0.0000
 1-4 NB =         0.0000  1-4 EEL =         0.0000  VDWAALS    =      7887.0366
 EELEC  =  -4049402.3728  EHBOND  =         0.0000  RESTRAINT  =         0.0000
 ------------------------------------------------------------------------------


 NSTEP =      475   TIME(PS) =       0.475  TEMP(K) =   185.38  PRESS =     0.0
 Etot   =  -4036981.8880  EKtot   =      4526.1407  EPtot      =  -4041508.0287
 BOND   =         0.0000  ANGLE   =         0.0000  DIHED      =         0.0000
 1-4 NB =         0.0000  1-4 EEL =         0.0000  VDWAALS    =      7879.1792
 EELEC  =  -4049387.2079  EHBOND  =         0.0000  RESTRAINT  =         0.0000
 ------------------------------------------------------------------------------


 NSTEP =      476   TIME(PS) =       0.476  TEMP(K) =   184.99  PRESS =     0.0
 Etot   =  -4036981.8344  EKtot   =      4516.7201  EPtot      =  -4041498.5545
 BOND   =         0.0000  ANGLE   =         0.0000  DIHED      =         0.0000
 1-4 NB =         0.0000  1-4 EEL =         0.0000  VDWAALS    =      7871.5400
 EELEC  =  -4049370.0945  EHBOND  =         0.0000  RESTRAINT  =         0.0000
 ------------------------------------------------------------------------------


 NSTEP =      477   TIME(PS) =       0.477  TEMP(K) =   184.55  PRESS =     0.0
 Etot   =  -4036981.7736  EKtot   =      4505.9623  EPtot      =  -4041487.7359
 BOND   =         0.0000  ANGLE   =         0.0000  DIHED      =         0.0000
 1-4 NB =         0.0000  1-4 EEL =         0.0000  VDWAALS    =      7864.1766
 EELEC  =  -4049351.9125  EHBOND  =         0.0000  RESTRAINT  =         0.0000
 ------------------------------------------------------------------------------


 NSTEP =      478   TIME(PS) =       0.478  TEMP(K) =   184.09  PRESS =     0.0
 Etot   =  -4036981.7100  EKtot   =      4494.7951  EPtot      =  -4041476.5051
 BOND   =         0.0000  ANGLE   =         0.0000  DIHED      =         0.0000
 1-4 NB =         0.0000  1-4 EEL =         0.0000  VDWAALS    =      7857.1397
 EELEC  =  -4049333.6448  EHBOND  =         0.0000  RESTRAINT  =         0.0000
 ------------------------------------------------------------------------------


 NSTEP =      479   TIME(PS) =       0.479  TEMP(K) =   183.66  PRESS =     0.0
 Etot   =  -4036981.6481  EKtot   =      4484.1890  EPtot      =  -4041465.8370
 BOND   =         0.0000  ANGLE   =         0.0000  DIHED      =         0.0000
 1-4 NB =         0.0000  1-4 EEL =         0.0000  VDWAALS    =      7850.4737
 EELEC  =  -4049316.3107  EHBOND  =         0.0000  RESTRAINT  =         0.0000
 ------------------------------------------------------------------------------


 NSTEP =      480   TIME(PS) =       0.480  TEMP(K) =   183.29  PRESS =     0.0
 Etot   =  -4036981.5931  EKtot   =      4475.0825  EPtot      =  -4041456.6756
 BOND   =         0.0000  ANGLE   =         0.0000  DIHED      =         0.0000
 1-4 NB =         0.0000  1-4 EEL =         0.0000  VDWAALS    =      7844.2166
 EELEC  =  -4049300.8922  EHBOND  =         0.0000  RESTRAINT  =         0.0000
 ------------------------------------------------------------------------------


 NSTEP =      481   TIME(PS) =       0.481  TEMP(K) =   183.01  PRESS =     0.0
 Etot   =  -4036981.5497  EKtot   =      4468.3085  EPtot      =  -4041449.8582
 BOND   =         0.0000  ANGLE   =         0.0000  DIHED      =         0.0000
 1-4 NB =         0.0000  1-4 EEL =         0.0000  VDWAALS    =      7838.4016
 EELEC  =  -4049288.2597  EHBOND  =         0.0000  RESTRAINT  =         0.0000
 ------------------------------------------------------------------------------


 NSTEP =      482   TIME(PS) =       0.482  TEMP(K) =   182.86  PRESS =     0.0
 Etot   =  -4036981.5212  EKtot   =      4464.5245  EPtot      =  -4041446.0457
 BOND   =         0.0000  ANGLE   =         0.0000  DIHED      =         0.0000
 1-4 NB =         0.0000  1-4 EEL =         0.0000  VDWAALS    =      7833.0576
 EELEC  =  -4049279.1033  EHBOND  =         0.0000  RESTRAINT  =         0.0000
 ------------------------------------------------------------------------------


 NSTEP =      483   TIME(PS) =       0.483  TEMP(K) =   182.84  PRESS =     0.0
 Etot   =  -4036981.5107  EKtot   =      4464.1574  EPtot      =  -4041445.6680
 BOND   =         0.0000  ANGLE   =         0.0000  DIHED      =         0.0000
 1-4 NB =         0.0000  1-4 EEL =         0.0000  VDWAALS    =      7828.2103
 EELEC  =  -4049273.8784  EHBOND  =         0.0000  RESTRAINT  =         0.0000
 ------------------------------------------------------------------------------


 NSTEP =      484   TIME(PS) =       0.484  TEMP(K) =   182.97  PRESS =     0.0
 Etot   =  -4036981.5187  EKtot   =      4467.3674  EPtot      =  -4041448.8860
 BOND   =         0.0000  ANGLE   =         0.0000  DIHED      =         0.0000
 1-4 NB =         0.0000  1-4 EEL =         0.0000  VDWAALS    =      7823.8825
 EELEC  =  -4049272.7686  EHBOND  =         0.0000  RESTRAINT  =         0.0000
 ------------------------------------------------------------------------------


 NSTEP =      485   TIME(PS) =       0.485  TEMP(K) =   183.24  PRESS =     0.0
 Etot   =  -4036981.5443  EKtot   =      4474.0351  EPtot      =  -4041455.5794
 BOND   =         0.0000  ANGLE   =         0.0000  DIHED      =         0.0000
 1-4 NB =         0.0000  1-4 EEL =         0.0000  VDWAALS    =      7820.0945
 EELEC  =  -4049275.6738  EHBOND  =         0.0000  RESTRAINT  =         0.0000
 ------------------------------------------------------------------------------


 NSTEP =      486   TIME(PS) =       0.486  TEMP(K) =   183.64  PRESS =     0.0
 Etot   =  -4036981.5852  EKtot   =      4483.7738  EPtot      =  -4041465.3590
 BOND   =         0.0000  ANGLE   =         0.0000  DIHED      =         0.0000
 1-4 NB =         0.0000  1-4 EEL =         0.0000  VDWAALS    =      7816.8636
 EELEC  =  -4049282.2226  EHBOND  =         0.0000  RESTRAINT  =         0.0000
 ------------------------------------------------------------------------------


 NSTEP =      487   TIME(PS) =       0.487  TEMP(K) =   184.14  PRESS =     0.0
 Etot   =  -4036981.6386  EKtot   =      4495.9646  EPtot      =  -4041477.6032
 BOND   =         0.0000  ANGLE   =         0.0000  DIHED      =         0.0000
 1-4 NB =         0.0000  1-4 EEL =         0.0000  VDWAALS    =      7814.2041
 EELEC  =  -4049291.8073  EHBOND  =         0.0000  RESTRAINT  =         0.0000
 ------------------------------------------------------------------------------


 NSTEP =      488   TIME(PS) =       0.488  TEMP(K) =   184.71  PRESS =     0.0
 Etot   =  -4036981.6989  EKtot   =      4509.8094  EPtot      =  -4041491.5083
 BOND   =         0.0000  ANGLE   =         0.0000  DIHED      =         0.0000
 1-4 NB =         0.0000  1-4 EEL =         0.0000  VDWAALS    =      7812.1261
 EELEC  =  -4049303.6344  EHBOND  =         0.0000  RESTRAINT  =         0.0000
 ------------------------------------------------------------------------------


 NSTEP =      489   TIME(PS) =       0.489  TEMP(K) =   185.31  PRESS =     0.0
 Etot   =  -4036981.7620  EKtot   =      4524.3965  EPtot      =  -4041506.1585
 BOND   =         0.0000  ANGLE   =         0.0000  DIHED      =         0.0000
 1-4 NB =         0.0000  1-4 EEL =         0.0000  VDWAALS    =      7810.6344
 EELEC  =  -4049316.7929  EHBOND  =         0.0000  RESTRAINT  =         0.0000
 ------------------------------------------------------------------------------


 NSTEP =      490   TIME(PS) =       0.490  TEMP(K) =   185.90  PRESS =     0.0
 Etot   =  -4036981.8238  EKtot   =      4538.7712  EPtot      =  -4041520.5949
 BOND   =         0.0000  ANGLE   =         0.0000  DIHED      =         0.0000
 1-4 NB =         0.0000  1-4 EEL =         0.0000  VDWAALS    =      7809.7282
 EELEC  =  -4049330.3231  EHBOND  =         0.0000  RESTRAINT  =         0.0000
 ------------------------------------------------------------------------------


 NSTEP =      491   TIME(PS) =       0.491  TEMP(K) =   186.44  PRESS =     0.0
 Etot   =  -4036981.8800  EKtot   =      4552.0061  EPtot      =  -4041533.8861
 BOND   =         0.0000  ANGLE   =         0.0000  DIHED      =         0.0000
 1-4 NB =         0.0000  1-4 EEL =         0.0000  VDWAALS    =      7809.3996
 EELEC  =  -4049343.2857  EHBOND  =         0.0000  RESTRAINT  =         0.0000
 ------------------------------------------------------------------------------


 NSTEP =      492   TIME(PS) =       0.492  TEMP(K) =   186.90  PRESS =     0.0
 Etot   =  -4036981.9260  EKtot   =      4563.2659  EPtot      =  -4041545.1920
 BOND   =         0.0000  ANGLE   =         0.0000  DIHED      =         0.0000
 1-4 NB =         0.0000  1-4 EEL =         0.0000  VDWAALS    =      7809.6333
 EELEC  =  -4049354.8253  EHBOND  =         0.0000  RESTRAINT  =         0.0000
 ------------------------------------------------------------------------------


 NSTEP =      493   TIME(PS) =       0.493  TEMP(K) =   187.25  PRESS =     0.0
 Etot   =  -4036981.9599  EKtot   =      4571.8630  EPtot      =  -4041553.8228
 BOND   =         0.0000  ANGLE   =         0.0000  DIHED      =         0.0000
 1-4 NB =         0.0000  1-4 EEL =         0.0000  VDWAALS    =      7810.4063
 EELEC  =  -4049364.2291  EHBOND  =         0.0000  RESTRAINT  =         0.0000
 ------------------------------------------------------------------------------


 NSTEP =      494   TIME(PS) =       0.494  TEMP(K) =   187.47  PRESS =     0.0
 Etot   =  -4036981.9800  EKtot   =      4577.3000  EPtot      =  -4041559.2800
 BOND   =         0.0000  ANGLE   =         0.0000  DIHED      =         0.0000
 1-4 NB =         0.0000  1-4 EEL =         0.0000  VDWAALS    =      7811.6872
 EELEC  =  -4049370.9672  EHBOND  =         0.0000  RESTRAINT  =         0.0000
 ------------------------------------------------------------------------------


 NSTEP =      495   TIME(PS) =       0.495  TEMP(K) =   187.56  PRESS =     0.0
 Etot   =  -4036981.9850  EKtot   =      4579.2990  EPtot      =  -4041561.2840
 BOND   =         0.0000  ANGLE   =         0.0000  DIHED      =         0.0000
 1-4 NB =         0.0000  1-4 EEL =         0.0000  VDWAALS    =      7813.4367
 EELEC  =  -4049374.7207  EHBOND  =         0.0000  RESTRAINT  =         0.0000
 ------------------------------------------------------------------------------


 NSTEP =      496   TIME(PS) =       0.496  TEMP(K) =   187.50  PRESS =     0.0
 Etot   =  -4036981.9747  EKtot   =      4577.8131  EPtot      =  -4041559.7878
 BOND   =         0.0000  ANGLE   =         0.0000  DIHED      =         0.0000
 1-4 NB =         0.0000  1-4 EEL =         0.0000  VDWAALS    =      7815.6082
 EELEC  =  -4049375.3960  EHBOND  =         0.0000  RESTRAINT  =         0.0000
 ------------------------------------------------------------------------------


 NSTEP =      497   TIME(PS) =       0.497  TEMP(K) =   187.30  PRESS =     0.0
 Etot   =  -4036981.9510  EKtot   =      4573.0214  EPtot      =  -4041554.9725
 BOND   =         0.0000  ANGLE   =         0.0000  DIHED      =         0.0000
 1-4 NB =         0.0000  1-4 EEL =         0.0000  VDWAALS    =      7818.1482
 EELEC  =  -4049373.1207  EHBOND  =         0.0000  RESTRAINT  =         0.0000
 ------------------------------------------------------------------------------


 NSTEP =      498   TIME(PS) =       0.498  TEMP(K) =   186.98  PRESS =     0.0
 Etot   =  -4036981.9166  EKtot   =      4565.3067  EPtot      =  -4041547.2233
 BOND   =         0.0000  ANGLE   =         0.0000  DIHED      =         0.0000
 1-4 NB =         0.0000  1-4 EEL =         0.0000  VDWAALS    =      7820.9979
 EELEC  =  -4049368.2212  EHBOND  =         0.0000  RESTRAINT  =         0.0000
 ------------------------------------------------------------------------------


 NSTEP =      499   TIME(PS) =       0.499  TEMP(K) =   186.57  PRESS =     0.0
 Etot   =  -4036981.8740  EKtot   =      4555.2185  EPtot      =  -4041537.0925
 BOND   =         0.0000  ANGLE   =         0.0000  DIHED      =         0.0000
 1-4 NB =         0.0000  1-4 EEL =         0.0000  VDWAALS    =      7824.0947
 EELEC  =  -4049361.1872  EHBOND  =         0.0000  RESTRAINT  =         0.0000
 ------------------------------------------------------------------------------


 NSTEP =      500   TIME(PS) =       0.500  TEMP(K) =   186.09  PRESS =     0.0
 Etot   =  -4036981.8264  EKtot   =      4543.4270  EPtot      =  -4041525.2534
 BOND   =         0.0000  ANGLE   =         0.0000  DIHED      =         0.0000
 1-4 NB =         0.0000  1-4 EEL =         0.0000  VDWAALS    =      7827.3739
 EELEC  =  -4049352.6273  EHBOND  =         0.0000  RESTRAINT  =         0.0000
 ------------------------------------------------------------------------------


 NSTEP =      501   TIME(PS) =       0.501  TEMP(K) =   185.56  PRESS =     0.0
 Etot   =  -4036981.7788  EKtot   =      4530.6718  EPtot      =  -4041512.4506
 BOND   =         0.0000  ANGLE   =         0.0000  DIHED      =         0.0000
 1-4 NB =         0.0000  1-4 EEL =         0.0000  VDWAALS    =      7830.7717
 EELEC  =  -4049343.2224  EHBOND  =         0.0000  RESTRAINT  =         0.0000
 ------------------------------------------------------------------------------


 NSTEP =      502   TIME(PS) =       0.502  TEMP(K) =   185.03  PRESS =     0.0
 Etot   =  -4036981.7283  EKtot   =      4517.7119  EPtot      =  -4041499.4402
 BOND   =         0.0000  ANGLE   =         0.0000  DIHED      =         0.0000
 1-4 NB =         0.0000  1-4 EEL =         0.0000  VDWAALS    =      7834.2268
 EELEC  =  -4049333.6669  EHBOND  =         0.0000  RESTRAINT  =         0.0000
 ------------------------------------------------------------------------------


 NSTEP =      503   TIME(PS) =       0.503  TEMP(K) =   184.52  PRESS =     0.0
 Etot   =  -4036981.6879  EKtot   =      4505.2782  EPtot      =  -4041486.9661
 BOND   =         0.0000  ANGLE   =         0.0000  DIHED      =         0.0000
 1-4 NB =         0.0000  1-4 EEL =         0.0000  VDWAALS    =      7837.6826
 EELEC  =  -4049324.6487  EHBOND  =         0.0000  RESTRAINT  =         0.0000
 ------------------------------------------------------------------------------


 NSTEP =      504   TIME(PS) =       0.504  TEMP(K) =   184.06  PRESS =     0.0
 Etot   =  -4036981.6539  EKtot   =      4494.0322  EPtot      =  -4041475.6861
 BOND   =         0.0000  ANGLE   =         0.0000  DIHED      =         0.0000
 1-4 NB =         0.0000  1-4 EEL =         0.0000  VDWAALS    =      7841.0897
 EELEC  =  -4049316.7759  EHBOND  =         0.0000  RESTRAINT  =         0.0000
 ------------------------------------------------------------------------------


 NSTEP =      505   TIME(PS) =       0.505  TEMP(K) =   183.67  PRESS =     0.0
 Etot   =  -4036981.6238  EKtot   =      4484.5294  EPtot      =  -4041466.1531
 BOND   =         0.0000  ANGLE   =         0.0000  DIHED      =         0.0000
 1-4 NB =         0.0000  1-4 EEL =         0.0000  VDWAALS    =      7844.4068
 EELEC  =  -4049310.5599  EHBOND  =         0.0000  RESTRAINT  =         0.0000
 ------------------------------------------------------------------------------


 NSTEP =      506   TIME(PS) =       0.506  TEMP(K) =   183.37  PRESS =     0.0
 Etot   =  -4036981.6052  EKtot   =      4477.1875  EPtot      =  -4041458.7927
 BOND   =         0.0000  ANGLE   =         0.0000  DIHED      =         0.0000
 1-4 NB =         0.0000  1-4 EEL =         0.0000  VDWAALS    =      7847.6011
 EELEC  =  -4049306.3938  EHBOND  =         0.0000  RESTRAINT  =         0.0000
 ------------------------------------------------------------------------------


 NSTEP =      507   TIME(PS) =       0.507  TEMP(K) =   183.17  PRESS =     0.0
 Etot   =  -4036981.6021  EKtot   =      4472.2617  EPtot      =  -4041453.8638
 BOND   =         0.0000  ANGLE   =         0.0000  DIHED      =         0.0000
 1-4 NB =         0.0000  1-4 EEL =         0.0000  VDWAALS    =      7850.6492
 EELEC  =  -4049304.5130  EHBOND  =         0.0000  RESTRAINT  =         0.0000
 ------------------------------------------------------------------------------


 NSTEP =      508   TIME(PS) =       0.508  TEMP(K) =   183.07  PRESS =     0.0
 Etot   =  -4036981.6091  EKtot   =      4469.8268  EPtot      =  -4041451.4359
 BOND   =         0.0000  ANGLE   =         0.0000  DIHED      =         0.0000
 1-4 NB =         0.0000  1-4 EEL =         0.0000  VDWAALS    =      7853.5355
 EELEC  =  -4049304.9714  EHBOND  =         0.0000  RESTRAINT  =         0.0000
 ------------------------------------------------------------------------------


 NSTEP =      509   TIME(PS) =       0.509  TEMP(K) =   183.07  PRESS =     0.0
 Etot   =  -4036981.6252  EKtot   =      4469.7724  EPtot      =  -4041451.3976
 BOND   =         0.0000  ANGLE   =         0.0000  DIHED      =         0.0000
 1-4 NB =         0.0000  1-4 EEL =         0.0000  VDWAALS    =      7856.2517
 EELEC  =  -4049307.6493  EHBOND  =         0.0000  RESTRAINT  =         0.0000
 ------------------------------------------------------------------------------


 NSTEP =      510   TIME(PS) =       0.510  TEMP(K) =   183.15  PRESS =     0.0
 Etot   =  -4036981.6533  EKtot   =      4471.8127  EPtot      =  -4041453.4661
 BOND   =         0.0000  ANGLE   =         0.0000  DIHED      =         0.0000
 1-4 NB =         0.0000  1-4 EEL =         0.0000  VDWAALS    =      7858.7952
 EELEC  =  -4049312.2612  EHBOND  =         0.0000  RESTRAINT  =         0.0000
 ------------------------------------------------------------------------------


 NSTEP =      511   TIME(PS) =       0.511  TEMP(K) =   183.31  PRESS =     0.0
 Etot   =  -4036981.6893  EKtot   =      4475.5147  EPtot      =  -4041457.2040
 BOND   =         0.0000  ANGLE   =         0.0000  DIHED      =         0.0000
 1-4 NB =         0.0000  1-4 EEL =         0.0000  VDWAALS    =      7861.1670
 EELEC  =  -4049318.3710  EHBOND  =         0.0000  RESTRAINT  =         0.0000
 ------------------------------------------------------------------------------


 NSTEP =      512   TIME(PS) =       0.512  TEMP(K) =   183.50  PRESS =     0.0
 Etot   =  -4036981.7271  EKtot   =      4480.3417  EPtot      =  -4041462.0688
 BOND   =         0.0000  ANGLE   =         0.0000  DIHED      =         0.0000
 1-4 NB =         0.0000  1-4 EEL =         0.0000  VDWAALS    =      7863.3707
 EELEC  =  -4049325.4395  EHBOND  =         0.0000  RESTRAINT  =         0.0000
 ------------------------------------------------------------------------------


 NSTEP =      513   TIME(PS) =       0.513  TEMP(K) =   183.72  PRESS =     0.0
 Etot   =  -4036981.7630  EKtot   =      4485.7094  EPtot      =  -4041467.4724
 BOND   =         0.0000  ANGLE   =         0.0000  DIHED      =         0.0000
 1-4 NB =         0.0000  1-4 EEL =         0.0000  VDWAALS    =      7865.4106
 EELEC  =  -4049332.8830  EHBOND  =         0.0000  RESTRAINT  =         0.0000
 ------------------------------------------------------------------------------


 NSTEP =      514   TIME(PS) =       0.514  TEMP(K) =   183.94  PRESS =     0.0
 Etot   =  -4036981.7959  EKtot   =      4491.0462  EPtot      =  -4041472.8420
 BOND   =         0.0000  ANGLE   =         0.0000  DIHED      =         0.0000
 1-4 NB =         0.0000  1-4 EEL =         0.0000  VDWAALS    =      7867.2910
 EELEC  =  -4049340.1331  EHBOND  =         0.0000  RESTRAINT  =         0.0000
 ------------------------------------------------------------------------------


 NSTEP =      515   TIME(PS) =       0.515  TEMP(K) =   184.14  PRESS =     0.0
 Etot   =  -4036981.8217  EKtot   =      4495.8497  EPtot      =  -4041477.6714
 BOND   =         0.0000  ANGLE   =         0.0000  DIHED      =         0.0000
 1-4 NB =         0.0000  1-4 EEL =         0.0000  VDWAALS    =      7869.0149
 EELEC  =  -4049346.6863  EHBOND  =         0.0000  RESTRAINT  =         0.0000
 ------------------------------------------------------------------------------


 NSTEP =      516   TIME(PS) =       0.516  TEMP(K) =   184.30  PRESS =     0.0
 Etot   =  -4036981.8369  EKtot   =      4499.7321  EPtot      =  -4041481.5689
 BOND   =         0.0000  ANGLE   =         0.0000  DIHED      =         0.0000
 1-4 NB =         0.0000  1-4 EEL =         0.0000  VDWAALS    =      7870.5838
 EELEC  =  -4049352.1527  EHBOND  =         0.0000  RESTRAINT  =         0.0000
 ------------------------------------------------------------------------------


 NSTEP =      517   TIME(PS) =       0.517  TEMP(K) =   184.41  PRESS =     0.0
 Etot   =  -4036981.8418  EKtot   =      4502.4493  EPtot      =  -4041484.2910
 BOND   =         0.0000  ANGLE   =         0.0000  DIHED      =         0.0000
 1-4 NB =         0.0000  1-4 EEL =         0.0000  VDWAALS    =      7871.9974
 EELEC  =  -4049356.2884  EHBOND  =         0.0000  RESTRAINT  =         0.0000
 ------------------------------------------------------------------------------


 NSTEP =      518   TIME(PS) =       0.518  TEMP(K) =   184.47  PRESS =     0.0
 Etot   =  -4036981.8382  EKtot   =      4503.9125  EPtot      =  -4041485.7507
 BOND   =         0.0000  ANGLE   =         0.0000  DIHED      =         0.0000
 1-4 NB =         0.0000  1-4 EEL =         0.0000  VDWAALS    =      7873.2535
 EELEC  =  -4049359.0042  EHBOND  =         0.0000  RESTRAINT  =         0.0000
 ------------------------------------------------------------------------------


 NSTEP =      519   TIME(PS) =       0.519  TEMP(K) =   184.48  PRESS =     0.0
 Etot   =  -4036981.8263  EKtot   =      4504.1831  EPtot      =  -4041486.0093
 BOND   =         0.0000  ANGLE   =         0.0000  DIHED      =         0.0000
 1-4 NB =         0.0000  1-4 EEL =         0.0000  VDWAALS    =      7874.3483
 EELEC  =  -4049360.3577  EHBOND  =         0.0000  RESTRAINT  =         0.0000
 ------------------------------------------------------------------------------


 NSTEP =      520   TIME(PS) =       0.520  TEMP(K) =   184.45  PRESS =     0.0
 Etot   =  -4036981.8066  EKtot   =      4503.4549  EPtot      =  -4041485.2615
 BOND   =         0.0000  ANGLE   =         0.0000  DIHED      =         0.0000
 1-4 NB =         0.0000  1-4 EEL =         0.0000  VDWAALS    =      7875.2764
 EELEC  =  -4049360.5379  EHBOND  =         0.0000  RESTRAINT  =         0.0000
 ------------------------------------------------------------------------------


 NSTEP =      521   TIME(PS) =       0.521  TEMP(K) =   184.39  PRESS =     0.0
 Etot   =  -4036981.7824  EKtot   =      4502.0277  EPtot      =  -4041483.8102
 BOND   =         0.0000  ANGLE   =         0.0000  DIHED      =         0.0000
 1-4 NB =         0.0000  1-4 EEL =         0.0000  VDWAALS    =      7876.0311
 EELEC  =  -4049359.8412  EHBOND  =         0.0000  RESTRAINT  =         0.0000
 ------------------------------------------------------------------------------


 NSTEP =      522   TIME(PS) =       0.522  TEMP(K) =   184.32  PRESS =     0.0
 Etot   =  -4036981.7564  EKtot   =      4500.2746  EPtot      =  -4041482.0310
 BOND   =         0.0000  ANGLE   =         0.0000  DIHED      =         0.0000
 1-4 NB =         0.0000  1-4 EEL =         0.0000  VDWAALS    =      7876.6051
 EELEC  =  -4049358.6361  EHBOND  =         0.0000  RESTRAINT  =         0.0000
 ------------------------------------------------------------------------------


 NSTEP =      523   TIME(PS) =       0.523  TEMP(K) =   184.25  PRESS =     0.0
 Etot   =  -4036981.7299  EKtot   =      4498.6057  EPtot      =  -4041480.3356
 BOND   =         0.0000  ANGLE   =         0.0000  DIHED      =         0.0000
 1-4 NB =         0.0000  1-4 EEL =         0.0000  VDWAALS    =      7876.9911
 EELEC  =  -4049357.3267  EHBOND  =         0.0000  RESTRAINT  =         0.0000
 ------------------------------------------------------------------------------


 NSTEP =      524   TIME(PS) =       0.524  TEMP(K) =   184.20  PRESS =     0.0
 Etot   =  -4036981.7052  EKtot   =      4497.4295  EPtot      =  -4041479.1347
 BOND   =         0.0000  ANGLE   =         0.0000  DIHED      =         0.0000
 1-4 NB =         0.0000  1-4 EEL =         0.0000  VDWAALS    =      7877.1823
 EELEC  =  -4049356.3170  EHBOND  =         0.0000  RESTRAINT  =         0.0000
 ------------------------------------------------------------------------------


 NSTEP =      525   TIME(PS) =       0.525  TEMP(K) =   184.19  PRESS =     0.0
 Etot   =  -4036981.6855  EKtot   =      4497.1134  EPtot      =  -4041478.7989
 BOND   =         0.0000  ANGLE   =         0.0000  DIHED      =         0.0000
 1-4 NB =         0.0000  1-4 EEL =         0.0000  VDWAALS    =      7877.1733
 EELEC  =  -4049355.9722  EHBOND  =         0.0000  RESTRAINT  =         0.0000
 ------------------------------------------------------------------------------


 NSTEP =      526   TIME(PS) =       0.526  TEMP(K) =   184.22  PRESS =     0.0
 Etot   =  -4036981.6735  EKtot   =      4497.9440  EPtot      =  -4041479.6176
 BOND   =         0.0000  ANGLE   =         0.0000  DIHED      =         0.0000
 1-4 NB =         0.0000  1-4 EEL =         0.0000  VDWAALS    =      7876.9613
 EELEC  =  -4049356.5789  EHBOND  =         0.0000  RESTRAINT  =         0.0000
 ------------------------------------------------------------------------------


 NSTEP =      527   TIME(PS) =       0.527  TEMP(K) =   184.31  PRESS =     0.0
 Etot   =  -4036981.6703  EKtot   =      4500.0933  EPtot      =  -4041481.7637
 BOND   =         0.0000  ANGLE   =         0.0000  DIHED      =         0.0000
 1-4 NB =         0.0000  1-4 EEL =         0.0000  VDWAALS    =      7876.5468
 EELEC  =  -4049358.3105  EHBOND  =         0.0000  RESTRAINT  =         0.0000
 ------------------------------------------------------------------------------


 NSTEP =      528   TIME(PS) =       0.528  TEMP(K) =   184.46  PRESS =     0.0
 Etot   =  -4036981.6763  EKtot   =      4503.5949  EPtot      =  -4041485.2712
 BOND   =         0.0000  ANGLE   =         0.0000  DIHED      =         0.0000
 1-4 NB =         0.0000  1-4 EEL =         0.0000  VDWAALS    =      7875.9346
 EELEC  =  -4049361.2058  EHBOND  =         0.0000  RESTRAINT  =         0.0000
 ------------------------------------------------------------------------------


 NSTEP =      529   TIME(PS) =       0.529  TEMP(K) =   184.65  PRESS =     0.0
 Etot   =  -4036981.6917  EKtot   =      4508.3352  EPtot      =  -4041490.0269
 BOND   =         0.0000  ANGLE   =         0.0000  DIHED      =         0.0000
 1-4 NB =         0.0000  1-4 EEL =         0.0000  VDWAALS    =      7875.1344
 EELEC  =  -4049365.1613  EHBOND  =         0.0000  RESTRAINT  =         0.0000
 ------------------------------------------------------------------------------


 NSTEP =      530   TIME(PS) =       0.530  TEMP(K) =   184.88  PRESS =     0.0
 Etot   =  -4036981.7150  EKtot   =      4514.0644  EPtot      =  -4041495.7793
 BOND   =         0.0000  ANGLE   =         0.0000  DIHED      =         0.0000
 1-4 NB =         0.0000  1-4 EEL =         0.0000  VDWAALS    =      7874.1617
 EELEC  =  -4049369.9410  EHBOND  =         0.0000  RESTRAINT  =         0.0000
 ------------------------------------------------------------------------------


 NSTEP =      531   TIME(PS) =       0.531  TEMP(K) =   185.14  PRESS =     0.0
 Etot   =  -4036981.7421  EKtot   =      4520.4256  EPtot      =  -4041502.1677
 BOND   =         0.0000  ANGLE   =         0.0000  DIHED      =         0.0000
 1-4 NB =         0.0000  1-4 EEL =         0.0000  VDWAALS    =      7873.0371
 EELEC  =  -4049375.2048  EHBOND  =         0.0000  RESTRAINT  =         0.0000
 ------------------------------------------------------------------------------


 NSTEP =      532   TIME(PS) =       0.532  TEMP(K) =   185.41  PRESS =     0.0
 Etot   =  -4036981.7696  EKtot   =      4527.0002  EPtot      =  -4041508.7699
 BOND   =         0.0000  ANGLE   =         0.0000  DIHED      =         0.0000
 1-4 NB =         0.0000  1-4 EEL =         0.0000  VDWAALS    =      7871.7870
 EELEC  =  -4049380.5569  EHBOND  =         0.0000  RESTRAINT  =         0.0000
 ------------------------------------------------------------------------------


 NSTEP =      533   TIME(PS) =       0.533  TEMP(K) =   185.67  PRESS =     0.0
 Etot   =  -4036981.7947  EKtot   =      4533.3605  EPtot      =  -4041515.1552
 BOND   =         0.0000  ANGLE   =         0.0000  DIHED      =         0.0000
 1-4 NB =         0.0000  1-4 EEL =         0.0000  VDWAALS    =      7870.4423
 EELEC  =  -4049385.5975  EHBOND  =         0.0000  RESTRAINT  =         0.0000
 ------------------------------------------------------------------------------


 NSTEP =      534   TIME(PS) =       0.534  TEMP(K) =   185.91  PRESS =     0.0
 Etot   =  -4036981.8142  EKtot   =      4539.1227  EPtot      =  -4041520.9369
 BOND   =         0.0000  ANGLE   =         0.0000  DIHED      =         0.0000
 1-4 NB =         0.0000  1-4 EEL =         0.0000  VDWAALS    =      7869.0377
 EELEC  =  -4049389.9746  EHBOND  =         0.0000  RESTRAINT  =         0.0000
 ------------------------------------------------------------------------------


 NSTEP =      535   TIME(PS) =       0.535  TEMP(K) =   186.11  PRESS =     0.0
 Etot   =  -4036981.8255  EKtot   =      4543.9901  EPtot      =  -4041525.8157
 BOND   =         0.0000  ANGLE   =         0.0000  DIHED      =         0.0000
 1-4 NB =         0.0000  1-4 EEL =         0.0000  VDWAALS    =      7867.6105
 EELEC  =  -4049393.4262  EHBOND  =         0.0000  RESTRAINT  =         0.0000
 ------------------------------------------------------------------------------


 NSTEP =      536   TIME(PS) =       0.536  TEMP(K) =   186.27  PRESS =     0.0
 Etot   =  -4036981.8285  EKtot   =      4547.7799  EPtot      =  -4041529.6083
 BOND   =         0.0000  ANGLE   =         0.0000  DIHED      =         0.0000
 1-4 NB =         0.0000  1-4 EEL =         0.0000  VDWAALS    =      7866.1995
 EELEC  =  -4049395.8078  EHBOND  =         0.0000  RESTRAINT  =         0.0000
 ------------------------------------------------------------------------------


 NSTEP =      537   TIME(PS) =       0.537  TEMP(K) =   186.37  PRESS =     0.0
 Etot   =  -4036981.8243  EKtot   =      4550.4296  EPtot      =  -4041532.2539
 BOND   =         0.0000  ANGLE   =         0.0000  DIHED      =         0.0000
 1-4 NB =         0.0000  1-4 EEL =         0.0000  VDWAALS    =      7864.8436
 EELEC  =  -4049397.0975  EHBOND  =         0.0000  RESTRAINT  =         0.0000
 ------------------------------------------------------------------------------


 NSTEP =      538   TIME(PS) =       0.538  TEMP(K) =   186.44  PRESS =     0.0
 Etot   =  -4036981.8148  EKtot   =      4551.9865  EPtot      =  -4041533.8012
 BOND   =         0.0000  ANGLE   =         0.0000  DIHED      =         0.0000
 1-4 NB =         0.0000  1-4 EEL =         0.0000  VDWAALS    =      7863.5813
 EELEC  =  -4049397.3825  EHBOND  =         0.0000  RESTRAINT  =         0.0000
 ------------------------------------------------------------------------------


 NSTEP =      539   TIME(PS) =       0.539  TEMP(K) =   186.46  PRESS =     0.0
 Etot   =  -4036981.8015  EKtot   =      4552.5806  EPtot      =  -4041534.3822
 BOND   =         0.0000  ANGLE   =         0.0000  DIHED      =         0.0000
 1-4 NB =         0.0000  1-4 EEL =         0.0000  VDWAALS    =      7862.4495
 EELEC  =  -4049396.8317  EHBOND  =         0.0000  RESTRAINT  =         0.0000
 ------------------------------------------------------------------------------


 NSTEP =      540   TIME(PS) =       0.540  TEMP(K) =   186.45  PRESS =     0.0
 Etot   =  -4036981.7874  EKtot   =      4552.3918  EPtot      =  -4041534.1792
 BOND   =         0.0000  ANGLE   =         0.0000  DIHED      =         0.0000
 1-4 NB =         0.0000  1-4 EEL =         0.0000  VDWAALS    =      7861.4836
 EELEC  =  -4049395.6627  EHBOND  =         0.0000  RESTRAINT  =         0.0000
 ------------------------------------------------------------------------------


 NSTEP =      541   TIME(PS) =       0.541  TEMP(K) =   186.42  PRESS =     0.0
 Etot   =  -4036981.7750  EKtot   =      4551.6138  EPtot      =  -4041533.3888
 BOND   =         0.0000  ANGLE   =         0.0000  DIHED      =         0.0000
 1-4 NB =         0.0000  1-4 EEL =         0.0000  VDWAALS    =      7860.7169
 EELEC  =  -4049394.1057  EHBOND  =         0.0000  RESTRAINT  =         0.0000
 ------------------------------------------------------------------------------


 NSTEP =      542   TIME(PS) =       0.542  TEMP(K) =   186.37  PRESS =     0.0
 Etot   =  -4036981.7657  EKtot   =      4550.4233  EPtot      =  -4041532.1890
 BOND   =         0.0000  ANGLE   =         0.0000  DIHED      =         0.0000
 1-4 NB =         0.0000  1-4 EEL =         0.0000  VDWAALS    =      7860.1807
 EELEC  =  -4049392.3697  EHBOND  =         0.0000  RESTRAINT  =         0.0000
 ------------------------------------------------------------------------------


 NSTEP =      543   TIME(PS) =       0.543  TEMP(K) =   186.31  PRESS =     0.0
 Etot   =  -4036981.7601  EKtot   =      4548.9566  EPtot      =  -4041530.7167
 BOND   =         0.0000  ANGLE   =         0.0000  DIHED      =         0.0000
 1-4 NB =         0.0000  1-4 EEL =         0.0000  VDWAALS    =      7859.9038
 EELEC  =  -4049390.6205  EHBOND  =         0.0000  RESTRAINT  =         0.0000
 ------------------------------------------------------------------------------


 NSTEP =      544   TIME(PS) =       0.544  TEMP(K) =   186.25  PRESS =     0.0
 Etot   =  -4036981.7589  EKtot   =      4547.2955  EPtot      =  -4041529.0544
 BOND   =         0.0000  ANGLE   =         0.0000  DIHED      =         0.0000
 1-4 NB =         0.0000  1-4 EEL =         0.0000  VDWAALS    =      7859.9126
 EELEC  =  -4049388.9670  EHBOND  =         0.0000  RESTRAINT  =         0.0000
 ------------------------------------------------------------------------------


 NSTEP =      545   TIME(PS) =       0.545  TEMP(K) =   186.17  PRESS =     0.0
 Etot   =  -4036981.7619  EKtot   =      4545.4644  EPtot      =  -4041527.2263
 BOND   =         0.0000  ANGLE   =         0.0000  DIHED      =         0.0000
 1-4 NB =         0.0000  1-4 EEL =         0.0000  VDWAALS    =      7860.2299
 EELEC  =  -4049387.4562  EHBOND  =         0.0000  RESTRAINT  =         0.0000
 ------------------------------------------------------------------------------


 NSTEP =      546   TIME(PS) =       0.546  TEMP(K) =   186.09  PRESS =     0.0
 Etot   =  -4036981.7677  EKtot   =      4543.4357  EPtot      =  -4041525.2034
 BOND   =         0.0000  ANGLE   =         0.0000  DIHED      =         0.0000
 1-4 NB =         0.0000  1-4 EEL =         0.0000  VDWAALS    =      7860.8741
 EELEC  =  -4049386.0775  EHBOND  =         0.0000  RESTRAINT  =         0.0000
 ------------------------------------------------------------------------------


 NSTEP =      547   TIME(PS) =       0.547  TEMP(K) =   185.99  PRESS =     0.0
 Etot   =  -4036981.7748  EKtot   =      4541.1440  EPtot      =  -4041522.9187
 BOND   =         0.0000  ANGLE   =         0.0000  DIHED      =         0.0000
 1-4 NB =         0.0000  1-4 EEL =         0.0000  VDWAALS    =      7861.8581
 EELEC  =  -4049384.7768  EHBOND  =         0.0000  RESTRAINT  =         0.0000
 ------------------------------------------------------------------------------


 NSTEP =      548   TIME(PS) =       0.548  TEMP(K) =   185.89  PRESS =     0.0
 Etot   =  -4036981.7822  EKtot   =      4538.5042  EPtot      =  -4041520.2864
 BOND   =         0.0000  ANGLE   =         0.0000  DIHED      =         0.0000
 1-4 NB =         0.0000  1-4 EEL =         0.0000  VDWAALS    =      7863.1879
 EELEC  =  -4049383.4743  EHBOND  =         0.0000  RESTRAINT  =         0.0000
 ------------------------------------------------------------------------------


 NSTEP =      549   TIME(PS) =       0.549  TEMP(K) =   185.76  PRESS =     0.0
 Etot   =  -4036981.7885  EKtot   =      4535.4324  EPtot      =  -4041517.2209
 BOND   =         0.0000  ANGLE   =         0.0000  DIHED      =         0.0000
 1-4 NB =         0.0000  1-4 EEL =         0.0000  VDWAALS    =      7864.8613
 EELEC  =  -4049382.0822  EHBOND  =         0.0000  RESTRAINT  =         0.0000
 ------------------------------------------------------------------------------


 NSTEP =      550   TIME(PS) =       0.550  TEMP(K) =   185.61  PRESS =     0.0
 Etot   =  -4036981.7922  EKtot   =      4531.8645  EPtot      =  -4041513.6567
 BOND   =         0.0000  ANGLE   =         0.0000  DIHED      =         0.0000
 1-4 NB =         0.0000  1-4 EEL =         0.0000  VDWAALS    =      7866.8672
 EELEC  =  -4049380.5240  EHBOND  =         0.0000  RESTRAINT  =         0.0000
 ------------------------------------------------------------------------------


 NSTEP =      551   TIME(PS) =       0.551  TEMP(K) =   185.45  PRESS =     0.0
 Etot   =  -4036981.7926  EKtot   =      4527.7709  EPtot      =  -4041509.5635
 BOND   =         0.0000  ANGLE   =         0.0000  DIHED      =         0.0000
 1-4 NB =         0.0000  1-4 EEL =         0.0000  VDWAALS    =      7869.1850
 EELEC  =  -4049378.7485  EHBOND  =         0.0000  RESTRAINT  =         0.0000
 ------------------------------------------------------------------------------


 NSTEP =      552   TIME(PS) =       0.552  TEMP(K) =   185.26  PRESS =     0.0
 Etot   =  -4036981.7902  EKtot   =      4523.1633  EPtot      =  -4041504.9535
 BOND   =         0.0000  ANGLE   =         0.0000  DIHED      =         0.0000
 1-4 NB =         0.0000  1-4 EEL =         0.0000  VDWAALS    =      7871.7846
 EELEC  =  -4049376.7381  EHBOND  =         0.0000  RESTRAINT  =         0.0000
 ------------------------------------------------------------------------------


 NSTEP =      553   TIME(PS) =       0.553  TEMP(K) =   185.05  PRESS =     0.0
 Etot   =  -4036981.7855  EKtot   =      4518.0964  EPtot      =  -4041499.8819
 BOND   =         0.0000  ANGLE   =         0.0000  DIHED      =         0.0000
 1-4 NB =         0.0000  1-4 EEL =         0.0000  VDWAALS    =      7874.6278
 EELEC  =  -4049374.5098  EHBOND  =         0.0000  RESTRAINT  =         0.0000
 ------------------------------------------------------------------------------


 NSTEP =      554   TIME(PS) =       0.554  TEMP(K) =   184.83  PRESS =     0.0
 Etot   =  -4036981.7779  EKtot   =      4512.6649  EPtot      =  -4041494.4428
 BOND   =         0.0000  ANGLE   =         0.0000  DIHED      =         0.0000
 1-4 NB =         0.0000  1-4 EEL =         0.0000  VDWAALS    =      7877.6691
 EELEC  =  -4049372.1119  EHBOND  =         0.0000  RESTRAINT  =         0.0000
 ------------------------------------------------------------------------------


 NSTEP =      555   TIME(PS) =       0.555  TEMP(K) =   184.59  PRESS =     0.0
 Etot   =  -4036981.7680  EKtot   =      4506.9982  EPtot      =  -4041488.7663
 BOND   =         0.0000  ANGLE   =         0.0000  DIHED      =         0.0000
 1-4 NB =         0.0000  1-4 EEL =         0.0000  VDWAALS    =      7880.8581
 EELEC  =  -4049369.6244  EHBOND  =         0.0000  RESTRAINT  =         0.0000
 ------------------------------------------------------------------------------


 NSTEP =      556   TIME(PS) =       0.556  TEMP(K) =   184.36  PRESS =     0.0
 Etot   =  -4036981.7570  EKtot   =      4501.2567  EPtot      =  -4041483.0137
 BOND   =         0.0000  ANGLE   =         0.0000  DIHED      =         0.0000
 1-4 NB =         0.0000  1-4 EEL =         0.0000  VDWAALS    =      7884.1417
 EELEC  =  -4049367.1554  EHBOND  =         0.0000  RESTRAINT  =         0.0000
 ------------------------------------------------------------------------------


 NSTEP =      557   TIME(PS) =       0.557  TEMP(K) =   184.13  PRESS =     0.0
 Etot   =  -4036981.7446  EKtot   =      4495.6267  EPtot      =  -4041477.3713
 BOND   =         0.0000  ANGLE   =         0.0000  DIHED      =         0.0000
 1-4 NB =         0.0000  1-4 EEL =         0.0000  VDWAALS    =      7887.4663
 EELEC  =  -4049364.8376  EHBOND  =         0.0000  RESTRAINT  =         0.0000
 ------------------------------------------------------------------------------


 NSTEP =      558   TIME(PS) =       0.558  TEMP(K) =   183.91  PRESS =     0.0
 Etot   =  -4036981.7308  EKtot   =      4490.3152  EPtot      =  -4041472.0461
 BOND   =         0.0000  ANGLE   =         0.0000  DIHED      =         0.0000
 1-4 NB =         0.0000  1-4 EEL =         0.0000  VDWAALS    =      7890.7799
 EELEC  =  -4049362.8260  EHBOND  =         0.0000  RESTRAINT  =         0.0000
 ------------------------------------------------------------------------------


 NSTEP =      559   TIME(PS) =       0.559  TEMP(K) =   183.72  PRESS =     0.0
 Etot   =  -4036981.7172  EKtot   =      4485.5400  EPtot      =  -4041467.2572
 BOND   =         0.0000  ANGLE   =         0.0000  DIHED      =         0.0000
 1-4 NB =         0.0000  1-4 EEL =         0.0000  VDWAALS    =      7894.0346
 EELEC  =  -4049361.2918  EHBOND  =         0.0000  RESTRAINT  =         0.0000
 ------------------------------------------------------------------------------


 NSTEP =      560   TIME(PS) =       0.560  TEMP(K) =   183.55  PRESS =     0.0
 Etot   =  -4036981.7054  EKtot   =      4481.5136  EPtot      =  -4041463.2190
 BOND   =         0.0000  ANGLE   =         0.0000  DIHED      =         0.0000
 1-4 NB =         0.0000  1-4 EEL =         0.0000  VDWAALS    =      7897.1877
 EELEC  =  -4049360.4067  EHBOND  =         0.0000  RESTRAINT  =         0.0000
 ------------------------------------------------------------------------------


 NSTEP =      561   TIME(PS) =       0.561  TEMP(K) =   183.42  PRESS =     0.0
 Etot   =  -4036981.6966  EKtot   =      4478.4222  EPtot      =  -4041460.1188
 BOND   =         0.0000  ANGLE   =         0.0000  DIHED      =         0.0000
 1-4 NB =         0.0000  1-4 EEL =         0.0000  VDWAALS    =      7900.2033
 EELEC  =  -4049360.3221  EHBOND  =         0.0000  RESTRAINT  =         0.0000
 ------------------------------------------------------------------------------


 NSTEP =      562   TIME(PS) =       0.562  TEMP(K) =   183.34  PRESS =     0.0
 Etot   =  -4036981.6921  EKtot   =      4476.4020  EPtot      =  -4041458.0941
 BOND   =         0.0000  ANGLE   =         0.0000  DIHED      =         0.0000
 1-4 NB =         0.0000  1-4 EEL =         0.0000  VDWAALS    =      7903.0526
 EELEC  =  -4049361.1467  EHBOND  =         0.0000  RESTRAINT  =         0.0000
 ------------------------------------------------------------------------------


 NSTEP =      563   TIME(PS) =       0.563  TEMP(K) =   183.31  PRESS =     0.0
 Etot   =  -4036981.6936  EKtot   =      4475.5170  EPtot      =  -4041457.2106
 BOND   =         0.0000  ANGLE   =         0.0000  DIHED      =         0.0000
 1-4 NB =         0.0000  1-4 EEL =         0.0000  VDWAALS    =      7905.7146
 EELEC  =  -4049362.9251  EHBOND  =         0.0000  RESTRAINT  =         0.0000
 ------------------------------------------------------------------------------


 NSTEP =      564   TIME(PS) =       0.564  TEMP(K) =   183.31  PRESS =     0.0
 Etot   =  -4036981.7017  EKtot   =      4475.7429  EPtot      =  -4041457.4445
 BOND   =         0.0000  ANGLE   =         0.0000  DIHED      =         0.0000
 1-4 NB =         0.0000  1-4 EEL =         0.0000  VDWAALS    =      7908.1755
 EELEC  =  -4049365.6200  EHBOND  =         0.0000  RESTRAINT  =         0.0000
 ------------------------------------------------------------------------------


 NSTEP =      565   TIME(PS) =       0.565  TEMP(K) =   183.36  PRESS =     0.0
 Etot   =  -4036981.7154  EKtot   =      4476.9621  EPtot      =  -4041458.6775
 BOND   =         0.0000  ANGLE   =         0.0000  DIHED      =         0.0000
 1-4 NB =         0.0000  1-4 EEL =         0.0000  VDWAALS    =      7910.4284
 EELEC  =  -4049369.1058  EHBOND  =         0.0000  RESTRAINT  =         0.0000
 ------------------------------------------------------------------------------


 NSTEP =      566   TIME(PS) =       0.566  TEMP(K) =   183.45  PRESS =     0.0
 Etot   =  -4036981.7334  EKtot   =      4478.9708  EPtot      =  -4041460.7042
 BOND   =         0.0000  ANGLE   =         0.0000  DIHED      =         0.0000
 1-4 NB =         0.0000  1-4 EEL =         0.0000  VDWAALS    =      7912.4719
 EELEC  =  -4049373.1761  EHBOND  =         0.0000  RESTRAINT  =         0.0000
 ------------------------------------------------------------------------------


 NSTEP =      567   TIME(PS) =       0.567  TEMP(K) =   183.55  PRESS =     0.0
 Etot   =  -4036981.7547  EKtot   =      4481.4968  EPtot      =  -4041463.2515
 BOND   =         0.0000  ANGLE   =         0.0000  DIHED      =         0.0000
 1-4 NB =         0.0000  1-4 EEL =         0.0000  VDWAALS    =      7914.3097
 EELEC  =  -4049377.5612  EHBOND  =         0.0000  RESTRAINT  =         0.0000
 ------------------------------------------------------------------------------


 NSTEP =      568   TIME(PS) =       0.568  TEMP(K) =   183.66  PRESS =     0.0
 Etot   =  -4036981.7767  EKtot   =      4484.2277  EPtot      =  -4041466.0044
 BOND   =         0.0000  ANGLE   =         0.0000  DIHED      =         0.0000
 1-4 NB =         0.0000  1-4 EEL =         0.0000  VDWAALS    =      7915.9484
 EELEC  =  -4049381.9528  EHBOND  =         0.0000  RESTRAINT  =         0.0000
 ------------------------------------------------------------------------------


 NSTEP =      569   TIME(PS) =       0.569  TEMP(K) =   183.77  PRESS =     0.0
 Etot   =  -4036981.7971  EKtot   =      4486.8431  EPtot      =  -4041468.6402
 BOND   =         0.0000  ANGLE   =         0.0000  DIHED      =         0.0000
 1-4 NB =         0.0000  1-4 EEL =         0.0000  VDWAALS    =      7917.3975
 EELEC  =  -4049386.0376  EHBOND  =         0.0000  RESTRAINT  =         0.0000
 ------------------------------------------------------------------------------


 NSTEP =      570   TIME(PS) =       0.570  TEMP(K) =   183.86  PRESS =     0.0
 Etot   =  -4036981.8138  EKtot   =      4489.0509  EPtot      =  -4041470.8647
 BOND   =         0.0000  ANGLE   =         0.0000  DIHED      =         0.0000
 1-4 NB =         0.0000  1-4 EEL =         0.0000  VDWAALS    =      7918.6673
 EELEC  =  -4049389.5320  EHBOND  =         0.0000  RESTRAINT  =         0.0000
 ------------------------------------------------------------------------------


 NSTEP =      571   TIME(PS) =       0.571  TEMP(K) =   183.92  PRESS =     0.0
 Etot   =  -4036981.8248  EKtot   =      4490.6218  EPtot      =  -4041472.4466
 BOND   =         0.0000  ANGLE   =         0.0000  DIHED      =         0.0000
 1-4 NB =         0.0000  1-4 EEL =         0.0000  VDWAALS    =      7919.7692
 EELEC  =  -4049392.2159  EHBOND  =         0.0000  RESTRAINT  =         0.0000
 ------------------------------------------------------------------------------


 NSTEP =      572   TIME(PS) =       0.572  TEMP(K) =   183.96  PRESS =     0.0
 Etot   =  -4036981.8288  EKtot   =      4491.4197  EPtot      =  -4041473.2485
 BOND   =         0.0000  ANGLE   =         0.0000  DIHED      =         0.0000
 1-4 NB =         0.0000  1-4 EEL =         0.0000  VDWAALS    =      7920.7147
 EELEC  =  -4049393.9632  EHBOND  =         0.0000  RESTRAINT  =         0.0000
 ------------------------------------------------------------------------------


 NSTEP =      573   TIME(PS) =       0.573  TEMP(K) =   183.96  PRESS =     0.0
 Etot   =  -4036981.8241  EKtot   =      4491.4237  EPtot      =  -4041473.2478
 BOND   =         0.0000  ANGLE   =         0.0000  DIHED      =         0.0000
 1-4 NB =         0.0000  1-4 EEL =         0.0000  VDWAALS    =      7921.5154
 EELEC  =  -4049394.7632  EHBOND  =         0.0000  RESTRAINT  =         0.0000
 ------------------------------------------------------------------------------


 NSTEP =      574   TIME(PS) =       0.574  TEMP(K) =   183.93  PRESS =     0.0
 Etot   =  -4036981.8113  EKtot   =      4490.7395  EPtot      =  -4041472.5508
 BOND   =         0.0000  ANGLE   =         0.0000  DIHED      =         0.0000
 1-4 NB =         0.0000  1-4 EEL =         0.0000  VDWAALS    =      7922.1834
 EELEC  =  -4049394.7341  EHBOND  =         0.0000  RESTRAINT  =         0.0000
 ------------------------------------------------------------------------------


 NSTEP =      575   TIME(PS) =       0.575  TEMP(K) =   183.88  PRESS =     0.0
 Etot   =  -4036981.7920  EKtot   =      4489.5938  EPtot      =  -4041471.3858
 BOND   =         0.0000  ANGLE   =         0.0000  DIHED      =         0.0000
 1-4 NB =         0.0000  1-4 EEL =         0.0000  VDWAALS    =      7922.7316
 EELEC  =  -4049394.1174  EHBOND  =         0.0000  RESTRAINT  =         0.0000
 ------------------------------------------------------------------------------


 NSTEP =      576   TIME(PS) =       0.576  TEMP(K) =   183.83  PRESS =     0.0
 Etot   =  -4036981.7681  EKtot   =      4488.3133  EPtot      =  -4041470.0814
 BOND   =         0.0000  ANGLE   =         0.0000  DIHED      =         0.0000
 1-4 NB =         0.0000  1-4 EEL =         0.0000  VDWAALS    =      7923.1739
 EELEC  =  -4049393.2554  EHBOND  =         0.0000  RESTRAINT  =         0.0000
 ------------------------------------------------------------------------------


 NSTEP =      577   TIME(PS) =       0.577  TEMP(K) =   183.79  PRESS =     0.0
 Etot   =  -4036981.7424  EKtot   =      4487.2873  EPtot      =  -4041469.0297
 BOND   =         0.0000  ANGLE   =         0.0000  DIHED      =         0.0000
 1-4 NB =         0.0000  1-4 EEL =         0.0000  VDWAALS    =      7923.5258
 EELEC  =  -4049392.5555  EHBOND  =         0.0000  RESTRAINT  =         0.0000
 ------------------------------------------------------------------------------


 NSTEP =      578   TIME(PS) =       0.578  TEMP(K) =   183.77  PRESS =     0.0
 Etot   =  -4036981.7190  EKtot   =      4486.9185  EPtot      =  -4041468.6375
 BOND   =         0.0000  ANGLE   =         0.0000  DIHED      =         0.0000
 1-4 NB =         0.0000  1-4 EEL =         0.0000  VDWAALS    =      7923.8037
 EELEC  =  -4049392.4412  EHBOND  =         0.0000  RESTRAINT  =         0.0000
 ------------------------------------------------------------------------------


 NSTEP =      579   TIME(PS) =       0.579  TEMP(K) =   183.80  PRESS =     0.0
 Etot   =  -4036981.7011  EKtot   =      4487.5708  EPtot      =  -4041469.2719
 BOND   =         0.0000  ANGLE   =         0.0000  DIHED      =         0.0000
 1-4 NB =         0.0000  1-4 EEL =         0.0000  VDWAALS    =      7924.0253
 EELEC  =  -4049393.2972  EHBOND  =         0.0000  RESTRAINT  =         0.0000
 ------------------------------------------------------------------------------


 NSTEP =      580   TIME(PS) =       0.580  TEMP(K) =   183.88  PRESS =     0.0
 Etot   =  -4036981.6911  EKtot   =      4489.5195  EPtot      =  -4041471.2106
 BOND   =         0.0000  ANGLE   =         0.0000  DIHED      =         0.0000
 1-4 NB =         0.0000  1-4 EEL =         0.0000  VDWAALS    =      7924.2087
 EELEC  =  -4049395.4193  EHBOND  =         0.0000  RESTRAINT  =         0.0000
 ------------------------------------------------------------------------------


 NSTEP =      581   TIME(PS) =       0.581  TEMP(K) =   184.02  PRESS =     0.0
 Etot   =  -4036981.6905  EKtot   =      4492.9141  EPtot      =  -4041474.6046
 BOND   =         0.0000  ANGLE   =         0.0000  DIHED      =         0.0000
 1-4 NB =         0.0000  1-4 EEL =         0.0000  VDWAALS    =      7924.3710
 EELEC  =  -4049398.9756  EHBOND  =         0.0000  RESTRAINT  =         0.0000
 ------------------------------------------------------------------------------


 NSTEP =      582   TIME(PS) =       0.582  TEMP(K) =   184.22  PRESS =     0.0
 Etot   =  -4036981.6993  EKtot   =      4497.7583  EPtot      =  -4041479.4576
 BOND   =         0.0000  ANGLE   =         0.0000  DIHED      =         0.0000
 1-4 NB =         0.0000  1-4 EEL =         0.0000  VDWAALS    =      7924.5279
 EELEC  =  -4049403.9855  EHBOND  =         0.0000  RESTRAINT  =         0.0000
 ------------------------------------------------------------------------------


 NSTEP =      583   TIME(PS) =       0.583  TEMP(K) =   184.47  PRESS =     0.0
 Etot   =  -4036981.7166  EKtot   =      4503.9104  EPtot      =  -4041485.6271
 BOND   =         0.0000  ANGLE   =         0.0000  DIHED      =         0.0000
 1-4 NB =         0.0000  1-4 EEL =         0.0000  VDWAALS    =      7924.6918
 EELEC  =  -4049410.3188  EHBOND  =         0.0000  RESTRAINT  =         0.0000
 ------------------------------------------------------------------------------


 NSTEP =      584   TIME(PS) =       0.584  TEMP(K) =   184.76  PRESS =     0.0
 Etot   =  -4036981.7400  EKtot   =      4511.1012  EPtot      =  -4041492.8412
 BOND   =         0.0000  ANGLE   =         0.0000  DIHED      =         0.0000
 1-4 NB =         0.0000  1-4 EEL =         0.0000  VDWAALS    =      7924.8715
 EELEC  =  -4049417.7127  EHBOND  =         0.0000  RESTRAINT  =         0.0000
 ------------------------------------------------------------------------------


 NSTEP =      585   TIME(PS) =       0.585  TEMP(K) =   185.08  PRESS =     0.0
 Etot   =  -4036981.7675  EKtot   =      4518.9653  EPtot      =  -4041500.7328
 BOND   =         0.0000  ANGLE   =         0.0000  DIHED      =         0.0000
 1-4 NB =         0.0000  1-4 EEL =         0.0000  VDWAALS    =      7925.0713
 EELEC  =  -4049425.8041  EHBOND  =         0.0000  RESTRAINT  =         0.0000
 ------------------------------------------------------------------------------


 NSTEP =      586   TIME(PS) =       0.586  TEMP(K) =   185.42  PRESS =     0.0
 Etot   =  -4036981.7954  EKtot   =      4527.0810  EPtot      =  -4041508.8764
 BOND   =         0.0000  ANGLE   =         0.0000  DIHED      =         0.0000
 1-4 NB =         0.0000  1-4 EEL =         0.0000  VDWAALS    =      7925.2907
 EELEC  =  -4049434.1671  EHBOND  =         0.0000  RESTRAINT  =         0.0000
 ------------------------------------------------------------------------------


 NSTEP =      587   TIME(PS) =       0.587  TEMP(K) =   185.74  PRESS =     0.0
 Etot   =  -4036981.8219  EKtot   =      4535.0110  EPtot      =  -4041516.8329
 BOND   =         0.0000  ANGLE   =         0.0000  DIHED      =         0.0000
 1-4 NB =         0.0000  1-4 EEL =         0.0000  VDWAALS    =      7925.5251
 EELEC  =  -4049442.3580  EHBOND  =         0.0000  RESTRAINT  =         0.0000
 ------------------------------------------------------------------------------


 NSTEP =      588   TIME(PS) =       0.588  TEMP(K) =   186.04  PRESS =     0.0
 Etot   =  -4036981.8453  EKtot   =      4542.3399  EPtot      =  -4041524.1852
 BOND   =         0.0000  ANGLE   =         0.0000  DIHED      =         0.0000
 1-4 NB =         0.0000  1-4 EEL =         0.0000  VDWAALS    =      7925.7659
 EELEC  =  -4049449.9511  EHBOND  =         0.0000  RESTRAINT  =         0.0000
 ------------------------------------------------------------------------------


 NSTEP =      589   TIME(PS) =       0.589  TEMP(K) =   186.30  PRESS =     0.0
 Etot   =  -4036981.8635  EKtot   =      4548.7051  EPtot      =  -4041530.5686
 BOND   =         0.0000  ANGLE   =         0.0000  DIHED      =         0.0000
 1-4 NB =         0.0000  1-4 EEL =         0.0000  VDWAALS    =      7926.0024
 EELEC  =  -4049456.5709  EHBOND  =         0.0000  RESTRAINT  =         0.0000
 ------------------------------------------------------------------------------


 NSTEP =      590   TIME(PS) =       0.590  TEMP(K) =   186.51  PRESS =     0.0
 Etot   =  -4036981.8752  EKtot   =      4553.8208  EPtot      =  -4041535.6960
 BOND   =         0.0000  ANGLE   =         0.0000  DIHED      =         0.0000
 1-4 NB =         0.0000  1-4 EEL =         0.0000  VDWAALS    =      7926.2219
 EELEC  =  -4049461.9179  EHBOND  =         0.0000  RESTRAINT  =         0.0000
 ------------------------------------------------------------------------------


 NSTEP =      591   TIME(PS) =       0.591  TEMP(K) =   186.66  PRESS =     0.0
 Etot   =  -4036981.8807  EKtot   =      4557.4931  EPtot      =  -4041539.3738
 BOND   =         0.0000  ANGLE   =         0.0000  DIHED      =         0.0000
 1-4 NB =         0.0000  1-4 EEL =         0.0000  VDWAALS    =      7926.4120
 EELEC  =  -4049465.7858  EHBOND  =         0.0000  RESTRAINT  =         0.0000
 ------------------------------------------------------------------------------


 NSTEP =      592   TIME(PS) =       0.592  TEMP(K) =   186.75  PRESS =     0.0
 Etot   =  -4036981.8795  EKtot   =      4559.6286  EPtot      =  -4041541.5081
 BOND   =         0.0000  ANGLE   =         0.0000  DIHED      =         0.0000
 1-4 NB =         0.0000  1-4 EEL =         0.0000  VDWAALS    =      7926.5612
 EELEC  =  -4049468.0693  EHBOND  =         0.0000  RESTRAINT  =         0.0000
 ------------------------------------------------------------------------------


 NSTEP =      593   TIME(PS) =       0.593  TEMP(K) =   186.78  PRESS =     0.0
 Etot   =  -4036981.8717  EKtot   =      4560.2360  EPtot      =  -4041542.1077
 BOND   =         0.0000  ANGLE   =         0.0000  DIHED      =         0.0000
 1-4 NB =         0.0000  1-4 EEL =         0.0000  VDWAALS    =      7926.6600
 EELEC  =  -4049468.7677  EHBOND  =         0.0000  RESTRAINT  =         0.0000
 ------------------------------------------------------------------------------


 NSTEP =      594   TIME(PS) =       0.594  TEMP(K) =   186.74  PRESS =     0.0
 Etot   =  -4036981.8581  EKtot   =      4559.4229  EPtot      =  -4041541.2810
 BOND   =         0.0000  ANGLE   =         0.0000  DIHED      =         0.0000
 1-4 NB =         0.0000  1-4 EEL =         0.0000  VDWAALS    =      7926.7021
 EELEC  =  -4049467.9831  EHBOND  =         0.0000  RESTRAINT  =         0.0000
 ------------------------------------------------------------------------------


 NSTEP =      595   TIME(PS) =       0.595  TEMP(K) =   186.66  PRESS =     0.0
 Etot   =  -4036981.8398  EKtot   =      4557.3851  EPtot      =  -4041539.2250
 BOND   =         0.0000  ANGLE   =         0.0000  DIHED      =         0.0000
 1-4 NB =         0.0000  1-4 EEL =         0.0000  VDWAALS    =      7926.6848
 EELEC  =  -4049465.9097  EHBOND  =         0.0000  RESTRAINT  =         0.0000
 ------------------------------------------------------------------------------


 NSTEP =      596   TIME(PS) =       0.596  TEMP(K) =   186.54  PRESS =     0.0
 Etot   =  -4036981.8183  EKtot   =      4554.3921  EPtot      =  -4041536.2104
 BOND   =         0.0000  ANGLE   =         0.0000  DIHED      =         0.0000
 1-4 NB =         0.0000  1-4 EEL =         0.0000  VDWAALS    =      7926.6094
 EELEC  =  -4049462.8198  EHBOND  =         0.0000  RESTRAINT  =         0.0000
 ------------------------------------------------------------------------------


 NSTEP =      597   TIME(PS) =       0.597  TEMP(K) =   186.39  PRESS =     0.0
 Etot   =  -4036981.7950  EKtot   =      4550.7658  EPtot      =  -4041532.5607
 BOND   =         0.0000  ANGLE   =         0.0000  DIHED      =         0.0000
 1-4 NB =         0.0000  1-4 EEL =         0.0000  VDWAALS    =      7926.4819
 EELEC  =  -4049459.0427  EHBOND  =         0.0000  RESTRAINT  =         0.0000
 ------------------------------------------------------------------------------


 NSTEP =      598   TIME(PS) =       0.598  TEMP(K) =   186.23  PRESS =     0.0
 Etot   =  -4036981.7718  EKtot   =      4546.8565  EPtot      =  -4041528.6284
 BOND   =         0.0000  ANGLE   =         0.0000  DIHED      =         0.0000
 1-4 NB =         0.0000  1-4 EEL =         0.0000  VDWAALS    =      7926.3133
 EELEC  =  -4049454.9417  EHBOND  =         0.0000  RESTRAINT  =         0.0000
 ------------------------------------------------------------------------------


 NSTEP =      599   TIME(PS) =       0.599  TEMP(K) =   186.07  PRESS =     0.0
 Etot   =  -4036981.7510  EKtot   =      4543.0153  EPtot      =  -4041524.7663
 BOND   =         0.0000  ANGLE   =         0.0000  DIHED      =         0.0000
 1-4 NB =         0.0000  1-4 EEL =         0.0000  VDWAALS    =      7926.1192
 EELEC  =  -4049450.8855  EHBOND  =         0.0000  RESTRAINT  =         0.0000
 ------------------------------------------------------------------------------


 NSTEP =      600   TIME(PS) =       0.600  TEMP(K) =   185.93  PRESS =     0.0
 Etot   =  -4036981.7337  EKtot   =      4539.5665  EPtot      =  -4041521.3002
 BOND   =         0.0000  ANGLE   =         0.0000  DIHED      =         0.0000
 1-4 NB =         0.0000  1-4 EEL =         0.0000  VDWAALS    =      7925.9202
 EELEC  =  -4049447.2203  EHBOND  =         0.0000  RESTRAINT  =         0.0000
 ------------------------------------------------------------------------------


 NSTEP =      601   TIME(PS) =       0.601  TEMP(K) =   185.81  PRESS =     0.0
 Etot   =  -4036981.7207  EKtot   =      4536.7850  EPtot      =  -4041518.5057
 BOND   =         0.0000  ANGLE   =         0.0000  DIHED      =         0.0000
 1-4 NB =         0.0000  1-4 EEL =         0.0000  VDWAALS    =      7925.7409
 EELEC  =  -4049444.2467  EHBOND  =         0.0000  RESTRAINT  =         0.0000
 ------------------------------------------------------------------------------


 NSTEP =      602   TIME(PS) =       0.602  TEMP(K) =   185.74  PRESS =     0.0
 Etot   =  -4036981.7135  EKtot   =      4534.8785  EPtot      =  -4041516.5920
 BOND   =         0.0000  ANGLE   =         0.0000  DIHED      =         0.0000
 1-4 NB =         0.0000  1-4 EEL =         0.0000  VDWAALS    =      7925.6100
 EELEC  =  -4049442.2020  EHBOND  =         0.0000  RESTRAINT  =         0.0000
 ------------------------------------------------------------------------------


 NSTEP =      603   TIME(PS) =       0.603  TEMP(K) =   185.70  PRESS =     0.0
 Etot   =  -4036981.7115  EKtot   =      4533.9777  EPtot      =  -4041515.6892
 BOND   =         0.0000  ANGLE   =         0.0000  DIHED      =         0.0000
 1-4 NB =         0.0000  1-4 EEL =         0.0000  VDWAALS    =      7925.5585
 EELEC  =  -4049441.2477  EHBOND  =         0.0000  RESTRAINT  =         0.0000
 ------------------------------------------------------------------------------


 NSTEP =      604   TIME(PS) =       0.604  TEMP(K) =   185.71  PRESS =     0.0
 Etot   =  -4036981.7143  EKtot   =      4534.1336  EPtot      =  -4041515.8480
 BOND   =         0.0000  ANGLE   =         0.0000  DIHED      =         0.0000
 1-4 NB =         0.0000  1-4 EEL =         0.0000  VDWAALS    =      7925.6188
 EELEC  =  -4049441.4668  EHBOND  =         0.0000  RESTRAINT  =         0.0000
 ------------------------------------------------------------------------------


 NSTEP =      605   TIME(PS) =       0.605  TEMP(K) =   185.75  PRESS =     0.0
 Etot   =  -4036981.7215  EKtot   =      4535.3210  EPtot      =  -4041517.0425
 BOND   =         0.0000  ANGLE   =         0.0000  DIHED      =         0.0000
 1-4 NB =         0.0000  1-4 EEL =         0.0000  VDWAALS    =      7925.8230
 EELEC  =  -4049442.8655  EHBOND  =         0.0000  RESTRAINT  =         0.0000
 ------------------------------------------------------------------------------


 NSTEP =      606   TIME(PS) =       0.606  TEMP(K) =   185.84  PRESS =     0.0
 Etot   =  -4036981.7323  EKtot   =      4537.4471  EPtot      =  -4041519.1794
 BOND   =         0.0000  ANGLE   =         0.0000  DIHED      =         0.0000
 1-4 NB =         0.0000  1-4 EEL =         0.0000  VDWAALS    =      7926.2012
 EELEC  =  -4049445.3807  EHBOND  =         0.0000  RESTRAINT  =         0.0000
 ------------------------------------------------------------------------------


 NSTEP =      607   TIME(PS) =       0.607  TEMP(K) =   185.96  PRESS =     0.0
 Etot   =  -4036981.7458  EKtot   =      4540.3636  EPtot      =  -4041522.1094
 BOND   =         0.0000  ANGLE   =         0.0000  DIHED      =         0.0000
 1-4 NB =         0.0000  1-4 EEL =         0.0000  VDWAALS    =      7926.7798
 EELEC  =  -4049448.8891  EHBOND  =         0.0000  RESTRAINT  =         0.0000
 ------------------------------------------------------------------------------


 NSTEP =      608   TIME(PS) =       0.608  TEMP(K) =   186.11  PRESS =     0.0
 Etot   =  -4036981.7609  EKtot   =      4543.8808  EPtot      =  -4041525.6417
 BOND   =         0.0000  ANGLE   =         0.0000  DIHED      =         0.0000
 1-4 NB =         0.0000  1-4 EEL =         0.0000  VDWAALS    =      7927.5792
 EELEC  =  -4049453.2209  EHBOND  =         0.0000  RESTRAINT  =         0.0000
 ------------------------------------------------------------------------------


 NSTEP =      609   TIME(PS) =       0.609  TEMP(K) =   186.27  PRESS =     0.0
 Etot   =  -4036981.7764  EKtot   =      4547.7848  EPtot      =  -4041529.5612
 BOND   =         0.0000  ANGLE   =         0.0000  DIHED      =         0.0000
 1-4 NB =         0.0000  1-4 EEL =         0.0000  VDWAALS    =      7928.6132
 EELEC  =  -4049458.1744  EHBOND  =         0.0000  RESTRAINT  =         0.0000
 ------------------------------------------------------------------------------


 NSTEP =      610   TIME(PS) =       0.610  TEMP(K) =   186.43  PRESS =     0.0
 Etot   =  -4036981.7915  EKtot   =      4551.8558  EPtot      =  -4041533.6474
 BOND   =         0.0000  ANGLE   =         0.0000  DIHED      =         0.0000
 1-4 NB =         0.0000  1-4 EEL =         0.0000  VDWAALS    =      7929.8874
 EELEC  =  -4049463.5348  EHBOND  =         0.0000  RESTRAINT  =         0.0000
 ------------------------------------------------------------------------------


 NSTEP =      611   TIME(PS) =       0.611  TEMP(K) =   186.60  PRESS =     0.0
 Etot   =  -4036981.8045  EKtot   =      4555.8885  EPtot      =  -4041537.6930
 BOND   =         0.0000  ANGLE   =         0.0000  DIHED      =         0.0000
 1-4 NB =         0.0000  1-4 EEL =         0.0000  VDWAALS    =      7931.3989
 EELEC  =  -4049469.0919  EHBOND  =         0.0000  RESTRAINT  =         0.0000
 ------------------------------------------------------------------------------


 NSTEP =      612   TIME(PS) =       0.612  TEMP(K) =   186.75  PRESS =     0.0
 Etot   =  -4036981.8140  EKtot   =      4559.7119  EPtot      =  -4041541.5259
 BOND   =         0.0000  ANGLE   =         0.0000  DIHED      =         0.0000
 1-4 NB =         0.0000  1-4 EEL =         0.0000  VDWAALS    =      7933.1365
 EELEC  =  -4049474.6625  EHBOND  =         0.0000  RESTRAINT  =         0.0000
 ------------------------------------------------------------------------------


 NSTEP =      613   TIME(PS) =       0.613  TEMP(K) =   186.90  PRESS =     0.0
 Etot   =  -4036981.8195  EKtot   =      4563.2071  EPtot      =  -4041545.0266
 BOND   =         0.0000  ANGLE   =         0.0000  DIHED      =         0.0000
 1-4 NB =         0.0000  1-4 EEL =         0.0000  VDWAALS    =      7935.0821
 EELEC  =  -4049480.1087  EHBOND  =         0.0000  RESTRAINT  =         0.0000
 ------------------------------------------------------------------------------


 NSTEP =      614   TIME(PS) =       0.614  TEMP(K) =   187.02  PRESS =     0.0
 Etot   =  -4036981.8207  EKtot   =      4566.3189  EPtot      =  -4041548.1396
 BOND   =         0.0000  ANGLE   =         0.0000  DIHED      =         0.0000
 1-4 NB =         0.0000  1-4 EEL =         0.0000  VDWAALS    =      7937.2118
 EELEC  =  -4049485.3515  EHBOND  =         0.0000  RESTRAINT  =         0.0000
 ------------------------------------------------------------------------------


 NSTEP =      615   TIME(PS) =       0.615  TEMP(K) =   187.14  PRESS =     0.0
 Etot   =  -4036981.8175  EKtot   =      4569.0590  EPtot      =  -4041550.8766
 BOND   =         0.0000  ANGLE   =         0.0000  DIHED      =         0.0000
 1-4 NB =         0.0000  1-4 EEL =         0.0000  VDWAALS    =      7939.4986
 EELEC  =  -4049490.3751  EHBOND  =         0.0000  RESTRAINT  =         0.0000
 ------------------------------------------------------------------------------


 NSTEP =      616   TIME(PS) =       0.616  TEMP(K) =   187.24  PRESS =     0.0
 Etot   =  -4036981.8113  EKtot   =      4571.4987  EPtot      =  -4041553.3099
 BOND   =         0.0000  ANGLE   =         0.0000  DIHED      =         0.0000
 1-4 NB =         0.0000  1-4 EEL =         0.0000  VDWAALS    =      7941.9144
 EELEC  =  -4049495.2243  EHBOND  =         0.0000  RESTRAINT  =         0.0000
 ------------------------------------------------------------------------------


 NSTEP =      617   TIME(PS) =       0.617  TEMP(K) =   187.33  PRESS =     0.0
 Etot   =  -4036981.8039  EKtot   =      4573.7503  EPtot      =  -4041555.5542
 BOND   =         0.0000  ANGLE   =         0.0000  DIHED      =         0.0000
 1-4 NB =         0.0000  1-4 EEL =         0.0000  VDWAALS    =      7944.4327
 EELEC  =  -4049499.9870  EHBOND  =         0.0000  RESTRAINT  =         0.0000
 ------------------------------------------------------------------------------


 NSTEP =      618   TIME(PS) =       0.618  TEMP(K) =   187.42  PRESS =     0.0
 Etot   =  -4036981.7977  EKtot   =      4575.9396  EPtot      =  -4041557.7373
 BOND   =         0.0000  ANGLE   =         0.0000  DIHED      =         0.0000
 1-4 NB =         0.0000  1-4 EEL =         0.0000  VDWAALS    =      7947.0310
 EELEC  =  -4049504.7683  EHBOND  =         0.0000  RESTRAINT  =         0.0000
 ------------------------------------------------------------------------------


 NSTEP =      619   TIME(PS) =       0.619  TEMP(K) =   187.51  PRESS =     0.0
 Etot   =  -4036981.7944  EKtot   =      4578.1741  EPtot      =  -4041559.9685
 BOND   =         0.0000  ANGLE   =         0.0000  DIHED      =         0.0000
 1-4 NB =         0.0000  1-4 EEL =         0.0000  VDWAALS    =      7949.6915
 EELEC  =  -4049509.6600  EHBOND  =         0.0000  RESTRAINT  =         0.0000
 ------------------------------------------------------------------------------


 NSTEP =      620   TIME(PS) =       0.620  TEMP(K) =   187.61  PRESS =     0.0
 Etot   =  -4036981.7957  EKtot   =      4580.5132  EPtot      =  -4041562.3090
 BOND   =         0.0000  ANGLE   =         0.0000  DIHED      =         0.0000
 1-4 NB =         0.0000  1-4 EEL =         0.0000  VDWAALS    =      7952.4026
 EELEC  =  -4049514.7115  EHBOND  =         0.0000  RESTRAINT  =         0.0000
 ------------------------------------------------------------------------------


 NSTEP =      621   TIME(PS) =       0.621  TEMP(K) =   187.71  PRESS =     0.0
 Etot   =  -4036981.8024  EKtot   =      4582.9475  EPtot      =  -4041564.7499
 BOND   =         0.0000  ANGLE   =         0.0000  DIHED      =         0.0000
 1-4 NB =         0.0000  1-4 EEL =         0.0000  VDWAALS    =      7955.1585
 EELEC  =  -4049519.9084  EHBOND  =         0.0000  RESTRAINT  =         0.0000
 ------------------------------------------------------------------------------


 NSTEP =      622   TIME(PS) =       0.622  TEMP(K) =   187.81  PRESS =     0.0
 Etot   =  -4036981.8140  EKtot   =      4585.3904  EPtot      =  -4041567.2044
 BOND   =         0.0000  ANGLE   =         0.0000  DIHED      =         0.0000
 1-4 NB =         0.0000  1-4 EEL =         0.0000  VDWAALS    =      7957.9586
 EELEC  =  -4049525.1630  EHBOND  =         0.0000  RESTRAINT  =         0.0000
 ------------------------------------------------------------------------------


 NSTEP =      623   TIME(PS) =       0.623  TEMP(K) =   187.90  PRESS =     0.0
 Etot   =  -4036981.8287  EKtot   =      4587.6863  EPtot      =  -4041569.5150
 BOND   =         0.0000  ANGLE   =         0.0000  DIHED      =         0.0000
 1-4 NB =         0.0000  1-4 EEL =         0.0000  VDWAALS    =      7960.8060
 EELEC  =  -4049530.3210  EHBOND  =         0.0000  RESTRAINT  =         0.0000
 ------------------------------------------------------------------------------


 NSTEP =      624   TIME(PS) =       0.624  TEMP(K) =   187.98  PRESS =     0.0
 Etot   =  -4036981.8446  EKtot   =      4589.6303  EPtot      =  -4041571.4750
 BOND   =         0.0000  ANGLE   =         0.0000  DIHED      =         0.0000
 1-4 NB =         0.0000  1-4 EEL =         0.0000  VDWAALS    =      7963.7057
 EELEC  =  -4049535.1807  EHBOND  =         0.0000  RESTRAINT  =         0.0000
 ------------------------------------------------------------------------------


 NSTEP =      625   TIME(PS) =       0.625  TEMP(K) =   188.04  PRESS =     0.0
 Etot   =  -4036981.8600  EKtot   =      4590.9958  EPtot      =  -4041572.8558
 BOND   =         0.0000  ANGLE   =         0.0000  DIHED      =         0.0000
 1-4 NB =         0.0000  1-4 EEL =         0.0000  VDWAALS    =      7966.6630
 EELEC  =  -4049539.5188  EHBOND  =         0.0000  RESTRAINT  =         0.0000
 ------------------------------------------------------------------------------


 NSTEP =      626   TIME(PS) =       0.626  TEMP(K) =   188.06  PRESS =     0.0
 Etot   =  -4036981.8731  EKtot   =      4591.5625  EPtot      =  -4041573.4356
 BOND   =         0.0000  ANGLE   =         0.0000  DIHED      =         0.0000
 1-4 NB =         0.0000  1-4 EEL =         0.0000  VDWAALS    =      7969.6811
 EELEC  =  -4049543.1167  EHBOND  =         0.0000  RESTRAINT  =         0.0000
 ------------------------------------------------------------------------------


 NSTEP =      627   TIME(PS) =       0.627  TEMP(K) =   188.04  PRESS =     0.0
 Etot   =  -4036981.8825  EKtot   =      4591.1400  EPtot      =  -4041573.0225
 BOND   =         0.0000  ANGLE   =         0.0000  DIHED      =         0.0000
 1-4 NB =         0.0000  1-4 EEL =         0.0000  VDWAALS    =      7972.7596
 EELEC  =  -4049545.7820  EHBOND  =         0.0000  RESTRAINT  =         0.0000
 ------------------------------------------------------------------------------


 NSTEP =      628   TIME(PS) =       0.628  TEMP(K) =   187.98  PRESS =     0.0
 Etot   =  -4036981.8879  EKtot   =      4589.5842  EPtot      =  -4041571.4721
 BOND   =         0.0000  ANGLE   =         0.0000  DIHED      =         0.0000
 1-4 NB =         0.0000  1-4 EEL =         0.0000  VDWAALS    =      7975.8927
 EELEC  =  -4049547.3648  EHBOND  =         0.0000  RESTRAINT  =         0.0000
 ------------------------------------------------------------------------------


 NSTEP =      629   TIME(PS) =       0.629  TEMP(K) =   187.86  PRESS =     0.0
 Etot   =  -4036981.8891  EKtot   =      4586.8076  EPtot      =  -4041568.6967
 BOND   =         0.0000  ANGLE   =         0.0000  DIHED      =         0.0000
 1-4 NB =         0.0000  1-4 EEL =         0.0000  VDWAALS    =      7979.0684
 EELEC  =  -4049547.7651  EHBOND  =         0.0000  RESTRAINT  =         0.0000
 ------------------------------------------------------------------------------


 NSTEP =      630   TIME(PS) =       0.630  TEMP(K) =   187.70  PRESS =     0.0
 Etot   =  -4036981.8861  EKtot   =      4582.7844  EPtot      =  -4041564.6705
 BOND   =         0.0000  ANGLE   =         0.0000  DIHED      =         0.0000
 1-4 NB =         0.0000  1-4 EEL =         0.0000  VDWAALS    =      7982.2671
 EELEC  =  -4049546.9376  EHBOND  =         0.0000  RESTRAINT  =         0.0000
 ------------------------------------------------------------------------------


 NSTEP =      631   TIME(PS) =       0.631  TEMP(K) =   187.48  PRESS =     0.0
 Etot   =  -4036981.8786  EKtot   =      4577.5542  EPtot      =  -4041559.4328
 BOND   =         0.0000  ANGLE   =         0.0000  DIHED      =         0.0000
 1-4 NB =         0.0000  1-4 EEL =         0.0000  VDWAALS    =      7985.4620
 EELEC  =  -4049544.8949  EHBOND  =         0.0000  RESTRAINT  =         0.0000
 ------------------------------------------------------------------------------


 NSTEP =      632   TIME(PS) =       0.632  TEMP(K) =   187.23  PRESS =     0.0
 Etot   =  -4036981.8664  EKtot   =      4571.2267  EPtot      =  -4041553.0931
 BOND   =         0.0000  ANGLE   =         0.0000  DIHED      =         0.0000
 1-4 NB =         0.0000  1-4 EEL =         0.0000  VDWAALS    =      7988.6197
 EELEC  =  -4049541.7128  EHBOND  =         0.0000  RESTRAINT  =         0.0000
 ------------------------------------------------------------------------------


 NSTEP =      633   TIME(PS) =       0.633  TEMP(K) =   186.93  PRESS =     0.0
 Etot   =  -4036981.8494  EKtot   =      4563.9874  EPtot      =  -4041545.8368
 BOND   =         0.0000  ANGLE   =         0.0000  DIHED      =         0.0000
 1-4 NB =         0.0000  1-4 EEL =         0.0000  VDWAALS    =      7991.7006
 EELEC  =  -4049537.5374  EHBOND  =         0.0000  RESTRAINT  =         0.0000
 ------------------------------------------------------------------------------


 NSTEP =      634   TIME(PS) =       0.634  TEMP(K) =   186.61  PRESS =     0.0
 Etot   =  -4036981.8271  EKtot   =      4556.1039  EPtot      =  -4041537.9309
 BOND   =         0.0000  ANGLE   =         0.0000  DIHED      =         0.0000
 1-4 NB =         0.0000  1-4 EEL =         0.0000  VDWAALS    =      7994.6614
 EELEC  =  -4049532.5924  EHBOND  =         0.0000  RESTRAINT  =         0.0000
 ------------------------------------------------------------------------------


 NSTEP =      635   TIME(PS) =       0.635  TEMP(K) =   186.27  PRESS =     0.0
 Etot   =  -4036981.8000  EKtot   =      4547.9274  EPtot      =  -4041529.7274
 BOND   =         0.0000  ANGLE   =         0.0000  DIHED      =         0.0000
 1-4 NB =         0.0000  1-4 EEL =         0.0000  VDWAALS    =      7997.4571
 EELEC  =  -4049527.1845  EHBOND  =         0.0000  RESTRAINT  =         0.0000
 ------------------------------------------------------------------------------


 NSTEP =      636   TIME(PS) =       0.636  TEMP(K) =   185.94  PRESS =     0.0
 Etot   =  -4036981.7691  EKtot   =      4539.8880  EPtot      =  -4041521.6571
 BOND   =         0.0000  ANGLE   =         0.0000  DIHED      =         0.0000
 1-4 NB =         0.0000  1-4 EEL =         0.0000  VDWAALS    =      8000.0433
 EELEC  =  -4049521.7004  EHBOND  =         0.0000  RESTRAINT  =         0.0000
 ------------------------------------------------------------------------------


 NSTEP =      637   TIME(PS) =       0.637  TEMP(K) =   185.64  PRESS =     0.0
 Etot   =  -4036981.7362  EKtot   =      4532.4782  EPtot      =  -4041514.2143
 BOND   =         0.0000  ANGLE   =         0.0000  DIHED      =         0.0000
 1-4 NB =         0.0000  1-4 EEL =         0.0000  VDWAALS    =      8002.3788
 EELEC  =  -4049516.5932  EHBOND  =         0.0000  RESTRAINT  =         0.0000
 ------------------------------------------------------------------------------


 NSTEP =      638   TIME(PS) =       0.638  TEMP(K) =   185.38  PRESS =     0.0
 Etot   =  -4036981.7040  EKtot   =      4526.2221  EPtot      =  -4041507.9261
 BOND   =         0.0000  ANGLE   =         0.0000  DIHED      =         0.0000
 1-4 NB =         0.0000  1-4 EEL =         0.0000  VDWAALS    =      8004.4283
 EELEC  =  -4049512.3544  EHBOND  =         0.0000  RESTRAINT  =         0.0000
 ------------------------------------------------------------------------------


 NSTEP =      639   TIME(PS) =       0.639  TEMP(K) =   185.19  PRESS =     0.0
 Etot   =  -4036981.6759  EKtot   =      4521.6336  EPtot      =  -4041503.3095
 BOND   =         0.0000  ANGLE   =         0.0000  DIHED      =         0.0000
 1-4 NB =         0.0000  1-4 EEL =         0.0000  VDWAALS    =      8006.1641
 EELEC  =  -4049509.4736  EHBOND  =         0.0000  RESTRAINT  =         0.0000
 ------------------------------------------------------------------------------


 NSTEP =      640   TIME(PS) =       0.640  TEMP(K) =   185.09  PRESS =     0.0
 Etot   =  -4036981.6551  EKtot   =      4519.1648  EPtot      =  -4041500.8200
 BOND   =         0.0000  ANGLE   =         0.0000  DIHED      =         0.0000
 1-4 NB =         0.0000  1-4 EEL =         0.0000  VDWAALS    =      8007.5682
 EELEC  =  -4049508.3882  EHBOND  =         0.0000  RESTRAINT  =         0.0000
 ------------------------------------------------------------------------------


 NSTEP =      641   TIME(PS) =       0.641  TEMP(K) =   185.09  PRESS =     0.0
 Etot   =  -4036981.6445  EKtot   =      4519.1557  EPtot      =  -4041500.8002
 BOND   =         0.0000  ANGLE   =         0.0000  DIHED      =         0.0000
 1-4 NB =         0.0000  1-4 EEL =         0.0000  VDWAALS    =      8008.6333
 EELEC  =  -4049509.4335  EHBOND  =         0.0000  RESTRAINT  =         0.0000
 ------------------------------------------------------------------------------


 NSTEP =      642   TIME(PS) =       0.642  TEMP(K) =   185.20  PRESS =     0.0
 Etot   =  -4036981.6461  EKtot   =      4521.7902  EPtot      =  -4041503.4363
 BOND   =         0.0000  ANGLE   =         0.0000  DIHED      =         0.0000
 1-4 NB =         0.0000  1-4 EEL =         0.0000  VDWAALS    =      8009.3635
 EELEC  =  -4049512.7998  EHBOND  =         0.0000  RESTRAINT  =         0.0000
 ------------------------------------------------------------------------------


 NSTEP =      643   TIME(PS) =       0.643  TEMP(K) =   185.42  PRESS =     0.0
 Etot   =  -4036981.6600  EKtot   =      4527.0674  EPtot      =  -4041508.7274
 BOND   =         0.0000  ANGLE   =         0.0000  DIHED      =         0.0000
 1-4 NB =         0.0000  1-4 EEL =         0.0000  VDWAALS    =      8009.7749
 EELEC  =  -4049518.5023  EHBOND  =         0.0000  RESTRAINT  =         0.0000
 ------------------------------------------------------------------------------


 NSTEP =      644   TIME(PS) =       0.644  TEMP(K) =   185.73  PRESS =     0.0
 Etot   =  -4036981.6859  EKtot   =      4534.7902  EPtot      =  -4041516.4761
 BOND   =         0.0000  ANGLE   =         0.0000  DIHED      =         0.0000
 1-4 NB =         0.0000  1-4 EEL =         0.0000  VDWAALS    =      8009.8950
 EELEC  =  -4049526.3710  EHBOND  =         0.0000  RESTRAINT  =         0.0000
 ------------------------------------------------------------------------------


 NSTEP =      645   TIME(PS) =       0.645  TEMP(K) =   186.13  PRESS =     0.0
 Etot   =  -4036981.7225  EKtot   =      4544.5733  EPtot      =  -4041526.2958
 BOND   =         0.0000  ANGLE   =         0.0000  DIHED      =         0.0000
 1-4 NB =         0.0000  1-4 EEL =         0.0000  VDWAALS    =      8009.7618
 EELEC  =  -4049536.0576  EHBOND  =         0.0000  RESTRAINT  =         0.0000
 ------------------------------------------------------------------------------


 NSTEP =      646   TIME(PS) =       0.646  TEMP(K) =   186.60  PRESS =     0.0
 Etot   =  -4036981.7668  EKtot   =      4555.8676  EPtot      =  -4041537.6344
 BOND   =         0.0000  ANGLE   =         0.0000  DIHED      =         0.0000
 1-4 NB =         0.0000  1-4 EEL =         0.0000  VDWAALS    =      8009.4226
 EELEC  =  -4049547.0570  EHBOND  =         0.0000  RESTRAINT  =         0.0000
 ------------------------------------------------------------------------------


 NSTEP =      647   TIME(PS) =       0.647  TEMP(K) =   187.09  PRESS =     0.0
 Etot   =  -4036981.8158  EKtot   =      4567.9981  EPtot      =  -4041549.8139
 BOND   =         0.0000  ANGLE   =         0.0000  DIHED      =         0.0000
 1-4 NB =         0.0000  1-4 EEL =         0.0000  VDWAALS    =      8008.9312
 EELEC  =  -4049558.7451  EHBOND  =         0.0000  RESTRAINT  =         0.0000
 ------------------------------------------------------------------------------


 NSTEP =      648   TIME(PS) =       0.648  TEMP(K) =   187.59  PRESS =     0.0
 Etot   =  -4036981.8666  EKtot   =      4580.2119  EPtot      =  -4041562.0785
 BOND   =         0.0000  ANGLE   =         0.0000  DIHED      =         0.0000
 1-4 NB =         0.0000  1-4 EEL =         0.0000  VDWAALS    =      8008.3455
 EELEC  =  -4049570.4240  EHBOND  =         0.0000  RESTRAINT  =         0.0000
 ------------------------------------------------------------------------------


 NSTEP =      649   TIME(PS) =       0.649  TEMP(K) =   188.07  PRESS =     0.0
 Etot   =  -4036981.9152  EKtot   =      4591.7322  EPtot      =  -4041573.6475
 BOND   =         0.0000  ANGLE   =         0.0000  DIHED      =         0.0000
 1-4 NB =         0.0000  1-4 EEL =         0.0000  VDWAALS    =      8007.7242
 EELEC  =  -4049581.3717  EHBOND  =         0.0000  RESTRAINT  =         0.0000
 ------------------------------------------------------------------------------


 NSTEP =      650   TIME(PS) =       0.650  TEMP(K) =   188.48  PRESS =     0.0
 Etot   =  -4036981.9577  EKtot   =      4601.8163  EPtot      =  -4041583.7740
 BOND   =         0.0000  ANGLE   =         0.0000  DIHED      =         0.0000
 1-4 NB =         0.0000  1-4 EEL =         0.0000  VDWAALS    =      8007.1231
 EELEC  =  -4049590.8971  EHBOND  =         0.0000  RESTRAINT  =         0.0000
 ------------------------------------------------------------------------------


 NSTEP =      651   TIME(PS) =       0.651  TEMP(K) =   188.81  PRESS =     0.0
 Etot   =  -4036981.9904  EKtot   =      4609.8138  EPtot      =  -4041591.8042
 BOND   =         0.0000  ANGLE   =         0.0000  DIHED      =         0.0000
 1-4 NB =         0.0000  1-4 EEL =         0.0000  VDWAALS    =      8006.5917
 EELEC  =  -4049598.3959  EHBOND  =         0.0000  RESTRAINT  =         0.0000
 ------------------------------------------------------------------------------


 NSTEP =      652   TIME(PS) =       0.652  TEMP(K) =   189.03  PRESS =     0.0
 Etot   =  -4036982.0109  EKtot   =      4615.2204  EPtot      =  -4041597.2314
 BOND   =         0.0000  ANGLE   =         0.0000  DIHED      =         0.0000
 1-4 NB =         0.0000  1-4 EEL =         0.0000  VDWAALS    =      8006.1703
 EELEC  =  -4049603.4017  EHBOND  =         0.0000  RESTRAINT  =         0.0000
 ------------------------------------------------------------------------------


 NSTEP =      653   TIME(PS) =       0.653  TEMP(K) =   189.13  PRESS =     0.0
 Etot   =  -4036982.0168  EKtot   =      4617.7237  EPtot      =  -4041599.7405
 BOND   =         0.0000  ANGLE   =         0.0000  DIHED      =         0.0000
 1-4 NB =         0.0000  1-4 EEL =         0.0000  VDWAALS    =      8005.8879
 EELEC  =  -4049605.6285  EHBOND  =         0.0000  RESTRAINT  =         0.0000
 ------------------------------------------------------------------------------


 NSTEP =      654   TIME(PS) =       0.654  TEMP(K) =   189.11  PRESS =     0.0
 Etot   =  -4036982.0068  EKtot   =      4617.2351  EPtot      =  -4041599.2418
 BOND   =         0.0000  ANGLE   =         0.0000  DIHED      =         0.0000
 1-4 NB =         0.0000  1-4 EEL =         0.0000  VDWAALS    =      8005.7606
 EELEC  =  -4049605.0024  EHBOND  =         0.0000  RESTRAINT  =         0.0000
 ------------------------------------------------------------------------------


 NSTEP =      655   TIME(PS) =       0.655  TEMP(K) =   188.97  PRESS =     0.0
 Etot   =  -4036981.9812  EKtot   =      4613.9047  EPtot      =  -4041595.8859
 BOND   =         0.0000  ANGLE   =         0.0000  DIHED      =         0.0000
 1-4 NB =         0.0000  1-4 EEL =         0.0000  VDWAALS    =      8005.7913
 EELEC  =  -4049601.6771  EHBOND  =         0.0000  RESTRAINT  =         0.0000
 ------------------------------------------------------------------------------


 NSTEP =      656   TIME(PS) =       0.656  TEMP(K) =   188.74  PRESS =     0.0
 Etot   =  -4036981.9424  EKtot   =      4608.1160  EPtot      =  -4041590.0584
 BOND   =         0.0000  ANGLE   =         0.0000  DIHED      =         0.0000
 1-4 NB =         0.0000  1-4 EEL =         0.0000  VDWAALS    =      8005.9706
 EELEC  =  -4049596.0290  EHBOND  =         0.0000  RESTRAINT  =         0.0000
 ------------------------------------------------------------------------------


 NSTEP =      657   TIME(PS) =       0.657  TEMP(K) =   188.42  PRESS =     0.0
 Etot   =  -4036981.8933  EKtot   =      4600.4580  EPtot      =  -4041582.3513
 BOND   =         0.0000  ANGLE   =         0.0000  DIHED      =         0.0000
 1-4 NB =         0.0000  1-4 EEL =         0.0000  VDWAALS    =      8006.2784
 EELEC  =  -4049588.6296  EHBOND  =         0.0000  RESTRAINT  =         0.0000
 ------------------------------------------------------------------------------


 NSTEP =      658   TIME(PS) =       0.658  TEMP(K) =   188.06  PRESS =     0.0
 Etot   =  -4036981.8379  EKtot   =      4591.6778  EPtot      =  -4041573.5157
 BOND   =         0.0000  ANGLE   =         0.0000  DIHED      =         0.0000
 1-4 NB =         0.0000  1-4 EEL =         0.0000  VDWAALS    =      8006.6856
 EELEC  =  -4049580.2013  EHBOND  =         0.0000  RESTRAINT  =         0.0000
 ------------------------------------------------------------------------------


 NSTEP =      659   TIME(PS) =       0.659  TEMP(K) =   187.69  PRESS =     0.0
 Etot   =  -4036981.7805  EKtot   =      4582.6170  EPtot      =  -4041564.3975
 BOND   =         0.0000  ANGLE   =         0.0000  DIHED      =         0.0000
 1-4 NB =         0.0000  1-4 EEL =         0.0000  VDWAALS    =      8007.1571
 EELEC  =  -4049571.5546  EHBOND  =         0.0000  RESTRAINT  =         0.0000
 ------------------------------------------------------------------------------


 NSTEP =      660   TIME(PS) =       0.660  TEMP(K) =   187.34  PRESS =     0.0
 Etot   =  -4036981.7276  EKtot   =      4574.1375  EPtot      =  -4041555.8650
 BOND   =         0.0000  ANGLE   =         0.0000  DIHED      =         0.0000
 1-4 NB =         0.0000  1-4 EEL =         0.0000  VDWAALS    =      8007.6538
 EELEC  =  -4049563.5189  EHBOND  =         0.0000  RESTRAINT  =         0.0000
 ------------------------------------------------------------------------------


 NSTEP =      661   TIME(PS) =       0.661  TEMP(K) =   187.05  PRESS =     0.0
 Etot   =  -4036981.6835  EKtot   =      4567.0450  EPtot      =  -4041548.7285
 BOND   =         0.0000  ANGLE   =         0.0000  DIHED      =         0.0000
 1-4 NB =         0.0000  1-4 EEL =         0.0000  VDWAALS    =      8008.1357
 EELEC  =  -4049556.8642  EHBOND  =         0.0000  RESTRAINT  =         0.0000
 ------------------------------------------------------------------------------


 NSTEP =      662   TIME(PS) =       0.662  TEMP(K) =   186.85  PRESS =     0.0
 Etot   =  -4036981.6504  EKtot   =      4562.0178  EPtot      =  -4041543.6682
 BOND   =         0.0000  ANGLE   =         0.0000  DIHED      =         0.0000
 1-4 NB =         0.0000  1-4 EEL =         0.0000  VDWAALS    =      8008.5636
 EELEC  =  -4049552.2317  EHBOND  =         0.0000  RESTRAINT  =         0.0000
 ------------------------------------------------------------------------------


 NSTEP =      663   TIME(PS) =       0.663  TEMP(K) =   186.75  PRESS =     0.0
 Etot   =  -4036981.6333  EKtot   =      4559.5465  EPtot      =  -4041541.1797
 BOND   =         0.0000  ANGLE   =         0.0000  DIHED      =         0.0000
 1-4 NB =         0.0000  1-4 EEL =         0.0000  VDWAALS    =      8008.9016
 EELEC  =  -4049550.0813  EHBOND  =         0.0000  RESTRAINT  =         0.0000
 ------------------------------------------------------------------------------


 NSTEP =      664   TIME(PS) =       0.664  TEMP(K) =   186.76  PRESS =     0.0
 Etot   =  -4036981.6334  EKtot   =      4559.8917  EPtot      =  -4041541.5251
 BOND   =         0.0000  ANGLE   =         0.0000  DIHED      =         0.0000
 1-4 NB =         0.0000  1-4 EEL =         0.0000  VDWAALS    =      8009.1185
 EELEC  =  -4049550.6436  EHBOND  =         0.0000  RESTRAINT  =         0.0000
 ------------------------------------------------------------------------------


 NSTEP =      665   TIME(PS) =       0.665  TEMP(K) =   186.89  PRESS =     0.0
 Etot   =  -4036981.6491  EKtot   =      4563.0634  EPtot      =  -4041544.7125
 BOND   =         0.0000  ANGLE   =         0.0000  DIHED      =         0.0000
 1-4 NB =         0.0000  1-4 EEL =         0.0000  VDWAALS    =      8009.1892
 EELEC  =  -4049553.9016  EHBOND  =         0.0000  RESTRAINT  =         0.0000
 ------------------------------------------------------------------------------


 NSTEP =      666   TIME(PS) =       0.666  TEMP(K) =   187.13  PRESS =     0.0
 Etot   =  -4036981.6793  EKtot   =      4568.8227  EPtot      =  -4041550.5019
 BOND   =         0.0000  ANGLE   =         0.0000  DIHED      =         0.0000
 1-4 NB =         0.0000  1-4 EEL =         0.0000  VDWAALS    =      8009.0956
 EELEC  =  -4049559.5975  EHBOND  =         0.0000  RESTRAINT  =         0.0000
 ------------------------------------------------------------------------------


 NSTEP =      667   TIME(PS) =       0.667  TEMP(K) =   187.45  PRESS =     0.0
 Etot   =  -4036981.7222  EKtot   =      4576.7062  EPtot      =  -4041558.4284
 BOND   =         0.0000  ANGLE   =         0.0000  DIHED      =         0.0000
 1-4 NB =         0.0000  1-4 EEL =         0.0000  VDWAALS    =      8008.8272
 EELEC  =  -4049567.2555  EHBOND  =         0.0000  RESTRAINT  =         0.0000
 ------------------------------------------------------------------------------


 NSTEP =      668   TIME(PS) =       0.668  TEMP(K) =   187.83  PRESS =     0.0
 Etot   =  -4036981.7731  EKtot   =      4586.0709  EPtot      =  -4041567.8440
 BOND   =         0.0000  ANGLE   =         0.0000  DIHED      =         0.0000
 1-4 NB =         0.0000  1-4 EEL =         0.0000  VDWAALS    =      8008.3811
 EELEC  =  -4049576.2250  EHBOND  =         0.0000  RESTRAINT  =         0.0000
 ------------------------------------------------------------------------------


 NSTEP =      669   TIME(PS) =       0.669  TEMP(K) =   188.25  PRESS =     0.0
 Etot   =  -4036981.8266  EKtot   =      4596.1557  EPtot      =  -4041577.9823
 BOND   =         0.0000  ANGLE   =         0.0000  DIHED      =         0.0000
 1-4 NB =         0.0000  1-4 EEL =         0.0000  VDWAALS    =      8007.7621
 EELEC  =  -4049585.7444  EHBOND  =         0.0000  RESTRAINT  =         0.0000
 ------------------------------------------------------------------------------


 NSTEP =      670   TIME(PS) =       0.670  TEMP(K) =   188.66  PRESS =     0.0
 Etot   =  -4036981.8784  EKtot   =      4606.1528  EPtot      =  -4041588.0311
 BOND   =         0.0000  ANGLE   =         0.0000  DIHED      =         0.0000
 1-4 NB =         0.0000  1-4 EEL =         0.0000  VDWAALS    =      8006.9822
 EELEC  =  -4049595.0133  EHBOND  =         0.0000  RESTRAINT  =         0.0000
 ------------------------------------------------------------------------------


 NSTEP =      671   TIME(PS) =       0.671  TEMP(K) =   189.03  PRESS =     0.0
 Etot   =  -4036981.9233  EKtot   =      4615.2815  EPtot      =  -4041597.2048
 BOND   =         0.0000  ANGLE   =         0.0000  DIHED      =         0.0000
 1-4 NB =         0.0000  1-4 EEL =         0.0000  VDWAALS    =      8006.0594
 EELEC  =  -4049603.2642  EHBOND  =         0.0000  RESTRAINT  =         0.0000
 ------------------------------------------------------------------------------


 NSTEP =      672   TIME(PS) =       0.672  TEMP(K) =   189.34  PRESS =     0.0
 Etot   =  -4036981.9592  EKtot   =      4622.8580  EPtot      =  -4041604.8172
 BOND   =         0.0000  ANGLE   =         0.0000  DIHED      =         0.0000
 1-4 NB =         0.0000  1-4 EEL =         0.0000  VDWAALS    =      8005.0176
 EELEC  =  -4049609.8348  EHBOND  =         0.0000  RESTRAINT  =         0.0000
 ------------------------------------------------------------------------------


 NSTEP =      673   TIME(PS) =       0.673  TEMP(K) =   189.57  PRESS =     0.0
 Etot   =  -4036981.9820  EKtot   =      4628.3510  EPtot      =  -4041610.3330
 BOND   =         0.0000  ANGLE   =         0.0000  DIHED      =         0.0000
 1-4 NB =         0.0000  1-4 EEL =         0.0000  VDWAALS    =      8003.8851
 EELEC  =  -4049614.2181  EHBOND  =         0.0000  RESTRAINT  =         0.0000
 ------------------------------------------------------------------------------


 NSTEP =      674   TIME(PS) =       0.674  TEMP(K) =   189.69  PRESS =     0.0
 Etot   =  -4036981.9899  EKtot   =      4631.4212  EPtot      =  -4041613.4111
 BOND   =         0.0000  ANGLE   =         0.0000  DIHED      =         0.0000
 1-4 NB =         0.0000  1-4 EEL =         0.0000  VDWAALS    =      8002.6935
 EELEC  =  -4049616.1046  EHBOND  =         0.0000  RESTRAINT  =         0.0000
 ------------------------------------------------------------------------------


 NSTEP =      675   TIME(PS) =       0.675  TEMP(K) =   189.71  PRESS =     0.0
 Etot   =  -4036981.9846  EKtot   =      4631.9390  EPtot      =  -4041613.9237
 BOND   =         0.0000  ANGLE   =         0.0000  DIHED      =         0.0000
 1-4 NB =         0.0000  1-4 EEL =         0.0000  VDWAALS    =      8001.4773
 EELEC  =  -4049615.4010  EHBOND  =         0.0000  RESTRAINT  =         0.0000
 ------------------------------------------------------------------------------


 NSTEP =      676   TIME(PS) =       0.676  TEMP(K) =   189.63  PRESS =     0.0
 Etot   =  -4036981.9674  EKtot   =      4629.9843  EPtot      =  -4041611.9516
 BOND   =         0.0000  ANGLE   =         0.0000  DIHED      =         0.0000
 1-4 NB =         0.0000  1-4 EEL =         0.0000  VDWAALS    =      8000.2722
 EELEC  =  -4049612.2238  EHBOND  =         0.0000  RESTRAINT  =         0.0000
 ------------------------------------------------------------------------------


 NSTEP =      677   TIME(PS) =       0.677  TEMP(K) =   189.46  PRESS =     0.0
 Etot   =  -4036981.9387  EKtot   =      4625.8281  EPtot      =  -4041607.7668
 BOND   =         0.0000  ANGLE   =         0.0000  DIHED      =         0.0000
 1-4 NB =         0.0000  1-4 EEL =         0.0000  VDWAALS    =      7999.1143
 EELEC  =  -4049606.8812  EHBOND  =         0.0000  RESTRAINT  =         0.0000
 ------------------------------------------------------------------------------


 NSTEP =      678   TIME(PS) =       0.678  TEMP(K) =   189.22  PRESS =     0.0
 Etot   =  -4036981.9019  EKtot   =      4619.9026  EPtot      =  -4041601.8045
 BOND   =         0.0000  ANGLE   =         0.0000  DIHED      =         0.0000
 1-4 NB =         0.0000  1-4 EEL =         0.0000  VDWAALS    =      7998.0393
 EELEC  =  -4049599.8438  EHBOND  =         0.0000  RESTRAINT  =         0.0000
 ------------------------------------------------------------------------------


 NSTEP =      679   TIME(PS) =       0.679  TEMP(K) =   188.93  PRESS =     0.0
 Etot   =  -4036981.8606  EKtot   =      4612.7612  EPtot      =  -4041594.6217
 BOND   =         0.0000  ANGLE   =         0.0000  DIHED      =         0.0000
 1-4 NB =         0.0000  1-4 EEL =         0.0000  VDWAALS    =      7997.0807
 EELEC  =  -4049591.7024  EHBOND  =         0.0000  RESTRAINT  =         0.0000
 ------------------------------------------------------------------------------


 NSTEP =      680   TIME(PS) =       0.680  TEMP(K) =   188.61  PRESS =     0.0
 Etot   =  -4036981.8171  EKtot   =      4605.0330  EPtot      =  -4041586.8501
 BOND   =         0.0000  ANGLE   =         0.0000  DIHED      =         0.0000
 1-4 NB =         0.0000  1-4 EEL =         0.0000  VDWAALS    =      7996.2695
 EELEC  =  -4049583.1196  EHBOND  =         0.0000  RESTRAINT  =         0.0000
 ------------------------------------------------------------------------------


 NSTEP =      681   TIME(PS) =       0.681  TEMP(K) =   188.30  PRESS =     0.0
 Etot   =  -4036981.7747  EKtot   =      4597.3733  EPtot      =  -4041579.1480
 BOND   =         0.0000  ANGLE   =         0.0000  DIHED      =         0.0000
 1-4 NB =         0.0000  1-4 EEL =         0.0000  VDWAALS    =      7995.6325
 EELEC  =  -4049574.7805  EHBOND  =         0.0000  RESTRAINT  =         0.0000
 ------------------------------------------------------------------------------


 NSTEP =      682   TIME(PS) =       0.682  TEMP(K) =   188.01  PRESS =     0.0
 Etot   =  -4036981.7374  EKtot   =      4590.4118  EPtot      =  -4041572.1492
 BOND   =         0.0000  ANGLE   =         0.0000  DIHED      =         0.0000
 1-4 NB =         0.0000  1-4 EEL =         0.0000  VDWAALS    =      7995.1914
 EELEC  =  -4049567.3405  EHBOND  =         0.0000  RESTRAINT  =         0.0000
 ------------------------------------------------------------------------------


 NSTEP =      683   TIME(PS) =       0.683  TEMP(K) =   187.78  PRESS =     0.0
 Etot   =  -4036981.7084  EKtot   =      4584.7016  EPtot      =  -4041566.4101
 BOND   =         0.0000  ANGLE   =         0.0000  DIHED      =         0.0000
 1-4 NB =         0.0000  1-4 EEL =         0.0000  VDWAALS    =      7994.9623
 EELEC  =  -4049561.3723  EHBOND  =         0.0000  RESTRAINT  =         0.0000
 ------------------------------------------------------------------------------


 NSTEP =      684   TIME(PS) =       0.684  TEMP(K) =   187.61  PRESS =     0.0
 Etot   =  -4036981.6901  EKtot   =      4580.6732  EPtot      =  -4041562.3633
 BOND   =         0.0000  ANGLE   =         0.0000  DIHED      =         0.0000
 1-4 NB =         0.0000  1-4 EEL =         0.0000  VDWAALS    =      7994.9550
 EELEC  =  -4049557.3183  EHBOND  =         0.0000  RESTRAINT  =         0.0000
 ------------------------------------------------------------------------------


 NSTEP =      685   TIME(PS) =       0.685  TEMP(K) =   187.53  PRESS =     0.0
 Etot   =  -4036981.6837  EKtot   =      4578.5968  EPtot      =  -4041560.2805
 BOND   =         0.0000  ANGLE   =         0.0000  DIHED      =         0.0000
 1-4 NB =         0.0000  1-4 EEL =         0.0000  VDWAALS    =      7995.1729
 EELEC  =  -4049555.4535  EHBOND  =         0.0000  RESTRAINT  =         0.0000
 ------------------------------------------------------------------------------


 NSTEP =      686   TIME(PS) =       0.686  TEMP(K) =   187.53  PRESS =     0.0
 Etot   =  -4036981.6904  EKtot   =      4578.5604  EPtot      =  -4041560.2508
 BOND   =         0.0000  ANGLE   =         0.0000  DIHED      =         0.0000
 1-4 NB =         0.0000  1-4 EEL =         0.0000  VDWAALS    =      7995.6137
 EELEC  =  -4049555.8645  EHBOND  =         0.0000  RESTRAINT  =         0.0000
 ------------------------------------------------------------------------------


 NSTEP =      687   TIME(PS) =       0.687  TEMP(K) =   187.60  PRESS =     0.0
 Etot   =  -4036981.7090  EKtot   =      4580.4658  EPtot      =  -4041562.1747
 BOND   =         0.0000  ANGLE   =         0.0000  DIHED      =         0.0000
 1-4 NB =         0.0000  1-4 EEL =         0.0000  VDWAALS    =      7996.2693
 EELEC  =  -4049558.4441  EHBOND  =         0.0000  RESTRAINT  =         0.0000
 ------------------------------------------------------------------------------


 NSTEP =      688   TIME(PS) =       0.688  TEMP(K) =   187.75  PRESS =     0.0
 Etot   =  -4036981.7363  EKtot   =      4584.0450  EPtot      =  -4041565.7813
 BOND   =         0.0000  ANGLE   =         0.0000  DIHED      =         0.0000
 1-4 NB =         0.0000  1-4 EEL =         0.0000  VDWAALS    =      7997.1279
 EELEC  =  -4049562.9091  EHBOND  =         0.0000  RESTRAINT  =         0.0000
 ------------------------------------------------------------------------------


 NSTEP =      689   TIME(PS) =       0.689  TEMP(K) =   187.95  PRESS =     0.0
 Etot   =  -4036981.7691  EKtot   =      4588.8960  EPtot      =  -4041570.6651
 BOND   =         0.0000  ANGLE   =         0.0000  DIHED      =         0.0000
 1-4 NB =         0.0000  1-4 EEL =         0.0000  VDWAALS    =      7998.1740
 EELEC  =  -4049568.8391  EHBOND  =         0.0000  RESTRAINT  =         0.0000
 ------------------------------------------------------------------------------


 NSTEP =      690   TIME(PS) =       0.690  TEMP(K) =   188.18  PRESS =     0.0
 Etot   =  -4036981.8041  EKtot   =      4594.5304  EPtot      =  -4041576.3346
 BOND   =         0.0000  ANGLE   =         0.0000  DIHED      =         0.0000
 1-4 NB =         0.0000  1-4 EEL =         0.0000  VDWAALS    =      7999.3910
 EELEC  =  -4049575.7255  EHBOND  =         0.0000  RESTRAINT  =         0.0000
 ------------------------------------------------------------------------------


 NSTEP =      691   TIME(PS) =       0.691  TEMP(K) =   188.42  PRESS =     0.0
 Etot   =  -4036981.8378  EKtot   =      4600.4274  EPtot      =  -4041582.2653
 BOND   =         0.0000  ANGLE   =         0.0000  DIHED      =         0.0000
 1-4 NB =         0.0000  1-4 EEL =         0.0000  VDWAALS    =      8000.7611
 EELEC  =  -4049583.0264  EHBOND  =         0.0000  RESTRAINT  =         0.0000
 ------------------------------------------------------------------------------


 NSTEP =      692   TIME(PS) =       0.692  TEMP(K) =   188.65  PRESS =     0.0
 Etot   =  -4036981.8669  EKtot   =      4606.0830  EPtot      =  -4041587.9498
 BOND   =         0.0000  ANGLE   =         0.0000  DIHED      =         0.0000
 1-4 NB =         0.0000  1-4 EEL =         0.0000  VDWAALS    =      8002.2674
 EELEC  =  -4049590.2173  EHBOND  =         0.0000  RESTRAINT  =         0.0000
 ------------------------------------------------------------------------------


 NSTEP =      693   TIME(PS) =       0.693  TEMP(K) =   188.86  PRESS =     0.0
 Etot   =  -4036981.8902  EKtot   =      4611.0498  EPtot      =  -4041592.9400
 BOND   =         0.0000  ANGLE   =         0.0000  DIHED      =         0.0000
 1-4 NB =         0.0000  1-4 EEL =         0.0000  VDWAALS    =      8003.8939
 EELEC  =  -4049596.8339  EHBOND  =         0.0000  RESTRAINT  =         0.0000
 ------------------------------------------------------------------------------


 NSTEP =      694   TIME(PS) =       0.694  TEMP(K) =   189.02  PRESS =     0.0
 Etot   =  -4036981.9073  EKtot   =      4614.9634  EPtot      =  -4041596.8707
 BOND   =         0.0000  ANGLE   =         0.0000  DIHED      =         0.0000
 1-4 NB =         0.0000  1-4 EEL =         0.0000  VDWAALS    =      8005.6259
 EELEC  =  -4049602.4967  EHBOND  =         0.0000  RESTRAINT  =         0.0000
 ------------------------------------------------------------------------------


 NSTEP =      695   TIME(PS) =       0.695  TEMP(K) =   189.12  PRESS =     0.0
 Etot   =  -4036981.9180  EKtot   =      4617.5561  EPtot      =  -4041599.4741
 BOND   =         0.0000  ANGLE   =         0.0000  DIHED      =         0.0000
 1-4 NB =         0.0000  1-4 EEL =         0.0000  VDWAALS    =      8007.4504
 EELEC  =  -4049606.9244  EHBOND  =         0.0000  RESTRAINT  =         0.0000
 ------------------------------------------------------------------------------


 NSTEP =      696   TIME(PS) =       0.696  TEMP(K) =   189.17  PRESS =     0.0
 Etot   =  -4036981.9221  EKtot   =      4618.6614  EPtot      =  -4041600.5835
 BOND   =         0.0000  ANGLE   =         0.0000  DIHED      =         0.0000
 1-4 NB =         0.0000  1-4 EEL =         0.0000  VDWAALS    =      8009.3550
 EELEC  =  -4049609.9385  EHBOND  =         0.0000  RESTRAINT  =         0.0000
 ------------------------------------------------------------------------------


 NSTEP =      697   TIME(PS) =       0.697  TEMP(K) =   189.15  PRESS =     0.0
 Etot   =  -4036981.9200  EKtot   =      4618.2162  EPtot      =  -4041600.1362
 BOND   =         0.0000  ANGLE   =         0.0000  DIHED      =         0.0000
 1-4 NB =         0.0000  1-4 EEL =         0.0000  VDWAALS    =      8011.3279
 EELEC  =  -4049611.4641  EHBOND  =         0.0000  RESTRAINT  =         0.0000
 ------------------------------------------------------------------------------


 NSTEP =      698   TIME(PS) =       0.698  TEMP(K) =   189.07  PRESS =     0.0
 Etot   =  -4036981.9115  EKtot   =      4616.2613  EPtot      =  -4041598.1728
 BOND   =         0.0000  ANGLE   =         0.0000  DIHED      =         0.0000
 1-4 NB =         0.0000  1-4 EEL =         0.0000  VDWAALS    =      8013.3570
 EELEC  =  -4049611.5297  EHBOND  =         0.0000  RESTRAINT  =         0.0000
 ------------------------------------------------------------------------------


 NSTEP =      699   TIME(PS) =       0.699  TEMP(K) =   188.93  PRESS =     0.0
 Etot   =  -4036981.8963  EKtot   =      4612.9426  EPtot      =  -4041594.8389
 BOND   =         0.0000  ANGLE   =         0.0000  DIHED      =         0.0000
 1-4 NB =         0.0000  1-4 EEL =         0.0000  VDWAALS    =      8015.4287
 EELEC  =  -4049610.2677  EHBOND  =         0.0000  RESTRAINT  =         0.0000
 ------------------------------------------------------------------------------


 NSTEP =      700   TIME(PS) =       0.700  TEMP(K) =   188.75  PRESS =     0.0
 Etot   =  -4036981.8750  EKtot   =      4608.5091  EPtot      =  -4041590.3842
 BOND   =         0.0000  ANGLE   =         0.0000  DIHED      =         0.0000
 1-4 NB =         0.0000  1-4 EEL =         0.0000  VDWAALS    =      8017.5280
 EELEC  =  -4049607.9122  EHBOND  =         0.0000  RESTRAINT  =         0.0000
 ------------------------------------------------------------------------------


 NSTEP =      701   TIME(PS) =       0.701  TEMP(K) =   188.54  PRESS =     0.0
 Etot   =  -4036981.8490  EKtot   =      4603.3027  EPtot      =  -4041585.1517
 BOND   =         0.0000  ANGLE   =         0.0000  DIHED      =         0.0000
 1-4 NB =         0.0000  1-4 EEL =         0.0000  VDWAALS    =      8019.6375
 EELEC  =  -4049604.7892  EHBOND  =         0.0000  RESTRAINT  =         0.0000
 ------------------------------------------------------------------------------


 NSTEP =      702   TIME(PS) =       0.702  TEMP(K) =   188.31  PRESS =     0.0
 Etot   =  -4036981.8198  EKtot   =      4597.7374  EPtot      =  -4041579.5572
 BOND   =         0.0000  ANGLE   =         0.0000  DIHED      =         0.0000
 1-4 NB =         0.0000  1-4 EEL =         0.0000  VDWAALS    =      8021.7374
 EELEC  =  -4049601.2946  EHBOND  =         0.0000  RESTRAINT  =         0.0000
 ------------------------------------------------------------------------------


 NSTEP =      703   TIME(PS) =       0.703  TEMP(K) =   188.09  PRESS =     0.0
 Etot   =  -4036981.7910  EKtot   =      4592.2665  EPtot      =  -4041574.0574
 BOND   =         0.0000  ANGLE   =         0.0000  DIHED      =         0.0000
 1-4 NB =         0.0000  1-4 EEL =         0.0000  VDWAALS    =      8023.8061
 EELEC  =  -4049597.8635  EHBOND  =         0.0000  RESTRAINT  =         0.0000
 ------------------------------------------------------------------------------


 NSTEP =      704   TIME(PS) =       0.704  TEMP(K) =   187.89  PRESS =     0.0
 Etot   =  -4036981.7653  EKtot   =      4587.3391  EPtot      =  -4041569.1045
 BOND   =         0.0000  ANGLE   =         0.0000  DIHED      =         0.0000
 1-4 NB =         0.0000  1-4 EEL =         0.0000  VDWAALS    =      8025.8203
 EELEC  =  -4049594.9248  EHBOND  =         0.0000  RESTRAINT  =         0.0000
 ------------------------------------------------------------------------------


 NSTEP =      705   TIME(PS) =       0.705  TEMP(K) =   187.72  PRESS =     0.0
 Etot   =  -4036981.7456  EKtot   =      4583.3542  EPtot      =  -4041565.0998
 BOND   =         0.0000  ANGLE   =         0.0000  DIHED      =         0.0000
 1-4 NB =         0.0000  1-4 EEL =         0.0000  VDWAALS    =      8027.7564
 EELEC  =  -4049592.8562  EHBOND  =         0.0000  RESTRAINT  =         0.0000
 ------------------------------------------------------------------------------


 NSTEP =      706   TIME(PS) =       0.706  TEMP(K) =   187.61  PRESS =     0.0
 Etot   =  -4036981.7343  EKtot   =      4580.6177  EPtot      =  -4041562.3519
 BOND   =         0.0000  ANGLE   =         0.0000  DIHED      =         0.0000
 1-4 NB =         0.0000  1-4 EEL =         0.0000  VDWAALS    =      8029.5908
 EELEC  =  -4049591.9428  EHBOND  =         0.0000  RESTRAINT  =         0.0000
 ------------------------------------------------------------------------------


 NSTEP =      707   TIME(PS) =       0.707  TEMP(K) =   187.56  PRESS =     0.0
 Etot   =  -4036981.7324  EKtot   =      4579.3107  EPtot      =  -4041561.0432
 BOND   =         0.0000  ANGLE   =         0.0000  DIHED      =         0.0000
 1-4 NB =         0.0000  1-4 EEL =         0.0000  VDWAALS    =      8031.3017
 EELEC  =  -4049592.3449  EHBOND  =         0.0000  RESTRAINT  =         0.0000
 ------------------------------------------------------------------------------


 NSTEP =      708   TIME(PS) =       0.708  TEMP(K) =   187.56  PRESS =     0.0
 Etot   =  -4036981.7397  EKtot   =      4579.4738  EPtot      =  -4041561.2135
 BOND   =         0.0000  ANGLE   =         0.0000  DIHED      =         0.0000
 1-4 NB =         0.0000  1-4 EEL =         0.0000  VDWAALS    =      8032.8697
 EELEC  =  -4049594.0831  EHBOND  =         0.0000  RESTRAINT  =         0.0000
 ------------------------------------------------------------------------------


 NSTEP =      709   TIME(PS) =       0.709  TEMP(K) =   187.63  PRESS =     0.0
 Etot   =  -4036981.7551  EKtot   =      4581.0083  EPtot      =  -4041562.7634
 BOND   =         0.0000  ANGLE   =         0.0000  DIHED      =         0.0000
 1-4 NB =         0.0000  1-4 EEL =         0.0000  VDWAALS    =      8034.2792
 EELEC  =  -4049597.0425  EHBOND  =         0.0000  RESTRAINT  =         0.0000
 ------------------------------------------------------------------------------


 NSTEP =      710   TIME(PS) =       0.710  TEMP(K) =   187.74  PRESS =     0.0
 Etot   =  -4036981.7762  EKtot   =      4583.6943  EPtot      =  -4041565.4705
 BOND   =         0.0000  ANGLE   =         0.0000  DIHED      =         0.0000
 1-4 NB =         0.0000  1-4 EEL =         0.0000  VDWAALS    =      8035.5193
 EELEC  =  -4049600.9898  EHBOND  =         0.0000  RESTRAINT  =         0.0000
 ------------------------------------------------------------------------------


 NSTEP =      711   TIME(PS) =       0.711  TEMP(K) =   187.88  PRESS =     0.0
 Etot   =  -4036981.8008  EKtot   =      4587.2193  EPtot      =  -4041569.0201
 BOND   =         0.0000  ANGLE   =         0.0000  DIHED      =         0.0000
 1-4 NB =         0.0000  1-4 EEL =         0.0000  VDWAALS    =      8036.5844
 EELEC  =  -4049605.6045  EHBOND  =         0.0000  RESTRAINT  =         0.0000
 ------------------------------------------------------------------------------


 NSTEP =      712   TIME(PS) =       0.712  TEMP(K) =   188.04  PRESS =     0.0
 Etot   =  -4036981.8265  EKtot   =      4591.2137  EPtot      =  -4041573.0403
 BOND   =         0.0000  ANGLE   =         0.0000  DIHED      =         0.0000
 1-4 NB =         0.0000  1-4 EEL =         0.0000  VDWAALS    =      8037.4747
 EELEC  =  -4049610.5150  EHBOND  =         0.0000  RESTRAINT  =         0.0000
 ------------------------------------------------------------------------------


 NSTEP =      713   TIME(PS) =       0.713  TEMP(K) =   188.21  PRESS =     0.0
 Etot   =  -4036981.8516  EKtot   =      4595.2860  EPtot      =  -4041577.1376
 BOND   =         0.0000  ANGLE   =         0.0000  DIHED      =         0.0000
 1-4 NB =         0.0000  1-4 EEL =         0.0000  VDWAALS    =      8038.1962
 EELEC  =  -4049615.3339  EHBOND  =         0.0000  RESTRAINT  =         0.0000
 ------------------------------------------------------------------------------


 NSTEP =      714   TIME(PS) =       0.714  TEMP(K) =   188.37  PRESS =     0.0
 Etot   =  -4036981.8740  EKtot   =      4599.0551  EPtot      =  -4041580.9292
 BOND   =         0.0000  ANGLE   =         0.0000  DIHED      =         0.0000
 1-4 NB =         0.0000  1-4 EEL =         0.0000  VDWAALS    =      8038.7603
 EELEC  =  -4049619.6895  EHBOND  =         0.0000  RESTRAINT  =         0.0000
 ------------------------------------------------------------------------------


 NSTEP =      715   TIME(PS) =       0.715  TEMP(K) =   188.49  PRESS =     0.0
 Etot   =  -4036981.8923  EKtot   =      4602.1777  EPtot      =  -4041584.0700
 BOND   =         0.0000  ANGLE   =         0.0000  DIHED      =         0.0000
 1-4 NB =         0.0000  1-4 EEL =         0.0000  VDWAALS    =      8039.1827
 EELEC  =  -4049623.2527  EHBOND  =         0.0000  RESTRAINT  =         0.0000
 ------------------------------------------------------------------------------


 NSTEP =      716   TIME(PS) =       0.716  TEMP(K) =   188.58  PRESS =     0.0
 Etot   =  -4036981.9054  EKtot   =      4604.3717  EPtot      =  -4041586.2772
 BOND   =         0.0000  ANGLE   =         0.0000  DIHED      =         0.0000
 1-4 NB =         0.0000  1-4 EEL =         0.0000  VDWAALS    =      8039.4824
 EELEC  =  -4049625.7596  EHBOND  =         0.0000  RESTRAINT  =         0.0000
 ------------------------------------------------------------------------------


 NSTEP =      717   TIME(PS) =       0.717  TEMP(K) =   188.63  PRESS =     0.0
 Etot   =  -4036981.9126  EKtot   =      4605.4364  EPtot      =  -4041587.3490
 BOND   =         0.0000  ANGLE   =         0.0000  DIHED      =         0.0000
 1-4 NB =         0.0000  1-4 EEL =         0.0000  VDWAALS    =      8039.6798
 EELEC  =  -4049627.0288  EHBOND  =         0.0000  RESTRAINT  =         0.0000
 ------------------------------------------------------------------------------


 NSTEP =      718   TIME(PS) =       0.718  TEMP(K) =   188.62  PRESS =     0.0
 Etot   =  -4036981.9123  EKtot   =      4605.2690  EPtot      =  -4041587.1813
 BOND   =         0.0000  ANGLE   =         0.0000  DIHED      =         0.0000
 1-4 NB =         0.0000  1-4 EEL =         0.0000  VDWAALS    =      8039.7946
 EELEC  =  -4049626.9759  EHBOND  =         0.0000  RESTRAINT  =         0.0000
 ------------------------------------------------------------------------------


 NSTEP =      719   TIME(PS) =       0.719  TEMP(K) =   188.56  PRESS =     0.0
 Etot   =  -4036981.9041  EKtot   =      4603.8778  EPtot      =  -4041585.7819
 BOND   =         0.0000  ANGLE   =         0.0000  DIHED      =         0.0000
 1-4 NB =         0.0000  1-4 EEL =         0.0000  VDWAALS    =      8039.8445
 EELEC  =  -4049625.6264  EHBOND  =         0.0000  RESTRAINT  =         0.0000
 ------------------------------------------------------------------------------


 NSTEP =      720   TIME(PS) =       0.720  TEMP(K) =   188.46  PRESS =     0.0
 Etot   =  -4036981.8886  EKtot   =      4601.3885  EPtot      =  -4041583.2771
 BOND   =         0.0000  ANGLE   =         0.0000  DIHED      =         0.0000
 1-4 NB =         0.0000  1-4 EEL =         0.0000  VDWAALS    =      8039.8428
 EELEC  =  -4049623.1199  EHBOND  =         0.0000  RESTRAINT  =         0.0000
 ------------------------------------------------------------------------------


 NSTEP =      721   TIME(PS) =       0.721  TEMP(K) =   188.32  PRESS =     0.0
 Etot   =  -4036981.8665  EKtot   =      4598.0408  EPtot      =  -4041579.9073
 BOND   =         0.0000  ANGLE   =         0.0000  DIHED      =         0.0000
 1-4 NB =         0.0000  1-4 EEL =         0.0000  VDWAALS    =      8039.7972
 EELEC  =  -4049619.7045  EHBOND  =         0.0000  RESTRAINT  =         0.0000
 ------------------------------------------------------------------------------


 NSTEP =      722   TIME(PS) =       0.722  TEMP(K) =   188.17  PRESS =     0.0
 Etot   =  -4036981.8394  EKtot   =      4594.1730  EPtot      =  -4041576.0124
 BOND   =         0.0000  ANGLE   =         0.0000  DIHED      =         0.0000
 1-4 NB =         0.0000  1-4 EEL =         0.0000  VDWAALS    =      8039.7090
 EELEC  =  -4049615.7214  EHBOND  =         0.0000  RESTRAINT  =         0.0000
 ------------------------------------------------------------------------------


 NSTEP =      723   TIME(PS) =       0.723  TEMP(K) =   188.00  PRESS =     0.0
 Etot   =  -4036981.8102  EKtot   =      4590.1932  EPtot      =  -4041572.0034
 BOND   =         0.0000  ANGLE   =         0.0000  DIHED      =         0.0000
 1-4 NB =         0.0000  1-4 EEL =         0.0000  VDWAALS    =      8039.5724
 EELEC  =  -4049611.5758  EHBOND  =         0.0000  RESTRAINT  =         0.0000
 ------------------------------------------------------------------------------


 NSTEP =      724   TIME(PS) =       0.724  TEMP(K) =   187.85  PRESS =     0.0
 Etot   =  -4036981.7819  EKtot   =      4586.5404  EPtot      =  -4041568.3223
 BOND   =         0.0000  ANGLE   =         0.0000  DIHED      =         0.0000
 1-4 NB =         0.0000  1-4 EEL =         0.0000  VDWAALS    =      8039.3751
 EELEC  =  -4049607.6974  EHBOND  =         0.0000  RESTRAINT  =         0.0000
 ------------------------------------------------------------------------------


 NSTEP =      725   TIME(PS) =       0.725  TEMP(K) =   187.73  PRESS =     0.0
 Etot   =  -4036981.7578  EKtot   =      4583.6393  EPtot      =  -4041565.3971
 BOND   =         0.0000  ANGLE   =         0.0000  DIHED      =         0.0000
 1-4 NB =         0.0000  1-4 EEL =         0.0000  VDWAALS    =      8039.0982
 EELEC  =  -4049604.4953  EHBOND  =         0.0000  RESTRAINT  =         0.0000
 ------------------------------------------------------------------------------


 NSTEP =      726   TIME(PS) =       0.726  TEMP(K) =   187.66  PRESS =     0.0
 Etot   =  -4036981.7402  EKtot   =      4581.8551  EPtot      =  -4041563.5953
 BOND   =         0.0000  ANGLE   =         0.0000  DIHED      =         0.0000
 1-4 NB =         0.0000  1-4 EEL =         0.0000  VDWAALS    =      8038.7185
 EELEC  =  -4049602.3138  EHBOND  =         0.0000  RESTRAINT  =         0.0000
 ------------------------------------------------------------------------------


 NSTEP =      727   TIME(PS) =       0.727  TEMP(K) =   187.64  PRESS =     0.0
 Etot   =  -4036981.7310  EKtot   =      4581.4543  EPtot      =  -4041563.1852
 BOND   =         0.0000  ANGLE   =         0.0000  DIHED      =         0.0000
 1-4 NB =         0.0000  1-4 EEL =         0.0000  VDWAALS    =      8038.2091
 EELEC  =  -4049601.3944  EHBOND  =         0.0000  RESTRAINT  =         0.0000
 ------------------------------------------------------------------------------


 NSTEP =      728   TIME(PS) =       0.728  TEMP(K) =   187.69  PRESS =     0.0
 Etot   =  -4036981.7316  EKtot   =      4582.5751  EPtot      =  -4041564.3067
 BOND   =         0.0000  ANGLE   =         0.0000  DIHED      =         0.0000
 1-4 NB =         0.0000  1-4 EEL =         0.0000  VDWAALS    =      8037.5420
 EELEC  =  -4049601.8487  EHBOND  =         0.0000  RESTRAINT  =         0.0000
 ------------------------------------------------------------------------------


 NSTEP =      729   TIME(PS) =       0.729  TEMP(K) =   187.80  PRESS =     0.0
 Etot   =  -4036981.7421  EKtot   =      4585.2118  EPtot      =  -4041566.9539
 BOND   =         0.0000  ANGLE   =         0.0000  DIHED      =         0.0000
 1-4 NB =         0.0000  1-4 EEL =         0.0000  VDWAALS    =      8036.6897
 EELEC  =  -4049603.6437  EHBOND  =         0.0000  RESTRAINT  =         0.0000
 ------------------------------------------------------------------------------


 NSTEP =      730   TIME(PS) =       0.730  TEMP(K) =   187.96  PRESS =     0.0
 Etot   =  -4036981.7614  EKtot   =      4589.2129  EPtot      =  -4041570.9743
 BOND   =         0.0000  ANGLE   =         0.0000  DIHED      =         0.0000
 1-4 NB =         0.0000  1-4 EEL =         0.0000  VDWAALS    =      8035.6279
 EELEC  =  -4049606.6021  EHBOND  =         0.0000  RESTRAINT  =         0.0000
 ------------------------------------------------------------------------------


 NSTEP =      731   TIME(PS) =       0.731  TEMP(K) =   188.17  PRESS =     0.0
 Etot   =  -4036981.7878  EKtot   =      4594.2947  EPtot      =  -4041576.0825
 BOND   =         0.0000  ANGLE   =         0.0000  DIHED      =         0.0000
 1-4 NB =         0.0000  1-4 EEL =         0.0000  VDWAALS    =      8034.3367
 EELEC  =  -4049610.4192  EHBOND  =         0.0000  RESTRAINT  =         0.0000
 ------------------------------------------------------------------------------


 NSTEP =      732   TIME(PS) =       0.732  TEMP(K) =   188.41  PRESS =     0.0
 Etot   =  -4036981.8193  EKtot   =      4600.0671  EPtot      =  -4041581.8864
 BOND   =         0.0000  ANGLE   =         0.0000  DIHED      =         0.0000
 1-4 NB =         0.0000  1-4 EEL =         0.0000  VDWAALS    =      8032.8030
 EELEC  =  -4049614.6894  EHBOND  =         0.0000  RESTRAINT  =         0.0000
 ------------------------------------------------------------------------------


 NSTEP =      733   TIME(PS) =       0.733  TEMP(K) =   188.65  PRESS =     0.0
 Etot   =  -4036981.8529  EKtot   =      4606.0699  EPtot      =  -4041587.9227
 BOND   =         0.0000  ANGLE   =         0.0000  DIHED      =         0.0000
 1-4 NB =         0.0000  1-4 EEL =         0.0000  VDWAALS    =      8031.0210
 EELEC  =  -4049618.9437  EHBOND  =         0.0000  RESTRAINT  =         0.0000
 ------------------------------------------------------------------------------


 NSTEP =      734   TIME(PS) =       0.734  TEMP(K) =   188.89  PRESS =     0.0
 Etot   =  -4036981.8849  EKtot   =      4611.8171  EPtot      =  -4041593.7020
 BOND   =         0.0000  ANGLE   =         0.0000  DIHED      =         0.0000
 1-4 NB =         0.0000  1-4 EEL =         0.0000  VDWAALS    =      8028.9931
 EELEC  =  -4049622.6951  EHBOND  =         0.0000  RESTRAINT  =         0.0000
 ------------------------------------------------------------------------------


 NSTEP =      735   TIME(PS) =       0.735  TEMP(K) =   189.09  PRESS =     0.0
 Etot   =  -4036981.9122  EKtot   =      4616.8462  EPtot      =  -4041598.7584
 BOND   =         0.0000  ANGLE   =         0.0000  DIHED      =         0.0000
 1-4 NB =         0.0000  1-4 EEL =         0.0000  VDWAALS    =      8026.7297
 EELEC  =  -4049625.4881  EHBOND  =         0.0000  RESTRAINT  =         0.0000
 ------------------------------------------------------------------------------


 NSTEP =      736   TIME(PS) =       0.736  TEMP(K) =   189.25  PRESS =     0.0
 Etot   =  -4036981.9324  EKtot   =      4620.7665  EPtot      =  -4041602.6990
 BOND   =         0.0000  ANGLE   =         0.0000  DIHED      =         0.0000
 1-4 NB =         0.0000  1-4 EEL =         0.0000  VDWAALS    =      8024.2479
 EELEC  =  -4049626.9469  EHBOND  =         0.0000  RESTRAINT  =         0.0000
 ------------------------------------------------------------------------------


 NSTEP =      737   TIME(PS) =       0.737  TEMP(K) =   189.36  PRESS =     0.0
 Etot   =  -4036981.9426  EKtot   =      4623.3021  EPtot      =  -4041605.2447
 BOND   =         0.0000  ANGLE   =         0.0000  DIHED      =         0.0000
 1-4 NB =         0.0000  1-4 EEL =         0.0000  VDWAALS    =      8021.5708
 EELEC  =  -4049626.8155  EHBOND  =         0.0000  RESTRAINT  =         0.0000
 ------------------------------------------------------------------------------


 NSTEP =      738   TIME(PS) =       0.738  TEMP(K) =   189.40  PRESS =     0.0
 Etot   =  -4036981.9412  EKtot   =      4624.3247  EPtot      =  -4041606.2659
 BOND   =         0.0000  ANGLE   =         0.0000  DIHED      =         0.0000
 1-4 NB =         0.0000  1-4 EEL =         0.0000  VDWAALS    =      8018.7251
 EELEC  =  -4049624.9910  EHBOND  =         0.0000  RESTRAINT  =         0.0000
 ------------------------------------------------------------------------------


 NSTEP =      739   TIME(PS) =       0.739  TEMP(K) =   189.38  PRESS =     0.0
 Etot   =  -4036981.9289  EKtot   =      4623.8714  EPtot      =  -4041605.8004
 BOND   =         0.0000  ANGLE   =         0.0000  DIHED      =         0.0000
 1-4 NB =         0.0000  1-4 EEL =         0.0000  VDWAALS    =      8015.7398
 EELEC  =  -4049621.5402  EHBOND  =         0.0000  RESTRAINT  =         0.0000
 ------------------------------------------------------------------------------


 NSTEP =      740   TIME(PS) =       0.740  TEMP(K) =   189.31  PRESS =     0.0
 Etot   =  -4036981.9070  EKtot   =      4622.1443  EPtot      =  -4041604.0513
 BOND   =         0.0000  ANGLE   =         0.0000  DIHED      =         0.0000
 1-4 NB =         0.0000  1-4 EEL =         0.0000  VDWAALS    =      8012.6441
 EELEC  =  -4049616.6954  EHBOND  =         0.0000  RESTRAINT  =         0.0000
 ------------------------------------------------------------------------------


 NSTEP =      741   TIME(PS) =       0.741  TEMP(K) =   189.20  PRESS =     0.0
 Etot   =  -4036981.8775  EKtot   =      4619.4892  EPtot      =  -4041601.3667
 BOND   =         0.0000  ANGLE   =         0.0000  DIHED      =         0.0000
 1-4 NB =         0.0000  1-4 EEL =         0.0000  VDWAALS    =      8009.4660
 EELEC  =  -4049610.8327  EHBOND  =         0.0000  RESTRAINT  =         0.0000
 ------------------------------------------------------------------------------


 NSTEP =      742   TIME(PS) =       0.742  TEMP(K) =   189.07  PRESS =     0.0
 Etot   =  -4036981.8441  EKtot   =      4616.3570  EPtot      =  -4041598.2011
 BOND   =         0.0000  ANGLE   =         0.0000  DIHED      =         0.0000
 1-4 NB =         0.0000  1-4 EEL =         0.0000  VDWAALS    =      8006.2312
 EELEC  =  -4049604.4323  EHBOND  =         0.0000  RESTRAINT  =         0.0000
 ------------------------------------------------------------------------------


 NSTEP =      743   TIME(PS) =       0.743  TEMP(K) =   188.95  PRESS =     0.0
 Etot   =  -4036981.8114  EKtot   =      4613.2502  EPtot      =  -4041595.0616
 BOND   =         0.0000  ANGLE   =         0.0000  DIHED      =         0.0000
 1-4 NB =         0.0000  1-4 EEL =         0.0000  VDWAALS    =      8002.9623
 EELEC  =  -4049598.0239  EHBOND  =         0.0000  RESTRAINT  =         0.0000
 ------------------------------------------------------------------------------


 NSTEP =      744   TIME(PS) =       0.744  TEMP(K) =   188.84  PRESS =     0.0
 Etot   =  -4036981.7832  EKtot   =      4610.6638  EPtot      =  -4041592.4470
 BOND   =         0.0000  ANGLE   =         0.0000  DIHED      =         0.0000
 1-4 NB =         0.0000  1-4 EEL =         0.0000  VDWAALS    =      7999.6786
 EELEC  =  -4049592.1256  EHBOND  =         0.0000  RESTRAINT  =         0.0000
 ------------------------------------------------------------------------------


 NSTEP =      745   TIME(PS) =       0.745  TEMP(K) =   188.77  PRESS =     0.0
 Etot   =  -4036981.7624  EKtot   =      4609.0281  EPtot      =  -4041590.7904
 BOND   =         0.0000  ANGLE   =         0.0000  DIHED      =         0.0000
 1-4 NB =         0.0000  1-4 EEL =         0.0000  VDWAALS    =      7996.3957
 EELEC  =  -4049587.1861  EHBOND  =         0.0000  RESTRAINT  =         0.0000
 ------------------------------------------------------------------------------


 NSTEP =      746   TIME(PS) =       0.746  TEMP(K) =   188.76  PRESS =     0.0
 Etot   =  -4036981.7505  EKtot   =      4608.6624  EPtot      =  -4041590.4129
 BOND   =         0.0000  ANGLE   =         0.0000  DIHED      =         0.0000
 1-4 NB =         0.0000  1-4 EEL =         0.0000  VDWAALS    =      7993.1261
 EELEC  =  -4049583.5390  EHBOND  =         0.0000  RESTRAINT  =         0.0000
 ------------------------------------------------------------------------------


 NSTEP =      747   TIME(PS) =       0.747  TEMP(K) =   188.80  PRESS =     0.0
 Etot   =  -4036981.7490  EKtot   =      4609.7452  EPtot      =  -4041591.4942
 BOND   =         0.0000  ANGLE   =         0.0000  DIHED      =         0.0000
 1-4 NB =         0.0000  1-4 EEL =         0.0000  VDWAALS    =      7989.8795
 EELEC  =  -4049581.3738  EHBOND  =         0.0000  RESTRAINT  =         0.0000
 ------------------------------------------------------------------------------


 NSTEP =      748   TIME(PS) =       0.748  TEMP(K) =   188.91  PRESS =     0.0
 Etot   =  -4036981.7575  EKtot   =      4612.3033  EPtot      =  -4041594.0608
 BOND   =         0.0000  ANGLE   =         0.0000  DIHED      =         0.0000
 1-4 NB =         0.0000  1-4 EEL =         0.0000  VDWAALS    =      7986.6630
 EELEC  =  -4049580.7238  EHBOND  =         0.0000  RESTRAINT  =         0.0000
 ------------------------------------------------------------------------------


 NSTEP =      749   TIME(PS) =       0.749  TEMP(K) =   189.07  PRESS =     0.0
 Etot   =  -4036981.7738  EKtot   =      4616.2186  EPtot      =  -4041597.9923
 BOND   =         0.0000  ANGLE   =         0.0000  DIHED      =         0.0000
 1-4 NB =         0.0000  1-4 EEL =         0.0000  VDWAALS    =      7983.4814
 EELEC  =  -4049581.4737  EHBOND  =         0.0000  RESTRAINT  =         0.0000
 ------------------------------------------------------------------------------


 NSTEP =      750   TIME(PS) =       0.750  TEMP(K) =   189.27  PRESS =     0.0
 Etot   =  -4036981.7960  EKtot   =      4621.2494  EPtot      =  -4041603.0453
 BOND   =         0.0000  ANGLE   =         0.0000  DIHED      =         0.0000
 1-4 NB =         0.0000  1-4 EEL =         0.0000  VDWAALS    =      7980.3374
 EELEC  =  -4049583.3828  EHBOND  =         0.0000  RESTRAINT  =         0.0000
 ------------------------------------------------------------------------------


 NSTEP =      751   TIME(PS) =       0.751  TEMP(K) =   189.51  PRESS =     0.0
 Etot   =  -4036981.8225  EKtot   =      4627.0599  EPtot      =  -4041608.8824
 BOND   =         0.0000  ANGLE   =         0.0000  DIHED      =         0.0000
 1-4 NB =         0.0000  1-4 EEL =         0.0000  VDWAALS    =      7977.2320
 EELEC  =  -4049586.1144  EHBOND  =         0.0000  RESTRAINT  =         0.0000
 ------------------------------------------------------------------------------


 NSTEP =      752   TIME(PS) =       0.752  TEMP(K) =   189.77  PRESS =     0.0
 Etot   =  -4036981.8507  EKtot   =      4633.2552  EPtot      =  -4041615.1059
 BOND   =         0.0000  ANGLE   =         0.0000  DIHED      =         0.0000
 1-4 NB =         0.0000  1-4 EEL =         0.0000  VDWAALS    =      7974.1637
 EELEC  =  -4049589.2697  EHBOND  =         0.0000  RESTRAINT  =         0.0000
 ------------------------------------------------------------------------------


 NSTEP =      753   TIME(PS) =       0.753  TEMP(K) =   190.02  PRESS =     0.0
 Etot   =  -4036981.8777  EKtot   =      4639.4177  EPtot      =  -4041621.2954
 BOND   =         0.0000  ANGLE   =         0.0000  DIHED      =         0.0000
 1-4 NB =         0.0000  1-4 EEL =         0.0000  VDWAALS    =      7971.1294
 EELEC  =  -4049592.4249  EHBOND  =         0.0000  RESTRAINT  =         0.0000
 ------------------------------------------------------------------------------


 NSTEP =      754   TIME(PS) =       0.754  TEMP(K) =   190.25  PRESS =     0.0
 Etot   =  -4036981.9020  EKtot   =      4645.1433  EPtot      =  -4041627.0454
 BOND   =         0.0000  ANGLE   =         0.0000  DIHED      =         0.0000
 1-4 NB =         0.0000  1-4 EEL =         0.0000  VDWAALS    =      7968.1235
 EELEC  =  -4049595.1689  EHBOND  =         0.0000  RESTRAINT  =         0.0000
 ------------------------------------------------------------------------------


 NSTEP =      755   TIME(PS) =       0.755  TEMP(K) =   190.45  PRESS =     0.0
 Etot   =  -4036981.9215  EKtot   =      4650.0754  EPtot      =  -4041631.9969
 BOND   =         0.0000  ANGLE   =         0.0000  DIHED      =         0.0000
 1-4 NB =         0.0000  1-4 EEL =         0.0000  VDWAALS    =      7965.1382
 EELEC  =  -4049597.1352  EHBOND  =         0.0000  RESTRAINT  =         0.0000
 ------------------------------------------------------------------------------


 NSTEP =      756   TIME(PS) =       0.756  TEMP(K) =   190.61  PRESS =     0.0
 Etot   =  -4036981.9341  EKtot   =      4653.9351  EPtot      =  -4041635.8692
 BOND   =         0.0000  ANGLE   =         0.0000  DIHED      =         0.0000
 1-4 NB =         0.0000  1-4 EEL =         0.0000  VDWAALS    =      7962.1640
 EELEC  =  -4049598.0332  EHBOND  =         0.0000  RESTRAINT  =         0.0000
 ------------------------------------------------------------------------------


 NSTEP =      757   TIME(PS) =       0.757  TEMP(K) =   190.72  PRESS =     0.0
 Etot   =  -4036981.9387  EKtot   =      4656.5457  EPtot      =  -4041638.4844
 BOND   =         0.0000  ANGLE   =         0.0000  DIHED      =         0.0000
 1-4 NB =         0.0000  1-4 EEL =         0.0000  VDWAALS    =      7959.1900
 EELEC  =  -4049597.6744  EHBOND  =         0.0000  RESTRAINT  =         0.0000
 ------------------------------------------------------------------------------


 NSTEP =      758   TIME(PS) =       0.758  TEMP(K) =   190.77  PRESS =     0.0
 Etot   =  -4036981.9352  EKtot   =      4657.8482  EPtot      =  -4041639.7835
 BOND   =         0.0000  ANGLE   =         0.0000  DIHED      =         0.0000
 1-4 NB =         0.0000  1-4 EEL =         0.0000  VDWAALS    =      7956.2050
 EELEC  =  -4049595.9885  EHBOND  =         0.0000  RESTRAINT  =         0.0000
 ------------------------------------------------------------------------------


 NSTEP =      759   TIME(PS) =       0.759  TEMP(K) =   190.78  PRESS =     0.0
 Etot   =  -4036981.9237  EKtot   =      4657.9070  EPtot      =  -4041639.8306
 BOND   =         0.0000  ANGLE   =         0.0000  DIHED      =         0.0000
 1-4 NB =         0.0000  1-4 EEL =         0.0000  VDWAALS    =      7953.1985
 EELEC  =  -4049593.0291  EHBOND  =         0.0000  RESTRAINT  =         0.0000
 ------------------------------------------------------------------------------


 NSTEP =      760   TIME(PS) =       0.760  TEMP(K) =   190.73  PRESS =     0.0
 Etot   =  -4036981.9054  EKtot   =      4656.9019  EPtot      =  -4041638.8073
 BOND   =         0.0000  ANGLE   =         0.0000  DIHED      =         0.0000
 1-4 NB =         0.0000  1-4 EEL =         0.0000  VDWAALS    =      7950.1625
 EELEC  =  -4049588.9698  EHBOND  =         0.0000  RESTRAINT  =         0.0000
 ------------------------------------------------------------------------------


 NSTEP =      761   TIME(PS) =       0.761  TEMP(K) =   190.66  PRESS =     0.0
 Etot   =  -4036981.8825  EKtot   =      4655.1088  EPtot      =  -4041636.9913
 BOND   =         0.0000  ANGLE   =         0.0000  DIHED      =         0.0000
 1-4 NB =         0.0000  1-4 EEL =         0.0000  VDWAALS    =      7947.0929
 EELEC  =  -4049584.0842  EHBOND  =         0.0000  RESTRAINT  =         0.0000
 ------------------------------------------------------------------------------


 NSTEP =      762   TIME(PS) =       0.762  TEMP(K) =   190.57  PRESS =     0.0
 Etot   =  -4036981.8582  EKtot   =      4652.8657  EPtot      =  -4041634.7239
 BOND   =         0.0000  ANGLE   =         0.0000  DIHED      =         0.0000
 1-4 NB =         0.0000  1-4 EEL =         0.0000  VDWAALS    =      7943.9910
 EELEC  =  -4049578.7149  EHBOND  =         0.0000  RESTRAINT  =         0.0000
 ------------------------------------------------------------------------------


 NSTEP =      763   TIME(PS) =       0.763  TEMP(K) =   190.47  PRESS =     0.0
 Etot   =  -4036981.8353  EKtot   =      4650.5301  EPtot      =  -4041632.3654
 BOND   =         0.0000  ANGLE   =         0.0000  DIHED      =         0.0000
 1-4 NB =         0.0000  1-4 EEL =         0.0000  VDWAALS    =      7940.8653
 EELEC  =  -4049573.2307  EHBOND  =         0.0000  RESTRAINT  =         0.0000
 ------------------------------------------------------------------------------


 NSTEP =      764   TIME(PS) =       0.764  TEMP(K) =   190.39  PRESS =     0.0
 Etot   =  -4036981.8173  EKtot   =      4648.4322  EPtot      =  -4041630.2495
 BOND   =         0.0000  ANGLE   =         0.0000  DIHED      =         0.0000
 1-4 NB =         0.0000  1-4 EEL =         0.0000  VDWAALS    =      7937.7323
 EELEC  =  -4049567.9819  EHBOND  =         0.0000  RESTRAINT  =         0.0000
 ------------------------------------------------------------------------------


 NSTEP =      765   TIME(PS) =       0.765  TEMP(K) =   190.32  PRESS =     0.0
 Etot   =  -4036981.8064  EKtot   =      4646.8309  EPtot      =  -4041628.6373
 BOND   =         0.0000  ANGLE   =         0.0000  DIHED      =         0.0000
 1-4 NB =         0.0000  1-4 EEL =         0.0000  VDWAALS    =      7934.6172
 EELEC  =  -4049563.2545  EHBOND  =         0.0000  RESTRAINT  =         0.0000
 ------------------------------------------------------------------------------


 NSTEP =      766   TIME(PS) =       0.766  TEMP(K) =   190.28  PRESS =     0.0
 Etot   =  -4036981.8035  EKtot   =      4645.8806  EPtot      =  -4041627.6840
 BOND   =         0.0000  ANGLE   =         0.0000  DIHED      =         0.0000
 1-4 NB =         0.0000  1-4 EEL =         0.0000  VDWAALS    =      7931.5539
 EELEC  =  -4049559.2379  EHBOND  =         0.0000  RESTRAINT  =         0.0000
 ------------------------------------------------------------------------------


 NSTEP =      767   TIME(PS) =       0.767  TEMP(K) =   190.27  PRESS =     0.0
 Etot   =  -4036981.8087  EKtot   =      4645.6146  EPtot      =  -4041627.4233
 BOND   =         0.0000  ANGLE   =         0.0000  DIHED      =         0.0000
 1-4 NB =         0.0000  1-4 EEL =         0.0000  VDWAALS    =      7928.5843
 EELEC  =  -4049556.0075  EHBOND  =         0.0000  RESTRAINT  =         0.0000
 ------------------------------------------------------------------------------


 NSTEP =      768   TIME(PS) =       0.768  TEMP(K) =   190.29  PRESS =     0.0
 Etot   =  -4036981.8206  EKtot   =      4645.9492  EPtot      =  -4041627.7698
 BOND   =         0.0000  ANGLE   =         0.0000  DIHED      =         0.0000
 1-4 NB =         0.0000  1-4 EEL =         0.0000  VDWAALS    =      7925.7565
 EELEC  =  -4049553.5263  EHBOND  =         0.0000  RESTRAINT  =         0.0000
 ------------------------------------------------------------------------------


 NSTEP =      769   TIME(PS) =       0.769  TEMP(K) =   190.32  PRESS =     0.0
 Etot   =  -4036981.8365  EKtot   =      4646.7054  EPtot      =  -4041628.5418
 BOND   =         0.0000  ANGLE   =         0.0000  DIHED      =         0.0000
 1-4 NB =         0.0000  1-4 EEL =         0.0000  VDWAALS    =      7923.1230
 EELEC  =  -4049551.6649  EHBOND  =         0.0000  RESTRAINT  =         0.0000
 ------------------------------------------------------------------------------


 NSTEP =      770   TIME(PS) =       0.770  TEMP(K) =   190.36  PRESS =     0.0
 Etot   =  -4036981.8534  EKtot   =      4647.6462  EPtot      =  -4041629.4996
 BOND   =         0.0000  ANGLE   =         0.0000  DIHED      =         0.0000
 1-4 NB =         0.0000  1-4 EEL =         0.0000  VDWAALS    =      7920.7377
 EELEC  =  -4049550.2373  EHBOND  =         0.0000  RESTRAINT  =         0.0000
 ------------------------------------------------------------------------------


 NSTEP =      771   TIME(PS) =       0.771  TEMP(K) =   190.39  PRESS =     0.0
 Etot   =  -4036981.8681  EKtot   =      4648.5210  EPtot      =  -4041630.3891
 BOND   =         0.0000  ANGLE   =         0.0000  DIHED      =         0.0000
 1-4 NB =         0.0000  1-4 EEL =         0.0000  VDWAALS    =      7918.6525
 EELEC  =  -4049549.0416  EHBOND  =         0.0000  RESTRAINT  =         0.0000
 ------------------------------------------------------------------------------


 NSTEP =      772   TIME(PS) =       0.772  TEMP(K) =   190.42  PRESS =     0.0
 Etot   =  -4036981.8783  EKtot   =      4649.1093  EPtot      =  -4041630.9876
 BOND   =         0.0000  ANGLE   =         0.0000  DIHED      =         0.0000
 1-4 NB =         0.0000  1-4 EEL =         0.0000  VDWAALS    =      7916.9144
 EELEC  =  -4049547.9020  EHBOND  =         0.0000  RESTRAINT  =         0.0000
 ------------------------------------------------------------------------------


 NSTEP =      773   TIME(PS) =       0.773  TEMP(K) =   190.42  PRESS =     0.0
 Etot   =  -4036981.8831  EKtot   =      4649.2556  EPtot      =  -4041631.1388
 BOND   =         0.0000  ANGLE   =         0.0000  DIHED      =         0.0000
 1-4 NB =         0.0000  1-4 EEL =         0.0000  VDWAALS    =      7915.5626
 EELEC  =  -4049546.7014  EHBOND  =         0.0000  RESTRAINT  =         0.0000
 ------------------------------------------------------------------------------


 NSTEP =      774   TIME(PS) =       0.774  TEMP(K) =   190.41  PRESS =     0.0
 Etot   =  -4036981.8812  EKtot   =      4648.8899  EPtot      =  -4041630.7711
 BOND   =         0.0000  ANGLE   =         0.0000  DIHED      =         0.0000
 1-4 NB =         0.0000  1-4 EEL =         0.0000  VDWAALS    =      7914.6257
 EELEC  =  -4049545.3968  EHBOND  =         0.0000  RESTRAINT  =         0.0000
 ------------------------------------------------------------------------------


 NSTEP =      775   TIME(PS) =       0.775  TEMP(K) =   190.37  PRESS =     0.0
 Etot   =  -4036981.8743  EKtot   =      4648.0304  EPtot      =  -4041629.9047
 BOND   =         0.0000  ANGLE   =         0.0000  DIHED      =         0.0000
 1-4 NB =         0.0000  1-4 EEL =         0.0000  VDWAALS    =      7914.1202
 EELEC  =  -4049544.0250  EHBOND  =         0.0000  RESTRAINT  =         0.0000
 ------------------------------------------------------------------------------


 NSTEP =      776   TIME(PS) =       0.776  TEMP(K) =   190.32  PRESS =     0.0
 Etot   =  -4036981.8642  EKtot   =      4646.7708  EPtot      =  -4041628.6350
 BOND   =         0.0000  ANGLE   =         0.0000  DIHED      =         0.0000
 1-4 NB =         0.0000  1-4 EEL =         0.0000  VDWAALS    =      7914.0496
 EELEC  =  -4049542.6846  EHBOND  =         0.0000  RESTRAINT  =         0.0000
 ------------------------------------------------------------------------------


 NSTEP =      777   TIME(PS) =       0.777  TEMP(K) =   190.26  PRESS =     0.0
 Etot   =  -4036981.8533  EKtot   =      4645.2530  EPtot      =  -4041627.1064
 BOND   =         0.0000  ANGLE   =         0.0000  DIHED      =         0.0000
 1-4 NB =         0.0000  1-4 EEL =         0.0000  VDWAALS    =      7914.4043
 EELEC  =  -4049541.5106  EHBOND  =         0.0000  RESTRAINT  =         0.0000
 ------------------------------------------------------------------------------


 NSTEP =      778   TIME(PS) =       0.778  TEMP(K) =   190.19  PRESS =     0.0
 Etot   =  -4036981.8437  EKtot   =      4643.6336  EPtot      =  -4041625.4773
 BOND   =         0.0000  ANGLE   =         0.0000  DIHED      =         0.0000
 1-4 NB =         0.0000  1-4 EEL =         0.0000  VDWAALS    =      7915.1627
 EELEC  =  -4049540.6400  EHBOND  =         0.0000  RESTRAINT  =         0.0000
 ------------------------------------------------------------------------------


 NSTEP =      779   TIME(PS) =       0.779  TEMP(K) =   190.13  PRESS =     0.0
 Etot   =  -4036981.8375  EKtot   =      4642.0481  EPtot      =  -4041623.8856
 BOND   =         0.0000  ANGLE   =         0.0000  DIHED      =         0.0000
 1-4 NB =         0.0000  1-4 EEL =         0.0000  VDWAALS    =      7916.2930
 EELEC  =  -4049540.1786  EHBOND  =         0.0000  RESTRAINT  =         0.0000
 ------------------------------------------------------------------------------


 NSTEP =      780   TIME(PS) =       0.780  TEMP(K) =   190.07  PRESS =     0.0
 Etot   =  -4036981.8364  EKtot   =      4640.5819  EPtot      =  -4041622.4182
 BOND   =         0.0000  ANGLE   =         0.0000  DIHED      =         0.0000
 1-4 NB =         0.0000  1-4 EEL =         0.0000  VDWAALS    =      7917.7545
 EELEC  =  -4049540.1728  EHBOND  =         0.0000  RESTRAINT  =         0.0000
 ------------------------------------------------------------------------------


 NSTEP =      781   TIME(PS) =       0.781  TEMP(K) =   190.01  PRESS =     0.0
 Etot   =  -4036981.8403  EKtot   =      4639.2500  EPtot      =  -4041621.0904
 BOND   =         0.0000  ANGLE   =         0.0000  DIHED      =         0.0000
 1-4 NB =         0.0000  1-4 EEL =         0.0000  VDWAALS    =      7919.5012
 EELEC  =  -4049540.5915  EHBOND  =         0.0000  RESTRAINT  =         0.0000
 ------------------------------------------------------------------------------


 NSTEP =      782   TIME(PS) =       0.782  TEMP(K) =   189.96  PRESS =     0.0
 Etot   =  -4036981.8489  EKtot   =      4637.9906  EPtot      =  -4041619.8396
 BOND   =         0.0000  ANGLE   =         0.0000  DIHED      =         0.0000
 1-4 NB =         0.0000  1-4 EEL =         0.0000  VDWAALS    =      7921.4832
 EELEC  =  -4049541.3227  EHBOND  =         0.0000  RESTRAINT  =         0.0000
 ------------------------------------------------------------------------------


 NSTEP =      783   TIME(PS) =       0.783  TEMP(K) =   189.91  PRESS =     0.0
 Etot   =  -4036981.8614  EKtot   =      4636.6717  EPtot      =  -4041618.5331
 BOND   =         0.0000  ANGLE   =         0.0000  DIHED      =         0.0000
 1-4 NB =         0.0000  1-4 EEL =         0.0000  VDWAALS    =      7923.6497
 EELEC  =  -4049542.1829  EHBOND  =         0.0000  RESTRAINT  =         0.0000
 ------------------------------------------------------------------------------


 NSTEP =      784   TIME(PS) =       0.784  TEMP(K) =   189.84  PRESS =     0.0
 Etot   =  -4036981.8750  EKtot   =      4635.1106  EPtot      =  -4041616.9857
 BOND   =         0.0000  ANGLE   =         0.0000  DIHED      =         0.0000
 1-4 NB =         0.0000  1-4 EEL =         0.0000  VDWAALS    =      7925.9510
 EELEC  =  -4049542.9367  EHBOND  =         0.0000  RESTRAINT  =         0.0000
 ------------------------------------------------------------------------------


 NSTEP =      785   TIME(PS) =       0.785  TEMP(K) =   189.76  PRESS =     0.0
 Etot   =  -4036981.8877  EKtot   =      4633.1033  EPtot      =  -4041614.9910
 BOND   =         0.0000  ANGLE   =         0.0000  DIHED      =         0.0000
 1-4 NB =         0.0000  1-4 EEL =         0.0000  VDWAALS    =      7928.3395
 EELEC  =  -4049543.3305  EHBOND  =         0.0000  RESTRAINT  =         0.0000
 ------------------------------------------------------------------------------


 NSTEP =      786   TIME(PS) =       0.786  TEMP(K) =   189.65  PRESS =     0.0
 Etot   =  -4036981.8978  EKtot   =      4630.4591  EPtot      =  -4041612.3569
 BOND   =         0.0000  ANGLE   =         0.0000  DIHED      =         0.0000
 1-4 NB =         0.0000  1-4 EEL =         0.0000  VDWAALS    =      7930.7714
 EELEC  =  -4049543.1283  EHBOND  =         0.0000  RESTRAINT  =         0.0000
 ------------------------------------------------------------------------------


 NSTEP =      787   TIME(PS) =       0.787  TEMP(K) =   189.51  PRESS =     0.0
 Etot   =  -4036981.9027  EKtot   =      4627.0362  EPtot      =  -4041608.9389
 BOND   =         0.0000  ANGLE   =         0.0000  DIHED      =         0.0000
 1-4 NB =         0.0000  1-4 EEL =         0.0000  VDWAALS    =      7933.2064
 EELEC  =  -4049542.1453  EHBOND  =         0.0000  RESTRAINT  =         0.0000
 ------------------------------------------------------------------------------


 NSTEP =      788   TIME(PS) =       0.788  TEMP(K) =   189.34  PRESS =     0.0
 Etot   =  -4036981.9001  EKtot   =      4622.7738  EPtot      =  -4041604.6739
 BOND   =         0.0000  ANGLE   =         0.0000  DIHED      =         0.0000
 1-4 NB =         0.0000  1-4 EEL =         0.0000  VDWAALS    =      7935.6082
 EELEC  =  -4049540.2821  EHBOND  =         0.0000  RESTRAINT  =         0.0000
 ------------------------------------------------------------------------------


 NSTEP =      789   TIME(PS) =       0.789  TEMP(K) =   189.13  PRESS =     0.0
 Etot   =  -4036981.8900  EKtot   =      4617.7148  EPtot      =  -4041599.6049
 BOND   =         0.0000  ANGLE   =         0.0000  DIHED      =         0.0000
 1-4 NB =         0.0000  1-4 EEL =         0.0000  VDWAALS    =      7937.9440
 EELEC  =  -4049537.5489  EHBOND  =         0.0000  RESTRAINT  =         0.0000
 ------------------------------------------------------------------------------


 NSTEP =      790   TIME(PS) =       0.790  TEMP(K) =   188.90  PRESS =     0.0
 Etot   =  -4036981.8732  EKtot   =      4612.0163  EPtot      =  -4041593.8895
 BOND   =         0.0000  ANGLE   =         0.0000  DIHED      =         0.0000
 1-4 NB =         0.0000  1-4 EEL =         0.0000  VDWAALS    =      7940.1840
 EELEC  =  -4049534.0735  EHBOND  =         0.0000  RESTRAINT  =         0.0000
 ------------------------------------------------------------------------------


 NSTEP =      791   TIME(PS) =       0.791  TEMP(K) =   188.65  PRESS =     0.0
 Etot   =  -4036981.8502  EKtot   =      4605.9448  EPtot      =  -4041587.7949
 BOND   =         0.0000  ANGLE   =         0.0000  DIHED      =         0.0000
 1-4 NB =         0.0000  1-4 EEL =         0.0000  VDWAALS    =      7942.3011
 EELEC  =  -4049530.0961  EHBOND  =         0.0000  RESTRAINT  =         0.0000
 ------------------------------------------------------------------------------


 NSTEP =      792   TIME(PS) =       0.792  TEMP(K) =   188.40  PRESS =     0.0
 Etot   =  -4036981.8233  EKtot   =      4599.8551  EPtot      =  -4041581.6784
 BOND   =         0.0000  ANGLE   =         0.0000  DIHED      =         0.0000
 1-4 NB =         0.0000  1-4 EEL =         0.0000  VDWAALS    =      7944.2710
 EELEC  =  -4049525.9494  EHBOND  =         0.0000  RESTRAINT  =         0.0000
 ------------------------------------------------------------------------------


 NSTEP =      793   TIME(PS) =       0.793  TEMP(K) =   188.16  PRESS =     0.0
 Etot   =  -4036981.7964  EKtot   =      4594.1541  EPtot      =  -4041575.9504
 BOND   =         0.0000  ANGLE   =         0.0000  DIHED      =         0.0000
 1-4 NB =         0.0000  1-4 EEL =         0.0000  VDWAALS    =      7946.0723
 EELEC  =  -4049522.0227  EHBOND  =         0.0000  RESTRAINT  =         0.0000
 ------------------------------------------------------------------------------


 NSTEP =      794   TIME(PS) =       0.794  TEMP(K) =   187.96  PRESS =     0.0
 Etot   =  -4036981.7727  EKtot   =      4589.2526  EPtot      =  -4041571.0254
 BOND   =         0.0000  ANGLE   =         0.0000  DIHED      =         0.0000
 1-4 NB =         0.0000  1-4 EEL =         0.0000  VDWAALS    =      7947.6874
 EELEC  =  -4049518.7127  EHBOND  =         0.0000  RESTRAINT  =         0.0000
 ------------------------------------------------------------------------------


 NSTEP =      795   TIME(PS) =       0.795  TEMP(K) =   187.81  PRESS =     0.0
 Etot   =  -4036981.7558  EKtot   =      4585.5134  EPtot      =  -4041567.2692
 BOND   =         0.0000  ANGLE   =         0.0000  DIHED      =         0.0000
 1-4 NB =         0.0000  1-4 EEL =         0.0000  VDWAALS    =      7949.1033
 EELEC  =  -4049516.3724  EHBOND  =         0.0000  RESTRAINT  =         0.0000
 ------------------------------------------------------------------------------


 NSTEP =      796   TIME(PS) =       0.796  TEMP(K) =   187.72  PRESS =     0.0
 Etot   =  -4036981.7478  EKtot   =      4583.2018  EPtot      =  -4041564.9496
 BOND   =         0.0000  ANGLE   =         0.0000  DIHED      =         0.0000
 1-4 NB =         0.0000  1-4 EEL =         0.0000  VDWAALS    =      7950.3124
 EELEC  =  -4049515.2620  EHBOND  =         0.0000  RESTRAINT  =         0.0000
 ------------------------------------------------------------------------------


 NSTEP =      797   TIME(PS) =       0.797  TEMP(K) =   187.69  PRESS =     0.0
 Etot   =  -4036981.7504  EKtot   =      4582.4480  EPtot      =  -4041564.1984
 BOND   =         0.0000  ANGLE   =         0.0000  DIHED      =         0.0000
 1-4 NB =         0.0000  1-4 EEL =         0.0000  VDWAALS    =      7951.3131
 EELEC  =  -4049515.5115  EHBOND  =         0.0000  RESTRAINT  =         0.0000
 ------------------------------------------------------------------------------


 NSTEP =      798   TIME(PS) =       0.798  TEMP(K) =   187.72  PRESS =     0.0
 Etot   =  -4036981.7635  EKtot   =      4583.2274  EPtot      =  -4041564.9909
 BOND   =         0.0000  ANGLE   =         0.0000  DIHED      =         0.0000
 1-4 NB =         0.0000  1-4 EEL =         0.0000  VDWAALS    =      7952.1100
 EELEC  =  -4049517.1009  EHBOND  =         0.0000  RESTRAINT  =         0.0000
 ------------------------------------------------------------------------------


 NSTEP =      799   TIME(PS) =       0.799  TEMP(K) =   187.80  PRESS =     0.0
 Etot   =  -4036981.7853  EKtot   =      4585.3615  EPtot      =  -4041567.1468
 BOND   =         0.0000  ANGLE   =         0.0000  DIHED      =         0.0000
 1-4 NB =         0.0000  1-4 EEL =         0.0000  VDWAALS    =      7952.7134
 EELEC  =  -4049519.8602  EHBOND  =         0.0000  RESTRAINT  =         0.0000
 ------------------------------------------------------------------------------


 NSTEP =      800   TIME(PS) =       0.800  TEMP(K) =   187.93  PRESS =     0.0
 Etot   =  -4036981.8129  EKtot   =      4588.5410  EPtot      =  -4041570.3539
 BOND   =         0.0000  ANGLE   =         0.0000  DIHED      =         0.0000
 1-4 NB =         0.0000  1-4 EEL =         0.0000  VDWAALS    =      7953.1382
 EELEC  =  -4049523.4921  EHBOND  =         0.0000  RESTRAINT  =         0.0000
 ------------------------------------------------------------------------------


 NSTEP =      801   TIME(PS) =       0.801  TEMP(K) =   188.09  PRESS =     0.0
 Etot   =  -4036981.8434  EKtot   =      4592.3637  EPtot      =  -4041574.2071
 BOND   =         0.0000  ANGLE   =         0.0000  DIHED      =         0.0000
 1-4 NB =         0.0000  1-4 EEL =         0.0000  VDWAALS    =      7953.4028
 EELEC  =  -4049527.6098  EHBOND  =         0.0000  RESTRAINT  =         0.0000
 ------------------------------------------------------------------------------


 NSTEP =      802   TIME(PS) =       0.802  TEMP(K) =   188.26  PRESS =     0.0
 Etot   =  -4036981.8727  EKtot   =      4596.3839  EPtot      =  -4041578.2567
 BOND   =         0.0000  ANGLE   =         0.0000  DIHED      =         0.0000
 1-4 NB =         0.0000  1-4 EEL =         0.0000  VDWAALS    =      7953.5264
 EELEC  =  -4049531.7831  EHBOND  =         0.0000  RESTRAINT  =         0.0000
 ------------------------------------------------------------------------------


 NSTEP =      803   TIME(PS) =       0.803  TEMP(K) =   188.41  PRESS =     0.0
 Etot   =  -4036981.8993  EKtot   =      4600.1626  EPtot      =  -4041582.0620
 BOND   =         0.0000  ANGLE   =         0.0000  DIHED      =         0.0000
 1-4 NB =         0.0000  1-4 EEL =         0.0000  VDWAALS    =      7953.5280
 EELEC  =  -4049535.5900  EHBOND  =         0.0000  RESTRAINT  =         0.0000
 ------------------------------------------------------------------------------


 NSTEP =      804   TIME(PS) =       0.804  TEMP(K) =   188.54  PRESS =     0.0
 Etot   =  -4036981.9188  EKtot   =      4603.3137  EPtot      =  -4041585.2325
 BOND   =         0.0000  ANGLE   =         0.0000  DIHED      =         0.0000
 1-4 NB =         0.0000  1-4 EEL =         0.0000  VDWAALS    =      7953.4236
 EELEC  =  -4049538.6560  EHBOND  =         0.0000  RESTRAINT  =         0.0000
 ------------------------------------------------------------------------------


 NSTEP =      805   TIME(PS) =       0.805  TEMP(K) =   188.63  PRESS =     0.0
 Etot   =  -4036981.9311  EKtot   =      4605.5406  EPtot      =  -4041587.4718
 BOND   =         0.0000  ANGLE   =         0.0000  DIHED      =         0.0000
 1-4 NB =         0.0000  1-4 EEL =         0.0000  VDWAALS    =      7953.2251
 EELEC  =  -4049540.6968  EHBOND  =         0.0000  RESTRAINT  =         0.0000
 ------------------------------------------------------------------------------


 NSTEP =      806   TIME(PS) =       0.806  TEMP(K) =   188.68  PRESS =     0.0
 Etot   =  -4036981.9351  EKtot   =      4606.6621  EPtot      =  -4041588.5972
 BOND   =         0.0000  ANGLE   =         0.0000  DIHED      =         0.0000
 1-4 NB =         0.0000  1-4 EEL =         0.0000  VDWAALS    =      7952.9394
 EELEC  =  -4049541.5366  EHBOND  =         0.0000  RESTRAINT  =         0.0000
 ------------------------------------------------------------------------------


 NSTEP =      807   TIME(PS) =       0.807  TEMP(K) =   188.68  PRESS =     0.0
 Etot   =  -4036981.9300  EKtot   =      4606.6257  EPtot      =  -4041588.5557
 BOND   =         0.0000  ANGLE   =         0.0000  DIHED      =         0.0000
 1-4 NB =         0.0000  1-4 EEL =         0.0000  VDWAALS    =      7952.5679
 EELEC  =  -4049541.1236  EHBOND  =         0.0000  RESTRAINT  =         0.0000
 ------------------------------------------------------------------------------


 NSTEP =      808   TIME(PS) =       0.808  TEMP(K) =   188.63  PRESS =     0.0
 Etot   =  -4036981.9167  EKtot   =      4605.5093  EPtot      =  -4041587.4260
 BOND   =         0.0000  ANGLE   =         0.0000  DIHED      =         0.0000
 1-4 NB =         0.0000  1-4 EEL =         0.0000  VDWAALS    =      7952.1071
 EELEC  =  -4049539.5331  EHBOND  =         0.0000  RESTRAINT  =         0.0000
 ------------------------------------------------------------------------------


 NSTEP =      809   TIME(PS) =       0.809  TEMP(K) =   188.55  PRESS =     0.0
 Etot   =  -4036981.8972  EKtot   =      4603.5112  EPtot      =  -4041585.4084
 BOND   =         0.0000  ANGLE   =         0.0000  DIHED      =         0.0000
 1-4 NB =         0.0000  1-4 EEL =         0.0000  VDWAALS    =      7951.5500
 EELEC  =  -4049536.9583  EHBOND  =         0.0000  RESTRAINT  =         0.0000
 ------------------------------------------------------------------------------


 NSTEP =      810   TIME(PS) =       0.810  TEMP(K) =   188.44  PRESS =     0.0
 Etot   =  -4036981.8732  EKtot   =      4600.9281  EPtot      =  -4041582.8014
 BOND   =         0.0000  ANGLE   =         0.0000  DIHED      =         0.0000
 1-4 NB =         0.0000  1-4 EEL =         0.0000  VDWAALS    =      7950.8879
 EELEC  =  -4049533.6892  EHBOND  =         0.0000  RESTRAINT  =         0.0000
 ------------------------------------------------------------------------------


 NSTEP =      811   TIME(PS) =       0.811  TEMP(K) =   188.33  PRESS =     0.0
 Etot   =  -4036981.8462  EKtot   =      4598.1249  EPtot      =  -4041579.9711
 BOND   =         0.0000  ANGLE   =         0.0000  DIHED      =         0.0000
 1-4 NB =         0.0000  1-4 EEL =         0.0000  VDWAALS    =      7950.1127
 EELEC  =  -4049530.0838  EHBOND  =         0.0000  RESTRAINT  =         0.0000
 ------------------------------------------------------------------------------


 NSTEP =      812   TIME(PS) =       0.812  TEMP(K) =   188.22  PRESS =     0.0
 Etot   =  -4036981.8205  EKtot   =      4595.4958  EPtot      =  -4041577.3164
 BOND   =         0.0000  ANGLE   =         0.0000  DIHED      =         0.0000
 1-4 NB =         0.0000  1-4 EEL =         0.0000  VDWAALS    =      7949.2195
 EELEC  =  -4049526.5359  EHBOND  =         0.0000  RESTRAINT  =         0.0000
 ------------------------------------------------------------------------------


 NSTEP =      813   TIME(PS) =       0.813  TEMP(K) =   188.13  PRESS =     0.0
 Etot   =  -4036981.7985  EKtot   =      4593.4233  EPtot      =  -4041575.2218
 BOND   =         0.0000  ANGLE   =         0.0000  DIHED      =         0.0000
 1-4 NB =         0.0000  1-4 EEL =         0.0000  VDWAALS    =      7948.2088
 EELEC  =  -4049523.4306  EHBOND  =         0.0000  RESTRAINT  =         0.0000
 ------------------------------------------------------------------------------


 NSTEP =      814   TIME(PS) =       0.814  TEMP(K) =   188.09  PRESS =     0.0
 Etot   =  -4036981.7816  EKtot   =      4592.2371  EPtot      =  -4041574.0188
 BOND   =         0.0000  ANGLE   =         0.0000  DIHED      =         0.0000
 1-4 NB =         0.0000  1-4 EEL =         0.0000  VDWAALS    =      7947.0883
 EELEC  =  -4049521.1071  EHBOND  =         0.0000  RESTRAINT  =         0.0000
 ------------------------------------------------------------------------------


 NSTEP =      815   TIME(PS) =       0.815  TEMP(K) =   188.08  PRESS =     0.0
 Etot   =  -4036981.7717  EKtot   =      4592.1813  EPtot      =  -4041573.9530
 BOND   =         0.0000  ANGLE   =         0.0000  DIHED      =         0.0000
 1-4 NB =         0.0000  1-4 EEL =         0.0000  VDWAALS    =      7945.8744
 EELEC  =  -4049519.8274  EHBOND  =         0.0000  RESTRAINT  =         0.0000
 ------------------------------------------------------------------------------


 NSTEP =      816   TIME(PS) =       0.816  TEMP(K) =   188.13  PRESS =     0.0
 Etot   =  -4036981.7702  EKtot   =      4593.3913  EPtot      =  -4041575.1615
 BOND   =         0.0000  ANGLE   =         0.0000  DIHED      =         0.0000
 1-4 NB =         0.0000  1-4 EEL =         0.0000  VDWAALS    =      7944.5921
 EELEC  =  -4049519.7536  EHBOND  =         0.0000  RESTRAINT  =         0.0000
 ------------------------------------------------------------------------------


 NSTEP =      817   TIME(PS) =       0.817  TEMP(K) =   188.24  PRESS =     0.0
 Etot   =  -4036981.7765  EKtot   =      4595.8840  EPtot      =  -4041577.6605
 BOND   =         0.0000  ANGLE   =         0.0000  DIHED      =         0.0000
 1-4 NB =         0.0000  1-4 EEL =         0.0000  VDWAALS    =      7943.2749
 EELEC  =  -4049520.9353  EHBOND  =         0.0000  RESTRAINT  =         0.0000
 ------------------------------------------------------------------------------


 NSTEP =      818   TIME(PS) =       0.818  TEMP(K) =   188.39  PRESS =     0.0
 Etot   =  -4036981.7886  EKtot   =      4599.5615  EPtot      =  -4041581.3501
 BOND   =         0.0000  ANGLE   =         0.0000  DIHED      =         0.0000
 1-4 NB =         0.0000  1-4 EEL =         0.0000  VDWAALS    =      7941.9631
 EELEC  =  -4049523.3131  EHBOND  =         0.0000  RESTRAINT  =         0.0000
 ------------------------------------------------------------------------------


 NSTEP =      819   TIME(PS) =       0.819  TEMP(K) =   188.58  PRESS =     0.0
 Etot   =  -4036981.8064  EKtot   =      4604.2250  EPtot      =  -4041586.0314
 BOND   =         0.0000  ANGLE   =         0.0000  DIHED      =         0.0000
 1-4 NB =         0.0000  1-4 EEL =         0.0000  VDWAALS    =      7940.7017
 EELEC  =  -4049526.7331  EHBOND  =         0.0000  RESTRAINT  =         0.0000
 ------------------------------------------------------------------------------


 NSTEP =      820   TIME(PS) =       0.820  TEMP(K) =   188.80  PRESS =     0.0
 Etot   =  -4036981.8280  EKtot   =      4609.5962  EPtot      =  -4041591.4242
 BOND   =         0.0000  ANGLE   =         0.0000  DIHED      =         0.0000
 1-4 NB =         0.0000  1-4 EEL =         0.0000  VDWAALS    =      7939.5379
 EELEC  =  -4049530.9621  EHBOND  =         0.0000  RESTRAINT  =         0.0000
 ------------------------------------------------------------------------------


 NSTEP =      821   TIME(PS) =       0.821  TEMP(K) =   189.03  PRESS =     0.0
 Etot   =  -4036981.8512  EKtot   =      4615.3415  EPtot      =  -4041597.1928
 BOND   =         0.0000  ANGLE   =         0.0000  DIHED      =         0.0000
 1-4 NB =         0.0000  1-4 EEL =         0.0000  VDWAALS    =      7938.5179
 EELEC  =  -4049535.7106  EHBOND  =         0.0000  RESTRAINT  =         0.0000
 ------------------------------------------------------------------------------


 NSTEP =      822   TIME(PS) =       0.822  TEMP(K) =   189.27  PRESS =     0.0
 Etot   =  -4036981.8748  EKtot   =      4621.0985  EPtot      =  -4041602.9733
 BOND   =         0.0000  ANGLE   =         0.0000  DIHED      =         0.0000
 1-4 NB =         0.0000  1-4 EEL =         0.0000  VDWAALS    =      7937.6837
 EELEC  =  -4049540.6570  EHBOND  =         0.0000  RESTRAINT  =         0.0000
 ------------------------------------------------------------------------------


 NSTEP =      823   TIME(PS) =       0.823  TEMP(K) =   189.49  PRESS =     0.0
 Etot   =  -4036981.8976  EKtot   =      4626.5004  EPtot      =  -4041608.3979
 BOND   =         0.0000  ANGLE   =         0.0000  DIHED      =         0.0000
 1-4 NB =         0.0000  1-4 EEL =         0.0000  VDWAALS    =      7937.0711
 EELEC  =  -4049545.4690  EHBOND  =         0.0000  RESTRAINT  =         0.0000
 ------------------------------------------------------------------------------


 NSTEP =      824   TIME(PS) =       0.824  TEMP(K) =   189.68  PRESS =     0.0
 Etot   =  -4036981.9179  EKtot   =      4631.1998  EPtot      =  -4041613.1177
 BOND   =         0.0000  ANGLE   =         0.0000  DIHED      =         0.0000
 1-4 NB =         0.0000  1-4 EEL =         0.0000  VDWAALS    =      7936.7065
 EELEC  =  -4049549.8242  EHBOND  =         0.0000  RESTRAINT  =         0.0000
 ------------------------------------------------------------------------------


 NSTEP =      825   TIME(PS) =       0.825  TEMP(K) =   189.83  PRESS =     0.0
 Etot   =  -4036981.9342  EKtot   =      4634.8909  EPtot      =  -4041616.8251
 BOND   =         0.0000  ANGLE   =         0.0000  DIHED      =         0.0000
 1-4 NB =         0.0000  1-4 EEL =         0.0000  VDWAALS    =      7936.6061
 EELEC  =  -4049553.4312  EHBOND  =         0.0000  RESTRAINT  =         0.0000
 ------------------------------------------------------------------------------


 NSTEP =      826   TIME(PS) =       0.826  TEMP(K) =   189.93  PRESS =     0.0
 Etot   =  -4036981.9450  EKtot   =      4637.3299  EPtot      =  -4041619.2749
 BOND   =         0.0000  ANGLE   =         0.0000  DIHED      =         0.0000
 1-4 NB =         0.0000  1-4 EEL =         0.0000  VDWAALS    =      7936.7748
 EELEC  =  -4049556.0497  EHBOND  =         0.0000  RESTRAINT  =         0.0000
 ------------------------------------------------------------------------------


 NSTEP =      827   TIME(PS) =       0.827  TEMP(K) =   189.97  PRESS =     0.0
 Etot   =  -4036981.9522  EKtot   =      4638.3530  EPtot      =  -4041620.3052
 BOND   =         0.0000  ANGLE   =         0.0000  DIHED      =         0.0000
 1-4 NB =         0.0000  1-4 EEL =         0.0000  VDWAALS    =      7937.2058
 EELEC  =  -4049557.5110  EHBOND  =         0.0000  RESTRAINT  =         0.0000
 ------------------------------------------------------------------------------


 NSTEP =      828   TIME(PS) =       0.828  TEMP(K) =   189.96  PRESS =     0.0
 Etot   =  -4036981.9501  EKtot   =      4637.8911  EPtot      =  -4041619.8412
 BOND   =         0.0000  ANGLE   =         0.0000  DIHED      =         0.0000
 1-4 NB =         0.0000  1-4 EEL =         0.0000  VDWAALS    =      7937.8816
 EELEC  =  -4049557.7228  EHBOND  =         0.0000  RESTRAINT  =         0.0000
 ------------------------------------------------------------------------------


 NSTEP =      829   TIME(PS) =       0.829  TEMP(K) =   189.88  PRESS =     0.0
 Etot   =  -4036981.9480  EKtot   =      4635.9797  EPtot      =  -4041617.9276
 BOND   =         0.0000  ANGLE   =         0.0000  DIHED      =         0.0000
 1-4 NB =         0.0000  1-4 EEL =         0.0000  VDWAALS    =      7938.7744
 EELEC  =  -4049556.7020  EHBOND  =         0.0000  RESTRAINT  =         0.0000
 ------------------------------------------------------------------------------


 NSTEP =      830   TIME(PS) =       0.830  TEMP(K) =   189.75  PRESS =     0.0
 Etot   =  -4036981.9176  EKtot   =      4632.7607  EPtot      =  -4041614.6783
 BOND   =         0.0000  ANGLE   =         0.0000  DIHED      =         0.0000
 1-4 NB =         0.0000  1-4 EEL =         0.0000  VDWAALS    =      7939.8481
 EELEC  =  -4049554.5263  EHBOND  =         0.0000  RESTRAINT  =         0.0000
 ------------------------------------------------------------------------------


 NSTEP =      831   TIME(PS) =       0.831  TEMP(K) =   189.57  PRESS =     0.0
 Etot   =  -4036981.9086  EKtot   =      4628.4778  EPtot      =  -4041610.3864
 BOND   =         0.0000  ANGLE   =         0.0000  DIHED      =         0.0000
 1-4 NB =         0.0000  1-4 EEL =         0.0000  VDWAALS    =      7941.0598
 EELEC  =  -4049551.4462  EHBOND  =         0.0000  RESTRAINT  =         0.0000
 ------------------------------------------------------------------------------


 NSTEP =      832   TIME(PS) =       0.832  TEMP(K) =   189.36  PRESS =     0.0
 Etot   =  -4036981.8889  EKtot   =      4623.4616  EPtot      =  -4041605.3505
 BOND   =         0.0000  ANGLE   =         0.0000  DIHED      =         0.0000
 1-4 NB =         0.0000  1-4 EEL =         0.0000  VDWAALS    =      7942.3622
 EELEC  =  -4049547.7127  EHBOND  =         0.0000  RESTRAINT  =         0.0000
 ------------------------------------------------------------------------------


 NSTEP =      833   TIME(PS) =       0.833  TEMP(K) =   189.15  PRESS =     0.0
 Etot   =  -4036981.8509  EKtot   =      4618.1055  EPtot      =  -4041599.9564
 BOND   =         0.0000  ANGLE   =         0.0000  DIHED      =         0.0000
 1-4 NB =         0.0000  1-4 EEL =         0.0000  VDWAALS    =      7943.7053
 EELEC  =  -4049543.6617  EHBOND  =         0.0000  RESTRAINT  =         0.0000
 ------------------------------------------------------------------------------


 NSTEP =      834   TIME(PS) =       0.834  TEMP(K) =   188.93  PRESS =     0.0
 Etot   =  -4036981.8167  EKtot   =      4612.8342  EPtot      =  -4041594.6508
 BOND   =         0.0000  ANGLE   =         0.0000  DIHED      =         0.0000
 1-4 NB =         0.0000  1-4 EEL =         0.0000  VDWAALS    =      7945.0393
 EELEC  =  -4049539.6901  EHBOND  =         0.0000  RESTRAINT  =         0.0000
 ------------------------------------------------------------------------------


 NSTEP =      835   TIME(PS) =       0.835  TEMP(K) =   188.73  PRESS =     0.0
 Etot   =  -4036981.8094  EKtot   =      4608.0669  EPtot      =  -4041589.8763
 BOND   =         0.0000  ANGLE   =         0.0000  DIHED      =         0.0000
 1-4 NB =         0.0000  1-4 EEL =         0.0000  VDWAALS    =      7946.3165
 EELEC  =  -4049536.1928  EHBOND  =         0.0000  RESTRAINT  =         0.0000
 ------------------------------------------------------------------------------


 NSTEP =      836   TIME(PS) =       0.836  TEMP(K) =   188.58  PRESS =     0.0
 Etot   =  -4036981.7904  EKtot   =      4604.1784  EPtot      =  -4041585.9688
 BOND   =         0.0000  ANGLE   =         0.0000  DIHED      =         0.0000
 1-4 NB =         0.0000  1-4 EEL =         0.0000  VDWAALS    =      7947.4934
 EELEC  =  -4049533.4622  EHBOND  =         0.0000  RESTRAINT  =         0.0000
 ------------------------------------------------------------------------------


 NSTEP =      837   TIME(PS) =       0.837  TEMP(K) =   188.46  PRESS =     0.0
 Etot   =  -4036981.7670  EKtot   =      4601.4632  EPtot      =  -4041583.2301
 BOND   =         0.0000  ANGLE   =         0.0000  DIHED      =         0.0000
 1-4 NB =         0.0000  1-4 EEL =         0.0000  VDWAALS    =      7948.5327
 EELEC  =  -4049531.7629  EHBOND  =         0.0000  RESTRAINT  =         0.0000
 ------------------------------------------------------------------------------


 NSTEP =      838   TIME(PS) =       0.838  TEMP(K) =   188.41  PRESS =     0.0
 Etot   =  -4036981.7665  EKtot   =      4600.1076  EPtot      =  -4041581.8741
 BOND   =         0.0000  ANGLE   =         0.0000  DIHED      =         0.0000
 1-4 NB =         0.0000  1-4 EEL =         0.0000  VDWAALS    =      7949.4041
 EELEC  =  -4049531.2782  EHBOND  =         0.0000  RESTRAINT  =         0.0000
 ------------------------------------------------------------------------------


 NSTEP =      839   TIME(PS) =       0.839  TEMP(K) =   188.41  PRESS =     0.0
 Etot   =  -4036981.7776  EKtot   =      4600.1739  EPtot      =  -4041581.9516
 BOND   =         0.0000  ANGLE   =         0.0000  DIHED      =         0.0000
 1-4 NB =         0.0000  1-4 EEL =         0.0000  VDWAALS    =      7950.0855
 EELEC  =  -4049532.0371  EHBOND  =         0.0000  RESTRAINT  =         0.0000
 ------------------------------------------------------------------------------


 NSTEP =      840   TIME(PS) =       0.840  TEMP(K) =   188.47  PRESS =     0.0
 Etot   =  -4036981.7886  EKtot   =      4601.5980  EPtot      =  -4041583.3866
 BOND   =         0.0000  ANGLE   =         0.0000  DIHED      =         0.0000
 1-4 NB =         0.0000  1-4 EEL =         0.0000  VDWAALS    =      7950.5636
 EELEC  =  -4049533.9501  EHBOND  =         0.0000  RESTRAINT  =         0.0000
 ------------------------------------------------------------------------------


 NSTEP =      841   TIME(PS) =       0.841  TEMP(K) =   188.58  PRESS =     0.0
 Etot   =  -4036981.8010  EKtot   =      4604.1998  EPtot      =  -4041586.0008
 BOND   =         0.0000  ANGLE   =         0.0000  DIHED      =         0.0000
 1-4 NB =         0.0000  1-4 EEL =         0.0000  VDWAALS    =      7950.8334
 EELEC  =  -4049536.8343  EHBOND  =         0.0000  RESTRAINT  =         0.0000
 ------------------------------------------------------------------------------


 NSTEP =      842   TIME(PS) =       0.842  TEMP(K) =   188.72  PRESS =     0.0
 Etot   =  -4036981.8261  EKtot   =      4607.7074  EPtot      =  -4041589.5336
 BOND   =         0.0000  ANGLE   =         0.0000  DIHED      =         0.0000
 1-4 NB =         0.0000  1-4 EEL =         0.0000  VDWAALS    =      7950.8991
 EELEC  =  -4049540.4327  EHBOND  =         0.0000  RESTRAINT  =         0.0000
 ------------------------------------------------------------------------------


 NSTEP =      843   TIME(PS) =       0.843  TEMP(K) =   188.89  PRESS =     0.0
 Etot   =  -4036981.8548  EKtot   =      4611.7901  EPtot      =  -4041593.6449
 BOND   =         0.0000  ANGLE   =         0.0000  DIHED      =         0.0000
 1-4 NB =         0.0000  1-4 EEL =         0.0000  VDWAALS    =      7950.7729
 EELEC  =  -4049544.4178  EHBOND  =         0.0000  RESTRAINT  =         0.0000
 ------------------------------------------------------------------------------


 NSTEP =      844   TIME(PS) =       0.844  TEMP(K) =   189.06  PRESS =     0.0
 Etot   =  -4036981.8745  EKtot   =      4616.0967  EPtot      =  -4041597.9712
 BOND   =         0.0000  ANGLE   =         0.0000  DIHED      =         0.0000
 1-4 NB =         0.0000  1-4 EEL =         0.0000  VDWAALS    =      7950.4752
 EELEC  =  -4049548.4465  EHBOND  =         0.0000  RESTRAINT  =         0.0000
 ------------------------------------------------------------------------------


 NSTEP =      845   TIME(PS) =       0.845  TEMP(K) =   189.24  PRESS =     0.0
 Etot   =  -4036981.8908  EKtot   =      4620.2957  EPtot      =  -4041602.1865
 BOND   =         0.0000  ANGLE   =         0.0000  DIHED      =         0.0000
 1-4 NB =         0.0000  1-4 EEL =         0.0000  VDWAALS    =      7950.0340
 EELEC  =  -4049552.2205  EHBOND  =         0.0000  RESTRAINT  =         0.0000
 ------------------------------------------------------------------------------


 NSTEP =      846   TIME(PS) =       0.846  TEMP(K) =   189.39  PRESS =     0.0
 Etot   =  -4036981.9074  EKtot   =      4624.1109  EPtot      =  -4041606.0182
 BOND   =         0.0000  ANGLE   =         0.0000  DIHED      =         0.0000
 1-4 NB =         0.0000  1-4 EEL =         0.0000  VDWAALS    =      7949.4838
 EELEC  =  -4049555.5021  EHBOND  =         0.0000  RESTRAINT  =         0.0000
 ------------------------------------------------------------------------------


 NSTEP =      847   TIME(PS) =       0.847  TEMP(K) =   189.52  PRESS =     0.0
 Etot   =  -4036981.9166  EKtot   =      4627.3499  EPtot      =  -4041609.2665
 BOND   =         0.0000  ANGLE   =         0.0000  DIHED      =         0.0000
 1-4 NB =         0.0000  1-4 EEL =         0.0000  VDWAALS    =      7948.8653
 EELEC  =  -4049558.1318  EHBOND  =         0.0000  RESTRAINT  =         0.0000
 ------------------------------------------------------------------------------


 NSTEP =      848   TIME(PS) =       0.848  TEMP(K) =   189.63  PRESS =     0.0
 Etot   =  -4036981.9139  EKtot   =      4629.9221  EPtot      =  -4041611.8360
 BOND   =         0.0000  ANGLE   =         0.0000  DIHED      =         0.0000
 1-4 NB =         0.0000  1-4 EEL =         0.0000  VDWAALS    =      7948.2233
 EELEC  =  -4049560.0592  EHBOND  =         0.0000  RESTRAINT  =         0.0000
 ------------------------------------------------------------------------------


 NSTEP =      849   TIME(PS) =       0.849  TEMP(K) =   189.71  PRESS =     0.0
 Etot   =  -4036981.9059  EKtot   =      4631.8412  EPtot      =  -4041613.7471
 BOND   =         0.0000  ANGLE   =         0.0000  DIHED      =         0.0000
 1-4 NB =         0.0000  1-4 EEL =         0.0000  VDWAALS    =      7947.6051
 EELEC  =  -4049561.3523  EHBOND  =         0.0000  RESTRAINT  =         0.0000
 ------------------------------------------------------------------------------


 NSTEP =      850   TIME(PS) =       0.850  TEMP(K) =   189.76  PRESS =     0.0
 Etot   =  -4036981.8975  EKtot   =      4633.2141  EPtot      =  -4041615.1116
 BOND   =         0.0000  ANGLE   =         0.0000  DIHED      =         0.0000
 1-4 NB =         0.0000  1-4 EEL =         0.0000  VDWAALS    =      7947.0590
 EELEC  =  -4049562.1706  EHBOND  =         0.0000  RESTRAINT  =         0.0000
 ------------------------------------------------------------------------------


 NSTEP =      851   TIME(PS) =       0.851  TEMP(K) =   189.81  PRESS =     0.0
 Etot   =  -4036981.8852  EKtot   =      4634.2153  EPtot      =  -4041616.1005
 BOND   =         0.0000  ANGLE   =         0.0000  DIHED      =         0.0000
 1-4 NB =         0.0000  1-4 EEL =         0.0000  VDWAALS    =      7946.6313
 EELEC  =  -4049562.7318  EHBOND  =         0.0000  RESTRAINT  =         0.0000
 ------------------------------------------------------------------------------


 NSTEP =      852   TIME(PS) =       0.852  TEMP(K) =   189.84  PRESS =     0.0
 Etot   =  -4036981.8699  EKtot   =      4635.0508  EPtot      =  -4041616.9207
 BOND   =         0.0000  ANGLE   =         0.0000  DIHED      =         0.0000
 1-4 NB =         0.0000  1-4 EEL =         0.0000  VDWAALS    =      7946.3645
 EELEC  =  -4049563.2852  EHBOND  =         0.0000  RESTRAINT  =         0.0000
 ------------------------------------------------------------------------------


 NSTEP =      853   TIME(PS) =       0.853  TEMP(K) =   189.87  PRESS =     0.0
 Etot   =  -4036981.8597  EKtot   =      4635.9178  EPtot      =  -4041617.7775
 BOND   =         0.0000  ANGLE   =         0.0000  DIHED      =         0.0000
 1-4 NB =         0.0000  1-4 EEL =         0.0000  VDWAALS    =      7946.2955
 EELEC  =  -4049564.0730  EHBOND  =         0.0000  RESTRAINT  =         0.0000
 ------------------------------------------------------------------------------


 NSTEP =      854   TIME(PS) =       0.854  TEMP(K) =   189.92  PRESS =     0.0
 Etot   =  -4036981.8575  EKtot   =      4636.9657  EPtot      =  -4041618.8232
 BOND   =         0.0000  ANGLE   =         0.0000  DIHED      =         0.0000
 1-4 NB =         0.0000  1-4 EEL =         0.0000  VDWAALS    =      7946.4535
 EELEC  =  -4049565.2767  EHBOND  =         0.0000  RESTRAINT  =         0.0000
 ------------------------------------------------------------------------------


 NSTEP =      855   TIME(PS) =       0.855  TEMP(K) =   189.97  PRESS =     0.0
 Etot   =  -4036981.8595  EKtot   =      4638.2657  EPtot      =  -4041620.1252
 BOND   =         0.0000  ANGLE   =         0.0000  DIHED      =         0.0000
 1-4 NB =         0.0000  1-4 EEL =         0.0000  VDWAALS    =      7946.8598
 EELEC  =  -4049566.9850  EHBOND  =         0.0000  RESTRAINT  =         0.0000
 ------------------------------------------------------------------------------


 NSTEP =      856   TIME(PS) =       0.856  TEMP(K) =   190.03  PRESS =     0.0
 Etot   =  -4036981.8655  EKtot   =      4639.7955  EPtot      =  -4041621.6611
 BOND   =         0.0000  ANGLE   =         0.0000  DIHED      =         0.0000
 1-4 NB =         0.0000  1-4 EEL =         0.0000  VDWAALS    =      7947.5269
 EELEC  =  -4049569.1880  EHBOND  =         0.0000  RESTRAINT  =         0.0000
 ------------------------------------------------------------------------------


 NSTEP =      857   TIME(PS) =       0.857  TEMP(K) =   190.10  PRESS =     0.0
 Etot   =  -4036981.8788  EKtot   =      4641.4403  EPtot      =  -4041623.3191
 BOND   =         0.0000  ANGLE   =         0.0000  DIHED      =         0.0000
 1-4 NB =         0.0000  1-4 EEL =         0.0000  VDWAALS    =      7948.4594
 EELEC  =  -4049571.7785  EHBOND  =         0.0000  RESTRAINT  =         0.0000
 ------------------------------------------------------------------------------


 NSTEP =      858   TIME(PS) =       0.858  TEMP(K) =   190.17  PRESS =     0.0
 Etot   =  -4036981.8972  EKtot   =      4643.0100  EPtot      =  -4041624.9072
 BOND   =         0.0000  ANGLE   =         0.0000  DIHED      =         0.0000
 1-4 NB =         0.0000  1-4 EEL =         0.0000  VDWAALS    =      7949.6541
 EELEC  =  -4049574.5613  EHBOND  =         0.0000  RESTRAINT  =         0.0000
 ------------------------------------------------------------------------------


 NSTEP =      859   TIME(PS) =       0.859  TEMP(K) =   190.22  PRESS =     0.0
 Etot   =  -4036981.9132  EKtot   =      4644.2696  EPtot      =  -4041626.1828
 BOND   =         0.0000  ANGLE   =         0.0000  DIHED      =         0.0000
 1-4 NB =         0.0000  1-4 EEL =         0.0000  VDWAALS    =      7951.1020
 EELEC  =  -4049577.2848  EHBOND  =         0.0000  RESTRAINT  =         0.0000
 ------------------------------------------------------------------------------


 NSTEP =      860   TIME(PS) =       0.860  TEMP(K) =   190.25  PRESS =     0.0
 Etot   =  -4036981.9257  EKtot   =      4644.9761  EPtot      =  -4041626.9019
 BOND   =         0.0000  ANGLE   =         0.0000  DIHED      =         0.0000
 1-4 NB =         0.0000  1-4 EEL =         0.0000  VDWAALS    =      7952.7891
 EELEC  =  -4049579.6910  EHBOND  =         0.0000  RESTRAINT  =         0.0000
 ------------------------------------------------------------------------------


 NSTEP =      861   TIME(PS) =       0.861  TEMP(K) =   190.24  PRESS =     0.0
 Etot   =  -4036981.9366  EKtot   =      4644.9167  EPtot      =  -4041626.8533
 BOND   =         0.0000  ANGLE   =         0.0000  DIHED      =         0.0000
 1-4 NB =         0.0000  1-4 EEL =         0.0000  VDWAALS    =      7954.6980
 EELEC  =  -4049581.5512  EHBOND  =         0.0000  RESTRAINT  =         0.0000
 ------------------------------------------------------------------------------


 NSTEP =      862   TIME(PS) =       0.862  TEMP(K) =   190.20  PRESS =     0.0
 Etot   =  -4036981.9422  EKtot   =      4643.9414  EPtot      =  -4041625.8836
 BOND   =         0.0000  ANGLE   =         0.0000  DIHED      =         0.0000
 1-4 NB =         0.0000  1-4 EEL =         0.0000  VDWAALS    =      7956.8090
 EELEC  =  -4049582.6926  EHBOND  =         0.0000  RESTRAINT  =         0.0000
 ------------------------------------------------------------------------------


 NSTEP =      863   TIME(PS) =       0.863  TEMP(K) =   190.12  PRESS =     0.0
 Etot   =  -4036981.9388  EKtot   =      4641.9865  EPtot      =  -4041623.9253
 BOND   =         0.0000  ANGLE   =         0.0000  DIHED      =         0.0000
 1-4 NB =         0.0000  1-4 EEL =         0.0000  VDWAALS    =      7959.1014
 EELEC  =  -4049583.0268  EHBOND  =         0.0000  RESTRAINT  =         0.0000
 ------------------------------------------------------------------------------


 NSTEP =      864   TIME(PS) =       0.864  TEMP(K) =   190.00  PRESS =     0.0
 Etot   =  -4036981.9285  EKtot   =      4639.0853  EPtot      =  -4041621.0137
 BOND   =         0.0000  ANGLE   =         0.0000  DIHED      =         0.0000
 1-4 NB =         0.0000  1-4 EEL =         0.0000  VDWAALS    =      7961.5542
 EELEC  =  -4049582.5679  EHBOND  =         0.0000  RESTRAINT  =         0.0000
 ------------------------------------------------------------------------------


 NSTEP =      865   TIME(PS) =       0.865  TEMP(K) =   189.85  PRESS =     0.0
 Etot   =  -4036981.9149  EKtot   =      4635.3672  EPtot      =  -4041617.2821
 BOND   =         0.0000  ANGLE   =         0.0000  DIHED      =         0.0000
 1-4 NB =         0.0000  1-4 EEL =         0.0000  VDWAALS    =      7964.1466
 EELEC  =  -4049581.4287  EHBOND  =         0.0000  RESTRAINT  =         0.0000
 ------------------------------------------------------------------------------


 NSTEP =      866   TIME(PS) =       0.866  TEMP(K) =   189.68  PRESS =     0.0
 Etot   =  -4036981.8974  EKtot   =      4631.0461  EPtot      =  -4041612.9436
 BOND   =         0.0000  ANGLE   =         0.0000  DIHED      =         0.0000
 1-4 NB =         0.0000  1-4 EEL =         0.0000  VDWAALS    =      7966.8586
 EELEC  =  -4049579.8022  EHBOND  =         0.0000  RESTRAINT  =         0.0000
 ------------------------------------------------------------------------------


 NSTEP =      867   TIME(PS) =       0.867  TEMP(K) =   189.49  PRESS =     0.0
 Etot   =  -4036981.8754  EKtot   =      4626.4004  EPtot      =  -4041608.2758
 BOND   =         0.0000  ANGLE   =         0.0000  DIHED      =         0.0000
 1-4 NB =         0.0000  1-4 EEL =         0.0000  VDWAALS    =      7969.6716
 EELEC  =  -4049577.9474  EHBOND  =         0.0000  RESTRAINT  =         0.0000
 ------------------------------------------------------------------------------


 NSTEP =      868   TIME(PS) =       0.868  TEMP(K) =   189.29  PRESS =     0.0
 Etot   =  -4036981.8531  EKtot   =      4621.7461  EPtot      =  -4041603.5992
 BOND   =         0.0000  ANGLE   =         0.0000  DIHED      =         0.0000
 1-4 NB =         0.0000  1-4 EEL =         0.0000  VDWAALS    =      7972.5689
 EELEC  =  -4049576.1681  EHBOND  =         0.0000  RESTRAINT  =         0.0000
 ------------------------------------------------------------------------------


 NSTEP =      869   TIME(PS) =       0.869  TEMP(K) =   189.12  PRESS =     0.0
 Etot   =  -4036981.8348  EKtot   =      4617.4075  EPtot      =  -4041599.2423
 BOND   =         0.0000  ANGLE   =         0.0000  DIHED      =         0.0000
 1-4 NB =         0.0000  1-4 EEL =         0.0000  VDWAALS    =      7975.5356
 EELEC  =  -4049574.7779  EHBOND  =         0.0000  RESTRAINT  =         0.0000
 ------------------------------------------------------------------------------


 NSTEP =      870   TIME(PS) =       0.870  TEMP(K) =   188.96  PRESS =     0.0
 Etot   =  -4036981.8197  EKtot   =      4613.6844  EPtot      =  -4041595.5041
 BOND   =         0.0000  ANGLE   =         0.0000  DIHED      =         0.0000
 1-4 NB =         0.0000  1-4 EEL =         0.0000  VDWAALS    =      7978.5599
 EELEC  =  -4049574.0641  EHBOND  =         0.0000  RESTRAINT  =         0.0000
 ------------------------------------------------------------------------------


 NSTEP =      871   TIME(PS) =       0.871  TEMP(K) =   188.85  PRESS =     0.0
 Etot   =  -4036981.8084  EKtot   =      4610.8202  EPtot      =  -4041592.6286
 BOND   =         0.0000  ANGLE   =         0.0000  DIHED      =         0.0000
 1-4 NB =         0.0000  1-4 EEL =         0.0000  VDWAALS    =      7981.6327
 EELEC  =  -4049574.2613  EHBOND  =         0.0000  RESTRAINT  =         0.0000
 ------------------------------------------------------------------------------


 NSTEP =      872   TIME(PS) =       0.872  TEMP(K) =   188.77  PRESS =     0.0
 Etot   =  -4036981.8049  EKtot   =      4608.9735  EPtot      =  -4041590.7784
 BOND   =         0.0000  ANGLE   =         0.0000  DIHED      =         0.0000
 1-4 NB =         0.0000  1-4 EEL =         0.0000  VDWAALS    =      7984.7476
 EELEC  =  -4049575.5260  EHBOND  =         0.0000  RESTRAINT  =         0.0000
 ------------------------------------------------------------------------------


 NSTEP =      873   TIME(PS) =       0.873  TEMP(K) =   188.74  PRESS =     0.0
 Etot   =  -4036981.8109  EKtot   =      4608.1956  EPtot      =  -4041590.0065
 BOND   =         0.0000  ANGLE   =         0.0000  DIHED      =         0.0000
 1-4 NB =         0.0000  1-4 EEL =         0.0000  VDWAALS    =      7987.9008
 EELEC  =  -4049577.9073  EHBOND  =         0.0000  RESTRAINT  =         0.0000
 ------------------------------------------------------------------------------


 NSTEP =      874   TIME(PS) =       0.874  TEMP(K) =   188.75  PRESS =     0.0
 Etot   =  -4036981.8236  EKtot   =      4608.4195  EPtot      =  -4041590.2432
 BOND   =         0.0000  ANGLE   =         0.0000  DIHED      =         0.0000
 1-4 NB =         0.0000  1-4 EEL =         0.0000  VDWAALS    =      7991.0901
 EELEC  =  -4049581.3333  EHBOND  =         0.0000  RESTRAINT  =         0.0000
 ------------------------------------------------------------------------------


 NSTEP =      875   TIME(PS) =       0.875  TEMP(K) =   188.79  PRESS =     0.0
 Etot   =  -4036981.8413  EKtot   =      4609.4621  EPtot      =  -4041591.3034
 BOND   =         0.0000  ANGLE   =         0.0000  DIHED      =         0.0000
 1-4 NB =         0.0000  1-4 EEL =         0.0000  VDWAALS    =      7994.3140
 EELEC  =  -4049585.6173  EHBOND  =         0.0000  RESTRAINT  =         0.0000
 ------------------------------------------------------------------------------


 NSTEP =      876   TIME(PS) =       0.876  TEMP(K) =   188.86  PRESS =     0.0
 Etot   =  -4036981.8638  EKtot   =      4611.0424  EPtot      =  -4041592.9062
 BOND   =         0.0000  ANGLE   =         0.0000  DIHED      =         0.0000
 1-4 NB =         0.0000  1-4 EEL =         0.0000  VDWAALS    =      7997.5696
 EELEC  =  -4049590.4757  EHBOND  =         0.0000  RESTRAINT  =         0.0000
 ------------------------------------------------------------------------------


 NSTEP =      877   TIME(PS) =       0.877  TEMP(K) =   188.93  PRESS =     0.0
 Etot   =  -4036981.8893  EKtot   =      4612.8145  EPtot      =  -4041594.7039
 BOND   =         0.0000  ANGLE   =         0.0000  DIHED      =         0.0000
 1-4 NB =         0.0000  1-4 EEL =         0.0000  VDWAALS    =      8000.8514
 EELEC  =  -4049595.5552  EHBOND  =         0.0000  RESTRAINT  =         0.0000
 ------------------------------------------------------------------------------


 NSTEP =      878   TIME(PS) =       0.878  TEMP(K) =   188.99  PRESS =     0.0
 Etot   =  -4036981.9118  EKtot   =      4614.4109  EPtot      =  -4041596.3227
 BOND   =         0.0000  ANGLE   =         0.0000  DIHED      =         0.0000
 1-4 NB =         0.0000  1-4 EEL =         0.0000  VDWAALS    =      8004.1494
 EELEC  =  -4049600.4722  EHBOND  =         0.0000  RESTRAINT  =         0.0000
 ------------------------------------------------------------------------------


 NSTEP =      879   TIME(PS) =       0.879  TEMP(K) =   189.04  PRESS =     0.0
 Etot   =  -4036981.9280  EKtot   =      4615.4905  EPtot      =  -4041597.4185
 BOND   =         0.0000  ANGLE   =         0.0000  DIHED      =         0.0000
 1-4 NB =         0.0000  1-4 EEL =         0.0000  VDWAALS    =      8007.4480
 EELEC  =  -4049604.8666  EHBOND  =         0.0000  RESTRAINT  =         0.0000
 ------------------------------------------------------------------------------


 NSTEP =      880   TIME(PS) =       0.880  TEMP(K) =   189.05  PRESS =     0.0
 Etot   =  -4036981.9384  EKtot   =      4615.7835  EPtot      =  -4041597.7219
 BOND   =         0.0000  ANGLE   =         0.0000  DIHED      =         0.0000
 1-4 NB =         0.0000  1-4 EEL =         0.0000  VDWAALS    =      8010.7244
 EELEC  =  -4049608.4464  EHBOND  =         0.0000  RESTRAINT  =         0.0000
 ------------------------------------------------------------------------------


 NSTEP =      881   TIME(PS) =       0.881  TEMP(K) =   189.02  PRESS =     0.0
 Etot   =  -4036981.9417  EKtot   =      4615.1260  EPtot      =  -4041597.0677
 BOND   =         0.0000  ANGLE   =         0.0000  DIHED      =         0.0000
 1-4 NB =         0.0000  1-4 EEL =         0.0000  VDWAALS    =      8013.9485
 EELEC  =  -4049611.0162  EHBOND  =         0.0000  RESTRAINT  =         0.0000
 ------------------------------------------------------------------------------


 NSTEP =      882   TIME(PS) =       0.882  TEMP(K) =   188.96  PRESS =     0.0
 Etot   =  -4036981.9356  EKtot   =      4613.4773  EPtot      =  -4041595.4129
 BOND   =         0.0000  ANGLE   =         0.0000  DIHED      =         0.0000
 1-4 NB =         0.0000  1-4 EEL =         0.0000  VDWAALS    =      8017.0831
 EELEC  =  -4049612.4960  EHBOND  =         0.0000  RESTRAINT  =         0.0000
 ------------------------------------------------------------------------------


 NSTEP =      883   TIME(PS) =       0.883  TEMP(K) =   188.85  PRESS =     0.0
 Etot   =  -4036981.9216  EKtot   =      4610.9210  EPtot      =  -4041592.8426
 BOND   =         0.0000  ANGLE   =         0.0000  DIHED      =         0.0000
 1-4 NB =         0.0000  1-4 EEL =         0.0000  VDWAALS    =      8020.0846
 EELEC  =  -4049612.9272  EHBOND  =         0.0000  RESTRAINT  =         0.0000
 ------------------------------------------------------------------------------


 NSTEP =      884   TIME(PS) =       0.884  TEMP(K) =   188.72  PRESS =     0.0
 Etot   =  -4036981.9038  EKtot   =      4607.6492  EPtot      =  -4041589.5530
 BOND   =         0.0000  ANGLE   =         0.0000  DIHED      =         0.0000
 1-4 NB =         0.0000  1-4 EEL =         0.0000  VDWAALS    =      8022.9044
 EELEC  =  -4049612.4575  EHBOND  =         0.0000  RESTRAINT  =         0.0000
 ------------------------------------------------------------------------------


 NSTEP =      885   TIME(PS) =       0.885  TEMP(K) =   188.57  PRESS =     0.0
 Etot   =  -4036981.8834  EKtot   =      4603.9364  EPtot      =  -4041585.8199
 BOND   =         0.0000  ANGLE   =         0.0000  DIHED      =         0.0000
 1-4 NB =         0.0000  1-4 EEL =         0.0000  VDWAALS    =      8025.4913
 EELEC  =  -4049611.3112  EHBOND  =         0.0000  RESTRAINT  =         0.0000
 ------------------------------------------------------------------------------


 NSTEP =      886   TIME(PS) =       0.886  TEMP(K) =   188.41  PRESS =     0.0
 Etot   =  -4036981.8609  EKtot   =      4600.1065  EPtot      =  -4041581.9674
 BOND   =         0.0000  ANGLE   =         0.0000  DIHED      =         0.0000
 1-4 NB =         0.0000  1-4 EEL =         0.0000  VDWAALS    =      8027.7934
 EELEC  =  -4049609.7608  EHBOND  =         0.0000  RESTRAINT  =         0.0000
 ------------------------------------------------------------------------------


 NSTEP =      887   TIME(PS) =       0.887  TEMP(K) =   188.26  PRESS =     0.0
 Etot   =  -4036981.8393  EKtot   =      4596.4981  EPtot      =  -4041578.3374
 BOND   =         0.0000  ANGLE   =         0.0000  DIHED      =         0.0000
 1-4 NB =         0.0000  1-4 EEL =         0.0000  VDWAALS    =      8029.7607
 EELEC  =  -4049608.0981  EHBOND  =         0.0000  RESTRAINT  =         0.0000
 ------------------------------------------------------------------------------


 NSTEP =      888   TIME(PS) =       0.888  TEMP(K) =   188.13  PRESS =     0.0
 Etot   =  -4036981.8218  EKtot   =      4593.4330  EPtot      =  -4041575.2548
 BOND   =         0.0000  ANGLE   =         0.0000  DIHED      =         0.0000
 1-4 NB =         0.0000  1-4 EEL =         0.0000  VDWAALS    =      8031.3485
 EELEC  =  -4049606.6033  EHBOND  =         0.0000  RESTRAINT  =         0.0000
 ------------------------------------------------------------------------------


 NSTEP =      889   TIME(PS) =       0.889  TEMP(K) =   188.04  PRESS =     0.0
 Etot   =  -4036981.8090  EKtot   =      4591.1883  EPtot      =  -4041572.9973
 BOND   =         0.0000  ANGLE   =         0.0000  DIHED      =         0.0000
 1-4 NB =         0.0000  1-4 EEL =         0.0000  VDWAALS    =      8032.5192
 EELEC  =  -4049605.5165  EHBOND  =         0.0000  RESTRAINT  =         0.0000
 ------------------------------------------------------------------------------


 NSTEP =      890   TIME(PS) =       0.890  TEMP(K) =   187.99  PRESS =     0.0
 Etot   =  -4036981.8005  EKtot   =      4589.9745  EPtot      =  -4041571.7750
 BOND   =         0.0000  ANGLE   =         0.0000  DIHED      =         0.0000
 1-4 NB =         0.0000  1-4 EEL =         0.0000  VDWAALS    =      8033.2450
 EELEC  =  -4049605.0200  EHBOND  =         0.0000  RESTRAINT  =         0.0000
 ------------------------------------------------------------------------------


 NSTEP =      891   TIME(PS) =       0.891  TEMP(K) =   187.99  PRESS =     0.0
 Etot   =  -4036981.7982  EKtot   =      4589.9186  EPtot      =  -4041571.7168
 BOND   =         0.0000  ANGLE   =         0.0000  DIHED      =         0.0000
 1-4 NB =         0.0000  1-4 EEL =         0.0000  VDWAALS    =      8033.5101
 EELEC  =  -4049605.2269  EHBOND  =         0.0000  RESTRAINT  =         0.0000
 ------------------------------------------------------------------------------


 NSTEP =      892   TIME(PS) =       0.892  TEMP(K) =   188.04  PRESS =     0.0
 Etot   =  -4036981.8035  EKtot   =      4591.0552  EPtot      =  -4041572.8588
 BOND   =         0.0000  ANGLE   =         0.0000  DIHED      =         0.0000
 1-4 NB =         0.0000  1-4 EEL =         0.0000  VDWAALS    =      8033.3117
 EELEC  =  -4049606.1705  EHBOND  =         0.0000  RESTRAINT  =         0.0000
 ------------------------------------------------------------------------------


 NSTEP =      893   TIME(PS) =       0.893  TEMP(K) =   188.13  PRESS =     0.0
 Etot   =  -4036981.8148  EKtot   =      4593.3244  EPtot      =  -4041575.1391
 BOND   =         0.0000  ANGLE   =         0.0000  DIHED      =         0.0000
 1-4 NB =         0.0000  1-4 EEL =         0.0000  VDWAALS    =      8032.6609
 EELEC  =  -4049607.8000  EHBOND  =         0.0000  RESTRAINT  =         0.0000
 ------------------------------------------------------------------------------


 NSTEP =      894   TIME(PS) =       0.894  TEMP(K) =   188.26  PRESS =     0.0
 Etot   =  -4036981.8296  EKtot   =      4596.5786  EPtot      =  -4041578.4083
 BOND   =         0.0000  ANGLE   =         0.0000  DIHED      =         0.0000
 1-4 NB =         0.0000  1-4 EEL =         0.0000  VDWAALS    =      8031.5825
 EELEC  =  -4049609.9908  EHBOND  =         0.0000  RESTRAINT  =         0.0000
 ------------------------------------------------------------------------------


 NSTEP =      895   TIME(PS) =       0.895  TEMP(K) =   188.43  PRESS =     0.0
 Etot   =  -4036981.8484  EKtot   =      4600.5985  EPtot      =  -4041582.4469
 BOND   =         0.0000  ANGLE   =         0.0000  DIHED      =         0.0000
 1-4 NB =         0.0000  1-4 EEL =         0.0000  VDWAALS    =      8030.1146
 EELEC  =  -4049612.5615  EHBOND  =         0.0000  RESTRAINT  =         0.0000
 ------------------------------------------------------------------------------


 NSTEP =      896   TIME(PS) =       0.896  TEMP(K) =   188.61  PRESS =     0.0
 Etot   =  -4036981.8695  EKtot   =      4605.1147  EPtot      =  -4041586.9843
 BOND   =         0.0000  ANGLE   =         0.0000  DIHED      =         0.0000
 1-4 NB =         0.0000  1-4 EEL =         0.0000  VDWAALS    =      8028.3063
 EELEC  =  -4049615.2906  EHBOND  =         0.0000  RESTRAINT  =         0.0000
 ------------------------------------------------------------------------------


 NSTEP =      897   TIME(PS) =       0.897  TEMP(K) =   188.81  PRESS =     0.0
 Etot   =  -4036981.8900  EKtot   =      4609.8338  EPtot      =  -4041591.7237
 BOND   =         0.0000  ANGLE   =         0.0000  DIHED      =         0.0000
 1-4 NB =         0.0000  1-4 EEL =         0.0000  VDWAALS    =      8026.2164
 EELEC  =  -4049617.9401  EHBOND  =         0.0000  RESTRAINT  =         0.0000
 ------------------------------------------------------------------------------


 NSTEP =      898   TIME(PS) =       0.898  TEMP(K) =   189.00  PRESS =     0.0
 Etot   =  -4036981.9080  EKtot   =      4614.4613  EPtot      =  -4041596.3693
 BOND   =         0.0000  ANGLE   =         0.0000  DIHED      =         0.0000
 1-4 NB =         0.0000  1-4 EEL =         0.0000  VDWAALS    =      8023.9100
 EELEC  =  -4049620.2793  EHBOND  =         0.0000  RESTRAINT  =         0.0000
 ------------------------------------------------------------------------------


 NSTEP =      899   TIME(PS) =       0.899  TEMP(K) =   189.17  PRESS =     0.0
 Etot   =  -4036981.9244  EKtot   =      4618.7197  EPtot      =  -4041600.6441
 BOND   =         0.0000  ANGLE   =         0.0000  DIHED      =         0.0000
 1-4 NB =         0.0000  1-4 EEL =         0.0000  VDWAALS    =      8021.4566
 EELEC  =  -4049622.1007  EHBOND  =         0.0000  RESTRAINT  =         0.0000
 ------------------------------------------------------------------------------


 NSTEP =      900   TIME(PS) =       0.900  TEMP(K) =   189.32  PRESS =     0.0
 Etot   =  -4036981.9393  EKtot   =      4622.3581  EPtot      =  -4041604.2975
 BOND   =         0.0000  ANGLE   =         0.0000  DIHED      =         0.0000
 1-4 NB =         0.0000  1-4 EEL =         0.0000  VDWAALS    =      8018.9263
 EELEC  =  -4049623.2238  EHBOND  =         0.0000  RESTRAINT  =         0.0000
 ------------------------------------------------------------------------------


 NSTEP =      901   TIME(PS) =       0.901  TEMP(K) =   189.43  PRESS =     0.0
 Etot   =  -4036981.9509  EKtot   =      4625.1557  EPtot      =  -4041607.1066
 BOND   =         0.0000  ANGLE   =         0.0000  DIHED      =         0.0000
 1-4 NB =         0.0000  1-4 EEL =         0.0000  VDWAALS    =      8016.3881
 EELEC  =  -4049623.4947  EHBOND  =         0.0000  RESTRAINT  =         0.0000
 ------------------------------------------------------------------------------


 NSTEP =      902   TIME(PS) =       0.902  TEMP(K) =   189.51  PRESS =     0.0
 Etot   =  -4036981.9598  EKtot   =      4626.9231  EPtot      =  -4041608.8829
 BOND   =         0.0000  ANGLE   =         0.0000  DIHED      =         0.0000
 1-4 NB =         0.0000  1-4 EEL =         0.0000  VDWAALS    =      8013.9063
 EELEC  =  -4049622.7892  EHBOND  =         0.0000  RESTRAINT  =         0.0000
 ------------------------------------------------------------------------------


 NSTEP =      903   TIME(PS) =       0.903  TEMP(K) =   189.53  PRESS =     0.0
 Etot   =  -4036981.9666  EKtot   =      4627.5060  EPtot      =  -4041609.4726
 BOND   =         0.0000  ANGLE   =         0.0000  DIHED      =         0.0000
 1-4 NB =         0.0000  1-4 EEL =         0.0000  VDWAALS    =      8011.5391
 EELEC  =  -4049621.0117  EHBOND  =         0.0000  RESTRAINT  =         0.0000
 ------------------------------------------------------------------------------


 NSTEP =      904   TIME(PS) =       0.904  TEMP(K) =   189.50  PRESS =     0.0
 Etot   =  -4036981.9694  EKtot   =      4626.7955  EPtot      =  -4041608.7649
 BOND   =         0.0000  ANGLE   =         0.0000  DIHED      =         0.0000
 1-4 NB =         0.0000  1-4 EEL =         0.0000  VDWAALS    =      8009.3359
 EELEC  =  -4049618.1008  EHBOND  =         0.0000  RESTRAINT  =         0.0000
 ------------------------------------------------------------------------------


 NSTEP =      905   TIME(PS) =       0.905  TEMP(K) =   189.42  PRESS =     0.0
 Etot   =  -4036981.9663  EKtot   =      4624.7445  EPtot      =  -4041606.7108
 BOND   =         0.0000  ANGLE   =         0.0000  DIHED      =         0.0000
 1-4 NB =         0.0000  1-4 EEL =         0.0000  VDWAALS    =      8007.3360
 EELEC  =  -4049614.0469  EHBOND  =         0.0000  RESTRAINT  =         0.0000
 ------------------------------------------------------------------------------


 NSTEP =      906   TIME(PS) =       0.906  TEMP(K) =   189.28  PRESS =     0.0
 Etot   =  -4036981.9562  EKtot   =      4621.3868  EPtot      =  -4041603.3430
 BOND   =         0.0000  ANGLE   =         0.0000  DIHED      =         0.0000
 1-4 NB =         0.0000  1-4 EEL =         0.0000  VDWAALS    =      8005.5671
 EELEC  =  -4049608.9102  EHBOND  =         0.0000  RESTRAINT  =         0.0000
 ------------------------------------------------------------------------------


 NSTEP =      907   TIME(PS) =       0.907  TEMP(K) =   189.09  PRESS =     0.0
 Etot   =  -4036981.9397  EKtot   =      4616.8529  EPtot      =  -4041598.7926
 BOND   =         0.0000  ANGLE   =         0.0000  DIHED      =         0.0000
 1-4 NB =         0.0000  1-4 EEL =         0.0000  VDWAALS    =      8004.0441
 EELEC  =  -4049602.8367  EHBOND  =         0.0000  RESTRAINT  =         0.0000
 ------------------------------------------------------------------------------


 NSTEP =      908   TIME(PS) =       0.908  TEMP(K) =   188.87  PRESS =     0.0
 Etot   =  -4036981.9173  EKtot   =      4611.3760  EPtot      =  -4041593.2932
 BOND   =         0.0000  ANGLE   =         0.0000  DIHED      =         0.0000
 1-4 NB =         0.0000  1-4 EEL =         0.0000  VDWAALS    =      8002.7690
 EELEC  =  -4049596.0622  EHBOND  =         0.0000  RESTRAINT  =         0.0000
 ------------------------------------------------------------------------------


 NSTEP =      909   TIME(PS) =       0.909  TEMP(K) =   188.62  PRESS =     0.0
 Etot   =  -4036981.8895  EKtot   =      4605.2840  EPtot      =  -4041587.1735
 BOND   =         0.0000  ANGLE   =         0.0000  DIHED      =         0.0000
 1-4 NB =         0.0000  1-4 EEL =         0.0000  VDWAALS    =      8001.7308
 EELEC  =  -4049588.9044  EHBOND  =         0.0000  RESTRAINT  =         0.0000
 ------------------------------------------------------------------------------


 NSTEP =      910   TIME(PS) =       0.910  TEMP(K) =   188.36  PRESS =     0.0
 Etot   =  -4036981.8593  EKtot   =      4598.9752  EPtot      =  -4041580.8345
 BOND   =         0.0000  ANGLE   =         0.0000  DIHED      =         0.0000
 1-4 NB =         0.0000  1-4 EEL =         0.0000  VDWAALS    =      8000.9066
 EELEC  =  -4049581.7412  EHBOND  =         0.0000  RESTRAINT  =         0.0000
 ------------------------------------------------------------------------------


 NSTEP =      911   TIME(PS) =       0.911  TEMP(K) =   188.11  PRESS =     0.0
 Etot   =  -4036981.8312  EKtot   =      4592.8806  EPtot      =  -4041574.7118
 BOND   =         0.0000  ANGLE   =         0.0000  DIHED      =         0.0000
 1-4 NB =         0.0000  1-4 EEL =         0.0000  VDWAALS    =      8000.2632
 EELEC  =  -4049574.9751  EHBOND  =         0.0000  RESTRAINT  =         0.0000
 ------------------------------------------------------------------------------


 NSTEP =      912   TIME(PS) =       0.912  TEMP(K) =   187.89  PRESS =     0.0
 Etot   =  -4036981.8077  EKtot   =      4587.4203  EPtot      =  -4041569.2280
 BOND   =         0.0000  ANGLE   =         0.0000  DIHED      =         0.0000
 1-4 NB =         0.0000  1-4 EEL =         0.0000  VDWAALS    =      7999.7597
 EELEC  =  -4049568.9877  EHBOND  =         0.0000  RESTRAINT  =         0.0000
 ------------------------------------------------------------------------------


 NSTEP =      913   TIME(PS) =       0.913  TEMP(K) =   187.71  PRESS =     0.0
 Etot   =  -4036981.7892  EKtot   =      4582.9621  EPtot      =  -4041564.7514
 BOND   =         0.0000  ANGLE   =         0.0000  DIHED      =         0.0000
 1-4 NB =         0.0000  1-4 EEL =         0.0000  VDWAALS    =      7999.3503
 EELEC  =  -4049564.1016  EHBOND  =         0.0000  RESTRAINT  =         0.0000
 ------------------------------------------------------------------------------


 NSTEP =      914   TIME(PS) =       0.914  TEMP(K) =   187.58  PRESS =     0.0
 Etot   =  -4036981.7780  EKtot   =      4579.7900  EPtot      =  -4041561.5680
 BOND   =         0.0000  ANGLE   =         0.0000  DIHED      =         0.0000
 1-4 NB =         0.0000  1-4 EEL =         0.0000  VDWAALS    =      7998.9885
 EELEC  =  -4049560.5565  EHBOND  =         0.0000  RESTRAINT  =         0.0000
 ------------------------------------------------------------------------------


 NSTEP =      915   TIME(PS) =       0.915  TEMP(K) =   187.51  PRESS =     0.0
 Etot   =  -4036981.7747  EKtot   =      4578.0883  EPtot      =  -4041559.8629
 BOND   =         0.0000  ANGLE   =         0.0000  DIHED      =         0.0000
 1-4 NB =         0.0000  1-4 EEL =         0.0000  VDWAALS    =      7998.6308
 EELEC  =  -4049558.4937  EHBOND  =         0.0000  RESTRAINT  =         0.0000
 ------------------------------------------------------------------------------


 NSTEP =      916   TIME(PS) =       0.916  TEMP(K) =   187.50  PRESS =     0.0
 Etot   =  -4036981.7770  EKtot   =      4577.9422  EPtot      =  -4041559.7192
 BOND   =         0.0000  ANGLE   =         0.0000  DIHED      =         0.0000
 1-4 NB =         0.0000  1-4 EEL =         0.0000  VDWAALS    =      7998.2402
 EELEC  =  -4049557.9594  EHBOND  =         0.0000  RESTRAINT  =         0.0000
 ------------------------------------------------------------------------------


 NSTEP =      917   TIME(PS) =       0.917  TEMP(K) =   187.56  PRESS =     0.0
 Etot   =  -4036981.7826  EKtot   =      4579.3518  EPtot      =  -4041561.1345
 BOND   =         0.0000  ANGLE   =         0.0000  DIHED      =         0.0000
 1-4 NB =         0.0000  1-4 EEL =         0.0000  VDWAALS    =      7997.7902
 EELEC  =  -4049558.9246  EHBOND  =         0.0000  RESTRAINT  =         0.0000
 ------------------------------------------------------------------------------


 NSTEP =      918   TIME(PS) =       0.918  TEMP(K) =   187.68  PRESS =     0.0
 Etot   =  -4036981.7898  EKtot   =      4582.2520  EPtot      =  -4041564.0419
 BOND   =         0.0000  ANGLE   =         0.0000  DIHED      =         0.0000
 1-4 NB =         0.0000  1-4 EEL =         0.0000  VDWAALS    =      7997.2670
 EELEC  =  -4049561.3089  EHBOND  =         0.0000  RESTRAINT  =         0.0000
 ------------------------------------------------------------------------------


 NSTEP =      919   TIME(PS) =       0.919  TEMP(K) =   187.85  PRESS =     0.0
 Etot   =  -4036981.8011  EKtot   =      4586.5309  EPtot      =  -4041568.3320
 BOND   =         0.0000  ANGLE   =         0.0000  DIHED      =         0.0000
 1-4 NB =         0.0000  1-4 EEL =         0.0000  VDWAALS    =      7996.6718
 EELEC  =  -4049565.0038  EHBOND  =         0.0000  RESTRAINT  =         0.0000
 ------------------------------------------------------------------------------


 NSTEP =      920   TIME(PS) =       0.920  TEMP(K) =   188.08  PRESS =     0.0
 Etot   =  -4036981.8143  EKtot   =      4592.0392  EPtot      =  -4041573.8535
 BOND   =         0.0000  ANGLE   =         0.0000  DIHED      =         0.0000
 1-4 NB =         0.0000  1-4 EEL =         0.0000  VDWAALS    =      7996.0208
 EELEC  =  -4049569.8744  EHBOND  =         0.0000  RESTRAINT  =         0.0000
 ------------------------------------------------------------------------------


 NSTEP =      921   TIME(PS) =       0.921  TEMP(K) =   188.35  PRESS =     0.0
 Etot   =  -4036981.8288  EKtot   =      4598.5883  EPtot      =  -4041580.4171
 BOND   =         0.0000  ANGLE   =         0.0000  DIHED      =         0.0000
 1-4 NB =         0.0000  1-4 EEL =         0.0000  VDWAALS    =      7995.3449
 EELEC  =  -4049575.7620  EHBOND  =         0.0000  RESTRAINT  =         0.0000
 ------------------------------------------------------------------------------


 NSTEP =      922   TIME(PS) =       0.922  TEMP(K) =   188.65  PRESS =     0.0
 Etot   =  -4036981.8481  EKtot   =      4605.9381  EPtot      =  -4041587.7863
 BOND   =         0.0000  ANGLE   =         0.0000  DIHED      =         0.0000
 1-4 NB =         0.0000  1-4 EEL =         0.0000  VDWAALS    =      7994.6874
 EELEC  =  -4049582.4737  EHBOND  =         0.0000  RESTRAINT  =         0.0000
 ------------------------------------------------------------------------------


 NSTEP =      923   TIME(PS) =       0.923  TEMP(K) =   188.97  PRESS =     0.0
 Etot   =  -4036981.8747  EKtot   =      4613.7835  EPtot      =  -4041595.6582
 BOND   =         0.0000  ANGLE   =         0.0000  DIHED      =         0.0000
 1-4 NB =         0.0000  1-4 EEL =         0.0000  VDWAALS    =      7994.1012
 EELEC  =  -4049589.7593  EHBOND  =         0.0000  RESTRAINT  =         0.0000
 ------------------------------------------------------------------------------


 NSTEP =      924   TIME(PS) =       0.924  TEMP(K) =   189.29  PRESS =     0.0
 Etot   =  -4036981.9051  EKtot   =      4621.7449  EPtot      =  -4041603.6501
 BOND   =         0.0000  ANGLE   =         0.0000  DIHED      =         0.0000
 1-4 NB =         0.0000  1-4 EEL =         0.0000  VDWAALS    =      7993.6439
 EELEC  =  -4049597.2940  EHBOND  =         0.0000  RESTRAINT  =         0.0000
 ------------------------------------------------------------------------------


 NSTEP =      925   TIME(PS) =       0.925  TEMP(K) =   189.61  PRESS =     0.0
 Etot   =  -4036981.9382  EKtot   =      4629.3741  EPtot      =  -4041611.3122
 BOND   =         0.0000  ANGLE   =         0.0000  DIHED      =         0.0000
 1-4 NB =         0.0000  1-4 EEL =         0.0000  VDWAALS    =      7993.3740
 EELEC  =  -4049604.6863  EHBOND  =         0.0000  RESTRAINT  =         0.0000
 ------------------------------------------------------------------------------


 NSTEP =      926   TIME(PS) =       0.926  TEMP(K) =   189.89  PRESS =     0.0
 Etot   =  -4036981.9732  EKtot   =      4636.1755  EPtot      =  -4041618.1487
 BOND   =         0.0000  ANGLE   =         0.0000  DIHED      =         0.0000
 1-4 NB =         0.0000  1-4 EEL =         0.0000  VDWAALS    =      7993.3453
 EELEC  =  -4049611.4940  EHBOND  =         0.0000  RESTRAINT  =         0.0000
 ------------------------------------------------------------------------------


 NSTEP =      927   TIME(PS) =       0.927  TEMP(K) =   190.11  PRESS =     0.0
 Etot   =  -4036982.0063  EKtot   =      4641.6459  EPtot      =  -4041623.6522
 BOND   =         0.0000  ANGLE   =         0.0000  DIHED      =         0.0000
 1-4 NB =         0.0000  1-4 EEL =         0.0000  VDWAALS    =      7993.6022
 EELEC  =  -4049617.2544  EHBOND  =         0.0000  RESTRAINT  =         0.0000
 ------------------------------------------------------------------------------


 NSTEP =      928   TIME(PS) =       0.928  TEMP(K) =   190.26  PRESS =     0.0
 Etot   =  -4036982.0320  EKtot   =      4645.3246  EPtot      =  -4041627.3566
 BOND   =         0.0000  ANGLE   =         0.0000  DIHED      =         0.0000
 1-4 NB =         0.0000  1-4 EEL =         0.0000  VDWAALS    =      7994.1761
 EELEC  =  -4049621.5327  EHBOND  =         0.0000  RESTRAINT  =         0.0000
 ------------------------------------------------------------------------------


 NSTEP =      929   TIME(PS) =       0.929  TEMP(K) =   190.32  PRESS =     0.0
 Etot   =  -4036982.0474  EKtot   =      4646.8473  EPtot      =  -4041628.8947
 BOND   =         0.0000  ANGLE   =         0.0000  DIHED      =         0.0000
 1-4 NB =         0.0000  1-4 EEL =         0.0000  VDWAALS    =      7995.0819
 EELEC  =  -4049623.9766  EHBOND  =         0.0000  RESTRAINT  =         0.0000
 ------------------------------------------------------------------------------


 NSTEP =      930   TIME(PS) =       0.930  TEMP(K) =   190.29  PRESS =     0.0
 Etot   =  -4036982.0519  EKtot   =      4645.9927  EPtot      =  -4041628.0446
 BOND   =         0.0000  ANGLE   =         0.0000  DIHED      =         0.0000
 1-4 NB =         0.0000  1-4 EEL =         0.0000  VDWAALS    =      7996.3165
 EELEC  =  -4049624.3611  EHBOND  =         0.0000  RESTRAINT  =         0.0000
 ------------------------------------------------------------------------------


 NSTEP =      931   TIME(PS) =       0.931  TEMP(K) =   190.15  PRESS =     0.0
 Etot   =  -4036982.0438  EKtot   =      4642.7132  EPtot      =  -4041624.7570
 BOND   =         0.0000  ANGLE   =         0.0000  DIHED      =         0.0000
 1-4 NB =         0.0000  1-4 EEL =         0.0000  VDWAALS    =      7997.8585
 EELEC  =  -4049622.6155  EHBOND  =         0.0000  RESTRAINT  =         0.0000
 ------------------------------------------------------------------------------


 NSTEP =      932   TIME(PS) =       0.932  TEMP(K) =   189.93  PRESS =     0.0
 Etot   =  -4036982.0234  EKtot   =      4637.1463  EPtot      =  -4041619.1697
 BOND   =         0.0000  ANGLE   =         0.0000  DIHED      =         0.0000
 1-4 NB =         0.0000  1-4 EEL =         0.0000  VDWAALS    =      7999.6691
 EELEC  =  -4049618.8388  EHBOND  =         0.0000  RESTRAINT  =         0.0000
 ------------------------------------------------------------------------------


 NSTEP =      933   TIME(PS) =       0.933  TEMP(K) =   189.62  PRESS =     0.0
 Etot   =  -4036981.9930  EKtot   =      4629.6044  EPtot      =  -4041611.5974
 BOND   =         0.0000  ANGLE   =         0.0000  DIHED      =         0.0000
 1-4 NB =         0.0000  1-4 EEL =         0.0000  VDWAALS    =      8001.6943
 EELEC  =  -4049613.2917  EHBOND  =         0.0000  RESTRAINT  =         0.0000
 ------------------------------------------------------------------------------


 NSTEP =      934   TIME(PS) =       0.934  TEMP(K) =   189.25  PRESS =     0.0
 Etot   =  -4036981.9558  EKtot   =      4620.5456  EPtot      =  -4041602.5014
 BOND   =         0.0000  ANGLE   =         0.0000  DIHED      =         0.0000
 1-4 NB =         0.0000  1-4 EEL =         0.0000  VDWAALS    =      8003.8686
 EELEC  =  -4049606.3700  EHBOND  =         0.0000  RESTRAINT  =         0.0000
 ------------------------------------------------------------------------------


 NSTEP =      935   TIME(PS) =       0.935  TEMP(K) =   188.84  PRESS =     0.0
 Etot   =  -4036981.9156  EKtot   =      4610.5308  EPtot      =  -4041592.4464
 BOND   =         0.0000  ANGLE   =         0.0000  DIHED      =         0.0000
 1-4 NB =         0.0000  1-4 EEL =         0.0000  VDWAALS    =      8006.1181
 EELEC  =  -4049598.5645  EHBOND  =         0.0000  RESTRAINT  =         0.0000
 ------------------------------------------------------------------------------


 NSTEP =      936   TIME(PS) =       0.936  TEMP(K) =   188.41  PRESS =     0.0
 Etot   =  -4036981.8750  EKtot   =      4600.1726  EPtot      =  -4041582.0476
 BOND   =         0.0000  ANGLE   =         0.0000  DIHED      =         0.0000
 1-4 NB =         0.0000  1-4 EEL =         0.0000  VDWAALS    =      8008.3652
 EELEC  =  -4049590.4129  EHBOND  =         0.0000  RESTRAINT  =         0.0000
 ------------------------------------------------------------------------------


 NSTEP =      937   TIME(PS) =       0.937  TEMP(K) =   188.00  PRESS =     0.0
 Etot   =  -4036981.8382  EKtot   =      4590.0820  EPtot      =  -4041571.9201
 BOND   =         0.0000  ANGLE   =         0.0000  DIHED      =         0.0000
 1-4 NB =         0.0000  1-4 EEL =         0.0000  VDWAALS    =      8010.5327
 EELEC  =  -4049582.4528  EHBOND  =         0.0000  RESTRAINT  =         0.0000
 ------------------------------------------------------------------------------


 NSTEP =      938   TIME(PS) =       0.938  TEMP(K) =   187.62  PRESS =     0.0
 Etot   =  -4036981.8080  EKtot   =      4580.8182  EPtot      =  -4041562.6261
 BOND   =         0.0000  ANGLE   =         0.0000  DIHED      =         0.0000
 1-4 NB =         0.0000  1-4 EEL =         0.0000  VDWAALS    =      8012.5468
 EELEC  =  -4049575.1729  EHBOND  =         0.0000  RESTRAINT  =         0.0000
 ------------------------------------------------------------------------------


 NSTEP =      939   TIME(PS) =       0.939  TEMP(K) =   187.29  PRESS =     0.0
 Etot   =  -4036981.7858  EKtot   =      4572.8472  EPtot      =  -4041554.6330
 BOND   =         0.0000  ANGLE   =         0.0000  DIHED      =         0.0000
 1-4 NB =         0.0000  1-4 EEL =         0.0000  VDWAALS    =      8014.3410
 EELEC  =  -4049568.9741  EHBOND  =         0.0000  RESTRAINT  =         0.0000
 ------------------------------------------------------------------------------


 NSTEP =      940   TIME(PS) =       0.940  TEMP(K) =   187.03  PRESS =     0.0
 Etot   =  -4036981.7724  EKtot   =      4566.5124  EPtot      =  -4041548.2848
 BOND   =         0.0000  ANGLE   =         0.0000  DIHED      =         0.0000
 1-4 NB =         0.0000  1-4 EEL =         0.0000  VDWAALS    =      8015.8581
 EELEC  =  -4049564.1429  EHBOND  =         0.0000  RESTRAINT  =         0.0000
 ------------------------------------------------------------------------------


 NSTEP =      941   TIME(PS) =       0.941  TEMP(K) =   186.85  PRESS =     0.0
 Etot   =  -4036981.7679  EKtot   =      4562.0213  EPtot      =  -4041543.7892
 BOND   =         0.0000  ANGLE   =         0.0000  DIHED      =         0.0000
 1-4 NB =         0.0000  1-4 EEL =         0.0000  VDWAALS    =      8017.0515
 EELEC  =  -4049560.8407  EHBOND  =         0.0000  RESTRAINT  =         0.0000
 ------------------------------------------------------------------------------


 NSTEP =      942   TIME(PS) =       0.942  TEMP(K) =   186.74  PRESS =     0.0
 Etot   =  -4036981.7721  EKtot   =      4559.4471  EPtot      =  -4041541.2192
 BOND   =         0.0000  ANGLE   =         0.0000  DIHED      =         0.0000
 1-4 NB =         0.0000  1-4 EEL =         0.0000  VDWAALS    =      8017.8870
 EELEC  =  -4049559.1062  EHBOND  =         0.0000  RESTRAINT  =         0.0000
 ------------------------------------------------------------------------------


 NSTEP =      943   TIME(PS) =       0.943  TEMP(K) =   186.71  PRESS =     0.0
 Etot   =  -4036981.7813  EKtot   =      4558.7451  EPtot      =  -4041540.5264
 BOND   =         0.0000  ANGLE   =         0.0000  DIHED      =         0.0000
 1-4 NB =         0.0000  1-4 EEL =         0.0000  VDWAALS    =      8018.3424
 EELEC  =  -4049558.8688  EHBOND  =         0.0000  RESTRAINT  =         0.0000
 ------------------------------------------------------------------------------


 NSTEP =      944   TIME(PS) =       0.944  TEMP(K) =   186.76  PRESS =     0.0
 Etot   =  -4036981.7941  EKtot   =      4559.7776  EPtot      =  -4041541.5717
 BOND   =         0.0000  ANGLE   =         0.0000  DIHED      =         0.0000
 1-4 NB =         0.0000  1-4 EEL =         0.0000  VDWAALS    =      8018.4079
 EELEC  =  -4049559.9795  EHBOND  =         0.0000  RESTRAINT  =         0.0000
 ------------------------------------------------------------------------------


 NSTEP =      945   TIME(PS) =       0.945  TEMP(K) =   186.86  PRESS =     0.0
 Etot   =  -4036981.8098  EKtot   =      4562.3434  EPtot      =  -4041544.1533
 BOND   =         0.0000  ANGLE   =         0.0000  DIHED      =         0.0000
 1-4 NB =         0.0000  1-4 EEL =         0.0000  VDWAALS    =      8018.0853
 EELEC  =  -4049562.2386  EHBOND  =         0.0000  RESTRAINT  =         0.0000
 ------------------------------------------------------------------------------


 NSTEP =      946   TIME(PS) =       0.946  TEMP(K) =   187.02  PRESS =     0.0
 Etot   =  -4036981.8263  EKtot   =      4566.2054  EPtot      =  -4041548.0318
 BOND   =         0.0000  ANGLE   =         0.0000  DIHED      =         0.0000
 1-4 NB =         0.0000  1-4 EEL =         0.0000  VDWAALS    =      8017.3876
 EELEC  =  -4049565.4194  EHBOND  =         0.0000  RESTRAINT  =         0.0000
 ------------------------------------------------------------------------------


 NSTEP =      947   TIME(PS) =       0.947  TEMP(K) =   187.22  PRESS =     0.0
 Etot   =  -4036981.8416  EKtot   =      4571.1126  EPtot      =  -4041552.9542
 BOND   =         0.0000  ANGLE   =         0.0000  DIHED      =         0.0000
 1-4 NB =         0.0000  1-4 EEL =         0.0000  VDWAALS    =      8016.3378
 EELEC  =  -4049569.2920  EHBOND  =         0.0000  RESTRAINT  =         0.0000
 ------------------------------------------------------------------------------


 NSTEP =      948   TIME(PS) =       0.948  TEMP(K) =   187.45  PRESS =     0.0
 Etot   =  -4036981.8563  EKtot   =      4576.8146  EPtot      =  -4041558.6709
 BOND   =         0.0000  ANGLE   =         0.0000  DIHED      =         0.0000
 1-4 NB =         0.0000  1-4 EEL =         0.0000  VDWAALS    =      8014.9672
 EELEC  =  -4049573.6380  EHBOND  =         0.0000  RESTRAINT  =         0.0000
 ------------------------------------------------------------------------------


 NSTEP =      949   TIME(PS) =       0.949  TEMP(K) =   187.71  PRESS =     0.0
 Etot   =  -4036981.8709  EKtot   =      4583.0681  EPtot      =  -4041564.9390
 BOND   =         0.0000  ANGLE   =         0.0000  DIHED      =         0.0000
 1-4 NB =         0.0000  1-4 EEL =         0.0000  VDWAALS    =      8013.3146
 EELEC  =  -4049578.2536  EHBOND  =         0.0000  RESTRAINT  =         0.0000
 ------------------------------------------------------------------------------


 NSTEP =      950   TIME(PS) =       0.950  TEMP(K) =   187.98  PRESS =     0.0
 Etot   =  -4036981.8847  EKtot   =      4589.6384  EPtot      =  -4041571.5231
 BOND   =         0.0000  ANGLE   =         0.0000  DIHED      =         0.0000
 1-4 NB =         0.0000  1-4 EEL =         0.0000  VDWAALS    =      8011.4239
 EELEC  =  -4049582.9470  EHBOND  =         0.0000  RESTRAINT  =         0.0000
 ------------------------------------------------------------------------------


 NSTEP =      951   TIME(PS) =       0.951  TEMP(K) =   188.25  PRESS =     0.0
 Etot   =  -4036981.8981  EKtot   =      4596.2966  EPtot      =  -4041578.1947
 BOND   =         0.0000  ANGLE   =         0.0000  DIHED      =         0.0000
 1-4 NB =         0.0000  1-4 EEL =         0.0000  VDWAALS    =      8009.3428
 EELEC  =  -4049587.5375  EHBOND  =         0.0000  RESTRAINT  =         0.0000
 ------------------------------------------------------------------------------


 NSTEP =      952   TIME(PS) =       0.952  TEMP(K) =   188.52  PRESS =     0.0
 Etot   =  -4036981.9112  EKtot   =      4602.8167  EPtot      =  -4041584.7279
 BOND   =         0.0000  ANGLE   =         0.0000  DIHED      =         0.0000
 1-4 NB =         0.0000  1-4 EEL =         0.0000  VDWAALS    =      8007.1206
 EELEC  =  -4049591.8486  EHBOND  =         0.0000  RESTRAINT  =         0.0000
 ------------------------------------------------------------------------------


 NSTEP =      953   TIME(PS) =       0.953  TEMP(K) =   188.77  PRESS =     0.0
 Etot   =  -4036981.9246  EKtot   =      4608.9741  EPtot      =  -4041590.8987
 BOND   =         0.0000  ANGLE   =         0.0000  DIHED      =         0.0000
 1-4 NB =         0.0000  1-4 EEL =         0.0000  VDWAALS    =      8004.8072
 EELEC  =  -4049595.7059  EHBOND  =         0.0000  RESTRAINT  =         0.0000
 ------------------------------------------------------------------------------


 NSTEP =      954   TIME(PS) =       0.954  TEMP(K) =   189.00  PRESS =     0.0
 Etot   =  -4036981.9381  EKtot   =      4614.5454  EPtot      =  -4041596.4836
 BOND   =         0.0000  ANGLE   =         0.0000  DIHED      =         0.0000
 1-4 NB =         0.0000  1-4 EEL =         0.0000  VDWAALS    =      8002.4508
 EELEC  =  -4049598.9344  EHBOND  =         0.0000  RESTRAINT  =         0.0000
 ------------------------------------------------------------------------------


 NSTEP =      955   TIME(PS) =       0.955  TEMP(K) =   189.19  PRESS =     0.0
 Etot   =  -4036981.9506  EKtot   =      4619.3127  EPtot      =  -4041601.2633
 BOND   =         0.0000  ANGLE   =         0.0000  DIHED      =         0.0000
 1-4 NB =         0.0000  1-4 EEL =         0.0000  VDWAALS    =      8000.0981
 EELEC  =  -4049601.3615  EHBOND  =         0.0000  RESTRAINT  =         0.0000
 ------------------------------------------------------------------------------


 NSTEP =      956   TIME(PS) =       0.956  TEMP(K) =   189.35  PRESS =     0.0
 Etot   =  -4036981.9616  EKtot   =      4623.0716  EPtot      =  -4041605.0332
 BOND   =         0.0000  ANGLE   =         0.0000  DIHED      =         0.0000
 1-4 NB =         0.0000  1-4 EEL =         0.0000  VDWAALS    =      7997.7926
 EELEC  =  -4049602.8258  EHBOND  =         0.0000  RESTRAINT  =         0.0000
 ------------------------------------------------------------------------------


 NSTEP =      957   TIME(PS) =       0.957  TEMP(K) =   189.45  PRESS =     0.0
 Etot   =  -4036981.9710  EKtot   =      4625.6434  EPtot      =  -4041607.6144
 BOND   =         0.0000  ANGLE   =         0.0000  DIHED      =         0.0000
 1-4 NB =         0.0000  1-4 EEL =         0.0000  VDWAALS    =      7995.5748
 EELEC  =  -4049603.1892  EHBOND  =         0.0000  RESTRAINT  =         0.0000
 ------------------------------------------------------------------------------


 NSTEP =      958   TIME(PS) =       0.958  TEMP(K) =   189.51  PRESS =     0.0
 Etot   =  -4036981.9768  EKtot   =      4626.8911  EPtot      =  -4041608.8679
 BOND   =         0.0000  ANGLE   =         0.0000  DIHED      =         0.0000
 1-4 NB =         0.0000  1-4 EEL =         0.0000  VDWAALS    =      7993.4818
 EELEC  =  -4049602.3497  EHBOND  =         0.0000  RESTRAINT  =         0.0000
 ------------------------------------------------------------------------------


 NSTEP =      959   TIME(PS) =       0.959  TEMP(K) =   189.50  PRESS =     0.0
 Etot   =  -4036981.9770  EKtot   =      4626.7389  EPtot      =  -4041608.7159
 BOND   =         0.0000  ANGLE   =         0.0000  DIHED      =         0.0000
 1-4 NB =         0.0000  1-4 EEL =         0.0000  VDWAALS    =      7991.5475
 EELEC  =  -4049600.2634  EHBOND  =         0.0000  RESTRAINT  =         0.0000
 ------------------------------------------------------------------------------


 NSTEP =      960   TIME(PS) =       0.960  TEMP(K) =   189.44  PRESS =     0.0
 Etot   =  -4036981.9709  EKtot   =      4625.1923  EPtot      =  -4041607.1633
 BOND   =         0.0000  ANGLE   =         0.0000  DIHED      =         0.0000
 1-4 NB =         0.0000  1-4 EEL =         0.0000  VDWAALS    =      7989.8019
 EELEC  =  -4049596.9652  EHBOND  =         0.0000  RESTRAINT  =         0.0000
 ------------------------------------------------------------------------------


 NSTEP =      961   TIME(PS) =       0.961  TEMP(K) =   189.32  PRESS =     0.0
 Etot   =  -4036981.9581  EKtot   =      4622.3554  EPtot      =  -4041604.3136
 BOND   =         0.0000  ANGLE   =         0.0000  DIHED      =         0.0000
 1-4 NB =         0.0000  1-4 EEL =         0.0000  VDWAALS    =      7988.2716
 EELEC  =  -4049592.5852  EHBOND  =         0.0000  RESTRAINT  =         0.0000
 ------------------------------------------------------------------------------


 NSTEP =      962   TIME(PS) =       0.962  TEMP(K) =   189.16  PRESS =     0.0
 Etot   =  -4036981.9376  EKtot   =      4618.4423  EPtot      =  -4041600.3799
 BOND   =         0.0000  ANGLE   =         0.0000  DIHED      =         0.0000
 1-4 NB =         0.0000  1-4 EEL =         0.0000  VDWAALS    =      7986.9785
 EELEC  =  -4049587.3583  EHBOND  =         0.0000  RESTRAINT  =         0.0000
 ------------------------------------------------------------------------------


 NSTEP =      963   TIME(PS) =       0.963  TEMP(K) =   188.97  PRESS =     0.0
 Etot   =  -4036981.9097  EKtot   =      4613.7774  EPtot      =  -4041595.6871
 BOND   =         0.0000  ANGLE   =         0.0000  DIHED      =         0.0000
 1-4 NB =         0.0000  1-4 EEL =         0.0000  VDWAALS    =      7985.9395
 EELEC  =  -4049581.6267  EHBOND  =         0.0000  RESTRAINT  =         0.0000
 ------------------------------------------------------------------------------


 NSTEP =      964   TIME(PS) =       0.964  TEMP(K) =   188.76  PRESS =     0.0
 Etot   =  -4036981.8771  EKtot   =      4608.7827  EPtot      =  -4041590.6597
 BOND   =         0.0000  ANGLE   =         0.0000  DIHED      =         0.0000
 1-4 NB =         0.0000  1-4 EEL =         0.0000  VDWAALS    =      7985.1661
 EELEC  =  -4049575.8258  EHBOND  =         0.0000  RESTRAINT  =         0.0000
 ------------------------------------------------------------------------------


 NSTEP =      965   TIME(PS) =       0.965  TEMP(K) =   188.57  PRESS =     0.0
 Etot   =  -4036981.8430  EKtot   =      4603.9481  EPtot      =  -4041585.7911
 BOND   =         0.0000  ANGLE   =         0.0000  DIHED      =         0.0000
 1-4 NB =         0.0000  1-4 EEL =         0.0000  VDWAALS    =      7984.6632
 EELEC  =  -4049570.4543  EHBOND  =         0.0000  RESTRAINT  =         0.0000
 ------------------------------------------------------------------------------


 NSTEP =      966   TIME(PS) =       0.966  TEMP(K) =   188.40  PRESS =     0.0
 Etot   =  -4036981.8102  EKtot   =      4599.7882  EPtot      =  -4041581.5984
 BOND   =         0.0000  ANGLE   =         0.0000  DIHED      =         0.0000
 1-4 NB =         0.0000  1-4 EEL =         0.0000  VDWAALS    =      7984.4289
 EELEC  =  -4049566.0274  EHBOND  =         0.0000  RESTRAINT  =         0.0000
 ------------------------------------------------------------------------------


 NSTEP =      967   TIME(PS) =       0.967  TEMP(K) =   188.27  PRESS =     0.0
 Etot   =  -4036981.7828  EKtot   =      4596.7878  EPtot      =  -4041578.5707
 BOND   =         0.0000  ANGLE   =         0.0000  DIHED      =         0.0000
 1-4 NB =         0.0000  1-4 EEL =         0.0000  VDWAALS    =      7984.4549
 EELEC  =  -4049563.0255  EHBOND  =         0.0000  RESTRAINT  =         0.0000
 ------------------------------------------------------------------------------


 NSTEP =      968   TIME(PS) =       0.968  TEMP(K) =   188.21  PRESS =     0.0
 Etot   =  -4036981.7654  EKtot   =      4595.3436  EPtot      =  -4041577.1090
 BOND   =         0.0000  ANGLE   =         0.0000  DIHED      =         0.0000
 1-4 NB =         0.0000  1-4 EEL =         0.0000  VDWAALS    =      7984.7262
 EELEC  =  -4049561.8352  EHBOND  =         0.0000  RESTRAINT  =         0.0000
 ------------------------------------------------------------------------------


 NSTEP =      969   TIME(PS) =       0.969  TEMP(K) =   188.23  PRESS =     0.0
 Etot   =  -4036981.7608  EKtot   =      4595.7109  EPtot      =  -4041577.4716
 BOND   =         0.0000  ANGLE   =         0.0000  DIHED      =         0.0000
 1-4 NB =         0.0000  1-4 EEL =         0.0000  VDWAALS    =      7985.2227
 EELEC  =  -4049562.6943  EHBOND  =         0.0000  RESTRAINT  =         0.0000
 ------------------------------------------------------------------------------


 NSTEP =      970   TIME(PS) =       0.970  TEMP(K) =   188.32  PRESS =     0.0
 Etot   =  -4036981.7693  EKtot   =      4597.9650  EPtot      =  -4041579.7343
 BOND   =         0.0000  ANGLE   =         0.0000  DIHED      =         0.0000
 1-4 NB =         0.0000  1-4 EEL =         0.0000  VDWAALS    =      7985.9195
 EELEC  =  -4049565.6538  EHBOND  =         0.0000  RESTRAINT  =         0.0000
 ------------------------------------------------------------------------------


 NSTEP =      971   TIME(PS) =       0.971  TEMP(K) =   188.49  PRESS =     0.0
 Etot   =  -4036981.7906  EKtot   =      4601.9840  EPtot      =  -4041583.7747
 BOND   =         0.0000  ANGLE   =         0.0000  DIHED      =         0.0000
 1-4 NB =         0.0000  1-4 EEL =         0.0000  VDWAALS    =      7986.7892
 EELEC  =  -4049570.5639  EHBOND  =         0.0000  RESTRAINT  =         0.0000
 ------------------------------------------------------------------------------


 NSTEP =      972   TIME(PS) =       0.972  TEMP(K) =   188.71  PRESS =     0.0
 Etot   =  -4036981.8238  EKtot   =      4607.4553  EPtot      =  -4041589.2790
 BOND   =         0.0000  ANGLE   =         0.0000  DIHED      =         0.0000
 1-4 NB =         0.0000  1-4 EEL =         0.0000  VDWAALS    =      7987.8022
 EELEC  =  -4049577.0812  EHBOND  =         0.0000  RESTRAINT  =         0.0000
 ------------------------------------------------------------------------------


 NSTEP =      973   TIME(PS) =       0.973  TEMP(K) =   188.97  PRESS =     0.0
 Etot   =  -4036981.8645  EKtot   =      4613.9048  EPtot      =  -4041595.7693
 BOND   =         0.0000  ANGLE   =         0.0000  DIHED      =         0.0000
 1-4 NB =         0.0000  1-4 EEL =         0.0000  VDWAALS    =      7988.9285
 EELEC  =  -4049584.6979  EHBOND  =         0.0000  RESTRAINT  =         0.0000
 ------------------------------------------------------------------------------


 NSTEP =      974   TIME(PS) =       0.974  TEMP(K) =   189.25  PRESS =     0.0
 Etot   =  -4036981.9086  EKtot   =      4620.7458  EPtot      =  -4041602.6544
 BOND   =         0.0000  ANGLE   =         0.0000  DIHED      =         0.0000
 1-4 NB =         0.0000  1-4 EEL =         0.0000  VDWAALS    =      7990.1383
 EELEC  =  -4049592.7927  EHBOND  =         0.0000  RESTRAINT  =         0.0000
 ------------------------------------------------------------------------------


 NSTEP =      975   TIME(PS) =       0.975  TEMP(K) =   189.52  PRESS =     0.0
 Etot   =  -4036981.9516  EKtot   =      4627.3376  EPtot      =  -4041609.2892
 BOND   =         0.0000  ANGLE   =         0.0000  DIHED      =         0.0000
 1-4 NB =         0.0000  1-4 EEL =         0.0000  VDWAALS    =      7991.4022
 EELEC  =  -4049600.6915  EHBOND  =         0.0000  RESTRAINT  =         0.0000
 ------------------------------------------------------------------------------


 NSTEP =      976   TIME(PS) =       0.976  TEMP(K) =   189.76  PRESS =     0.0
 Etot   =  -4036981.9901  EKtot   =      4633.0494  EPtot      =  -4041615.0394
 BOND   =         0.0000  ANGLE   =         0.0000  DIHED      =         0.0000
 1-4 NB =         0.0000  1-4 EEL =         0.0000  VDWAALS    =      7992.6918
 EELEC  =  -4049607.7312  EHBOND  =         0.0000  RESTRAINT  =         0.0000
 ------------------------------------------------------------------------------


 NSTEP =      977   TIME(PS) =       0.977  TEMP(K) =   189.93  PRESS =     0.0
 Etot   =  -4036982.0202  EKtot   =      4637.3212  EPtot      =  -4041619.3415
 BOND   =         0.0000  ANGLE   =         0.0000  DIHED      =         0.0000
 1-4 NB =         0.0000  1-4 EEL =         0.0000  VDWAALS    =      7993.9793
 EELEC  =  -4049613.3208  EHBOND  =         0.0000  RESTRAINT  =         0.0000
 ------------------------------------------------------------------------------


 NSTEP =      978   TIME(PS) =       0.978  TEMP(K) =   190.03  PRESS =     0.0
 Etot   =  -4036982.0385  EKtot   =      4639.7184  EPtot      =  -4041621.7569
 BOND   =         0.0000  ANGLE   =         0.0000  DIHED      =         0.0000
 1-4 NB =         0.0000  1-4 EEL =         0.0000  VDWAALS    =      7995.2378
 EELEC  =  -4049616.9948  EHBOND  =         0.0000  RESTRAINT  =         0.0000
 ------------------------------------------------------------------------------


 NSTEP =      979   TIME(PS) =       0.979  TEMP(K) =   190.04  PRESS =     0.0
 Etot   =  -4036982.0437  EKtot   =      4639.9736  EPtot      =  -4041622.0173
 BOND   =         0.0000  ANGLE   =         0.0000  DIHED      =         0.0000
 1-4 NB =         0.0000  1-4 EEL =         0.0000  VDWAALS    =      7996.4414
 EELEC  =  -4049618.4587  EHBOND  =         0.0000  RESTRAINT  =         0.0000
 ------------------------------------------------------------------------------


 NSTEP =      980   TIME(PS) =       0.980  TEMP(K) =   189.96  PRESS =     0.0
 Etot   =  -4036982.0357  EKtot   =      4638.0139  EPtot      =  -4041620.0496
 BOND   =         0.0000  ANGLE   =         0.0000  DIHED      =         0.0000
 1-4 NB =         0.0000  1-4 EEL =         0.0000  VDWAALS    =      7997.5649
 EELEC  =  -4049617.6146  EHBOND  =         0.0000  RESTRAINT  =         0.0000
 ------------------------------------------------------------------------------


 NSTEP =      981   TIME(PS) =       0.981  TEMP(K) =   189.80  PRESS =     0.0
 Etot   =  -4036982.0153  EKtot   =      4633.9695  EPtot      =  -4041615.9848
 BOND   =         0.0000  ANGLE   =         0.0000  DIHED      =         0.0000
 1-4 NB =         0.0000  1-4 EEL =         0.0000  VDWAALS    =      7998.5853
 EELEC  =  -4049614.5701  EHBOND  =         0.0000  RESTRAINT  =         0.0000
 ------------------------------------------------------------------------------


 NSTEP =      982   TIME(PS) =       0.982  TEMP(K) =   189.56  PRESS =     0.0
 Etot   =  -4036981.9833  EKtot   =      4628.1618  EPtot      =  -4041610.1452
 BOND   =         0.0000  ANGLE   =         0.0000  DIHED      =         0.0000
 1-4 NB =         0.0000  1-4 EEL =         0.0000  VDWAALS    =      7999.4813
 EELEC  =  -4049609.6265  EHBOND  =         0.0000  RESTRAINT  =         0.0000
 ------------------------------------------------------------------------------


 NSTEP =      983   TIME(PS) =       0.983  TEMP(K) =   189.27  PRESS =     0.0
 Etot   =  -4036981.9443  EKtot   =      4621.0719  EPtot      =  -4041603.0162
 BOND   =         0.0000  ANGLE   =         0.0000  DIHED      =         0.0000
 1-4 NB =         0.0000  1-4 EEL =         0.0000  VDWAALS    =      8000.2352
 EELEC  =  -4049603.2514  EHBOND  =         0.0000  RESTRAINT  =         0.0000
 ------------------------------------------------------------------------------


 NSTEP =      984   TIME(PS) =       0.984  TEMP(K) =   188.95  PRESS =     0.0
 Etot   =  -4036981.9029  EKtot   =      4613.2913  EPtot      =  -4041595.1942
 BOND   =         0.0000  ANGLE   =         0.0000  DIHED      =         0.0000
 1-4 NB =         0.0000  1-4 EEL =         0.0000  VDWAALS    =      8000.8327
 EELEC  =  -4049596.0269  EHBOND  =         0.0000  RESTRAINT  =         0.0000
 ------------------------------------------------------------------------------


 NSTEP =      985   TIME(PS) =       0.985  TEMP(K) =   188.63  PRESS =     0.0
 Etot   =  -4036981.8629  EKtot   =      4605.4594  EPtot      =  -4041587.3223
 BOND   =         0.0000  ANGLE   =         0.0000  DIHED      =         0.0000
 1-4 NB =         0.0000  1-4 EEL =         0.0000  VDWAALS    =      8001.2641
 EELEC  =  -4049588.5864  EHBOND  =         0.0000  RESTRAINT  =         0.0000
 ------------------------------------------------------------------------------


 NSTEP =      986   TIME(PS) =       0.986  TEMP(K) =   188.33  PRESS =     0.0
 Etot   =  -4036981.8277  EKtot   =      4598.1963  EPtot      =  -4041580.0240
 BOND   =         0.0000  ANGLE   =         0.0000  DIHED      =         0.0000
 1-4 NB =         0.0000  1-4 EEL =         0.0000  VDWAALS    =      8001.5244
 EELEC  =  -4049581.5484  EHBOND  =         0.0000  RESTRAINT  =         0.0000
 ------------------------------------------------------------------------------


 NSTEP =      987   TIME(PS) =       0.987  TEMP(K) =   188.08  PRESS =     0.0
 Etot   =  -4036981.8021  EKtot   =      4592.0392  EPtot      =  -4041573.8413
 BOND   =         0.0000  ANGLE   =         0.0000  DIHED      =         0.0000
 1-4 NB =         0.0000  1-4 EEL =         0.0000  VDWAALS    =      8001.6132
 EELEC  =  -4049575.4545  EHBOND  =         0.0000  RESTRAINT  =         0.0000
 ------------------------------------------------------------------------------


 NSTEP =      988   TIME(PS) =       0.988  TEMP(K) =   187.89  PRESS =     0.0
 Etot   =  -4036981.7886  EKtot   =      4587.3898  EPtot      =  -4041569.1784
 BOND   =         0.0000  ANGLE   =         0.0000  DIHED      =         0.0000
 1-4 NB =         0.0000  1-4 EEL =         0.0000  VDWAALS    =      8001.5347
 EELEC  =  -4049570.7131  EHBOND  =         0.0000  RESTRAINT  =         0.0000
 ------------------------------------------------------------------------------


 NSTEP =      989   TIME(PS) =       0.989  TEMP(K) =   187.77  PRESS =     0.0
 Etot   =  -4036981.7869  EKtot   =      4584.4813  EPtot      =  -4041566.2682
 BOND   =         0.0000  ANGLE   =         0.0000  DIHED      =         0.0000
 1-4 NB =         0.0000  1-4 EEL =         0.0000  VDWAALS    =      8001.2963
 EELEC  =  -4049567.5646  EHBOND  =         0.0000  RESTRAINT  =         0.0000
 ------------------------------------------------------------------------------


 NSTEP =      990   TIME(PS) =       0.990  TEMP(K) =   187.72  PRESS =     0.0
 Etot   =  -4036981.7955  EKtot   =      4583.3667  EPtot      =  -4041565.1622
 BOND   =         0.0000  ANGLE   =         0.0000  DIHED      =         0.0000
 1-4 NB =         0.0000  1-4 EEL =         0.0000  VDWAALS    =      8000.9084
 EELEC  =  -4049566.0706  EHBOND  =         0.0000  RESTRAINT  =         0.0000
 ------------------------------------------------------------------------------


 NSTEP =      991   TIME(PS) =       0.991  TEMP(K) =   187.75  PRESS =     0.0
 Etot   =  -4036981.8146  EKtot   =      4583.9297  EPtot      =  -4041565.7443
 BOND   =         0.0000  ANGLE   =         0.0000  DIHED      =         0.0000
 1-4 NB =         0.0000  1-4 EEL =         0.0000  VDWAALS    =      8000.3824
 EELEC  =  -4049566.1267  EHBOND  =         0.0000  RESTRAINT  =         0.0000
 ------------------------------------------------------------------------------


 NSTEP =      992   TIME(PS) =       0.992  TEMP(K) =   187.83  PRESS =     0.0
 Etot   =  -4036981.8401  EKtot   =      4585.9157  EPtot      =  -4041567.7558
 BOND   =         0.0000  ANGLE   =         0.0000  DIHED      =         0.0000
 1-4 NB =         0.0000  1-4 EEL =         0.0000  VDWAALS    =      7999.7300
 EELEC  =  -4049567.4858  EHBOND  =         0.0000  RESTRAINT  =         0.0000
 ------------------------------------------------------------------------------


 NSTEP =      993   TIME(PS) =       0.993  TEMP(K) =   187.95  PRESS =     0.0
 Etot   =  -4036981.8673  EKtot   =      4588.9756  EPtot      =  -4041570.8429
 BOND   =         0.0000  ANGLE   =         0.0000  DIHED      =         0.0000
 1-4 NB =         0.0000  1-4 EEL =         0.0000  VDWAALS    =      7998.9618
 EELEC  =  -4049569.8047  EHBOND  =         0.0000  RESTRAINT  =         0.0000
 ------------------------------------------------------------------------------


 NSTEP =      994   TIME(PS) =       0.994  TEMP(K) =   188.11  PRESS =     0.0
 Etot   =  -4036981.8938  EKtot   =      4592.7155  EPtot      =  -4041574.6092
 BOND   =         0.0000  ANGLE   =         0.0000  DIHED      =         0.0000
 1-4 NB =         0.0000  1-4 EEL =         0.0000  VDWAALS    =      7998.0865
 EELEC  =  -4049572.6957  EHBOND  =         0.0000  RESTRAINT  =         0.0000
 ------------------------------------------------------------------------------


 NSTEP =      995   TIME(PS) =       0.995  TEMP(K) =   188.27  PRESS =     0.0
 Etot   =  -4036981.9181  EKtot   =      4596.7438  EPtot      =  -4041578.6619
 BOND   =         0.0000  ANGLE   =         0.0000  DIHED      =         0.0000
 1-4 NB =         0.0000  1-4 EEL =         0.0000  VDWAALS    =      7997.1101
 EELEC  =  -4049575.7719  EHBOND  =         0.0000  RESTRAINT  =         0.0000
 ------------------------------------------------------------------------------


 NSTEP =      996   TIME(PS) =       0.996  TEMP(K) =   188.43  PRESS =     0.0
 Etot   =  -4036981.9375  EKtot   =      4600.7100  EPtot      =  -4041582.6475
 BOND   =         0.0000  ANGLE   =         0.0000  DIHED      =         0.0000
 1-4 NB =         0.0000  1-4 EEL =         0.0000  VDWAALS    =      7996.0361
 EELEC  =  -4049578.6835  EHBOND  =         0.0000  RESTRAINT  =         0.0000
 ------------------------------------------------------------------------------


 NSTEP =      997   TIME(PS) =       0.997  TEMP(K) =   188.58  PRESS =     0.0
 Etot   =  -4036981.9508  EKtot   =      4604.3304  EPtot      =  -4041586.2811
 BOND   =         0.0000  ANGLE   =         0.0000  DIHED      =         0.0000
 1-4 NB =         0.0000  1-4 EEL =         0.0000  VDWAALS    =      7994.8655
 EELEC  =  -4049581.1467  EHBOND  =         0.0000  RESTRAINT  =         0.0000
 ------------------------------------------------------------------------------


 NSTEP =      998   TIME(PS) =       0.998  TEMP(K) =   188.71  PRESS =     0.0
 Etot   =  -4036981.9593  EKtot   =      4607.3979  EPtot      =  -4041589.3571
 BOND   =         0.0000  ANGLE   =         0.0000  DIHED      =         0.0000
 1-4 NB =         0.0000  1-4 EEL =         0.0000  VDWAALS    =      7993.5979
 EELEC  =  -4049582.9550  EHBOND  =         0.0000  RESTRAINT  =         0.0000
 ------------------------------------------------------------------------------


 NSTEP =      999   TIME(PS) =       0.999  TEMP(K) =   188.80  PRESS =     0.0
 Etot   =  -4036981.9643  EKtot   =      4609.7795  EPtot      =  -4041591.7438
 BOND   =         0.0000  ANGLE   =         0.0000  DIHED      =         0.0000
 1-4 NB =         0.0000  1-4 EEL =         0.0000  VDWAALS    =      7992.2316
 EELEC  =  -4049583.9754  EHBOND  =         0.0000  RESTRAINT  =         0.0000
 ------------------------------------------------------------------------------

check COM velocity, temp:        0.000000     0.00(Removed)

 NSTEP =     1000   TIME(PS) =       1.000  TEMP(K) =   188.87  PRESS =     0.0
 Etot   =  -4036981.9664  EKtot   =      4611.4029  EPtot      =  -4041593.3693
 BOND   =         0.0000  ANGLE   =         0.0000  DIHED      =         0.0000
 1-4 NB =         0.0000  1-4 EEL =         0.0000  VDWAALS    =      7990.7659
 EELEC  =  -4049584.1353  EHBOND  =         0.0000  RESTRAINT  =         0.0000
 ------------------------------------------------------------------------------


      A V E R A G E S   O V E R    1000 S T E P S


 NSTEP =     1000   TIME(PS) =       1.000  TEMP(K) =   181.57  PRESS =     0.0
 Etot   =  -4036981.2764  EKtot   =      4433.0735  EPtot      =  -4041414.3498
 BOND   =         0.0000  ANGLE   =         0.0000  DIHED      =         0.0000
 1-4 NB =         0.0000  1-4 EEL =         0.0000  VDWAALS    =      7784.2837
 EELEC  =  -4049198.6335  EHBOND  =         0.0000  RESTRAINT  =         0.0000
 ------------------------------------------------------------------------------


      R M S  F L U C T U A T I O N S


 NSTEP =     1000   TIME(PS) =       1.000  TEMP(K) =    17.21  PRESS =     0.0
 Etot   =        14.2675  EKtot   =       420.0792  EPtot      =       424.9248
 BOND   =         0.0000  ANGLE   =         0.0000  DIHED      =         0.0000
 1-4 NB =         0.0000  1-4 EEL =         0.0000  VDWAALS    =       471.5370
 EELEC  =       821.0333  EHBOND  =         0.0000  RESTRAINT  =         0.0000
|E(PBS) =         0.6312
 ------------------------------------------------------------------------------


--------------------------------------------------------------------------------
   5.  TIMINGS
--------------------------------------------------------------------------------

|>>>>>>>>PROFILE of Average TIMES>>>>>>>>> 
|                Build the list             0.25 (77.96% of List )
|                Other                      0.07 (22.04% of List )
|             List time                  0.33 ( 0.32% of Nonbo)
|                   Short_ene time            79.31 (100.0% of Direc)
|                Direct Ewald time         79.31 (77.66% of Ewald)
|                Other                     22.82 (22.34% of Ewald)
|             Ewald time               102.13 (99.66% of Nonbo)
|             IPS excludes               0.03 ( 0.03% of Nonbo)
|          Nonbond force            102.49 (99.76% of Force)
|          FRC Collect time           0.16 ( 0.15% of Force)
|          Other                      0.09 ( 0.08% of Force)
|       Force time               102.73 (99.17% of Runmd)
|       Shake time                 0.03 ( 0.03% of Runmd)
|       Verlet update time         0.13 ( 0.12% of Runmd)
|       CRD distribute time        0.50 ( 0.48% of Runmd)
|       Other                      0.21 ( 0.20% of Runmd)
|    Runmd Time               103.60 (99.87% of Total)
|    Other                      0.14 ( 0.13% of Total)
| Total time               103.73 (100.0% of ALL  )

| Number of list builds   :         35

| Highest rstack allocated:     133554
| Highest istack allocated:          0

| Final Performance Info:
| -----------------------------------------------------
| Average timings for all steps:
|     Elapsed(s) =     103.60 Per Step(ms) =     103.60
|         ns/day =       0.83   seconds/ns =  103598.44
| -----------------------------------------------------

|           Job began  at 15:38:44.317  on 02/26/2025
|           Setup done at 15:38:44.455  on 02/26/2025
|           Run   done at 15:40:28.053  on 02/26/2025
|     wallclock() was called   44195 times

|3D-RISM memory allocation summary
|Type          Maximum        Current   
|Integer       0.00000 GB     0.00000 GB
|Real          0.00000 GB     0.00000 GB
|Logical       0.00000 GB     0.00000 GB
|Character     0.00000 GB     0.00000 GB
|---------------------------------------
|Total         0.00000 GB     0.00000 GB
