
          -------------------------------------------------------
          Amber 24 SANDER                              2024
          -------------------------------------------------------

| Run on 02/26/2025 at 19:12:33

|   Executable path: /home8/larry/ips/build/AmberTools/src/sander/sander.MPI
| Working directory: /home8/larry/project/ips/test/4096
|          Hostname: rayl8

  [-O]verwriting output

File Assignments:
|  MDIN: mdin                                                                  
| MDOUT: pgm-pme-mpi16.out                                                     
|INPCRD: rst                                                                   
|  PARM: prmtop                                                                
|RESTRT: restrt                                                                
|  REFC: refc                                                                  
| MDVEL: mdvel                                                                 
| MDFRC: mdfrc                                                                 
|  MDEN: mden                                                                  
| MDCRD: mdcrd                                                                 
|MDINFO: mdinfo                                                                
|  MTMD: mtmd                                                                  
|INPDIP: inpdip                                                                
|RSTDIP: rstdip                                                                
|INPTRA: inptraj                                                               

|    REMLOG: rem.log
|   REMTYPE: rem.type
|  REMSTRIP: 
|   SAVEENE: saveene
|CLUSTERINF: cluster.info
| RESERVOIR: reserv/frame
|   REMDDIM: 


 Here is the input file:

 single point calc.                                                            
 &cntrl                                                                        
   imin=0, nstlim=1000,                                                        
   irest=0, ntx=1,                                                             
   ntt=0, temp0=300,                                                           
   ntb=1, ntp=0,                                                               
   ntc=2, ntf=2, tol=0.000001,                                                 
   cut=9.,                                                                     
   ntpr=1, ntwr=1, ntwx=1,                                                     
   dt=0.001,                                                                   
   ipgm=1,                                                                     
 /                                                                             
 &ewald                                                                        
  skinnb=2.,ew_coeff=0.4,order=6,vdwmeth=0                                     
 /                                                                             
 &pol_gauss                                                                    
   pol_gauss_verbose=0,ee_dsum_cut=9.0,                                        
   dipole_scf_tol=0.01,dipole_scf_init=3,dipole_scf_init_order=2,dipole_scf_init_step=4,
   scf_solv_opt=3,scf_sor_niter=100,scf_sor_coefficient=0.65,                  
   scf_cg_niter=50,scf_local_niter=3,scf_local_cut=4.0                         
 /                                                                             

--------------------------------------------------------------------------------
   1.  RESOURCE   USE: 
--------------------------------------------------------------------------------

| Flags: MPI                                                                    
 getting box info from netcdf restart file
| NetCDF restart box info found
|Largest sphere to fit in unit cell has radius =    24.971
| New format PARM file being parsed.
| Version =    1.000 Date = 04/24/24 Time = 21:13:58
 NATOM  =   12288 NTYPES =       2 NBONH =   12288 MBONA  =       0
 NTHETH =       0 MTHETA =       0 NPHIH =       0 MPHIA  =       0
 NHPARM =       0 NPARM  =       0 NNB   =   16384 NRES   =    4096
 NBONA  =       0 NTHETA =       0 NPHIA =       0 NUMBND =       2
 NUMANG =       0 NPTRA  =       0 NATYP =       2 NPHB   =       0
 IFBOX  =       1 NMXRS  =       3 IFCAP =       0 NEXTRA =       0
 NCOPY  =       0


|     Memory Use     Allocated
|     Real             1885433
|     Hollerith          40962
|     Integer           298537
|     Max Pairs         454314
|     nblistReal        147456
|     nblist Int        424624
|       Total            20641 kbytes

| Note: 1-4 EEL scale factors are being read from the topology file.

| Note: 1-4 VDW scale factors are being read from the topology file.
| Duplicated    0 dihedrals
| Duplicated    0 dihedrals

     BOX TYPE: RECTILINEAR

--------------------------------------------------------------------------------
   2.  CONTROL  DATA  FOR  THE  RUN
--------------------------------------------------------------------------------

default_name                                                                    

General flags:
     imin    =       0, nmropt  =       0

Nature and format of input:
     ntx     =       1, irest   =       0, ntrx    =       1

Nature and format of output:
     ntxo    =       2, ntpr    =       1, ntrx    =       1, ntwr    =       1
     iwrap   =       0, ntwx    =       1, ntwv    =       0, ntwe    =       0
     ioutfm  =       1, ntwprt  =       0, idecomp =       0, rbornstat=      0

Potential function:
     ntf     =       2, ntb     =       1, igb     =       0, nsnb    =      25
     ipol    =       0, gbsa    =       0, iesp    =       0
     dielc   =   1.00000, cut     =   9.00000, intdiel =   1.00000

Frozen or restrained atoms:
     ibelly  =       0, ntr     =       0

Molecular dynamics:
     nstlim  =      1000, nscm    =      1000, nrespa  =         1
     t       =   0.00000, dt      =   0.00100, vlimit  =  20.00000

SHAKE:
     ntc     =       2, jfastw  =       0
     tol     =   0.00000

Ewald parameters:
     verbose =       0, ew_type =       0, nbflag  =       1, use_pme =       1
     vdwmeth =       0, eedmeth =       1, netfrc  =       1
     Box X =   49.989   Box Y =   49.943   Box Z =   50.012
     Alpha =   90.000   Beta  =   90.000   Gamma =   90.000
     NFFT1 =   50       NFFT2 =   50       NFFT3 =   54
     Cutoff=    9.000   Tol   =0.395E-07
     Ewald Coefficient =  0.40000
     Interpolation order =    6

| MPI Timing options:
|      profile_mpi =        0
|  INFO: Old style inpcrd file read


--------------------------------------------------------------------------------
   3.  ATOMIC COORDINATES AND VELOCITIES
--------------------------------------------------------------------------------

default_name                                                                    
 begin time read from input coords =  2300.000 ps

 Number of triangulated 3-point waters found:     4096
|  Atom division among processors:
|         0     768    1536    2304    3072    3840    4608    5376
|      6144    6912    7680    8448    9216    9984   10752   11520
|     12288

     Sum of charges from parm topology file =   0.00000000
     Forcing neutrality...
|  Running AMBER/MPI version on   16 nodes


--------------------------------------------------------------------------------
   4.  RESULTS
--------------------------------------------------------------------------------

|  # of SOLUTE  degrees of freedom (RNDFP):   24576.
|  # of SOLVENT degrees of freedom (RNDFS):       0.
|  NDFMIN =   24573.     NUM_NOSHAKE =      0     CORRECTED RNDFP =   24573.
|  TOTAL # of degrees of freedom (RNDF) =   24573.
 ---------------------------------------------------
 APPROXIMATING switch and d/dx switch using CUBIC SPLINE INTERPOLATION
 using   5000.0 points per unit in tabled values
 TESTING RELATIVE ERROR over r ranging from 0.0 to cutoff
| CHECK switch(x): max rel err =   0.2738E-14   at   2.422500
| CHECK d/dx switch(x): max rel err =   0.8987E-11   at   2.875760
 ---------------------------------------------------
| Local SIZE OF NONBOND LIST =     209770
| TOTAL SIZE OF NONBOND LIST =    3367078

 NSTEP =        0   TIME(PS) =       0.000  TEMP(K) =     0.00  PRESS =     0.0
 Etot   =  -4035650.8994  EKtot   =         0.0000  EPtot      =  -4035650.8994
 BOND   =         0.0000  ANGLE   =         0.0000  DIHED      =         0.0000
 1-4 NB =         0.0000  1-4 EEL =         0.0000  VDWAALS    =      7081.8584
 EELEC  =  -4042732.7578  EHBOND  =         0.0000  RESTRAINT  =         0.0000
 Ewald error estimate:   0.0000E+00
 ------------------------------------------------------------------------------


 NSTEP =        1   TIME(PS) =       0.001  TEMP(K) =    18.28  PRESS =     0.0
 Etot   =  -4035204.4983  EKtot   =       446.4011  EPtot      =  -4035650.8994
 BOND   =         0.0000  ANGLE   =         0.0000  DIHED      =         0.0000
 1-4 NB =         0.0000  1-4 EEL =         0.0000  VDWAALS    =      7081.8584
 EELEC  =  -4042732.7578  EHBOND  =         0.0000  RESTRAINT  =         0.0000
 Ewald error estimate:   0.0000E+00
 ------------------------------------------------------------------------------


 NSTEP =        2   TIME(PS) =       0.002  TEMP(K) =     1.83  PRESS =     0.0
 Etot   =  -4035651.0410  EKtot   =        44.6924  EPtot      =  -4035695.7334
 BOND   =         0.0000  ANGLE   =         0.0000  DIHED      =         0.0000
 1-4 NB =         0.0000  1-4 EEL =         0.0000  VDWAALS    =      7077.2855
 EELEC  =  -4042773.0189  EHBOND  =         0.0000  RESTRAINT  =         0.0000
 Ewald error estimate:   0.0000E+00
 ------------------------------------------------------------------------------


 NSTEP =        3   TIME(PS) =       0.003  TEMP(K) =     7.23  PRESS =     0.0
 Etot   =  -4035651.4720  EKtot   =       176.5012  EPtot      =  -4035827.9732
 BOND   =         0.0000  ANGLE   =         0.0000  DIHED      =         0.0000
 1-4 NB =         0.0000  1-4 EEL =         0.0000  VDWAALS    =      7063.6715
 EELEC  =  -4042891.6447  EHBOND  =         0.0000  RESTRAINT  =         0.0000
 Ewald error estimate:   0.0000E+00
 ------------------------------------------------------------------------------


 NSTEP =        4   TIME(PS) =       0.004  TEMP(K) =    15.92  PRESS =     0.0
 Etot   =  -4035652.1743  EKtot   =       388.7227  EPtot      =  -4036040.8970
 BOND   =         0.0000  ANGLE   =         0.0000  DIHED      =         0.0000
 1-4 NB =         0.0000  1-4 EEL =         0.0000  VDWAALS    =      7041.3412
 EELEC  =  -4043082.2382  EHBOND  =         0.0000  RESTRAINT  =         0.0000
 Ewald error estimate:   0.0000E+00
 ------------------------------------------------------------------------------


 NSTEP =        5   TIME(PS) =       0.005  TEMP(K) =    27.46  PRESS =     0.0
 Etot   =  -4035653.0951  EKtot   =       670.5302  EPtot      =  -4036323.6253
 BOND   =         0.0000  ANGLE   =         0.0000  DIHED      =         0.0000
 1-4 NB =         0.0000  1-4 EEL =         0.0000  VDWAALS    =      7010.8391
 EELEC  =  -4043334.4644  EHBOND  =         0.0000  RESTRAINT  =         0.0000
 Ewald error estimate:   0.0000E+00
 ------------------------------------------------------------------------------


 NSTEP =        6   TIME(PS) =       0.006  TEMP(K) =    41.27  PRESS =     0.0
 Etot   =  -4035654.2149  EKtot   =      1007.5147  EPtot      =  -4036661.7296
 BOND   =         0.0000  ANGLE   =         0.0000  DIHED      =         0.0000
 1-4 NB =         0.0000  1-4 EEL =         0.0000  VDWAALS    =      6972.8334
 EELEC  =  -4043634.5630  EHBOND  =         0.0000  RESTRAINT  =         0.0000
 Ewald error estimate:   0.0000E+00
 ------------------------------------------------------------------------------


 NSTEP =        7   TIME(PS) =       0.007  TEMP(K) =    56.62  PRESS =     0.0
 Etot   =  -4035655.4617  EKtot   =      1382.4713  EPtot      =  -4037037.9330
 BOND   =         0.0000  ANGLE   =         0.0000  DIHED      =         0.0000
 1-4 NB =         0.0000  1-4 EEL =         0.0000  VDWAALS    =      6928.1631
 EELEC  =  -4043966.0961  EHBOND  =         0.0000  RESTRAINT  =         0.0000
 Ewald error estimate:   0.0000E+00
 ------------------------------------------------------------------------------


 NSTEP =        8   TIME(PS) =       0.008  TEMP(K) =    72.76  PRESS =     0.0
 Etot   =  -4035657.5552  EKtot   =      1776.4303  EPtot      =  -4037433.9855
 BOND   =         0.0000  ANGLE   =         0.0000  DIHED      =         0.0000
 1-4 NB =         0.0000  1-4 EEL =         0.0000  VDWAALS    =      6877.7647
 EELEC  =  -4044311.7502  EHBOND  =         0.0000  RESTRAINT  =         0.0000
 Ewald error estimate:   0.0000E+00
 ------------------------------------------------------------------------------


 NSTEP =        9   TIME(PS) =       0.009  TEMP(K) =    88.87  PRESS =     0.0
 Etot   =  -4035659.6375  EKtot   =      2169.8869  EPtot      =  -4037829.5244
 BOND   =         0.0000  ANGLE   =         0.0000  DIHED      =         0.0000
 1-4 NB =         0.0000  1-4 EEL =         0.0000  VDWAALS    =      6822.6289
 EELEC  =  -4044652.1533  EHBOND  =         0.0000  RESTRAINT  =         0.0000
 Ewald error estimate:   0.0000E+00
 ------------------------------------------------------------------------------


 NSTEP =       10   TIME(PS) =       0.010  TEMP(K) =   104.20  PRESS =     0.0
 Etot   =  -4035659.2729  EKtot   =      2544.1550  EPtot      =  -4038203.4279
 BOND   =         0.0000  ANGLE   =         0.0000  DIHED      =         0.0000
 1-4 NB =         0.0000  1-4 EEL =         0.0000  VDWAALS    =      6763.7389
 EELEC  =  -4044967.1668  EHBOND  =         0.0000  RESTRAINT  =         0.0000
 Ewald error estimate:   0.0000E+00
 ------------------------------------------------------------------------------


 NSTEP =       11   TIME(PS) =       0.011  TEMP(K) =   118.07  PRESS =     0.0
 Etot   =  -4035660.8761  EKtot   =      2882.7205  EPtot      =  -4038543.5965
 BOND   =         0.0000  ANGLE   =         0.0000  DIHED      =         0.0000
 1-4 NB =         0.0000  1-4 EEL =         0.0000  VDWAALS    =      6702.0947
 EELEC  =  -4045245.6912  EHBOND  =         0.0000  RESTRAINT  =         0.0000
 Ewald error estimate:   0.0000E+00
 ------------------------------------------------------------------------------


 NSTEP =       12   TIME(PS) =       0.012  TEMP(K) =   129.93  PRESS =     0.0
 Etot   =  -4035662.3063  EKtot   =      3172.4330  EPtot      =  -4038834.7393
 BOND   =         0.0000  ANGLE   =         0.0000  DIHED      =         0.0000
 1-4 NB =         0.0000  1-4 EEL =         0.0000  VDWAALS    =      6638.6323
 EELEC  =  -4045473.3716  EHBOND  =         0.0000  RESTRAINT  =         0.0000
 Ewald error estimate:   0.0000E+00
 ------------------------------------------------------------------------------


 NSTEP =       13   TIME(PS) =       0.013  TEMP(K) =   139.43  PRESS =     0.0
 Etot   =  -4035661.9981  EKtot   =      3404.3873  EPtot      =  -4039066.3854
 BOND   =         0.0000  ANGLE   =         0.0000  DIHED      =         0.0000
 1-4 NB =         0.0000  1-4 EEL =         0.0000  VDWAALS    =      6574.2071
 EELEC  =  -4045640.5925  EHBOND  =         0.0000  RESTRAINT  =         0.0000
 Ewald error estimate:   0.0000E+00
 ------------------------------------------------------------------------------


 NSTEP =       14   TIME(PS) =       0.014  TEMP(K) =   146.40  PRESS =     0.0
 Etot   =  -4035661.6226  EKtot   =      3574.3814  EPtot      =  -4039236.0040
 BOND   =         0.0000  ANGLE   =         0.0000  DIHED      =         0.0000
 1-4 NB =         0.0000  1-4 EEL =         0.0000  VDWAALS    =      6509.5971
 EELEC  =  -4045745.6012  EHBOND  =         0.0000  RESTRAINT  =         0.0000
 Ewald error estimate:   0.0000E+00
 ------------------------------------------------------------------------------


 NSTEP =       15   TIME(PS) =       0.015  TEMP(K) =   150.84  PRESS =     0.0
 Etot   =  -4035661.6188  EKtot   =      3682.9119  EPtot      =  -4039344.5306
 BOND   =         0.0000  ANGLE   =         0.0000  DIHED      =         0.0000
 1-4 NB =         0.0000  1-4 EEL =         0.0000  VDWAALS    =      6445.5057
 EELEC  =  -4045790.0363  EHBOND  =         0.0000  RESTRAINT  =         0.0000
 Ewald error estimate:   0.0000E+00
 ------------------------------------------------------------------------------


 NSTEP =       16   TIME(PS) =       0.016  TEMP(K) =   152.96  PRESS =     0.0
 Etot   =  -4035661.4004  EKtot   =      3734.7074  EPtot      =  -4039396.1078
 BOND   =         0.0000  ANGLE   =         0.0000  DIHED      =         0.0000
 1-4 NB =         0.0000  1-4 EEL =         0.0000  VDWAALS    =      6382.4706
 EELEC  =  -4045778.5784  EHBOND  =         0.0000  RESTRAINT  =         0.0000
 Ewald error estimate:   0.0000E+00
 ------------------------------------------------------------------------------


 NSTEP =       17   TIME(PS) =       0.017  TEMP(K) =   153.09  PRESS =     0.0
 Etot   =  -4035660.2716  EKtot   =      3737.8987  EPtot      =  -4039398.1703
 BOND   =         0.0000  ANGLE   =         0.0000  DIHED      =         0.0000
 1-4 NB =         0.0000  1-4 EEL =         0.0000  VDWAALS    =      6321.0659
 EELEC  =  -4045719.2362  EHBOND  =         0.0000  RESTRAINT  =         0.0000
 Ewald error estimate:   0.0000E+00
 ------------------------------------------------------------------------------


 NSTEP =       18   TIME(PS) =       0.018  TEMP(K) =   151.66  PRESS =     0.0
 Etot   =  -4035659.1589  EKtot   =      3702.9649  EPtot      =  -4039362.1238
 BOND   =         0.0000  ANGLE   =         0.0000  DIHED      =         0.0000
 1-4 NB =         0.0000  1-4 EEL =         0.0000  VDWAALS    =      6261.6984
 EELEC  =  -4045623.8221  EHBOND  =         0.0000  RESTRAINT  =         0.0000
 Ewald error estimate:   0.0000E+00
 ------------------------------------------------------------------------------


 NSTEP =       19   TIME(PS) =       0.019  TEMP(K) =   149.15  PRESS =     0.0
 Etot   =  -4035658.9573  EKtot   =      3641.5840  EPtot      =  -4039300.5414
 BOND   =         0.0000  ANGLE   =         0.0000  DIHED      =         0.0000
 1-4 NB =         0.0000  1-4 EEL =         0.0000  VDWAALS    =      6204.7046
 EELEC  =  -4045505.2460  EHBOND  =         0.0000  RESTRAINT  =         0.0000
 Ewald error estimate:   0.0000E+00
 ------------------------------------------------------------------------------


 NSTEP =       20   TIME(PS) =       0.020  TEMP(K) =   146.03  PRESS =     0.0
 Etot   =  -4035658.2672  EKtot   =      3565.5285  EPtot      =  -4039223.7957
 BOND   =         0.0000  ANGLE   =         0.0000  DIHED      =         0.0000
 1-4 NB =         0.0000  1-4 EEL =         0.0000  VDWAALS    =      6150.4523
 EELEC  =  -4045374.2479  EHBOND  =         0.0000  RESTRAINT  =         0.0000
 Ewald error estimate:   0.0000E+00
 ------------------------------------------------------------------------------


 NSTEP =       21   TIME(PS) =       0.021  TEMP(K) =   142.77  PRESS =     0.0
 Etot   =  -4035657.3032  EKtot   =      3485.7066  EPtot      =  -4039143.0098
 BOND   =         0.0000  ANGLE   =         0.0000  DIHED      =         0.0000
 1-4 NB =         0.0000  1-4 EEL =         0.0000  VDWAALS    =      6099.1830
 EELEC  =  -4045242.1927  EHBOND  =         0.0000  RESTRAINT  =         0.0000
 Ewald error estimate:   0.0000E+00
 ------------------------------------------------------------------------------


 NSTEP =       22   TIME(PS) =       0.022  TEMP(K) =   139.72  PRESS =     0.0
 Etot   =  -4035656.8666  EKtot   =      3411.4146  EPtot      =  -4039068.2813
 BOND   =         0.0000  ANGLE   =         0.0000  DIHED      =         0.0000
 1-4 NB =         0.0000  1-4 EEL =         0.0000  VDWAALS    =      6051.2043
 EELEC  =  -4045119.4855  EHBOND  =         0.0000  RESTRAINT  =         0.0000
 Ewald error estimate:   0.0000E+00
 ------------------------------------------------------------------------------


 NSTEP =       23   TIME(PS) =       0.023  TEMP(K) =   137.20  PRESS =     0.0
 Etot   =  -4035656.8250  EKtot   =      3349.8282  EPtot      =  -4039006.6532
 BOND   =         0.0000  ANGLE   =         0.0000  DIHED      =         0.0000
 1-4 NB =         0.0000  1-4 EEL =         0.0000  VDWAALS    =      6006.6633
 EELEC  =  -4045013.3165  EHBOND  =         0.0000  RESTRAINT  =         0.0000
 Ewald error estimate:   0.0000E+00
 ------------------------------------------------------------------------------


 NSTEP =       24   TIME(PS) =       0.024  TEMP(K) =   135.39  PRESS =     0.0
 Etot   =  -4035656.6504  EKtot   =      3305.7330  EPtot      =  -4038962.3834
 BOND   =         0.0000  ANGLE   =         0.0000  DIHED      =         0.0000
 1-4 NB =         0.0000  1-4 EEL =         0.0000  VDWAALS    =      5965.8033
 EELEC  =  -4044928.1867  EHBOND  =         0.0000  RESTRAINT  =         0.0000
 Ewald error estimate:   0.0000E+00
 ------------------------------------------------------------------------------


 NSTEP =       25   TIME(PS) =       0.025  TEMP(K) =   134.40  PRESS =     0.0
 Etot   =  -4035656.3559  EKtot   =      3281.4861  EPtot      =  -4038937.8420
 BOND   =         0.0000  ANGLE   =         0.0000  DIHED      =         0.0000
 1-4 NB =         0.0000  1-4 EEL =         0.0000  VDWAALS    =      5928.7643
 EELEC  =  -4044866.6063  EHBOND  =         0.0000  RESTRAINT  =         0.0000
 Ewald error estimate:   0.0000E+00
 ------------------------------------------------------------------------------


 NSTEP =       26   TIME(PS) =       0.026  TEMP(K) =   134.22  PRESS =     0.0
 Etot   =  -4035656.5532  EKtot   =      3277.1720  EPtot      =  -4038933.7252
 BOND   =         0.0000  ANGLE   =         0.0000  DIHED      =         0.0000
 1-4 NB =         0.0000  1-4 EEL =         0.0000  VDWAALS    =      5895.7657
 EELEC  =  -4044829.4909  EHBOND  =         0.0000  RESTRAINT  =         0.0000
 Ewald error estimate:   0.0000E+00
 ------------------------------------------------------------------------------


 NSTEP =       27   TIME(PS) =       0.027  TEMP(K) =   134.79  PRESS =     0.0
 Etot   =  -4035657.0009  EKtot   =      3290.9237  EPtot      =  -4038947.9246
 BOND   =         0.0000  ANGLE   =         0.0000  DIHED      =         0.0000
 1-4 NB =         0.0000  1-4 EEL =         0.0000  VDWAALS    =      5866.9335
 EELEC  =  -4044814.8581  EHBOND  =         0.0000  RESTRAINT  =         0.0000
 Ewald error estimate:   0.0000E+00
 ------------------------------------------------------------------------------


 NSTEP =       28   TIME(PS) =       0.028  TEMP(K) =   135.95  PRESS =     0.0
 Etot   =  -4035657.1411  EKtot   =      3319.3744  EPtot      =  -4038976.5154
 BOND   =         0.0000  ANGLE   =         0.0000  DIHED      =         0.0000
 1-4 NB =         0.0000  1-4 EEL =         0.0000  VDWAALS    =      5842.3625
 EELEC  =  -4044818.8780  EHBOND  =         0.0000  RESTRAINT  =         0.0000
 Ewald error estimate:   0.0000E+00
 ------------------------------------------------------------------------------


 NSTEP =       29   TIME(PS) =       0.029  TEMP(K) =   137.54  PRESS =     0.0
 Etot   =  -4035657.3370  EKtot   =      3358.1841  EPtot      =  -4039015.5211
 BOND   =         0.0000  ANGLE   =         0.0000  DIHED      =         0.0000
 1-4 NB =         0.0000  1-4 EEL =         0.0000  VDWAALS    =      5822.1807
 EELEC  =  -4044837.7017  EHBOND  =         0.0000  RESTRAINT  =         0.0000
 Ewald error estimate:   0.0000E+00
 ------------------------------------------------------------------------------


 NSTEP =       30   TIME(PS) =       0.030  TEMP(K) =   139.36  PRESS =     0.0
 Etot   =  -4035657.7259  EKtot   =      3402.5957  EPtot      =  -4039060.3215
 BOND   =         0.0000  ANGLE   =         0.0000  DIHED      =         0.0000
 1-4 NB =         0.0000  1-4 EEL =         0.0000  VDWAALS    =      5806.5283
 EELEC  =  -4044866.8498  EHBOND  =         0.0000  RESTRAINT  =         0.0000
 Ewald error estimate:   0.0000E+00
 ------------------------------------------------------------------------------


 NSTEP =       31   TIME(PS) =       0.031  TEMP(K) =   141.22  PRESS =     0.0
 Etot   =  -4035658.1139  EKtot   =      3447.9736  EPtot      =  -4039106.0875
 BOND   =         0.0000  ANGLE   =         0.0000  DIHED      =         0.0000
 1-4 NB =         0.0000  1-4 EEL =         0.0000  VDWAALS    =      5795.3900
 EELEC  =  -4044901.4775  EHBOND  =         0.0000  RESTRAINT  =         0.0000
 Ewald error estimate:   0.0000E+00
 ------------------------------------------------------------------------------


 NSTEP =       32   TIME(PS) =       0.032  TEMP(K) =   142.95  PRESS =     0.0
 Etot   =  -4035658.1997  EKtot   =      3490.2779  EPtot      =  -4039148.4776
 BOND   =         0.0000  ANGLE   =         0.0000  DIHED      =         0.0000
 1-4 NB =         0.0000  1-4 EEL =         0.0000  VDWAALS    =      5788.8504
 EELEC  =  -4044937.3280  EHBOND  =         0.0000  RESTRAINT  =         0.0000
 Ewald error estimate:   0.0000E+00
 ------------------------------------------------------------------------------


 NSTEP =       33   TIME(PS) =       0.033  TEMP(K) =   144.43  PRESS =     0.0
 Etot   =  -4035658.2114  EKtot   =      3526.4269  EPtot      =  -4039184.6383
 BOND   =         0.0000  ANGLE   =         0.0000  DIHED      =         0.0000
 1-4 NB =         0.0000  1-4 EEL =         0.0000  VDWAALS    =      5786.8689
 EELEC  =  -4044971.5071  EHBOND  =         0.0000  RESTRAINT  =         0.0000
 Ewald error estimate:   0.0000E+00
 ------------------------------------------------------------------------------


 NSTEP =       34   TIME(PS) =       0.034  TEMP(K) =   145.58  PRESS =     0.0
 Etot   =  -4035658.4123  EKtot   =      3554.5242  EPtot      =  -4039212.9364
 BOND   =         0.0000  ANGLE   =         0.0000  DIHED      =         0.0000
 1-4 NB =         0.0000  1-4 EEL =         0.0000  VDWAALS    =      5789.4128
 EELEC  =  -4045002.3493  EHBOND  =         0.0000  RESTRAINT  =         0.0000
 Ewald error estimate:   0.0000E+00
 ------------------------------------------------------------------------------


 NSTEP =       35   TIME(PS) =       0.035  TEMP(K) =   146.38  PRESS =     0.0
 Etot   =  -4035658.4088  EKtot   =      3573.9460  EPtot      =  -4039232.3548
 BOND   =         0.0000  ANGLE   =         0.0000  DIHED      =         0.0000
 1-4 NB =         0.0000  1-4 EEL =         0.0000  VDWAALS    =      5796.4824
 EELEC  =  -4045028.8372  EHBOND  =         0.0000  RESTRAINT  =         0.0000
 Ewald error estimate:   0.0000E+00
 ------------------------------------------------------------------------------


 NSTEP =       36   TIME(PS) =       0.036  TEMP(K) =   146.84  PRESS =     0.0
 Etot   =  -4035658.1958  EKtot   =      3585.2865  EPtot      =  -4039243.4824
 BOND   =         0.0000  ANGLE   =         0.0000  DIHED      =         0.0000
 1-4 NB =         0.0000  1-4 EEL =         0.0000  VDWAALS    =      5807.9349
 EELEC  =  -4045051.4173  EHBOND  =         0.0000  RESTRAINT  =         0.0000
 Ewald error estimate:   0.0000E+00
 ------------------------------------------------------------------------------


 NSTEP =       37   TIME(PS) =       0.037  TEMP(K) =   147.04  PRESS =     0.0
 Etot   =  -4035658.0193  EKtot   =      3590.1776  EPtot      =  -4039248.1969
 BOND   =         0.0000  ANGLE   =         0.0000  DIHED      =         0.0000
 1-4 NB =         0.0000  1-4 EEL =         0.0000  VDWAALS    =      5823.6892
 EELEC  =  -4045071.8861  EHBOND  =         0.0000  RESTRAINT  =         0.0000
 Ewald error estimate:   0.0000E+00
 ------------------------------------------------------------------------------


 NSTEP =       38   TIME(PS) =       0.038  TEMP(K) =   147.08  PRESS =     0.0
 Etot   =  -4035657.9221  EKtot   =      3591.0174  EPtot      =  -4039248.9395
 BOND   =         0.0000  ANGLE   =         0.0000  DIHED      =         0.0000
 1-4 NB =         0.0000  1-4 EEL =         0.0000  VDWAALS    =      5843.5890
 EELEC  =  -4045092.5284  EHBOND  =         0.0000  RESTRAINT  =         0.0000
 Ewald error estimate:   0.0000E+00
 ------------------------------------------------------------------------------


 NSTEP =       39   TIME(PS) =       0.039  TEMP(K) =   147.06  PRESS =     0.0
 Etot   =  -4035657.7680  EKtot   =      3590.6437  EPtot      =  -4039248.4117
 BOND   =         0.0000  ANGLE   =         0.0000  DIHED      =         0.0000
 1-4 NB =         0.0000  1-4 EEL =         0.0000  VDWAALS    =      5867.4863
 EELEC  =  -4045115.8980  EHBOND  =         0.0000  RESTRAINT  =         0.0000
 Ewald error estimate:   0.0000E+00
 ------------------------------------------------------------------------------


 NSTEP =       40   TIME(PS) =       0.040  TEMP(K) =   147.12  PRESS =     0.0
 Etot   =  -4035657.4907  EKtot   =      3591.9843  EPtot      =  -4039249.4750
 BOND   =         0.0000  ANGLE   =         0.0000  DIHED      =         0.0000
 1-4 NB =         0.0000  1-4 EEL =         0.0000  VDWAALS    =      5895.2329
 EELEC  =  -4045144.7079  EHBOND  =         0.0000  RESTRAINT  =         0.0000
 Ewald error estimate:   0.0000E+00
 ------------------------------------------------------------------------------


 NSTEP =       41   TIME(PS) =       0.041  TEMP(K) =   147.35  PRESS =     0.0
 Etot   =  -4035657.3994  EKtot   =      3597.7201  EPtot      =  -4039255.1196
 BOND   =         0.0000  ANGLE   =         0.0000  DIHED      =         0.0000
 1-4 NB =         0.0000  1-4 EEL =         0.0000  VDWAALS    =      5926.5858
 EELEC  =  -4045181.7053  EHBOND  =         0.0000  RESTRAINT  =         0.0000
 Ewald error estimate:   0.0000E+00
 ------------------------------------------------------------------------------


 NSTEP =       42   TIME(PS) =       0.042  TEMP(K) =   147.86  PRESS =     0.0
 Etot   =  -4035657.4306  EKtot   =      3609.9965  EPtot      =  -4039267.4271
 BOND   =         0.0000  ANGLE   =         0.0000  DIHED      =         0.0000
 1-4 NB =         0.0000  1-4 EEL =         0.0000  VDWAALS    =      5961.4230
 EELEC  =  -4045228.8501  EHBOND  =         0.0000  RESTRAINT  =         0.0000
 Ewald error estimate:   0.0000E+00
 ------------------------------------------------------------------------------


 NSTEP =       43   TIME(PS) =       0.043  TEMP(K) =   148.68  PRESS =     0.0
 Etot   =  -4035657.3754  EKtot   =      3630.2008  EPtot      =  -4039287.5762
 BOND   =         0.0000  ANGLE   =         0.0000  DIHED      =         0.0000
 1-4 NB =         0.0000  1-4 EEL =         0.0000  VDWAALS    =      5999.5579
 EELEC  =  -4045287.1341  EHBOND  =         0.0000  RESTRAINT  =         0.0000
 Ewald error estimate:   0.0000E+00
 ------------------------------------------------------------------------------


 NSTEP =       44   TIME(PS) =       0.044  TEMP(K) =   149.86  PRESS =     0.0
 Etot   =  -4035657.3525  EKtot   =      3658.8260  EPtot      =  -4039316.1784
 BOND   =         0.0000  ANGLE   =         0.0000  DIHED      =         0.0000
 1-4 NB =         0.0000  1-4 EEL =         0.0000  VDWAALS    =      6040.7743
 EELEC  =  -4045356.9527  EHBOND  =         0.0000  RESTRAINT  =         0.0000
 Ewald error estimate:   0.0000E+00
 ------------------------------------------------------------------------------


 NSTEP =       45   TIME(PS) =       0.045  TEMP(K) =   151.36  PRESS =     0.0
 Etot   =  -4035657.4561  EKtot   =      3695.4300  EPtot      =  -4039352.8860
 BOND   =         0.0000  ANGLE   =         0.0000  DIHED      =         0.0000
 1-4 NB =         0.0000  1-4 EEL =         0.0000  VDWAALS    =      6084.8814
 EELEC  =  -4045437.7674  EHBOND  =         0.0000  RESTRAINT  =         0.0000
 Ewald error estimate:   0.0000E+00
 ------------------------------------------------------------------------------


 NSTEP =       46   TIME(PS) =       0.046  TEMP(K) =   153.13  PRESS =     0.0
 Etot   =  -4035657.6568  EKtot   =      3738.6928  EPtot      =  -4039396.3496
 BOND   =         0.0000  ANGLE   =         0.0000  DIHED      =         0.0000
 1-4 NB =         0.0000  1-4 EEL =         0.0000  VDWAALS    =      6131.6448
 EELEC  =  -4045527.9944  EHBOND  =         0.0000  RESTRAINT  =         0.0000
 Ewald error estimate:   0.0000E+00
 ------------------------------------------------------------------------------


 NSTEP =       47   TIME(PS) =       0.047  TEMP(K) =   155.09  PRESS =     0.0
 Etot   =  -4035657.7915  EKtot   =      3786.5589  EPtot      =  -4039444.3504
 BOND   =         0.0000  ANGLE   =         0.0000  DIHED      =         0.0000
 1-4 NB =         0.0000  1-4 EEL =         0.0000  VDWAALS    =      6180.8776
 EELEC  =  -4045625.2280  EHBOND  =         0.0000  RESTRAINT  =         0.0000
 Ewald error estimate:   0.0000E+00
 ------------------------------------------------------------------------------


 NSTEP =       48   TIME(PS) =       0.048  TEMP(K) =   157.13  PRESS =     0.0
 Etot   =  -4035657.9298  EKtot   =      3836.4538  EPtot      =  -4039494.3837
 BOND   =         0.0000  ANGLE   =         0.0000  DIHED      =         0.0000
 1-4 NB =         0.0000  1-4 EEL =         0.0000  VDWAALS    =      6232.3318
 EELEC  =  -4045726.7155  EHBOND  =         0.0000  RESTRAINT  =         0.0000
 Ewald error estimate:   0.0000E+00
 ------------------------------------------------------------------------------


 NSTEP =       49   TIME(PS) =       0.049  TEMP(K) =   159.14  PRESS =     0.0
 Etot   =  -4035658.1724  EKtot   =      3885.5532  EPtot      =  -4039543.7255
 BOND   =         0.0000  ANGLE   =         0.0000  DIHED      =         0.0000
 1-4 NB =         0.0000  1-4 EEL =         0.0000  VDWAALS    =      6285.8043
 EELEC  =  -4045829.5299  EHBOND  =         0.0000  RESTRAINT  =         0.0000
 Ewald error estimate:   0.0000E+00
 ------------------------------------------------------------------------------


 NSTEP =       50   TIME(PS) =       0.050  TEMP(K) =   161.01  PRESS =     0.0
 Etot   =  -4035658.3675  EKtot   =      3931.0703  EPtot      =  -4039589.4378
 BOND   =         0.0000  ANGLE   =         0.0000  DIHED      =         0.0000
 1-4 NB =         0.0000  1-4 EEL =         0.0000  VDWAALS    =      6341.0516
 EELEC  =  -4045930.4894  EHBOND  =         0.0000  RESTRAINT  =         0.0000
 Ewald error estimate:   0.0000E+00
 ------------------------------------------------------------------------------


 NSTEP =       51   TIME(PS) =       0.051  TEMP(K) =   162.62  PRESS =     0.0
 Etot   =  -4035658.4476  EKtot   =      3970.5321  EPtot      =  -4039628.9797
 BOND   =         0.0000  ANGLE   =         0.0000  DIHED      =         0.0000
 1-4 NB =         0.0000  1-4 EEL =         0.0000  VDWAALS    =      6397.8315
 EELEC  =  -4046026.8112  EHBOND  =         0.0000  RESTRAINT  =         0.0000
 Ewald error estimate:   0.0000E+00
 ------------------------------------------------------------------------------


 NSTEP =       52   TIME(PS) =       0.052  TEMP(K) =   163.91  PRESS =     0.0
 Etot   =  -4035658.5169  EKtot   =      4002.0169  EPtot      =  -4039660.5338
 BOND   =         0.0000  ANGLE   =         0.0000  DIHED      =         0.0000
 1-4 NB =         0.0000  1-4 EEL =         0.0000  VDWAALS    =      6455.8473
 EELEC  =  -4046116.3811  EHBOND  =         0.0000  RESTRAINT  =         0.0000
 Ewald error estimate:   0.0000E+00
 ------------------------------------------------------------------------------


 NSTEP =       53   TIME(PS) =       0.053  TEMP(K) =   164.83  PRESS =     0.0
 Etot   =  -4035658.5963  EKtot   =      4024.3270  EPtot      =  -4039682.9233
 BOND   =         0.0000  ANGLE   =         0.0000  DIHED      =         0.0000
 1-4 NB =         0.0000  1-4 EEL =         0.0000  VDWAALS    =      6514.8313
 EELEC  =  -4046197.7546  EHBOND  =         0.0000  RESTRAINT  =         0.0000
 Ewald error estimate:   0.0000E+00
 ------------------------------------------------------------------------------


 NSTEP =       54   TIME(PS) =       0.054  TEMP(K) =   165.35  PRESS =     0.0
 Etot   =  -4035658.6041  EKtot   =      4037.0735  EPtot      =  -4039695.6776
 BOND   =         0.0000  ANGLE   =         0.0000  DIHED      =         0.0000
 1-4 NB =         0.0000  1-4 EEL =         0.0000  VDWAALS    =      6574.5037
 EELEC  =  -4046270.1812  EHBOND  =         0.0000  RESTRAINT  =         0.0000
 Ewald error estimate:   0.0000E+00
 ------------------------------------------------------------------------------


 NSTEP =       55   TIME(PS) =       0.055  TEMP(K) =   165.50  PRESS =     0.0
 Etot   =  -4035658.4880  EKtot   =      4040.6697  EPtot      =  -4039699.1577
 BOND   =         0.0000  ANGLE   =         0.0000  DIHED      =         0.0000
 1-4 NB =         0.0000  1-4 EEL =         0.0000  VDWAALS    =      6634.5542
 EELEC  =  -4046333.7119  EHBOND  =         0.0000  RESTRAINT  =         0.0000
 Ewald error estimate:   0.0000E+00
 ------------------------------------------------------------------------------


 NSTEP =       56   TIME(PS) =       0.056  TEMP(K) =   165.31  PRESS =     0.0
 Etot   =  -4035658.4070  EKtot   =      4036.2428  EPtot      =  -4039694.6499
 BOND   =         0.0000  ANGLE   =         0.0000  DIHED      =         0.0000
 1-4 NB =         0.0000  1-4 EEL =         0.0000  VDWAALS    =      6694.6249
 EELEC  =  -4046389.2747  EHBOND  =         0.0000  RESTRAINT  =         0.0000
 Ewald error estimate:   0.0000E+00
 ------------------------------------------------------------------------------


 NSTEP =       57   TIME(PS) =       0.057  TEMP(K) =   164.87  PRESS =     0.0
 Etot   =  -4035658.3376  EKtot   =      4025.4731  EPtot      =  -4039683.8107
 BOND   =         0.0000  ANGLE   =         0.0000  DIHED      =         0.0000
 1-4 NB =         0.0000  1-4 EEL =         0.0000  VDWAALS    =      6754.4593
 EELEC  =  -4046438.2700  EHBOND  =         0.0000  RESTRAINT  =         0.0000
 Ewald error estimate:   0.0000E+00
 ------------------------------------------------------------------------------


 NSTEP =       58   TIME(PS) =       0.058  TEMP(K) =   164.25  PRESS =     0.0
 Etot   =  -4035658.1882  EKtot   =      4010.3843  EPtot      =  -4039668.5725
 BOND   =         0.0000  ANGLE   =         0.0000  DIHED      =         0.0000
 1-4 NB =         0.0000  1-4 EEL =         0.0000  VDWAALS    =      6813.7429
 EELEC  =  -4046482.3155  EHBOND  =         0.0000  RESTRAINT  =         0.0000
 Ewald error estimate:   0.0000E+00
 ------------------------------------------------------------------------------


 NSTEP =       59   TIME(PS) =       0.059  TEMP(K) =   163.55  PRESS =     0.0
 Etot   =  -4035658.0090  EKtot   =      3993.1165  EPtot      =  -4039651.1255
 BOND   =         0.0000  ANGLE   =         0.0000  DIHED      =         0.0000
 1-4 NB =         0.0000  1-4 EEL =         0.0000  VDWAALS    =      6872.1553
 EELEC  =  -4046523.2808  EHBOND  =         0.0000  RESTRAINT  =         0.0000
 Ewald error estimate:   0.0000E+00
 ------------------------------------------------------------------------------


 NSTEP =       60   TIME(PS) =       0.060  TEMP(K) =   162.83  PRESS =     0.0
 Etot   =  -4035657.8903  EKtot   =      3975.7067  EPtot      =  -4039633.5970
 BOND   =         0.0000  ANGLE   =         0.0000  DIHED      =         0.0000
 1-4 NB =         0.0000  1-4 EEL =         0.0000  VDWAALS    =      6929.3802
 EELEC  =  -4046562.9771  EHBOND  =         0.0000  RESTRAINT  =         0.0000
 Ewald error estimate:   0.0000E+00
 ------------------------------------------------------------------------------


 NSTEP =       61   TIME(PS) =       0.061  TEMP(K) =   162.19  PRESS =     0.0
 Etot   =  -4035657.8362  EKtot   =      3959.9002  EPtot      =  -4039617.7365
 BOND   =         0.0000  ANGLE   =         0.0000  DIHED      =         0.0000
 1-4 NB =         0.0000  1-4 EEL =         0.0000  VDWAALS    =      6985.1522
 EELEC  =  -4046602.8886  EHBOND  =         0.0000  RESTRAINT  =         0.0000
 Ewald error estimate:   0.0000E+00
 ------------------------------------------------------------------------------


 NSTEP =       62   TIME(PS) =       0.062  TEMP(K) =   161.66  PRESS =     0.0
 Etot   =  -4035657.7884  EKtot   =      3947.0098  EPtot      =  -4039604.7982
 BOND   =         0.0000  ANGLE   =         0.0000  DIHED      =         0.0000
 1-4 NB =         0.0000  1-4 EEL =         0.0000  VDWAALS    =      7039.2019
 EELEC  =  -4046644.0001  EHBOND  =         0.0000  RESTRAINT  =         0.0000
 Ewald error estimate:   0.0000E+00
 ------------------------------------------------------------------------------


 NSTEP =       63   TIME(PS) =       0.063  TEMP(K) =   161.28  PRESS =     0.0
 Etot   =  -4035657.7685  EKtot   =      3937.8347  EPtot      =  -4039595.6032
 BOND   =         0.0000  ANGLE   =         0.0000  DIHED      =         0.0000
 1-4 NB =         0.0000  1-4 EEL =         0.0000  VDWAALS    =      7091.3021
 EELEC  =  -4046686.9052  EHBOND  =         0.0000  RESTRAINT  =         0.0000
 Ewald error estimate:   0.0000E+00
 ------------------------------------------------------------------------------


 NSTEP =       64   TIME(PS) =       0.064  TEMP(K) =   161.07  PRESS =     0.0
 Etot   =  -4035657.7876  EKtot   =      3932.6431  EPtot      =  -4039590.4307
 BOND   =         0.0000  ANGLE   =         0.0000  DIHED      =         0.0000
 1-4 NB =         0.0000  1-4 EEL =         0.0000  VDWAALS    =      7141.3289
 EELEC  =  -4046731.7596  EHBOND  =         0.0000  RESTRAINT  =         0.0000
 Ewald error estimate:   0.0000E+00
 ------------------------------------------------------------------------------


 NSTEP =       65   TIME(PS) =       0.065  TEMP(K) =   161.01  PRESS =     0.0
 Etot   =  -4035657.8511  EKtot   =      3931.2135  EPtot      =  -4039589.0646
 BOND   =         0.0000  ANGLE   =         0.0000  DIHED      =         0.0000
 1-4 NB =         0.0000  1-4 EEL =         0.0000  VDWAALS    =      7189.0647
 EELEC  =  -4046778.1293  EHBOND  =         0.0000  RESTRAINT  =         0.0000
 Ewald error estimate:   0.0000E+00
 ------------------------------------------------------------------------------


 NSTEP =       66   TIME(PS) =       0.066  TEMP(K) =   161.08  PRESS =     0.0
 Etot   =  -4035657.8908  EKtot   =      3932.9273  EPtot      =  -4039590.8180
 BOND   =         0.0000  ANGLE   =         0.0000  DIHED      =         0.0000
 1-4 NB =         0.0000  1-4 EEL =         0.0000  VDWAALS    =      7234.4029
 EELEC  =  -4046825.2209  EHBOND  =         0.0000  RESTRAINT  =         0.0000
 Ewald error estimate:   0.0000E+00
 ------------------------------------------------------------------------------


 NSTEP =       67   TIME(PS) =       0.067  TEMP(K) =   161.25  PRESS =     0.0
 Etot   =  -4035657.9484  EKtot   =      3936.8999  EPtot      =  -4039594.8483
 BOND   =         0.0000  ANGLE   =         0.0000  DIHED      =         0.0000
 1-4 NB =         0.0000  1-4 EEL =         0.0000  VDWAALS    =      7277.2297
 EELEC  =  -4046872.0780  EHBOND  =         0.0000  RESTRAINT  =         0.0000
 Ewald error estimate:   0.0000E+00
 ------------------------------------------------------------------------------


 NSTEP =       68   TIME(PS) =       0.068  TEMP(K) =   161.46  PRESS =     0.0
 Etot   =  -4035658.0296  EKtot   =      3942.1325  EPtot      =  -4039600.1622
 BOND   =         0.0000  ANGLE   =         0.0000  DIHED      =         0.0000
 1-4 NB =         0.0000  1-4 EEL =         0.0000  VDWAALS    =      7317.5263
 EELEC  =  -4046917.6885  EHBOND  =         0.0000  RESTRAINT  =         0.0000
 Ewald error estimate:   0.0000E+00
 ------------------------------------------------------------------------------


 NSTEP =       69   TIME(PS) =       0.069  TEMP(K) =   161.69  PRESS =     0.0
 Etot   =  -4035658.1083  EKtot   =      3947.6670  EPtot      =  -4039605.7753
 BOND   =         0.0000  ANGLE   =         0.0000  DIHED      =         0.0000
 1-4 NB =         0.0000  1-4 EEL =         0.0000  VDWAALS    =      7355.2388
 EELEC  =  -4046961.0141  EHBOND  =         0.0000  RESTRAINT  =         0.0000
 Ewald error estimate:   0.0000E+00
 ------------------------------------------------------------------------------


 NSTEP =       70   TIME(PS) =       0.070  TEMP(K) =   161.89  PRESS =     0.0
 Etot   =  -4035658.1108  EKtot   =      3952.7257  EPtot      =  -4039610.8365
 BOND   =         0.0000  ANGLE   =         0.0000  DIHED      =         0.0000
 1-4 NB =         0.0000  1-4 EEL =         0.0000  VDWAALS    =      7390.3844
 EELEC  =  -4047001.2209  EHBOND  =         0.0000  RESTRAINT  =         0.0000
 Ewald error estimate:   0.0000E+00
 ------------------------------------------------------------------------------


 NSTEP =       71   TIME(PS) =       0.071  TEMP(K) =   162.06  PRESS =     0.0
 Etot   =  -4035658.1277  EKtot   =      3956.8200  EPtot      =  -4039614.9478
 BOND   =         0.0000  ANGLE   =         0.0000  DIHED      =         0.0000
 1-4 NB =         0.0000  1-4 EEL =         0.0000  VDWAALS    =      7422.9463
 EELEC  =  -4047037.8941  EHBOND  =         0.0000  RESTRAINT  =         0.0000
 Ewald error estimate:   0.0000E+00
 ------------------------------------------------------------------------------


 NSTEP =       72   TIME(PS) =       0.072  TEMP(K) =   162.18  PRESS =     0.0
 Etot   =  -4035658.1075  EKtot   =      3959.8161  EPtot      =  -4039617.9235
 BOND   =         0.0000  ANGLE   =         0.0000  DIHED      =         0.0000
 1-4 NB =         0.0000  1-4 EEL =         0.0000  VDWAALS    =      7453.0242
 EELEC  =  -4047070.9477  EHBOND  =         0.0000  RESTRAINT  =         0.0000
 Ewald error estimate:   0.0000E+00
 ------------------------------------------------------------------------------


 NSTEP =       73   TIME(PS) =       0.073  TEMP(K) =   162.27  PRESS =     0.0
 Etot   =  -4035658.0989  EKtot   =      3961.9535  EPtot      =  -4039620.0523
 BOND   =         0.0000  ANGLE   =         0.0000  DIHED      =         0.0000
 1-4 NB =         0.0000  1-4 EEL =         0.0000  VDWAALS    =      7480.5887
 EELEC  =  -4047100.6410  EHBOND  =         0.0000  RESTRAINT  =         0.0000
 Ewald error estimate:   0.0000E+00
 ------------------------------------------------------------------------------


 NSTEP =       74   TIME(PS) =       0.074  TEMP(K) =   162.35  PRESS =     0.0
 Etot   =  -4035658.0262  EKtot   =      3963.8160  EPtot      =  -4039621.8422
 BOND   =         0.0000  ANGLE   =         0.0000  DIHED      =         0.0000
 1-4 NB =         0.0000  1-4 EEL =         0.0000  VDWAALS    =      7505.7782
 EELEC  =  -4047127.6204  EHBOND  =         0.0000  RESTRAINT  =         0.0000
 Ewald error estimate:   0.0000E+00
 ------------------------------------------------------------------------------


 NSTEP =       75   TIME(PS) =       0.075  TEMP(K) =   162.45  PRESS =     0.0
 Etot   =  -4035657.9768  EKtot   =      3966.2590  EPtot      =  -4039624.2358
 BOND   =         0.0000  ANGLE   =         0.0000  DIHED      =         0.0000
 1-4 NB =         0.0000  1-4 EEL =         0.0000  VDWAALS    =      7528.6296
 EELEC  =  -4047152.8654  EHBOND  =         0.0000  RESTRAINT  =         0.0000
 Ewald error estimate:   0.0000E+00
 ------------------------------------------------------------------------------


 NSTEP =       76   TIME(PS) =       0.076  TEMP(K) =   162.61  PRESS =     0.0
 Etot   =  -4035657.9420  EKtot   =      3970.3048  EPtot      =  -4039628.2468
 BOND   =         0.0000  ANGLE   =         0.0000  DIHED      =         0.0000
 1-4 NB =         0.0000  1-4 EEL =         0.0000  VDWAALS    =      7549.2719
 EELEC  =  -4047177.5187  EHBOND  =         0.0000  RESTRAINT  =         0.0000
 Ewald error estimate:   0.0000E+00
 ------------------------------------------------------------------------------


 NSTEP =       77   TIME(PS) =       0.077  TEMP(K) =   162.89  PRESS =     0.0
 Etot   =  -4035657.8823  EKtot   =      3977.0182  EPtot      =  -4039634.9005
 BOND   =         0.0000  ANGLE   =         0.0000  DIHED      =         0.0000
 1-4 NB =         0.0000  1-4 EEL =         0.0000  VDWAALS    =      7567.8122
 EELEC  =  -4047202.7127  EHBOND  =         0.0000  RESTRAINT  =         0.0000
 Ewald error estimate:   0.0000E+00
 ------------------------------------------------------------------------------


 NSTEP =       78   TIME(PS) =       0.078  TEMP(K) =   163.31  PRESS =     0.0
 Etot   =  -4035657.8001  EKtot   =      3987.3762  EPtot      =  -4039645.1763
 BOND   =         0.0000  ANGLE   =         0.0000  DIHED      =         0.0000
 1-4 NB =         0.0000  1-4 EEL =         0.0000  VDWAALS    =      7584.3850
 EELEC  =  -4047229.5613  EHBOND  =         0.0000  RESTRAINT  =         0.0000
 Ewald error estimate:   0.0000E+00
 ------------------------------------------------------------------------------


 NSTEP =       79   TIME(PS) =       0.079  TEMP(K) =   163.92  PRESS =     0.0
 Etot   =  -4035657.7779  EKtot   =      4002.1457  EPtot      =  -4039659.9236
 BOND   =         0.0000  ANGLE   =         0.0000  DIHED      =         0.0000
 1-4 NB =         0.0000  1-4 EEL =         0.0000  VDWAALS    =      7599.0799
 EELEC  =  -4047259.0035  EHBOND  =         0.0000  RESTRAINT  =         0.0000
 Ewald error estimate:   0.0000E+00
 ------------------------------------------------------------------------------


 NSTEP =       80   TIME(PS) =       0.080  TEMP(K) =   164.72  PRESS =     0.0
 Etot   =  -4035657.7812  EKtot   =      4021.7824  EPtot      =  -4039679.5635
 BOND   =         0.0000  ANGLE   =         0.0000  DIHED      =         0.0000
 1-4 NB =         0.0000  1-4 EEL =         0.0000  VDWAALS    =      7612.0772
 EELEC  =  -4047291.6407  EHBOND  =         0.0000  RESTRAINT  =         0.0000
 Ewald error estimate:   0.0000E+00
 ------------------------------------------------------------------------------


 NSTEP =       81   TIME(PS) =       0.081  TEMP(K) =   165.73  PRESS =     0.0
 Etot   =  -4035657.8256  EKtot   =      4046.3634  EPtot      =  -4039704.1889
 BOND   =         0.0000  ANGLE   =         0.0000  DIHED      =         0.0000
 1-4 NB =         0.0000  1-4 EEL =         0.0000  VDWAALS    =      7623.4964
 EELEC  =  -4047327.6853  EHBOND  =         0.0000  RESTRAINT  =         0.0000
 Ewald error estimate:   0.0000E+00
 ------------------------------------------------------------------------------


 NSTEP =       82   TIME(PS) =       0.082  TEMP(K) =   166.92  PRESS =     0.0
 Etot   =  -4035657.8578  EKtot   =      4075.5582  EPtot      =  -4039733.4159
 BOND   =         0.0000  ANGLE   =         0.0000  DIHED      =         0.0000
 1-4 NB =         0.0000  1-4 EEL =         0.0000  VDWAALS    =      7633.5786
 EELEC  =  -4047366.9945  EHBOND  =         0.0000  RESTRAINT  =         0.0000
 Ewald error estimate:   0.0000E+00
 ------------------------------------------------------------------------------


 NSTEP =       83   TIME(PS) =       0.083  TEMP(K) =   168.28  PRESS =     0.0
 Etot   =  -4035657.9469  EKtot   =      4108.6429  EPtot      =  -4039766.5897
 BOND   =         0.0000  ANGLE   =         0.0000  DIHED      =         0.0000
 1-4 NB =         0.0000  1-4 EEL =         0.0000  VDWAALS    =      7642.4623
 EELEC  =  -4047409.0520  EHBOND  =         0.0000  RESTRAINT  =         0.0000
 Ewald error estimate:   0.0000E+00
 ------------------------------------------------------------------------------


 NSTEP =       84   TIME(PS) =       0.084  TEMP(K) =   169.75  PRESS =     0.0
 Etot   =  -4035658.0332  EKtot   =      4144.5571  EPtot      =  -4039802.5903
 BOND   =         0.0000  ANGLE   =         0.0000  DIHED      =         0.0000
 1-4 NB =         0.0000  1-4 EEL =         0.0000  VDWAALS    =      7650.3893
 EELEC  =  -4047452.9796  EHBOND  =         0.0000  RESTRAINT  =         0.0000
 Ewald error estimate:   0.0000E+00
 ------------------------------------------------------------------------------


 NSTEP =       85   TIME(PS) =       0.085  TEMP(K) =   171.28  PRESS =     0.0
 Etot   =  -4035658.1173  EKtot   =      4181.9971  EPtot      =  -4039840.1144
 BOND   =         0.0000  ANGLE   =         0.0000  DIHED      =         0.0000
 1-4 NB =         0.0000  1-4 EEL =         0.0000  VDWAALS    =      7657.5197
 EELEC  =  -4047497.6342  EHBOND  =         0.0000  RESTRAINT  =         0.0000
 Ewald error estimate:   0.0000E+00
 ------------------------------------------------------------------------------


 NSTEP =       86   TIME(PS) =       0.086  TEMP(K) =   172.82  PRESS =     0.0
 Etot   =  -4035658.1982  EKtot   =      4219.5358  EPtot      =  -4039877.7340
 BOND   =         0.0000  ANGLE   =         0.0000  DIHED      =         0.0000
 1-4 NB =         0.0000  1-4 EEL =         0.0000  VDWAALS    =      7664.0800
 EELEC  =  -4047541.8140  EHBOND  =         0.0000  RESTRAINT  =         0.0000
 Ewald error estimate:   0.0000E+00
 ------------------------------------------------------------------------------


 NSTEP =       87   TIME(PS) =       0.087  TEMP(K) =   174.30  PRESS =     0.0
 Etot   =  -4035658.2697  EKtot   =      4255.7560  EPtot      =  -4039914.0257
 BOND   =         0.0000  ANGLE   =         0.0000  DIHED      =         0.0000
 1-4 NB =         0.0000  1-4 EEL =         0.0000  VDWAALS    =      7670.2834
 EELEC  =  -4047584.3091  EHBOND  =         0.0000  RESTRAINT  =         0.0000
 Ewald error estimate:   0.0000E+00
 ------------------------------------------------------------------------------


 NSTEP =       88   TIME(PS) =       0.088  TEMP(K) =   175.68  PRESS =     0.0
 Etot   =  -4035658.3156  EKtot   =      4289.3844  EPtot      =  -4039947.7000
 BOND   =         0.0000  ANGLE   =         0.0000  DIHED      =         0.0000
 1-4 NB =         0.0000  1-4 EEL =         0.0000  VDWAALS    =      7676.3272
 EELEC  =  -4047624.0272  EHBOND  =         0.0000  RESTRAINT  =         0.0000
 Ewald error estimate:   0.0000E+00
 ------------------------------------------------------------------------------


 NSTEP =       89   TIME(PS) =       0.089  TEMP(K) =   176.91  PRESS =     0.0
 Etot   =  -4035658.3477  EKtot   =      4319.4078  EPtot      =  -4039977.7555
 BOND   =         0.0000  ANGLE   =         0.0000  DIHED      =         0.0000
 1-4 NB =         0.0000  1-4 EEL =         0.0000  VDWAALS    =      7682.3631
 EELEC  =  -4047660.1185  EHBOND  =         0.0000  RESTRAINT  =         0.0000
 Ewald error estimate:   0.0000E+00
 ------------------------------------------------------------------------------


 NSTEP =       90   TIME(PS) =       0.090  TEMP(K) =   177.97  PRESS =     0.0
 Etot   =  -4035658.3748  EKtot   =      4345.1613  EPtot      =  -4040003.5361
 BOND   =         0.0000  ANGLE   =         0.0000  DIHED      =         0.0000
 1-4 NB =         0.0000  1-4 EEL =         0.0000  VDWAALS    =      7688.5868
 EELEC  =  -4047692.1229  EHBOND  =         0.0000  RESTRAINT  =         0.0000
 Ewald error estimate:   0.0000E+00
 ------------------------------------------------------------------------------


 NSTEP =       91   TIME(PS) =       0.091  TEMP(K) =   178.84  PRESS =     0.0
 Etot   =  -4035658.3795  EKtot   =      4366.3783  EPtot      =  -4040024.7578
 BOND   =         0.0000  ANGLE   =         0.0000  DIHED      =         0.0000
 1-4 NB =         0.0000  1-4 EEL =         0.0000  VDWAALS    =      7695.1899
 EELEC  =  -4047719.9477  EHBOND  =         0.0000  RESTRAINT  =         0.0000
 Ewald error estimate:   0.0000E+00
 ------------------------------------------------------------------------------


 NSTEP =       92   TIME(PS) =       0.092  TEMP(K) =   179.52  PRESS =     0.0
 Etot   =  -4035658.3718  EKtot   =      4383.1960  EPtot      =  -4040041.5677
 BOND   =         0.0000  ANGLE   =         0.0000  DIHED      =         0.0000
 1-4 NB =         0.0000  1-4 EEL =         0.0000  VDWAALS    =      7702.2811
 EELEC  =  -4047743.8489  EHBOND  =         0.0000  RESTRAINT  =         0.0000
 Ewald error estimate:   0.0000E+00
 ------------------------------------------------------------------------------


 NSTEP =       93   TIME(PS) =       0.093  TEMP(K) =   180.05  PRESS =     0.0
 Etot   =  -4035658.3181  EKtot   =      4396.1170  EPtot      =  -4040054.4351
 BOND   =         0.0000  ANGLE   =         0.0000  DIHED      =         0.0000
 1-4 NB =         0.0000  1-4 EEL =         0.0000  VDWAALS    =      7710.0364
 EELEC  =  -4047764.4715  EHBOND  =         0.0000  RESTRAINT  =         0.0000
 Ewald error estimate:   0.0000E+00
 ------------------------------------------------------------------------------


 NSTEP =       94   TIME(PS) =       0.094  TEMP(K) =   180.46  PRESS =     0.0
 Etot   =  -4035658.2174  EKtot   =      4405.9341  EPtot      =  -4040064.1515
 BOND   =         0.0000  ANGLE   =         0.0000  DIHED      =         0.0000
 1-4 NB =         0.0000  1-4 EEL =         0.0000  VDWAALS    =      7718.5731
 EELEC  =  -4047782.7246  EHBOND  =         0.0000  RESTRAINT  =         0.0000
 Ewald error estimate:   0.0000E+00
 ------------------------------------------------------------------------------


 NSTEP =       95   TIME(PS) =       0.095  TEMP(K) =   180.77  PRESS =     0.0
 Etot   =  -4035658.1797  EKtot   =      4413.6254  EPtot      =  -4040071.8051
 BOND   =         0.0000  ANGLE   =         0.0000  DIHED      =         0.0000
 1-4 NB =         0.0000  1-4 EEL =         0.0000  VDWAALS    =      7727.8683
 EELEC  =  -4047799.6734  EHBOND  =         0.0000  RESTRAINT  =         0.0000
 Ewald error estimate:   0.0000E+00
 ------------------------------------------------------------------------------


 NSTEP =       96   TIME(PS) =       0.096  TEMP(K) =   181.04  PRESS =     0.0
 Etot   =  -4035658.0855  EKtot   =      4420.2347  EPtot      =  -4040078.3202
 BOND   =         0.0000  ANGLE   =         0.0000  DIHED      =         0.0000
 1-4 NB =         0.0000  1-4 EEL =         0.0000  VDWAALS    =      7738.0941
 EELEC  =  -4047816.4143  EHBOND  =         0.0000  RESTRAINT  =         0.0000
 Ewald error estimate:   0.0000E+00
 ------------------------------------------------------------------------------


 NSTEP =       97   TIME(PS) =       0.097  TEMP(K) =   181.31  PRESS =     0.0
 Etot   =  -4035658.0318  EKtot   =      4426.7481  EPtot      =  -4040084.7799
 BOND   =         0.0000  ANGLE   =         0.0000  DIHED      =         0.0000
 1-4 NB =         0.0000  1-4 EEL =         0.0000  VDWAALS    =      7749.1873
 EELEC  =  -4047833.9672  EHBOND  =         0.0000  RESTRAINT  =         0.0000
 Ewald error estimate:   0.0000E+00
 ------------------------------------------------------------------------------


 NSTEP =       98   TIME(PS) =       0.098  TEMP(K) =   181.60  PRESS =     0.0
 Etot   =  -4035657.9672  EKtot   =      4433.9837  EPtot      =  -4040091.9509
 BOND   =         0.0000  ANGLE   =         0.0000  DIHED      =         0.0000
 1-4 NB =         0.0000  1-4 EEL =         0.0000  VDWAALS    =      7761.2363
 EELEC  =  -4047853.1871  EHBOND  =         0.0000  RESTRAINT  =         0.0000
 Ewald error estimate:   0.0000E+00
 ------------------------------------------------------------------------------


 NSTEP =       99   TIME(PS) =       0.099  TEMP(K) =   181.95  PRESS =     0.0
 Etot   =  -4035657.9652  EKtot   =      4442.5030  EPtot      =  -4040100.4682
 BOND   =         0.0000  ANGLE   =         0.0000  DIHED      =         0.0000
 1-4 NB =         0.0000  1-4 EEL =         0.0000  VDWAALS    =      7774.1493
 EELEC  =  -4047874.6174  EHBOND  =         0.0000  RESTRAINT  =         0.0000
 Ewald error estimate:   0.0000E+00
 ------------------------------------------------------------------------------


 NSTEP =      100   TIME(PS) =       0.100  TEMP(K) =   182.37  PRESS =     0.0
 Etot   =  -4035657.9633  EKtot   =      4452.5567  EPtot      =  -4040110.5200
 BOND   =         0.0000  ANGLE   =         0.0000  DIHED      =         0.0000
 1-4 NB =         0.0000  1-4 EEL =         0.0000  VDWAALS    =      7787.9429
 EELEC  =  -4047898.4629  EHBOND  =         0.0000  RESTRAINT  =         0.0000
 Ewald error estimate:   0.0000E+00
 ------------------------------------------------------------------------------


 NSTEP =      101   TIME(PS) =       0.101  TEMP(K) =   182.84  PRESS =     0.0
 Etot   =  -4035657.9846  EKtot   =      4464.0681  EPtot      =  -4040122.0527
 BOND   =         0.0000  ANGLE   =         0.0000  DIHED      =         0.0000
 1-4 NB =         0.0000  1-4 EEL =         0.0000  VDWAALS    =      7802.5421
 EELEC  =  -4047924.5948  EHBOND  =         0.0000  RESTRAINT  =         0.0000
 Ewald error estimate:   0.0000E+00
 ------------------------------------------------------------------------------


 NSTEP =      102   TIME(PS) =       0.102  TEMP(K) =   183.35  PRESS =     0.0
 Etot   =  -4035658.0518  EKtot   =      4476.6567  EPtot      =  -4040134.7085
 BOND   =         0.0000  ANGLE   =         0.0000  DIHED      =         0.0000
 1-4 NB =         0.0000  1-4 EEL =         0.0000  VDWAALS    =      7817.8669
 EELEC  =  -4047952.5753  EHBOND  =         0.0000  RESTRAINT  =         0.0000
 Ewald error estimate:   0.0000E+00
 ------------------------------------------------------------------------------


 NSTEP =      103   TIME(PS) =       0.103  TEMP(K) =   183.89  PRESS =     0.0
 Etot   =  -4035658.0798  EKtot   =      4489.6973  EPtot      =  -4040147.7771
 BOND   =         0.0000  ANGLE   =         0.0000  DIHED      =         0.0000
 1-4 NB =         0.0000  1-4 EEL =         0.0000  VDWAALS    =      7833.9079
 EELEC  =  -4047981.6850  EHBOND  =         0.0000  RESTRAINT  =         0.0000
 Ewald error estimate:   0.0000E+00
 ------------------------------------------------------------------------------


 NSTEP =      104   TIME(PS) =       0.104  TEMP(K) =   184.41  PRESS =     0.0
 Etot   =  -4035658.1558  EKtot   =      4502.4058  EPtot      =  -4040160.5617
 BOND   =         0.0000  ANGLE   =         0.0000  DIHED      =         0.0000
 1-4 NB =         0.0000  1-4 EEL =         0.0000  VDWAALS    =      7850.4594
 EELEC  =  -4048011.0210  EHBOND  =         0.0000  RESTRAINT  =         0.0000
 Ewald error estimate:   0.0000E+00
 ------------------------------------------------------------------------------


 NSTEP =      105   TIME(PS) =       0.105  TEMP(K) =   184.88  PRESS =     0.0
 Etot   =  -4035658.2205  EKtot   =      4513.9404  EPtot      =  -4040172.1609
 BOND   =         0.0000  ANGLE   =         0.0000  DIHED      =         0.0000
 1-4 NB =         0.0000  1-4 EEL =         0.0000  VDWAALS    =      7867.4945
 EELEC  =  -4048039.6554  EHBOND  =         0.0000  RESTRAINT  =         0.0000
 Ewald error estimate:   0.0000E+00
 ------------------------------------------------------------------------------


 NSTEP =      106   TIME(PS) =       0.106  TEMP(K) =   185.27  PRESS =     0.0
 Etot   =  -4035658.2649  EKtot   =      4523.5040  EPtot      =  -4040181.7689
 BOND   =         0.0000  ANGLE   =         0.0000  DIHED      =         0.0000
 1-4 NB =         0.0000  1-4 EEL =         0.0000  VDWAALS    =      7884.9126
 EELEC  =  -4048066.6815  EHBOND  =         0.0000  RESTRAINT  =         0.0000
 Ewald error estimate:   0.0000E+00
 ------------------------------------------------------------------------------


 NSTEP =      107   TIME(PS) =       0.107  TEMP(K) =   185.55  PRESS =     0.0
 Etot   =  -4035658.3128  EKtot   =      4530.4358  EPtot      =  -4040188.7486
 BOND   =         0.0000  ANGLE   =         0.0000  DIHED      =         0.0000
 1-4 NB =         0.0000  1-4 EEL =         0.0000  VDWAALS    =      7902.5594
 EELEC  =  -4048091.3079  EHBOND  =         0.0000  RESTRAINT  =         0.0000
 Ewald error estimate:   0.0000E+00
 ------------------------------------------------------------------------------


 NSTEP =      108   TIME(PS) =       0.108  TEMP(K) =   185.71  PRESS =     0.0
 Etot   =  -4035658.3258  EKtot   =      4534.2825  EPtot      =  -4040192.6083
 BOND   =         0.0000  ANGLE   =         0.0000  DIHED      =         0.0000
 1-4 NB =         0.0000  1-4 EEL =         0.0000  VDWAALS    =      7920.3641
 EELEC  =  -4048112.9724  EHBOND  =         0.0000  RESTRAINT  =         0.0000
 Ewald error estimate:   0.0000E+00
 ------------------------------------------------------------------------------


 NSTEP =      109   TIME(PS) =       0.109  TEMP(K) =   185.74  PRESS =     0.0
 Etot   =  -4035658.3448  EKtot   =      4534.8426  EPtot      =  -4040193.1874
 BOND   =         0.0000  ANGLE   =         0.0000  DIHED      =         0.0000
 1-4 NB =         0.0000  1-4 EEL =         0.0000  VDWAALS    =      7938.1862
 EELEC  =  -4048131.3736  EHBOND  =         0.0000  RESTRAINT  =         0.0000
 Ewald error estimate:   0.0000E+00
 ------------------------------------------------------------------------------


 NSTEP =      110   TIME(PS) =       0.110  TEMP(K) =   185.63  PRESS =     0.0
 Etot   =  -4035658.2895  EKtot   =      4532.1839  EPtot      =  -4040190.4733
 BOND   =         0.0000  ANGLE   =         0.0000  DIHED      =         0.0000
 1-4 NB =         0.0000  1-4 EEL =         0.0000  VDWAALS    =      7956.0100
 EELEC  =  -4048146.4833  EHBOND  =         0.0000  RESTRAINT  =         0.0000
 Ewald error estimate:   0.0000E+00
 ------------------------------------------------------------------------------


 NSTEP =      111   TIME(PS) =       0.111  TEMP(K) =   185.40  PRESS =     0.0
 Etot   =  -4035658.2388  EKtot   =      4526.6323  EPtot      =  -4040184.8711
 BOND   =         0.0000  ANGLE   =         0.0000  DIHED      =         0.0000
 1-4 NB =         0.0000  1-4 EEL =         0.0000  VDWAALS    =      7973.6473
 EELEC  =  -4048158.5184  EHBOND  =         0.0000  RESTRAINT  =         0.0000
 Ewald error estimate:   0.0000E+00
 ------------------------------------------------------------------------------


 NSTEP =      112   TIME(PS) =       0.112  TEMP(K) =   185.08  PRESS =     0.0
 Etot   =  -4035658.1810  EKtot   =      4518.7388  EPtot      =  -4040176.9197
 BOND   =         0.0000  ANGLE   =         0.0000  DIHED      =         0.0000
 1-4 NB =         0.0000  1-4 EEL =         0.0000  VDWAALS    =      7991.0210
 EELEC  =  -4048167.9407  EHBOND  =         0.0000  RESTRAINT  =         0.0000
 Ewald error estimate:   0.0000E+00
 ------------------------------------------------------------------------------


 NSTEP =      113   TIME(PS) =       0.113  TEMP(K) =   184.69  PRESS =     0.0
 Etot   =  -4035658.1350  EKtot   =      4509.2258  EPtot      =  -4040167.3608
 BOND   =         0.0000  ANGLE   =         0.0000  DIHED      =         0.0000
 1-4 NB =         0.0000  1-4 EEL =         0.0000  VDWAALS    =      8008.0495
 EELEC  =  -4048175.4103  EHBOND  =         0.0000  RESTRAINT  =         0.0000
 Ewald error estimate:   0.0000E+00
 ------------------------------------------------------------------------------


 NSTEP =      114   TIME(PS) =       0.114  TEMP(K) =   184.26  PRESS =     0.0
 Etot   =  -4035658.1050  EKtot   =      4498.9207  EPtot      =  -4040157.0257
 BOND   =         0.0000  ANGLE   =         0.0000  DIHED      =         0.0000
 1-4 NB =         0.0000  1-4 EEL =         0.0000  VDWAALS    =      8024.6591
 EELEC  =  -4048181.6847  EHBOND  =         0.0000  RESTRAINT  =         0.0000
 Ewald error estimate:   0.0000E+00
 ------------------------------------------------------------------------------


 NSTEP =      115   TIME(PS) =       0.115  TEMP(K) =   183.84  PRESS =     0.0
 Etot   =  -4035658.0336  EKtot   =      4488.6803  EPtot      =  -4040146.7139
 BOND   =         0.0000  ANGLE   =         0.0000  DIHED      =         0.0000
 1-4 NB =         0.0000  1-4 EEL =         0.0000  VDWAALS    =      8040.8379
 EELEC  =  -4048187.5519  EHBOND  =         0.0000  RESTRAINT  =         0.0000
 Ewald error estimate:   0.0000E+00
 ------------------------------------------------------------------------------


 NSTEP =      116   TIME(PS) =       0.116  TEMP(K) =   183.46  PRESS =     0.0
 Etot   =  -4035657.9939  EKtot   =      4479.3149  EPtot      =  -4040137.3088
 BOND   =         0.0000  ANGLE   =         0.0000  DIHED      =         0.0000
 1-4 NB =         0.0000  1-4 EEL =         0.0000  VDWAALS    =      8056.4642
 EELEC  =  -4048193.7730  EHBOND  =         0.0000  RESTRAINT  =         0.0000
 Ewald error estimate:   0.0000E+00
 ------------------------------------------------------------------------------


 NSTEP =      117   TIME(PS) =       0.117  TEMP(K) =   183.14  PRESS =     0.0
 Etot   =  -4035657.9529  EKtot   =      4471.5168  EPtot      =  -4040129.4697
 BOND   =         0.0000  ANGLE   =         0.0000  DIHED      =         0.0000
 1-4 NB =         0.0000  1-4 EEL =         0.0000  VDWAALS    =      8071.5400
 EELEC  =  -4048201.0097  EHBOND  =         0.0000  RESTRAINT  =         0.0000
 Ewald error estimate:   0.0000E+00
 ------------------------------------------------------------------------------


 NSTEP =      118   TIME(PS) =       0.118  TEMP(K) =   182.91  PRESS =     0.0
 Etot   =  -4035657.9224  EKtot   =      4465.8012  EPtot      =  -4040123.7236
 BOND   =         0.0000  ANGLE   =         0.0000  DIHED      =         0.0000
 1-4 NB =         0.0000  1-4 EEL =         0.0000  VDWAALS    =      8086.0188
 EELEC  =  -4048209.7424  EHBOND  =         0.0000  RESTRAINT  =         0.0000
 Ewald error estimate:   0.0000E+00
 ------------------------------------------------------------------------------


 NSTEP =      119   TIME(PS) =       0.119  TEMP(K) =   182.77  PRESS =     0.0
 Etot   =  -4035657.9399  EKtot   =      4462.4649  EPtot      =  -4040120.4048
 BOND   =         0.0000  ANGLE   =         0.0000  DIHED      =         0.0000
 1-4 NB =         0.0000  1-4 EEL =         0.0000  VDWAALS    =      8099.8243
 EELEC  =  -4048220.2291  EHBOND  =         0.0000  RESTRAINT  =         0.0000
 Ewald error estimate:   0.0000E+00
 ------------------------------------------------------------------------------


 NSTEP =      120   TIME(PS) =       0.120  TEMP(K) =   182.73  PRESS =     0.0
 Etot   =  -4035657.9703  EKtot   =      4461.5694  EPtot      =  -4040119.5397
 BOND   =         0.0000  ANGLE   =         0.0000  DIHED      =         0.0000
 1-4 NB =         0.0000  1-4 EEL =         0.0000  VDWAALS    =      8112.9791
 EELEC  =  -4048232.5188  EHBOND  =         0.0000  RESTRAINT  =         0.0000
 Ewald error estimate:   0.0000E+00
 ------------------------------------------------------------------------------


 NSTEP =      121   TIME(PS) =       0.121  TEMP(K) =   182.79  PRESS =     0.0
 Etot   =  -4035658.0095  EKtot   =      4462.9493  EPtot      =  -4040120.9588
 BOND   =         0.0000  ANGLE   =         0.0000  DIHED      =         0.0000
 1-4 NB =         0.0000  1-4 EEL =         0.0000  VDWAALS    =      8125.4797
 EELEC  =  -4048246.4386  EHBOND  =         0.0000  RESTRAINT  =         0.0000
 Ewald error estimate:   0.0000E+00
 ------------------------------------------------------------------------------


 NSTEP =      122   TIME(PS) =       0.122  TEMP(K) =   182.93  PRESS =     0.0
 Etot   =  -4035658.0359  EKtot   =      4466.2453  EPtot      =  -4040124.2812
 BOND   =         0.0000  ANGLE   =         0.0000  DIHED      =         0.0000
 1-4 NB =         0.0000  1-4 EEL =         0.0000  VDWAALS    =      8137.3240
 EELEC  =  -4048261.6052  EHBOND  =         0.0000  RESTRAINT  =         0.0000
 Ewald error estimate:   0.0000E+00
 ------------------------------------------------------------------------------


 NSTEP =      123   TIME(PS) =       0.123  TEMP(K) =   183.12  PRESS =     0.0
 Etot   =  -4035658.0968  EKtot   =      4470.9582  EPtot      =  -4040129.0550
 BOND   =         0.0000  ANGLE   =         0.0000  DIHED      =         0.0000
 1-4 NB =         0.0000  1-4 EEL =         0.0000  VDWAALS    =      8148.4569
 EELEC  =  -4048277.5119  EHBOND  =         0.0000  RESTRAINT  =         0.0000
 Ewald error estimate:   0.0000E+00
 ------------------------------------------------------------------------------


 NSTEP =      124   TIME(PS) =       0.124  TEMP(K) =   183.35  PRESS =     0.0
 Etot   =  -4035658.1265  EKtot   =      4476.5163  EPtot      =  -4040134.6428
 BOND   =         0.0000  ANGLE   =         0.0000  DIHED      =         0.0000
 1-4 NB =         0.0000  1-4 EEL =         0.0000  VDWAALS    =      8158.9465
 EELEC  =  -4048293.5893  EHBOND  =         0.0000  RESTRAINT  =         0.0000
 Ewald error estimate:   0.0000E+00
 ------------------------------------------------------------------------------


 NSTEP =      125   TIME(PS) =       0.125  TEMP(K) =   183.59  PRESS =     0.0
 Etot   =  -4035658.1459  EKtot   =      4482.3470  EPtot      =  -4040140.4929
 BOND   =         0.0000  ANGLE   =         0.0000  DIHED      =         0.0000
 1-4 NB =         0.0000  1-4 EEL =         0.0000  VDWAALS    =      8168.7711
 EELEC  =  -4048309.2640  EHBOND  =         0.0000  RESTRAINT  =         0.0000
 Ewald error estimate:   0.0000E+00
 ------------------------------------------------------------------------------


 NSTEP =      126   TIME(PS) =       0.126  TEMP(K) =   183.81  PRESS =     0.0
 Etot   =  -4035658.1356  EKtot   =      4487.9427  EPtot      =  -4040146.0783
 BOND   =         0.0000  ANGLE   =         0.0000  DIHED      =         0.0000
 1-4 NB =         0.0000  1-4 EEL =         0.0000  VDWAALS    =      8177.9525
 EELEC  =  -4048324.0309  EHBOND  =         0.0000  RESTRAINT  =         0.0000
 Ewald error estimate:   0.0000E+00
 ------------------------------------------------------------------------------


 NSTEP =      127   TIME(PS) =       0.127  TEMP(K) =   184.02  PRESS =     0.0
 Etot   =  -4035658.1733  EKtot   =      4492.9134  EPtot      =  -4040151.0867
 BOND   =         0.0000  ANGLE   =         0.0000  DIHED      =         0.0000
 1-4 NB =         0.0000  1-4 EEL =         0.0000  VDWAALS    =      8186.4013
 EELEC  =  -4048337.4879  EHBOND  =         0.0000  RESTRAINT  =         0.0000
 Ewald error estimate:   0.0000E+00
 ------------------------------------------------------------------------------


 NSTEP =      128   TIME(PS) =       0.128  TEMP(K) =   184.19  PRESS =     0.0
 Etot   =  -4035658.1594  EKtot   =      4497.0185  EPtot      =  -4040155.1778
 BOND   =         0.0000  ANGLE   =         0.0000  DIHED      =         0.0000
 1-4 NB =         0.0000  1-4 EEL =         0.0000  VDWAALS    =      8194.2420
 EELEC  =  -4048349.4199  EHBOND  =         0.0000  RESTRAINT  =         0.0000
 Ewald error estimate:   0.0000E+00
 ------------------------------------------------------------------------------


 NSTEP =      129   TIME(PS) =       0.129  TEMP(K) =   184.32  PRESS =     0.0
 Etot   =  -4035658.1597  EKtot   =      4500.1773  EPtot      =  -4040158.3370
 BOND   =         0.0000  ANGLE   =         0.0000  DIHED      =         0.0000
 1-4 NB =         0.0000  1-4 EEL =         0.0000  VDWAALS    =      8201.4134
 EELEC  =  -4048359.7504  EHBOND  =         0.0000  RESTRAINT  =         0.0000
 Ewald error estimate:   0.0000E+00
 ------------------------------------------------------------------------------


 NSTEP =      130   TIME(PS) =       0.130  TEMP(K) =   184.41  PRESS =     0.0
 Etot   =  -4035658.1497  EKtot   =      4502.4574  EPtot      =  -4040160.6071
 BOND   =         0.0000  ANGLE   =         0.0000  DIHED      =         0.0000
 1-4 NB =         0.0000  1-4 EEL =         0.0000  VDWAALS    =      8207.9501
 EELEC  =  -4048368.5572  EHBOND  =         0.0000  RESTRAINT  =         0.0000
 Ewald error estimate:   0.0000E+00
 ------------------------------------------------------------------------------


 NSTEP =      131   TIME(PS) =       0.131  TEMP(K) =   184.47  PRESS =     0.0
 Etot   =  -4035658.1360  EKtot   =      4504.0463  EPtot      =  -4040162.1823
 BOND   =         0.0000  ANGLE   =         0.0000  DIHED      =         0.0000
 1-4 NB =         0.0000  1-4 EEL =         0.0000  VDWAALS    =      8213.8561
 EELEC  =  -4048376.0384  EHBOND  =         0.0000  RESTRAINT  =         0.0000
 Ewald error estimate:   0.0000E+00
 ------------------------------------------------------------------------------


 NSTEP =      132   TIME(PS) =       0.132  TEMP(K) =   184.52  PRESS =     0.0
 Etot   =  -4035658.1253  EKtot   =      4505.2107  EPtot      =  -4040163.3360
 BOND   =         0.0000  ANGLE   =         0.0000  DIHED      =         0.0000
 1-4 NB =         0.0000  1-4 EEL =         0.0000  VDWAALS    =      8219.1498
 EELEC  =  -4048382.4858  EHBOND  =         0.0000  RESTRAINT  =         0.0000
 Ewald error estimate:   0.0000E+00
 ------------------------------------------------------------------------------


 NSTEP =      133   TIME(PS) =       0.133  TEMP(K) =   184.56  PRESS =     0.0
 Etot   =  -4035658.1336  EKtot   =      4506.2524  EPtot      =  -4040164.3860
 BOND   =         0.0000  ANGLE   =         0.0000  DIHED      =         0.0000
 1-4 NB =         0.0000  1-4 EEL =         0.0000  VDWAALS    =      8223.8309
 EELEC  =  -4048388.2169  EHBOND  =         0.0000  RESTRAINT  =         0.0000
 Ewald error estimate:   0.0000E+00
 ------------------------------------------------------------------------------


 NSTEP =      134   TIME(PS) =       0.134  TEMP(K) =   184.61  PRESS =     0.0
 Etot   =  -4035658.1059  EKtot   =      4507.4665  EPtot      =  -4040165.5723
 BOND   =         0.0000  ANGLE   =         0.0000  DIHED      =         0.0000
 1-4 NB =         0.0000  1-4 EEL =         0.0000  VDWAALS    =      8227.9738
 EELEC  =  -4048393.5461  EHBOND  =         0.0000  RESTRAINT  =         0.0000
 Ewald error estimate:   0.0000E+00
 ------------------------------------------------------------------------------


 NSTEP =      135   TIME(PS) =       0.135  TEMP(K) =   184.68  PRESS =     0.0
 Etot   =  -4035658.0860  EKtot   =      4509.1075  EPtot      =  -4040167.1935
 BOND   =         0.0000  ANGLE   =         0.0000  DIHED      =         0.0000
 1-4 NB =         0.0000  1-4 EEL =         0.0000  VDWAALS    =      8231.5601
 EELEC  =  -4048398.7536  EHBOND  =         0.0000  RESTRAINT  =         0.0000
 Ewald error estimate:   0.0000E+00
 ------------------------------------------------------------------------------


 NSTEP =      136   TIME(PS) =       0.136  TEMP(K) =   184.77  PRESS =     0.0
 Etot   =  -4035658.0853  EKtot   =      4511.3672  EPtot      =  -4040169.4525
 BOND   =         0.0000  ANGLE   =         0.0000  DIHED      =         0.0000
 1-4 NB =         0.0000  1-4 EEL =         0.0000  VDWAALS    =      8234.6118
 EELEC  =  -4048404.0644  EHBOND  =         0.0000  RESTRAINT  =         0.0000
 Ewald error estimate:   0.0000E+00
 ------------------------------------------------------------------------------


 NSTEP =      137   TIME(PS) =       0.137  TEMP(K) =   184.90  PRESS =     0.0
 Etot   =  -4035658.0922  EKtot   =      4514.3640  EPtot      =  -4040172.4562
 BOND   =         0.0000  ANGLE   =         0.0000  DIHED      =         0.0000
 1-4 NB =         0.0000  1-4 EEL =         0.0000  VDWAALS    =      8237.1718
 EELEC  =  -4048409.6281  EHBOND  =         0.0000  RESTRAINT  =         0.0000
 Ewald error estimate:   0.0000E+00
 ------------------------------------------------------------------------------


 NSTEP =      138   TIME(PS) =       0.138  TEMP(K) =   185.05  PRESS =     0.0
 Etot   =  -4035658.1063  EKtot   =      4518.1417  EPtot      =  -4040176.2481
 BOND   =         0.0000  ANGLE   =         0.0000  DIHED      =         0.0000
 1-4 NB =         0.0000  1-4 EEL =         0.0000  VDWAALS    =      8239.2666
 EELEC  =  -4048415.5146  EHBOND  =         0.0000  RESTRAINT  =         0.0000
 Ewald error estimate:   0.0000E+00
 ------------------------------------------------------------------------------


 NSTEP =      139   TIME(PS) =       0.139  TEMP(K) =   185.24  PRESS =     0.0
 Etot   =  -4035658.1038  EKtot   =      4522.6763  EPtot      =  -4040180.7801
 BOND   =         0.0000  ANGLE   =         0.0000  DIHED      =         0.0000
 1-4 NB =         0.0000  1-4 EEL =         0.0000  VDWAALS    =      8240.9655
 EELEC  =  -4048421.7457  EHBOND  =         0.0000  RESTRAINT  =         0.0000
 Ewald error estimate:   0.0000E+00
 ------------------------------------------------------------------------------


 NSTEP =      140   TIME(PS) =       0.140  TEMP(K) =   185.45  PRESS =     0.0
 Etot   =  -4035658.0736  EKtot   =      4527.8869  EPtot      =  -4040185.9605
 BOND   =         0.0000  ANGLE   =         0.0000  DIHED      =         0.0000
 1-4 NB =         0.0000  1-4 EEL =         0.0000  VDWAALS    =      8242.3220
 EELEC  =  -4048428.2825  EHBOND  =         0.0000  RESTRAINT  =         0.0000
 Ewald error estimate:   0.0000E+00
 ------------------------------------------------------------------------------


 NSTEP =      141   TIME(PS) =       0.141  TEMP(K) =   185.69  PRESS =     0.0
 Etot   =  -4035658.0918  EKtot   =      4533.6490  EPtot      =  -4040191.7408
 BOND   =         0.0000  ANGLE   =         0.0000  DIHED      =         0.0000
 1-4 NB =         0.0000  1-4 EEL =         0.0000  VDWAALS    =      8243.3037
 EELEC  =  -4048435.0445  EHBOND  =         0.0000  RESTRAINT  =         0.0000
 Ewald error estimate:   0.0000E+00
 ------------------------------------------------------------------------------


 NSTEP =      142   TIME(PS) =       0.142  TEMP(K) =   185.94  PRESS =     0.0
 Etot   =  -4035658.1091  EKtot   =      4539.8091  EPtot      =  -4040197.9181
 BOND   =         0.0000  ANGLE   =         0.0000  DIHED      =         0.0000
 1-4 NB =         0.0000  1-4 EEL =         0.0000  VDWAALS    =      8243.9970
 EELEC  =  -4048441.9151  EHBOND  =         0.0000  RESTRAINT  =         0.0000
 Ewald error estimate:   0.0000E+00
 ------------------------------------------------------------------------------


 NSTEP =      143   TIME(PS) =       0.143  TEMP(K) =   186.20  PRESS =     0.0
 Etot   =  -4035658.0974  EKtot   =      4546.1989  EPtot      =  -4040204.2963
 BOND   =         0.0000  ANGLE   =         0.0000  DIHED      =         0.0000
 1-4 NB =         0.0000  1-4 EEL =         0.0000  VDWAALS    =      8244.4796
 EELEC  =  -4048448.7759  EHBOND  =         0.0000  RESTRAINT  =         0.0000
 Ewald error estimate:   0.0000E+00
 ------------------------------------------------------------------------------


 NSTEP =      144   TIME(PS) =       0.144  TEMP(K) =   186.46  PRESS =     0.0
 Etot   =  -4035658.1271  EKtot   =      4552.6505  EPtot      =  -4040210.7777
 BOND   =         0.0000  ANGLE   =         0.0000  DIHED      =         0.0000
 1-4 NB =         0.0000  1-4 EEL =         0.0000  VDWAALS    =      8244.7319
 EELEC  =  -4048455.5095  EHBOND  =         0.0000  RESTRAINT  =         0.0000
 Ewald error estimate:   0.0000E+00
 ------------------------------------------------------------------------------


 NSTEP =      145   TIME(PS) =       0.145  TEMP(K) =   186.73  PRESS =     0.0
 Etot   =  -4035658.1317  EKtot   =      4559.0099  EPtot      =  -4040217.1416
 BOND   =         0.0000  ANGLE   =         0.0000  DIHED      =         0.0000
 1-4 NB =         0.0000  1-4 EEL =         0.0000  VDWAALS    =      8244.8579
 EELEC  =  -4048461.9995  EHBOND  =         0.0000  RESTRAINT  =         0.0000
 Ewald error estimate:   0.0000E+00
 ------------------------------------------------------------------------------


 NSTEP =      146   TIME(PS) =       0.146  TEMP(K) =   186.98  PRESS =     0.0
 Etot   =  -4035658.1242  EKtot   =      4565.1486  EPtot      =  -4040223.2728
 BOND   =         0.0000  ANGLE   =         0.0000  DIHED      =         0.0000
 1-4 NB =         0.0000  1-4 EEL =         0.0000  VDWAALS    =      8244.8846
 EELEC  =  -4048468.1574  EHBOND  =         0.0000  RESTRAINT  =         0.0000
 Ewald error estimate:   0.0000E+00
 ------------------------------------------------------------------------------


 NSTEP =      147   TIME(PS) =       0.147  TEMP(K) =   187.21  PRESS =     0.0
 Etot   =  -4035658.1295  EKtot   =      4570.9712  EPtot      =  -4040229.1007
 BOND   =         0.0000  ANGLE   =         0.0000  DIHED      =         0.0000
 1-4 NB =         0.0000  1-4 EEL =         0.0000  VDWAALS    =      8244.8327
 EELEC  =  -4048473.9334  EHBOND  =         0.0000  RESTRAINT  =         0.0000
 Ewald error estimate:   0.0000E+00
 ------------------------------------------------------------------------------


 NSTEP =      148   TIME(PS) =       0.148  TEMP(K) =   187.44  PRESS =     0.0
 Etot   =  -4035658.1468  EKtot   =      4576.4181  EPtot      =  -4040234.5650
 BOND   =         0.0000  ANGLE   =         0.0000  DIHED      =         0.0000
 1-4 NB =         0.0000  1-4 EEL =         0.0000  VDWAALS    =      8244.7389
 EELEC  =  -4048479.3039  EHBOND  =         0.0000  RESTRAINT  =         0.0000
 Ewald error estimate:   0.0000E+00
 ------------------------------------------------------------------------------


 NSTEP =      149   TIME(PS) =       0.149  TEMP(K) =   187.64  PRESS =     0.0
 Etot   =  -4035658.1748  EKtot   =      4581.4624  EPtot      =  -4040239.6372
 BOND   =         0.0000  ANGLE   =         0.0000  DIHED      =         0.0000
 1-4 NB =         0.0000  1-4 EEL =         0.0000  VDWAALS    =      8244.6335
 EELEC  =  -4048484.2707  EHBOND  =         0.0000  RESTRAINT  =         0.0000
 Ewald error estimate:   0.0000E+00
 ------------------------------------------------------------------------------


 NSTEP =      150   TIME(PS) =       0.150  TEMP(K) =   187.83  PRESS =     0.0
 Etot   =  -4035658.1834  EKtot   =      4586.1027  EPtot      =  -4040244.2861
 BOND   =         0.0000  ANGLE   =         0.0000  DIHED      =         0.0000
 1-4 NB =         0.0000  1-4 EEL =         0.0000  VDWAALS    =      8244.5885
 EELEC  =  -4048488.8746  EHBOND  =         0.0000  RESTRAINT  =         0.0000
 Ewald error estimate:   0.0000E+00
 ------------------------------------------------------------------------------


 NSTEP =      151   TIME(PS) =       0.151  TEMP(K) =   188.01  PRESS =     0.0
 Etot   =  -4035658.1766  EKtot   =      4590.3524  EPtot      =  -4040248.5290
 BOND   =         0.0000  ANGLE   =         0.0000  DIHED      =         0.0000
 1-4 NB =         0.0000  1-4 EEL =         0.0000  VDWAALS    =      8244.6294
 EELEC  =  -4048493.1584  EHBOND  =         0.0000  RESTRAINT  =         0.0000
 Ewald error estimate:   0.0000E+00
 ------------------------------------------------------------------------------


 NSTEP =      152   TIME(PS) =       0.152  TEMP(K) =   188.17  PRESS =     0.0
 Etot   =  -4035658.2291  EKtot   =      4594.2273  EPtot      =  -4040252.4565
 BOND   =         0.0000  ANGLE   =         0.0000  DIHED      =         0.0000
 1-4 NB =         0.0000  1-4 EEL =         0.0000  VDWAALS    =      8244.7054
 EELEC  =  -4048497.1618  EHBOND  =         0.0000  RESTRAINT  =         0.0000
 Ewald error estimate:   0.0000E+00
 ------------------------------------------------------------------------------


 NSTEP =      153   TIME(PS) =       0.153  TEMP(K) =   188.31  PRESS =     0.0
 Etot   =  -4035658.2741  EKtot   =      4597.7335  EPtot      =  -4040256.0076
 BOND   =         0.0000  ANGLE   =         0.0000  DIHED      =         0.0000
 1-4 NB =         0.0000  1-4 EEL =         0.0000  VDWAALS    =      8244.9057
 EELEC  =  -4048500.9133  EHBOND  =         0.0000  RESTRAINT  =         0.0000
 Ewald error estimate:   0.0000E+00
 ------------------------------------------------------------------------------


 NSTEP =      154   TIME(PS) =       0.154  TEMP(K) =   188.44  PRESS =     0.0
 Etot   =  -4035658.2641  EKtot   =      4600.8579  EPtot      =  -4040259.1219
 BOND   =         0.0000  ANGLE   =         0.0000  DIHED      =         0.0000
 1-4 NB =         0.0000  1-4 EEL =         0.0000  VDWAALS    =      8245.3118
 EELEC  =  -4048504.4337  EHBOND  =         0.0000  RESTRAINT  =         0.0000
 Ewald error estimate:   0.0000E+00
 ------------------------------------------------------------------------------


 NSTEP =      155   TIME(PS) =       0.155  TEMP(K) =   188.55  PRESS =     0.0
 Etot   =  -4035658.2879  EKtot   =      4603.5624  EPtot      =  -4040261.8503
 BOND   =         0.0000  ANGLE   =         0.0000  DIHED      =         0.0000
 1-4 NB =         0.0000  1-4 EEL =         0.0000  VDWAALS    =      8245.8408
 EELEC  =  -4048507.6911  EHBOND  =         0.0000  RESTRAINT  =         0.0000
 Ewald error estimate:   0.0000E+00
 ------------------------------------------------------------------------------


 NSTEP =      156   TIME(PS) =       0.156  TEMP(K) =   188.64  PRESS =     0.0
 Etot   =  -4035658.2833  EKtot   =      4605.7823  EPtot      =  -4040264.0656
 BOND   =         0.0000  ANGLE   =         0.0000  DIHED      =         0.0000
 1-4 NB =         0.0000  1-4 EEL =         0.0000  VDWAALS    =      8246.5680
 EELEC  =  -4048510.6336  EHBOND  =         0.0000  RESTRAINT  =         0.0000
 Ewald error estimate:   0.0000E+00
 ------------------------------------------------------------------------------


 NSTEP =      157   TIME(PS) =       0.157  TEMP(K) =   188.71  PRESS =     0.0
 Etot   =  -4035658.2376  EKtot   =      4607.4283  EPtot      =  -4040265.6660
 BOND   =         0.0000  ANGLE   =         0.0000  DIHED      =         0.0000
 1-4 NB =         0.0000  1-4 EEL =         0.0000  VDWAALS    =      8247.5172
 EELEC  =  -4048513.1832  EHBOND  =         0.0000  RESTRAINT  =         0.0000
 Ewald error estimate:   0.0000E+00
 ------------------------------------------------------------------------------


 NSTEP =      158   TIME(PS) =       0.158  TEMP(K) =   188.75  PRESS =     0.0
 Etot   =  -4035658.2267  EKtot   =      4608.3928  EPtot      =  -4040266.6195
 BOND   =         0.0000  ANGLE   =         0.0000  DIHED      =         0.0000
 1-4 NB =         0.0000  1-4 EEL =         0.0000  VDWAALS    =      8248.6094
 EELEC  =  -4048515.2289  EHBOND  =         0.0000  RESTRAINT  =         0.0000
 Ewald error estimate:   0.0000E+00
 ------------------------------------------------------------------------------


 NSTEP =      159   TIME(PS) =       0.159  TEMP(K) =   188.75  PRESS =     0.0
 Etot   =  -4035658.2324  EKtot   =      4608.5559  EPtot      =  -4040266.7883
 BOND   =         0.0000  ANGLE   =         0.0000  DIHED      =         0.0000
 1-4 NB =         0.0000  1-4 EEL =         0.0000  VDWAALS    =      8249.8692
 EELEC  =  -4048516.6575  EHBOND  =         0.0000  RESTRAINT  =         0.0000
 Ewald error estimate:   0.0000E+00
 ------------------------------------------------------------------------------


 NSTEP =      160   TIME(PS) =       0.160  TEMP(K) =   188.72  PRESS =     0.0
 Etot   =  -4035658.2606  EKtot   =      4607.7928  EPtot      =  -4040266.0533
 BOND   =         0.0000  ANGLE   =         0.0000  DIHED      =         0.0000
 1-4 NB =         0.0000  1-4 EEL =         0.0000  VDWAALS    =      8251.2794
 EELEC  =  -4048517.3328  EHBOND  =         0.0000  RESTRAINT  =         0.0000
 Ewald error estimate:   0.0000E+00
 ------------------------------------------------------------------------------


 NSTEP =      161   TIME(PS) =       0.161  TEMP(K) =   188.65  PRESS =     0.0
 Etot   =  -4035658.2928  EKtot   =      4605.9811  EPtot      =  -4040264.2739
 BOND   =         0.0000  ANGLE   =         0.0000  DIHED      =         0.0000
 1-4 NB =         0.0000  1-4 EEL =         0.0000  VDWAALS    =      8252.8567
 EELEC  =  -4048517.1306  EHBOND  =         0.0000  RESTRAINT  =         0.0000
 Ewald error estimate:   0.0000E+00
 ------------------------------------------------------------------------------


 NSTEP =      162   TIME(PS) =       0.162  TEMP(K) =   188.53  PRESS =     0.0
 Etot   =  -4035658.2972  EKtot   =      4603.0090  EPtot      =  -4040261.3062
 BOND   =         0.0000  ANGLE   =         0.0000  DIHED      =         0.0000
 1-4 NB =         0.0000  1-4 EEL =         0.0000  VDWAALS    =      8254.6298
 EELEC  =  -4048515.9360  EHBOND  =         0.0000  RESTRAINT  =         0.0000
 Ewald error estimate:   0.0000E+00
 ------------------------------------------------------------------------------


 NSTEP =      163   TIME(PS) =       0.163  TEMP(K) =   188.35  PRESS =     0.0
 Etot   =  -4035658.3218  EKtot   =      4598.7851  EPtot      =  -4040257.1069
 BOND   =         0.0000  ANGLE   =         0.0000  DIHED      =         0.0000
 1-4 NB =         0.0000  1-4 EEL =         0.0000  VDWAALS    =      8256.5391
 EELEC  =  -4048513.6460  EHBOND  =         0.0000  RESTRAINT  =         0.0000
 Ewald error estimate:   0.0000E+00
 ------------------------------------------------------------------------------


 NSTEP =      164   TIME(PS) =       0.164  TEMP(K) =   188.13  PRESS =     0.0
 Etot   =  -4035658.3041  EKtot   =      4593.2507  EPtot      =  -4040251.5548
 BOND   =         0.0000  ANGLE   =         0.0000  DIHED      =         0.0000
 1-4 NB =         0.0000  1-4 EEL =         0.0000  VDWAALS    =      8258.6381
 EELEC  =  -4048510.1930  EHBOND  =         0.0000  RESTRAINT  =         0.0000
 Ewald error estimate:   0.0000E+00
 ------------------------------------------------------------------------------


 NSTEP =      165   TIME(PS) =       0.165  TEMP(K) =   187.85  PRESS =     0.0
 Etot   =  -4035658.2933  EKtot   =      4586.3959  EPtot      =  -4040244.6892
 BOND   =         0.0000  ANGLE   =         0.0000  DIHED      =         0.0000
 1-4 NB =         0.0000  1-4 EEL =         0.0000  VDWAALS    =      8260.8607
 EELEC  =  -4048505.5499  EHBOND  =         0.0000  RESTRAINT  =         0.0000
 Ewald error estimate:   0.0000E+00
 ------------------------------------------------------------------------------


 NSTEP =      166   TIME(PS) =       0.166  TEMP(K) =   187.51  PRESS =     0.0
 Etot   =  -4035658.2631  EKtot   =      4578.2767  EPtot      =  -4040236.5399
 BOND   =         0.0000  ANGLE   =         0.0000  DIHED      =         0.0000
 1-4 NB =         0.0000  1-4 EEL =         0.0000  VDWAALS    =      8263.2155
 EELEC  =  -4048499.7553  EHBOND  =         0.0000  RESTRAINT  =         0.0000
 Ewald error estimate:   0.0000E+00
 ------------------------------------------------------------------------------


 NSTEP =      167   TIME(PS) =       0.167  TEMP(K) =   187.14  PRESS =     0.0
 Etot   =  -4035658.2593  EKtot   =      4569.0304  EPtot      =  -4040227.2897
 BOND   =         0.0000  ANGLE   =         0.0000  DIHED      =         0.0000
 1-4 NB =         0.0000  1-4 EEL =         0.0000  VDWAALS    =      8265.6287
 EELEC  =  -4048492.9184  EHBOND  =         0.0000  RESTRAINT  =         0.0000
 Ewald error estimate:   0.0000E+00
 ------------------------------------------------------------------------------


 NSTEP =      168   TIME(PS) =       0.168  TEMP(K) =   186.72  PRESS =     0.0
 Etot   =  -4035658.2347  EKtot   =      4558.8861  EPtot      =  -4040217.1208
 BOND   =         0.0000  ANGLE   =         0.0000  DIHED      =         0.0000
 1-4 NB =         0.0000  1-4 EEL =         0.0000  VDWAALS    =      8268.1194
 EELEC  =  -4048485.2401  EHBOND  =         0.0000  RESTRAINT  =         0.0000
 Ewald error estimate:   0.0000E+00
 ------------------------------------------------------------------------------


 NSTEP =      169   TIME(PS) =       0.169  TEMP(K) =   186.28  PRESS =     0.0
 Etot   =  -4035658.1799  EKtot   =      4548.1653  EPtot      =  -4040206.3453
 BOND   =         0.0000  ANGLE   =         0.0000  DIHED      =         0.0000
 1-4 NB =         0.0000  1-4 EEL =         0.0000  VDWAALS    =      8270.6446
 EELEC  =  -4048476.9899  EHBOND  =         0.0000  RESTRAINT  =         0.0000
 Ewald error estimate:   0.0000E+00
 ------------------------------------------------------------------------------


 NSTEP =      170   TIME(PS) =       0.170  TEMP(K) =   185.83  PRESS =     0.0
 Etot   =  -4035658.1316  EKtot   =      4537.2707  EPtot      =  -4040195.4023
 BOND   =         0.0000  ANGLE   =         0.0000  DIHED      =         0.0000
 1-4 NB =         0.0000  1-4 EEL =         0.0000  VDWAALS    =      8273.1255
 EELEC  =  -4048468.5278  EHBOND  =         0.0000  RESTRAINT  =         0.0000
 Ewald error estimate:   0.0000E+00
 ------------------------------------------------------------------------------


 NSTEP =      171   TIME(PS) =       0.171  TEMP(K) =   185.40  PRESS =     0.0
 Etot   =  -4035658.1072  EKtot   =      4526.6607  EPtot      =  -4040184.7678
 BOND   =         0.0000  ANGLE   =         0.0000  DIHED      =         0.0000
 1-4 NB =         0.0000  1-4 EEL =         0.0000  VDWAALS    =      8275.4856
 EELEC  =  -4048460.2535  EHBOND  =         0.0000  RESTRAINT  =         0.0000
 Ewald error estimate:   0.0000E+00
 ------------------------------------------------------------------------------


 NSTEP =      172   TIME(PS) =       0.172  TEMP(K) =   185.00  PRESS =     0.0
 Etot   =  -4035658.0990  EKtot   =      4516.8136  EPtot      =  -4040174.9126
 BOND   =         0.0000  ANGLE   =         0.0000  DIHED      =         0.0000
 1-4 NB =         0.0000  1-4 EEL =         0.0000  VDWAALS    =      8277.6645
 EELEC  =  -4048452.5771  EHBOND  =         0.0000  RESTRAINT  =         0.0000
 Ewald error estimate:   0.0000E+00
 ------------------------------------------------------------------------------


 NSTEP =      173   TIME(PS) =       0.173  TEMP(K) =   184.64  PRESS =     0.0
 Etot   =  -4035658.0630  EKtot   =      4508.1844  EPtot      =  -4040166.2474
 BOND   =         0.0000  ANGLE   =         0.0000  DIHED      =         0.0000
 1-4 NB =         0.0000  1-4 EEL =         0.0000  VDWAALS    =      8279.6500
 EELEC  =  -4048445.8975  EHBOND  =         0.0000  RESTRAINT  =         0.0000
 Ewald error estimate:   0.0000E+00
 ------------------------------------------------------------------------------


 NSTEP =      174   TIME(PS) =       0.174  TEMP(K) =   184.36  PRESS =     0.0
 Etot   =  -4035658.0622  EKtot   =      4501.1614  EPtot      =  -4040159.2237
 BOND   =         0.0000  ANGLE   =         0.0000  DIHED      =         0.0000
 1-4 NB =         0.0000  1-4 EEL =         0.0000  VDWAALS    =      8281.3123
 EELEC  =  -4048440.5360  EHBOND  =         0.0000  RESTRAINT  =         0.0000
 Ewald error estimate:   0.0000E+00
 ------------------------------------------------------------------------------


 NSTEP =      175   TIME(PS) =       0.175  TEMP(K) =   184.15  PRESS =     0.0
 Etot   =  -4035658.0491  EKtot   =      4496.0273  EPtot      =  -4040154.0764
 BOND   =         0.0000  ANGLE   =         0.0000  DIHED      =         0.0000
 1-4 NB =         0.0000  1-4 EEL =         0.0000  VDWAALS    =      8282.6391
 EELEC  =  -4048436.7154  EHBOND  =         0.0000  RESTRAINT  =         0.0000
 Ewald error estimate:   0.0000E+00
 ------------------------------------------------------------------------------


 NSTEP =      176   TIME(PS) =       0.176  TEMP(K) =   184.02  PRESS =     0.0
 Etot   =  -4035658.0120  EKtot   =      4492.9309  EPtot      =  -4040150.9429
 BOND   =         0.0000  ANGLE   =         0.0000  DIHED      =         0.0000
 1-4 NB =         0.0000  1-4 EEL =         0.0000  VDWAALS    =      8283.5862
 EELEC  =  -4048434.5292  EHBOND  =         0.0000  RESTRAINT  =         0.0000
 Ewald error estimate:   0.0000E+00
 ------------------------------------------------------------------------------


 NSTEP =      177   TIME(PS) =       0.177  TEMP(K) =   183.98  PRESS =     0.0
 Etot   =  -4035658.0250  EKtot   =      4491.8733  EPtot      =  -4040149.8983
 BOND   =         0.0000  ANGLE   =         0.0000  DIHED      =         0.0000
 1-4 NB =         0.0000  1-4 EEL =         0.0000  VDWAALS    =      8284.0252
 EELEC  =  -4048433.9235  EHBOND  =         0.0000  RESTRAINT  =         0.0000
 Ewald error estimate:   0.0000E+00
 ------------------------------------------------------------------------------


 NSTEP =      178   TIME(PS) =       0.178  TEMP(K) =   184.01  PRESS =     0.0
 Etot   =  -4035658.0533  EKtot   =      4492.7072  EPtot      =  -4040150.7605
 BOND   =         0.0000  ANGLE   =         0.0000  DIHED      =         0.0000
 1-4 NB =         0.0000  1-4 EEL =         0.0000  VDWAALS    =      8283.9567
 EELEC  =  -4048434.7172  EHBOND  =         0.0000  RESTRAINT  =         0.0000
 Ewald error estimate:   0.0000E+00
 ------------------------------------------------------------------------------


 NSTEP =      179   TIME(PS) =       0.179  TEMP(K) =   184.11  PRESS =     0.0
 Etot   =  -4035658.1015  EKtot   =      4495.1501  EPtot      =  -4040153.2516
 BOND   =         0.0000  ANGLE   =         0.0000  DIHED      =         0.0000
 1-4 NB =         0.0000  1-4 EEL =         0.0000  VDWAALS    =      8283.3454
 EELEC  =  -4048436.5970  EHBOND  =         0.0000  RESTRAINT  =         0.0000
 Ewald error estimate:   0.0000E+00
 ------------------------------------------------------------------------------


 NSTEP =      180   TIME(PS) =       0.180  TEMP(K) =   184.26  PRESS =     0.0
 Etot   =  -4035658.1243  EKtot   =      4498.8084  EPtot      =  -4040156.9327
 BOND   =         0.0000  ANGLE   =         0.0000  DIHED      =         0.0000
 1-4 NB =         0.0000  1-4 EEL =         0.0000  VDWAALS    =      8282.2196
 EELEC  =  -4048439.1522  EHBOND  =         0.0000  RESTRAINT  =         0.0000
 Ewald error estimate:   0.0000E+00
 ------------------------------------------------------------------------------


 NSTEP =      181   TIME(PS) =       0.181  TEMP(K) =   184.44  PRESS =     0.0
 Etot   =  -4035658.1529  EKtot   =      4503.2097  EPtot      =  -4040161.3626
 BOND   =         0.0000  ANGLE   =         0.0000  DIHED      =         0.0000
 1-4 NB =         0.0000  1-4 EEL =         0.0000  VDWAALS    =      8280.5304
 EELEC  =  -4048441.8931  EHBOND  =         0.0000  RESTRAINT  =         0.0000
 Ewald error estimate:   0.0000E+00
 ------------------------------------------------------------------------------


 NSTEP =      182   TIME(PS) =       0.182  TEMP(K) =   184.63  PRESS =     0.0
 Etot   =  -4035658.1878  EKtot   =      4507.8392  EPtot      =  -4040166.0270
 BOND   =         0.0000  ANGLE   =         0.0000  DIHED      =         0.0000
 1-4 NB =         0.0000  1-4 EEL =         0.0000  VDWAALS    =      8278.2852
 EELEC  =  -4048444.3122  EHBOND  =         0.0000  RESTRAINT  =         0.0000
 Ewald error estimate:   0.0000E+00
 ------------------------------------------------------------------------------


 NSTEP =      183   TIME(PS) =       0.183  TEMP(K) =   184.81  PRESS =     0.0
 Etot   =  -4035658.2011  EKtot   =      4512.1777  EPtot      =  -4040170.3787
 BOND   =         0.0000  ANGLE   =         0.0000  DIHED      =         0.0000
 1-4 NB =         0.0000  1-4 EEL =         0.0000  VDWAALS    =      8275.5134
 EELEC  =  -4048445.8921  EHBOND  =         0.0000  RESTRAINT  =         0.0000
 Ewald error estimate:   0.0000E+00
 ------------------------------------------------------------------------------


 NSTEP =      184   TIME(PS) =       0.184  TEMP(K) =   184.95  PRESS =     0.0
 Etot   =  -4035658.2505  EKtot   =      4515.7376  EPtot      =  -4040173.9881
 BOND   =         0.0000  ANGLE   =         0.0000  DIHED      =         0.0000
 1-4 NB =         0.0000  1-4 EEL =         0.0000  VDWAALS    =      8272.1736
 EELEC  =  -4048446.1618  EHBOND  =         0.0000  RESTRAINT  =         0.0000
 Ewald error estimate:   0.0000E+00
 ------------------------------------------------------------------------------


 NSTEP =      185   TIME(PS) =       0.185  TEMP(K) =   185.05  PRESS =     0.0
 Etot   =  -4035658.2596  EKtot   =      4518.0959  EPtot      =  -4040176.3555
 BOND   =         0.0000  ANGLE   =         0.0000  DIHED      =         0.0000
 1-4 NB =         0.0000  1-4 EEL =         0.0000  VDWAALS    =      8268.3690
 EELEC  =  -4048444.7245  EHBOND  =         0.0000  RESTRAINT  =         0.0000
 Ewald error estimate:   0.0000E+00
 ------------------------------------------------------------------------------


 NSTEP =      186   TIME(PS) =       0.186  TEMP(K) =   185.08  PRESS =     0.0
 Etot   =  -4035658.2880  EKtot   =      4518.9197  EPtot      =  -4040177.2076
 BOND   =         0.0000  ANGLE   =         0.0000  DIHED      =         0.0000
 1-4 NB =         0.0000  1-4 EEL =         0.0000  VDWAALS    =      8264.0698
 EELEC  =  -4048441.2774  EHBOND  =         0.0000  RESTRAINT  =         0.0000
 Ewald error estimate:   0.0000E+00
 ------------------------------------------------------------------------------


 NSTEP =      187   TIME(PS) =       0.187  TEMP(K) =   185.04  PRESS =     0.0
 Etot   =  -4035658.2797  EKtot   =      4517.9860  EPtot      =  -4040176.2657
 BOND   =         0.0000  ANGLE   =         0.0000  DIHED      =         0.0000
 1-4 NB =         0.0000  1-4 EEL =         0.0000  VDWAALS    =      8259.3625
 EELEC  =  -4048435.6281  EHBOND  =         0.0000  RESTRAINT  =         0.0000
 Ewald error estimate:   0.0000E+00
 ------------------------------------------------------------------------------


 NSTEP =      188   TIME(PS) =       0.188  TEMP(K) =   184.93  PRESS =     0.0
 Etot   =  -4035658.2843  EKtot   =      4515.1935  EPtot      =  -4040173.4778
 BOND   =         0.0000  ANGLE   =         0.0000  DIHED      =         0.0000
 1-4 NB =         0.0000  1-4 EEL =         0.0000  VDWAALS    =      8254.2365
 EELEC  =  -4048427.7143  EHBOND  =         0.0000  RESTRAINT  =         0.0000
 Ewald error estimate:   0.0000E+00
 ------------------------------------------------------------------------------


 NSTEP =      189   TIME(PS) =       0.189  TEMP(K) =   184.74  PRESS =     0.0
 Etot   =  -4035658.2695  EKtot   =      4510.5660  EPtot      =  -4040168.8355
 BOND   =         0.0000  ANGLE   =         0.0000  DIHED      =         0.0000
 1-4 NB =         0.0000  1-4 EEL =         0.0000  VDWAALS    =      8248.7712
 EELEC  =  -4048417.6068  EHBOND  =         0.0000  RESTRAINT  =         0.0000
 Ewald error estimate:   0.0000E+00
 ------------------------------------------------------------------------------


 NSTEP =      190   TIME(PS) =       0.190  TEMP(K) =   184.48  PRESS =     0.0
 Etot   =  -4035658.2448  EKtot   =      4504.2476  EPtot      =  -4040162.4923
 BOND   =         0.0000  ANGLE   =         0.0000  DIHED      =         0.0000
 1-4 NB =         0.0000  1-4 EEL =         0.0000  VDWAALS    =      8242.9952
 EELEC  =  -4048405.4876  EHBOND  =         0.0000  RESTRAINT  =         0.0000
 Ewald error estimate:   0.0000E+00
 ------------------------------------------------------------------------------


 NSTEP =      191   TIME(PS) =       0.191  TEMP(K) =   184.16  PRESS =     0.0
 Etot   =  -4035658.2527  EKtot   =      4496.4894  EPtot      =  -4040154.7421
 BOND   =         0.0000  ANGLE   =         0.0000  DIHED      =         0.0000
 1-4 NB =         0.0000  1-4 EEL =         0.0000  VDWAALS    =      8236.9068
 EELEC  =  -4048391.6489  EHBOND  =         0.0000  RESTRAINT  =         0.0000
 Ewald error estimate:   0.0000E+00
 ------------------------------------------------------------------------------


 NSTEP =      192   TIME(PS) =       0.192  TEMP(K) =   183.80  PRESS =     0.0
 Etot   =  -4035658.1996  EKtot   =      4487.6301  EPtot      =  -4040145.8298
 BOND   =         0.0000  ANGLE   =         0.0000  DIHED      =         0.0000
 1-4 NB =         0.0000  1-4 EEL =         0.0000  VDWAALS    =      8230.6491
 EELEC  =  -4048376.4789  EHBOND  =         0.0000  RESTRAINT  =         0.0000
 Ewald error estimate:   0.0000E+00
 ------------------------------------------------------------------------------


 NSTEP =      193   TIME(PS) =       0.193  TEMP(K) =   183.41  PRESS =     0.0
 Etot   =  -4035658.1842  EKtot   =      4478.0689  EPtot      =  -4040136.2531
 BOND   =         0.0000  ANGLE   =         0.0000  DIHED      =         0.0000
 1-4 NB =         0.0000  1-4 EEL =         0.0000  VDWAALS    =      8224.1664
 EELEC  =  -4048360.4195  EHBOND  =         0.0000  RESTRAINT  =         0.0000
 Ewald error estimate:   0.0000E+00
 ------------------------------------------------------------------------------


 NSTEP =      194   TIME(PS) =       0.194  TEMP(K) =   183.01  PRESS =     0.0
 Etot   =  -4035658.1759  EKtot   =      4468.2346  EPtot      =  -4040126.4105
 BOND   =         0.0000  ANGLE   =         0.0000  DIHED      =         0.0000
 1-4 NB =         0.0000  1-4 EEL =         0.0000  VDWAALS    =      8217.5319
 EELEC  =  -4048343.9424  EHBOND  =         0.0000  RESTRAINT  =         0.0000
 Ewald error estimate:   0.0000E+00
 ------------------------------------------------------------------------------


 NSTEP =      195   TIME(PS) =       0.195  TEMP(K) =   182.61  PRESS =     0.0
 Etot   =  -4035658.1321  EKtot   =      4458.5533  EPtot      =  -4040116.6854
 BOND   =         0.0000  ANGLE   =         0.0000  DIHED      =         0.0000
 1-4 NB =         0.0000  1-4 EEL =         0.0000  VDWAALS    =      8210.8296
 EELEC  =  -4048327.5150  EHBOND  =         0.0000  RESTRAINT  =         0.0000
 Ewald error estimate:   0.0000E+00
 ------------------------------------------------------------------------------


 NSTEP =      196   TIME(PS) =       0.196  TEMP(K) =   182.24  PRESS =     0.0
 Etot   =  -4035658.1346  EKtot   =      4449.4170  EPtot      =  -4040107.5516
 BOND   =         0.0000  ANGLE   =         0.0000  DIHED      =         0.0000
 1-4 NB =         0.0000  1-4 EEL =         0.0000  VDWAALS    =      8204.0171
 EELEC  =  -4048311.5687  EHBOND  =         0.0000  RESTRAINT  =         0.0000
 Ewald error estimate:   0.0000E+00
 ------------------------------------------------------------------------------


 NSTEP =      197   TIME(PS) =       0.197  TEMP(K) =   181.90  PRESS =     0.0
 Etot   =  -4035658.0939  EKtot   =      4441.1563  EPtot      =  -4040099.2503
 BOND   =         0.0000  ANGLE   =         0.0000  DIHED      =         0.0000
 1-4 NB =         0.0000  1-4 EEL =         0.0000  VDWAALS    =      8197.2277
 EELEC  =  -4048296.4779  EHBOND  =         0.0000  RESTRAINT  =         0.0000
 Ewald error estimate:   0.0000E+00
 ------------------------------------------------------------------------------


 NSTEP =      198   TIME(PS) =       0.198  TEMP(K) =   181.61  PRESS =     0.0
 Etot   =  -4035658.0594  EKtot   =      4434.0216  EPtot      =  -4040092.0810
 BOND   =         0.0000  ANGLE   =         0.0000  DIHED      =         0.0000
 1-4 NB =         0.0000  1-4 EEL =         0.0000  VDWAALS    =      8190.4573
 EELEC  =  -4048282.5384  EHBOND  =         0.0000  RESTRAINT  =         0.0000
 Ewald error estimate:   0.0000E+00
 ------------------------------------------------------------------------------


 NSTEP =      199   TIME(PS) =       0.199  TEMP(K) =   181.37  PRESS =     0.0
 Etot   =  -4035658.0450  EKtot   =      4428.1732  EPtot      =  -4040086.2181
 BOND   =         0.0000  ANGLE   =         0.0000  DIHED      =         0.0000
 1-4 NB =         0.0000  1-4 EEL =         0.0000  VDWAALS    =      8183.7173
 EELEC  =  -4048269.9354  EHBOND  =         0.0000  RESTRAINT  =         0.0000
 Ewald error estimate:   0.0000E+00
 ------------------------------------------------------------------------------


 NSTEP =      200   TIME(PS) =       0.200  TEMP(K) =   181.18  PRESS =     0.0
 Etot   =  -4035658.0737  EKtot   =      4423.6808  EPtot      =  -4040081.7545
 BOND   =         0.0000  ANGLE   =         0.0000  DIHED      =         0.0000
 1-4 NB =         0.0000  1-4 EEL =         0.0000  VDWAALS    =      8177.0314
 EELEC  =  -4048258.7859  EHBOND  =         0.0000  RESTRAINT  =         0.0000
 Ewald error estimate:   0.0000E+00
 ------------------------------------------------------------------------------


 NSTEP =      201   TIME(PS) =       0.201  TEMP(K) =   181.05  PRESS =     0.0
 Etot   =  -4035658.0516  EKtot   =      4420.5332  EPtot      =  -4040078.5848
 BOND   =         0.0000  ANGLE   =         0.0000  DIHED      =         0.0000
 1-4 NB =         0.0000  1-4 EEL =         0.0000  VDWAALS    =      8170.5331
 EELEC  =  -4048249.1178  EHBOND  =         0.0000  RESTRAINT  =         0.0000
 Ewald error estimate:   0.0000E+00
 ------------------------------------------------------------------------------


 NSTEP =      202   TIME(PS) =       0.202  TEMP(K) =   180.98  PRESS =     0.0
 Etot   =  -4035658.0518  EKtot   =      4418.6533  EPtot      =  -4040076.7051
 BOND   =         0.0000  ANGLE   =         0.0000  DIHED      =         0.0000
 1-4 NB =         0.0000  1-4 EEL =         0.0000  VDWAALS    =      8164.1731
 EELEC  =  -4048240.8782  EHBOND  =         0.0000  RESTRAINT  =         0.0000
 Ewald error estimate:   0.0000E+00
 ------------------------------------------------------------------------------


 NSTEP =      203   TIME(PS) =       0.203  TEMP(K) =   180.95  PRESS =     0.0
 Etot   =  -4035658.0740  EKtot   =      4417.9173  EPtot      =  -4040075.9913
 BOND   =         0.0000  ANGLE   =         0.0000  DIHED      =         0.0000
 1-4 NB =         0.0000  1-4 EEL =         0.0000  VDWAALS    =      8157.9798
 EELEC  =  -4048233.9711  EHBOND  =         0.0000  RESTRAINT  =         0.0000
 Ewald error estimate:   0.0000E+00
 ------------------------------------------------------------------------------


 NSTEP =      204   TIME(PS) =       0.204  TEMP(K) =   180.96  PRESS =     0.0
 Etot   =  -4035658.1047  EKtot   =      4418.1732  EPtot      =  -4040076.2779
 BOND   =         0.0000  ANGLE   =         0.0000  DIHED      =         0.0000
 1-4 NB =         0.0000  1-4 EEL =         0.0000  VDWAALS    =      8151.9917
 EELEC  =  -4048228.2696  EHBOND  =         0.0000  RESTRAINT  =         0.0000
 Ewald error estimate:   0.0000E+00
 ------------------------------------------------------------------------------


 NSTEP =      205   TIME(PS) =       0.205  TEMP(K) =   181.00  PRESS =     0.0
 Etot   =  -4035658.1072  EKtot   =      4419.2581  EPtot      =  -4040077.3654
 BOND   =         0.0000  ANGLE   =         0.0000  DIHED      =         0.0000
 1-4 NB =         0.0000  1-4 EEL =         0.0000  VDWAALS    =      8146.2592
 EELEC  =  -4048223.6245  EHBOND  =         0.0000  RESTRAINT  =         0.0000
 Ewald error estimate:   0.0000E+00
 ------------------------------------------------------------------------------


 NSTEP =      206   TIME(PS) =       0.206  TEMP(K) =   181.07  PRESS =     0.0
 Etot   =  -4035658.1033  EKtot   =      4421.0101  EPtot      =  -4040079.1135
 BOND   =         0.0000  ANGLE   =         0.0000  DIHED      =         0.0000
 1-4 NB =         0.0000  1-4 EEL =         0.0000  VDWAALS    =      8140.7667
 EELEC  =  -4048219.8802  EHBOND  =         0.0000  RESTRAINT  =         0.0000
 Ewald error estimate:   0.0000E+00
 ------------------------------------------------------------------------------


 NSTEP =      207   TIME(PS) =       0.207  TEMP(K) =   181.17  PRESS =     0.0
 Etot   =  -4035658.1155  EKtot   =      4423.2768  EPtot      =  -4040081.3923
 BOND   =         0.0000  ANGLE   =         0.0000  DIHED      =         0.0000
 1-4 NB =         0.0000  1-4 EEL =         0.0000  VDWAALS    =      8135.4809
 EELEC  =  -4048216.8732  EHBOND  =         0.0000  RESTRAINT  =         0.0000
 Ewald error estimate:   0.0000E+00
 ------------------------------------------------------------------------------


 NSTEP =      208   TIME(PS) =       0.208  TEMP(K) =   181.27  PRESS =     0.0
 Etot   =  -4035658.1047  EKtot   =      4425.9182  EPtot      =  -4040084.0228
 BOND   =         0.0000  ANGLE   =         0.0000  DIHED      =         0.0000
 1-4 NB =         0.0000  1-4 EEL =         0.0000  VDWAALS    =      8130.4377
 EELEC  =  -4048214.4605  EHBOND  =         0.0000  RESTRAINT  =         0.0000
 Ewald error estimate:   0.0000E+00
 ------------------------------------------------------------------------------


 NSTEP =      209   TIME(PS) =       0.209  TEMP(K) =   181.39  PRESS =     0.0
 Etot   =  -4035658.1144  EKtot   =      4428.8067  EPtot      =  -4040086.9211
 BOND   =         0.0000  ANGLE   =         0.0000  DIHED      =         0.0000
 1-4 NB =         0.0000  1-4 EEL =         0.0000  VDWAALS    =      8125.5695
 EELEC  =  -4048212.4906  EHBOND  =         0.0000  RESTRAINT  =         0.0000
 Ewald error estimate:   0.0000E+00
 ------------------------------------------------------------------------------


 NSTEP =      210   TIME(PS) =       0.210  TEMP(K) =   181.52  PRESS =     0.0
 Etot   =  -4035658.1271  EKtot   =      4431.8241  EPtot      =  -4040089.9512
 BOND   =         0.0000  ANGLE   =         0.0000  DIHED      =         0.0000
 1-4 NB =         0.0000  1-4 EEL =         0.0000  VDWAALS    =      8120.8664
 EELEC  =  -4048210.8176  EHBOND  =         0.0000  RESTRAINT  =         0.0000
 Ewald error estimate:   0.0000E+00
 ------------------------------------------------------------------------------


 NSTEP =      211   TIME(PS) =       0.211  TEMP(K) =   181.64  PRESS =     0.0
 Etot   =  -4035658.1562  EKtot   =      4434.8566  EPtot      =  -4040093.0127
 BOND   =         0.0000  ANGLE   =         0.0000  DIHED      =         0.0000
 1-4 NB =         0.0000  1-4 EEL =         0.0000  VDWAALS    =      8116.2889
 EELEC  =  -4048209.3016  EHBOND  =         0.0000  RESTRAINT  =         0.0000
 Ewald error estimate:   0.0000E+00
 ------------------------------------------------------------------------------


 NSTEP =      212   TIME(PS) =       0.212  TEMP(K) =   181.76  PRESS =     0.0
 Etot   =  -4035658.1709  EKtot   =      4437.7901  EPtot      =  -4040095.9610
 BOND   =         0.0000  ANGLE   =         0.0000  DIHED      =         0.0000
 1-4 NB =         0.0000  1-4 EEL =         0.0000  VDWAALS    =      8111.8323
 EELEC  =  -4048207.7933  EHBOND  =         0.0000  RESTRAINT  =         0.0000
 Ewald error estimate:   0.0000E+00
 ------------------------------------------------------------------------------


 NSTEP =      213   TIME(PS) =       0.213  TEMP(K) =   181.87  PRESS =     0.0
 Etot   =  -4035658.2072  EKtot   =      4440.5062  EPtot      =  -4040098.7134
 BOND   =         0.0000  ANGLE   =         0.0000  DIHED      =         0.0000
 1-4 NB =         0.0000  1-4 EEL =         0.0000  VDWAALS    =      8107.4285
 EELEC  =  -4048206.1419  EHBOND  =         0.0000  RESTRAINT  =         0.0000
 Ewald error estimate:   0.0000E+00
 ------------------------------------------------------------------------------


 NSTEP =      214   TIME(PS) =       0.214  TEMP(K) =   181.97  PRESS =     0.0
 Etot   =  -4035658.2416  EKtot   =      4442.8804  EPtot      =  -4040101.1220
 BOND   =         0.0000  ANGLE   =         0.0000  DIHED      =         0.0000
 1-4 NB =         0.0000  1-4 EEL =         0.0000  VDWAALS    =      8103.0572
 EELEC  =  -4048204.1792  EHBOND  =         0.0000  RESTRAINT  =         0.0000
 Ewald error estimate:   0.0000E+00
 ------------------------------------------------------------------------------


 NSTEP =      215   TIME(PS) =       0.215  TEMP(K) =   182.05  PRESS =     0.0
 Etot   =  -4035658.2370  EKtot   =      4444.7840  EPtot      =  -4040103.0210
 BOND   =         0.0000  ANGLE   =         0.0000  DIHED      =         0.0000
 1-4 NB =         0.0000  1-4 EEL =         0.0000  VDWAALS    =      8098.7320
 EELEC  =  -4048201.7530  EHBOND  =         0.0000  RESTRAINT  =         0.0000
 Ewald error estimate:   0.0000E+00
 ------------------------------------------------------------------------------


 NSTEP =      216   TIME(PS) =       0.216  TEMP(K) =   182.10  PRESS =     0.0
 Etot   =  -4035658.2353  EKtot   =      4446.0894  EPtot      =  -4040104.3247
 BOND   =         0.0000  ANGLE   =         0.0000  DIHED      =         0.0000
 1-4 NB =         0.0000  1-4 EEL =         0.0000  VDWAALS    =      8094.3687
 EELEC  =  -4048198.6934  EHBOND  =         0.0000  RESTRAINT  =         0.0000
 Ewald error estimate:   0.0000E+00
 ------------------------------------------------------------------------------


 NSTEP =      217   TIME(PS) =       0.217  TEMP(K) =   182.12  PRESS =     0.0
 Etot   =  -4035658.2486  EKtot   =      4446.6797  EPtot      =  -4040104.9283
 BOND   =         0.0000  ANGLE   =         0.0000  DIHED      =         0.0000
 1-4 NB =         0.0000  1-4 EEL =         0.0000  VDWAALS    =      8089.9290
 EELEC  =  -4048194.8573  EHBOND  =         0.0000  RESTRAINT  =         0.0000
 Ewald error estimate:   0.0000E+00
 ------------------------------------------------------------------------------


 NSTEP =      218   TIME(PS) =       0.218  TEMP(K) =   182.12  PRESS =     0.0
 Etot   =  -4035658.2625  EKtot   =      4446.4605  EPtot      =  -4040104.7230
 BOND   =         0.0000  ANGLE   =         0.0000  DIHED      =         0.0000
 1-4 NB =         0.0000  1-4 EEL =         0.0000  VDWAALS    =      8085.3932
 EELEC  =  -4048190.1163  EHBOND  =         0.0000  RESTRAINT  =         0.0000
 Ewald error estimate:   0.0000E+00
 ------------------------------------------------------------------------------


 NSTEP =      219   TIME(PS) =       0.219  TEMP(K) =   182.07  PRESS =     0.0
 Etot   =  -4035658.2510  EKtot   =      4445.3722  EPtot      =  -4040103.6233
 BOND   =         0.0000  ANGLE   =         0.0000  DIHED      =         0.0000
 1-4 NB =         0.0000  1-4 EEL =         0.0000  VDWAALS    =      8080.7647
 EELEC  =  -4048184.3880  EHBOND  =         0.0000  RESTRAINT  =         0.0000
 Ewald error estimate:   0.0000E+00
 ------------------------------------------------------------------------------


 NSTEP =      220   TIME(PS) =       0.220  TEMP(K) =   181.99  PRESS =     0.0
 Etot   =  -4035658.2285  EKtot   =      4443.4010  EPtot      =  -4040101.6294
 BOND   =         0.0000  ANGLE   =         0.0000  DIHED      =         0.0000
 1-4 NB =         0.0000  1-4 EEL =         0.0000  VDWAALS    =      8076.0123
 EELEC  =  -4048177.6418  EHBOND  =         0.0000  RESTRAINT  =         0.0000
 Ewald error estimate:   0.0000E+00
 ------------------------------------------------------------------------------


 NSTEP =      221   TIME(PS) =       0.221  TEMP(K) =   181.87  PRESS =     0.0
 Etot   =  -4035658.2361  EKtot   =      4440.5836  EPtot      =  -4040098.8198
 BOND   =         0.0000  ANGLE   =         0.0000  DIHED      =         0.0000
 1-4 NB =         0.0000  1-4 EEL =         0.0000  VDWAALS    =      8071.0768
 EELEC  =  -4048169.8966  EHBOND  =         0.0000  RESTRAINT  =         0.0000
 Ewald error estimate:   0.0000E+00
 ------------------------------------------------------------------------------


 NSTEP =      222   TIME(PS) =       0.222  TEMP(K) =   181.73  PRESS =     0.0
 Etot   =  -4035658.2232  EKtot   =      4437.0068  EPtot      =  -4040095.2301
 BOND   =         0.0000  ANGLE   =         0.0000  DIHED      =         0.0000
 1-4 NB =         0.0000  1-4 EEL =         0.0000  VDWAALS    =      8065.9941
 EELEC  =  -4048161.2241  EHBOND  =         0.0000  RESTRAINT  =         0.0000
 Ewald error estimate:   0.0000E+00
 ------------------------------------------------------------------------------


 NSTEP =      223   TIME(PS) =       0.223  TEMP(K) =   181.56  PRESS =     0.0
 Etot   =  -4035658.2366  EKtot   =      4432.7986  EPtot      =  -4040091.0352
 BOND   =         0.0000  ANGLE   =         0.0000  DIHED      =         0.0000
 1-4 NB =         0.0000  1-4 EEL =         0.0000  VDWAALS    =      8060.7231
 EELEC  =  -4048151.7584  EHBOND  =         0.0000  RESTRAINT  =         0.0000
 Ewald error estimate:   0.0000E+00
 ------------------------------------------------------------------------------


 NSTEP =      224   TIME(PS) =       0.224  TEMP(K) =   181.36  PRESS =     0.0
 Etot   =  -4035658.2253  EKtot   =      4428.1155  EPtot      =  -4040086.3408
 BOND   =         0.0000  ANGLE   =         0.0000  DIHED      =         0.0000
 1-4 NB =         0.0000  1-4 EEL =         0.0000  VDWAALS    =      8055.3101
 EELEC  =  -4048141.6509  EHBOND  =         0.0000  RESTRAINT  =         0.0000
 Ewald error estimate:   0.0000E+00
 ------------------------------------------------------------------------------


 NSTEP =      225   TIME(PS) =       0.225  TEMP(K) =   181.16  PRESS =     0.0
 Etot   =  -4035658.1911  EKtot   =      4423.1269  EPtot      =  -4040081.3180
 BOND   =         0.0000  ANGLE   =         0.0000  DIHED      =         0.0000
 1-4 NB =         0.0000  1-4 EEL =         0.0000  VDWAALS    =      8049.7693
 EELEC  =  -4048131.0873  EHBOND  =         0.0000  RESTRAINT  =         0.0000
 Ewald error estimate:   0.0000E+00
 ------------------------------------------------------------------------------


 NSTEP =      226   TIME(PS) =       0.226  TEMP(K) =   180.95  PRESS =     0.0
 Etot   =  -4035658.1776  EKtot   =      4418.0014  EPtot      =  -4040076.1790
 BOND   =         0.0000  ANGLE   =         0.0000  DIHED      =         0.0000
 1-4 NB =         0.0000  1-4 EEL =         0.0000  VDWAALS    =      8044.0643
 EELEC  =  -4048120.2433  EHBOND  =         0.0000  RESTRAINT  =         0.0000
 Ewald error estimate:   0.0000E+00
 ------------------------------------------------------------------------------


 NSTEP =      227   TIME(PS) =       0.227  TEMP(K) =   180.74  PRESS =     0.0
 Etot   =  -4035658.1625  EKtot   =      4412.8978  EPtot      =  -4040071.0603
 BOND   =         0.0000  ANGLE   =         0.0000  DIHED      =         0.0000
 1-4 NB =         0.0000  1-4 EEL =         0.0000  VDWAALS    =      8038.2405
 EELEC  =  -4048109.3008  EHBOND  =         0.0000  RESTRAINT  =         0.0000
 Ewald error estimate:   0.0000E+00
 ------------------------------------------------------------------------------


 NSTEP =      228   TIME(PS) =       0.228  TEMP(K) =   180.54  PRESS =     0.0
 Etot   =  -4035658.1638  EKtot   =      4407.9609  EPtot      =  -4040066.1247
 BOND   =         0.0000  ANGLE   =         0.0000  DIHED      =         0.0000
 1-4 NB =         0.0000  1-4 EEL =         0.0000  VDWAALS    =      8032.3145
 EELEC  =  -4048098.4392  EHBOND  =         0.0000  RESTRAINT  =         0.0000
 Ewald error estimate:   0.0000E+00
 ------------------------------------------------------------------------------


 NSTEP =      229   TIME(PS) =       0.229  TEMP(K) =   180.35  PRESS =     0.0
 Etot   =  -4035658.1815  EKtot   =      4403.3230  EPtot      =  -4040061.5046
 BOND   =         0.0000  ANGLE   =         0.0000  DIHED      =         0.0000
 1-4 NB =         0.0000  1-4 EEL =         0.0000  VDWAALS    =      8026.3158
 EELEC  =  -4048087.8204  EHBOND  =         0.0000  RESTRAINT  =         0.0000
 Ewald error estimate:   0.0000E+00
 ------------------------------------------------------------------------------


 NSTEP =      230   TIME(PS) =       0.230  TEMP(K) =   180.18  PRESS =     0.0
 Etot   =  -4035658.2093  EKtot   =      4399.1077  EPtot      =  -4040057.3169
 BOND   =         0.0000  ANGLE   =         0.0000  DIHED      =         0.0000
 1-4 NB =         0.0000  1-4 EEL =         0.0000  VDWAALS    =      8020.2916
 EELEC  =  -4048077.6086  EHBOND  =         0.0000  RESTRAINT  =         0.0000
 Ewald error estimate:   0.0000E+00
 ------------------------------------------------------------------------------


 NSTEP =      231   TIME(PS) =       0.231  TEMP(K) =   180.03  PRESS =     0.0
 Etot   =  -4035658.1693  EKtot   =      4395.4321  EPtot      =  -4040053.6014
 BOND   =         0.0000  ANGLE   =         0.0000  DIHED      =         0.0000
 1-4 NB =         0.0000  1-4 EEL =         0.0000  VDWAALS    =      8014.3759
 EELEC  =  -4048067.9773  EHBOND  =         0.0000  RESTRAINT  =         0.0000
 Ewald error estimate:   0.0000E+00
 ------------------------------------------------------------------------------


 NSTEP =      232   TIME(PS) =       0.232  TEMP(K) =   179.90  PRESS =     0.0
 Etot   =  -4035658.1600  EKtot   =      4392.4066  EPtot      =  -4040050.5666
 BOND   =         0.0000  ANGLE   =         0.0000  DIHED      =         0.0000
 1-4 NB =         0.0000  1-4 EEL =         0.0000  VDWAALS    =      8008.5194
 EELEC  =  -4048059.0860  EHBOND  =         0.0000  RESTRAINT  =         0.0000
 Ewald error estimate:   0.0000E+00
 ------------------------------------------------------------------------------


 NSTEP =      233   TIME(PS) =       0.233  TEMP(K) =   179.81  PRESS =     0.0
 Etot   =  -4035658.1455  EKtot   =      4390.1285  EPtot      =  -4040048.2740
 BOND   =         0.0000  ANGLE   =         0.0000  DIHED      =         0.0000
 1-4 NB =         0.0000  1-4 EEL =         0.0000  VDWAALS    =      8002.8124
 EELEC  =  -4048051.0864  EHBOND  =         0.0000  RESTRAINT  =         0.0000
 Ewald error estimate:   0.0000E+00
 ------------------------------------------------------------------------------


 NSTEP =      234   TIME(PS) =       0.234  TEMP(K) =   179.75  PRESS =     0.0
 Etot   =  -4035658.1384  EKtot   =      4388.6704  EPtot      =  -4040046.8088
 BOND   =         0.0000  ANGLE   =         0.0000  DIHED      =         0.0000
 1-4 NB =         0.0000  1-4 EEL =         0.0000  VDWAALS    =      7997.2939
 EELEC  =  -4048044.1027  EHBOND  =         0.0000  RESTRAINT  =         0.0000
 Ewald error estimate:   0.0000E+00
 ------------------------------------------------------------------------------


 NSTEP =      235   TIME(PS) =       0.235  TEMP(K) =   179.72  PRESS =     0.0
 Etot   =  -4035658.1327  EKtot   =      4388.0669  EPtot      =  -4040046.1996
 BOND   =         0.0000  ANGLE   =         0.0000  DIHED      =         0.0000
 1-4 NB =         0.0000  1-4 EEL =         0.0000  VDWAALS    =      7992.0265
 EELEC  =  -4048038.2261  EHBOND  =         0.0000  RESTRAINT  =         0.0000
 Ewald error estimate:   0.0000E+00
 ------------------------------------------------------------------------------


 NSTEP =      236   TIME(PS) =       0.236  TEMP(K) =   179.73  PRESS =     0.0
 Etot   =  -4035658.1179  EKtot   =      4388.2999  EPtot      =  -4040046.4178
 BOND   =         0.0000  ANGLE   =         0.0000  DIHED      =         0.0000
 1-4 NB =         0.0000  1-4 EEL =         0.0000  VDWAALS    =      7987.0698
 EELEC  =  -4048033.4876  EHBOND  =         0.0000  RESTRAINT  =         0.0000
 Ewald error estimate:   0.0000E+00
 ------------------------------------------------------------------------------


 NSTEP =      237   TIME(PS) =       0.237  TEMP(K) =   179.77  PRESS =     0.0
 Etot   =  -4035658.1405  EKtot   =      4389.2886  EPtot      =  -4040047.4290
 BOND   =         0.0000  ANGLE   =         0.0000  DIHED      =         0.0000
 1-4 NB =         0.0000  1-4 EEL =         0.0000  VDWAALS    =      7982.4088
 EELEC  =  -4048029.8378  EHBOND  =         0.0000  RESTRAINT  =         0.0000
 Ewald error estimate:   0.0000E+00
 ------------------------------------------------------------------------------


 NSTEP =      238   TIME(PS) =       0.238  TEMP(K) =   179.84  PRESS =     0.0
 Etot   =  -4035658.1670  EKtot   =      4390.8848  EPtot      =  -4040049.0518
 BOND   =         0.0000  ANGLE   =         0.0000  DIHED      =         0.0000
 1-4 NB =         0.0000  1-4 EEL =         0.0000  VDWAALS    =      7978.1129
 EELEC  =  -4048027.1647  EHBOND  =         0.0000  RESTRAINT  =         0.0000
 Ewald error estimate:   0.0000E+00
 ------------------------------------------------------------------------------


 NSTEP =      239   TIME(PS) =       0.239  TEMP(K) =   179.92  PRESS =     0.0
 Etot   =  -4035658.1768  EKtot   =      4392.8775  EPtot      =  -4040051.0543
 BOND   =         0.0000  ANGLE   =         0.0000  DIHED      =         0.0000
 1-4 NB =         0.0000  1-4 EEL =         0.0000  VDWAALS    =      7974.2238
 EELEC  =  -4048025.2780  EHBOND  =         0.0000  RESTRAINT  =         0.0000
 Ewald error estimate:   0.0000E+00
 ------------------------------------------------------------------------------


 NSTEP =      240   TIME(PS) =       0.240  TEMP(K) =   180.01  PRESS =     0.0
 Etot   =  -4035658.1994  EKtot   =      4395.0048  EPtot      =  -4040053.2042
 BOND   =         0.0000  ANGLE   =         0.0000  DIHED      =         0.0000
 1-4 NB =         0.0000  1-4 EEL =         0.0000  VDWAALS    =      7970.7215
 EELEC  =  -4048023.9257  EHBOND  =         0.0000  RESTRAINT  =         0.0000
 Ewald error estimate:   0.0000E+00
 ------------------------------------------------------------------------------


 NSTEP =      241   TIME(PS) =       0.241  TEMP(K) =   180.09  PRESS =     0.0
 Etot   =  -4035658.2115  EKtot   =      4396.9739  EPtot      =  -4040055.1854
 BOND   =         0.0000  ANGLE   =         0.0000  DIHED      =         0.0000
 1-4 NB =         0.0000  1-4 EEL =         0.0000  VDWAALS    =      7967.6266
 EELEC  =  -4048022.8120  EHBOND  =         0.0000  RESTRAINT  =         0.0000
 Ewald error estimate:   0.0000E+00
 ------------------------------------------------------------------------------


 NSTEP =      242   TIME(PS) =       0.242  TEMP(K) =   180.15  PRESS =     0.0
 Etot   =  -4035658.2113  EKtot   =      4398.4871  EPtot      =  -4040056.6984
 BOND   =         0.0000  ANGLE   =         0.0000  DIHED      =         0.0000
 1-4 NB =         0.0000  1-4 EEL =         0.0000  VDWAALS    =      7964.9355
 EELEC  =  -4048021.6339  EHBOND  =         0.0000  RESTRAINT  =         0.0000
 Ewald error estimate:   0.0000E+00
 ------------------------------------------------------------------------------


 NSTEP =      243   TIME(PS) =       0.243  TEMP(K) =   180.18  PRESS =     0.0
 Etot   =  -4035658.2073  EKtot   =      4399.2707  EPtot      =  -4040057.4781
 BOND   =         0.0000  ANGLE   =         0.0000  DIHED      =         0.0000
 1-4 NB =         0.0000  1-4 EEL =         0.0000  VDWAALS    =      7962.6258
 EELEC  =  -4048020.1038  EHBOND  =         0.0000  RESTRAINT  =         0.0000
 Ewald error estimate:   0.0000E+00
 ------------------------------------------------------------------------------


 NSTEP =      244   TIME(PS) =       0.244  TEMP(K) =   180.18  PRESS =     0.0
 Etot   =  -4035658.2230  EKtot   =      4399.1042  EPtot      =  -4040057.3271
 BOND   =         0.0000  ANGLE   =         0.0000  DIHED      =         0.0000
 1-4 NB =         0.0000  1-4 EEL =         0.0000  VDWAALS    =      7960.6487
 EELEC  =  -4048017.9758  EHBOND  =         0.0000  RESTRAINT  =         0.0000
 Ewald error estimate:   0.0000E+00
 ------------------------------------------------------------------------------


 NSTEP =      245   TIME(PS) =       0.245  TEMP(K) =   180.12  PRESS =     0.0
 Etot   =  -4035658.2249  EKtot   =      4397.8453  EPtot      =  -4040056.0702
 BOND   =         0.0000  ANGLE   =         0.0000  DIHED      =         0.0000
 1-4 NB =         0.0000  1-4 EEL =         0.0000  VDWAALS    =      7959.0043
 EELEC  =  -4048015.0745  EHBOND  =         0.0000  RESTRAINT  =         0.0000
 Ewald error estimate:   0.0000E+00
 ------------------------------------------------------------------------------


 NSTEP =      246   TIME(PS) =       0.246  TEMP(K) =   180.03  PRESS =     0.0
 Etot   =  -4035658.2228  EKtot   =      4395.4487  EPtot      =  -4040053.6715
 BOND   =         0.0000  ANGLE   =         0.0000  DIHED      =         0.0000
 1-4 NB =         0.0000  1-4 EEL =         0.0000  VDWAALS    =      7957.6537
 EELEC  =  -4048011.3251  EHBOND  =         0.0000  RESTRAINT  =         0.0000
 Ewald error estimate:   0.0000E+00
 ------------------------------------------------------------------------------


 NSTEP =      247   TIME(PS) =       0.247  TEMP(K) =   179.88  PRESS =     0.0
 Etot   =  -4035658.2011  EKtot   =      4391.9754  EPtot      =  -4040050.1765
 BOND   =         0.0000  ANGLE   =         0.0000  DIHED      =         0.0000
 1-4 NB =         0.0000  1-4 EEL =         0.0000  VDWAALS    =      7956.5846
 EELEC  =  -4048006.7611  EHBOND  =         0.0000  RESTRAINT  =         0.0000
 Ewald error estimate:   0.0000E+00
 ------------------------------------------------------------------------------


 NSTEP =      248   TIME(PS) =       0.248  TEMP(K) =   179.70  PRESS =     0.0
 Etot   =  -4035658.1961  EKtot   =      4387.5920  EPtot      =  -4040045.7881
 BOND   =         0.0000  ANGLE   =         0.0000  DIHED      =         0.0000
 1-4 NB =         0.0000  1-4 EEL =         0.0000  VDWAALS    =      7955.7230
 EELEC  =  -4048001.5112  EHBOND  =         0.0000  RESTRAINT  =         0.0000
 Ewald error estimate:   0.0000E+00
 ------------------------------------------------------------------------------


 NSTEP =      249   TIME(PS) =       0.249  TEMP(K) =   179.50  PRESS =     0.0
 Etot   =  -4035658.1785  EKtot   =      4382.5594  EPtot      =  -4040040.7379
 BOND   =         0.0000  ANGLE   =         0.0000  DIHED      =         0.0000
 1-4 NB =         0.0000  1-4 EEL =         0.0000  VDWAALS    =      7955.0612
 EELEC  =  -4047995.7991  EHBOND  =         0.0000  RESTRAINT  =         0.0000
 Ewald error estimate:   0.0000E+00
 ------------------------------------------------------------------------------


 NSTEP =      250   TIME(PS) =       0.250  TEMP(K) =   179.28  PRESS =     0.0
 Etot   =  -4035658.1475  EKtot   =      4377.2113  EPtot      =  -4040035.3589
 BOND   =         0.0000  ANGLE   =         0.0000  DIHED      =         0.0000
 1-4 NB =         0.0000  1-4 EEL =         0.0000  VDWAALS    =      7954.5766
 EELEC  =  -4047989.9355  EHBOND  =         0.0000  RESTRAINT  =         0.0000
 Ewald error estimate:   0.0000E+00
 ------------------------------------------------------------------------------


 NSTEP =      251   TIME(PS) =       0.251  TEMP(K) =   179.06  PRESS =     0.0
 Etot   =  -4035658.1256  EKtot   =      4371.9266  EPtot      =  -4040030.0522
 BOND   =         0.0000  ANGLE   =         0.0000  DIHED      =         0.0000
 1-4 NB =         0.0000  1-4 EEL =         0.0000  VDWAALS    =      7954.2223
 EELEC  =  -4047984.2746  EHBOND  =         0.0000  RESTRAINT  =         0.0000
 Ewald error estimate:   0.0000E+00
 ------------------------------------------------------------------------------


 NSTEP =      252   TIME(PS) =       0.252  TEMP(K) =   178.86  PRESS =     0.0
 Etot   =  -4035658.0844  EKtot   =      4367.0940  EPtot      =  -4040025.1784
 BOND   =         0.0000  ANGLE   =         0.0000  DIHED      =         0.0000
 1-4 NB =         0.0000  1-4 EEL =         0.0000  VDWAALS    =      7954.0027
 EELEC  =  -4047979.1811  EHBOND  =         0.0000  RESTRAINT  =         0.0000
 Ewald error estimate:   0.0000E+00
 ------------------------------------------------------------------------------


 NSTEP =      253   TIME(PS) =       0.253  TEMP(K) =   178.70  PRESS =     0.0
 Etot   =  -4035658.0498  EKtot   =      4363.0755  EPtot      =  -4040021.1253
 BOND   =         0.0000  ANGLE   =         0.0000  DIHED      =         0.0000
 1-4 NB =         0.0000  1-4 EEL =         0.0000  VDWAALS    =      7953.8754
 EELEC  =  -4047975.0007  EHBOND  =         0.0000  RESTRAINT  =         0.0000
 Ewald error estimate:   0.0000E+00
 ------------------------------------------------------------------------------


 NSTEP =      254   TIME(PS) =       0.254  TEMP(K) =   178.58  PRESS =     0.0
 Etot   =  -4035658.0558  EKtot   =      4360.1695  EPtot      =  -4040018.2253
 BOND   =         0.0000  ANGLE   =         0.0000  DIHED      =         0.0000
 1-4 NB =         0.0000  1-4 EEL =         0.0000  VDWAALS    =      7953.8027
 EELEC  =  -4047972.0280  EHBOND  =         0.0000  RESTRAINT  =         0.0000
 Ewald error estimate:   0.0000E+00
 ------------------------------------------------------------------------------


 NSTEP =      255   TIME(PS) =       0.255  TEMP(K) =   178.52  PRESS =     0.0
 Etot   =  -4035658.0634  EKtot   =      4358.5787  EPtot      =  -4040016.6421
 BOND   =         0.0000  ANGLE   =         0.0000  DIHED      =         0.0000
 1-4 NB =         0.0000  1-4 EEL =         0.0000  VDWAALS    =      7953.8281
 EELEC  =  -4047970.4702  EHBOND  =         0.0000  RESTRAINT  =         0.0000
 Ewald error estimate:   0.0000E+00
 ------------------------------------------------------------------------------


 NSTEP =      256   TIME(PS) =       0.256  TEMP(K) =   178.51  PRESS =     0.0
 Etot   =  -4035658.0716  EKtot   =      4358.3855  EPtot      =  -4040016.4571
 BOND   =         0.0000  ANGLE   =         0.0000  DIHED      =         0.0000
 1-4 NB =         0.0000  1-4 EEL =         0.0000  VDWAALS    =      7953.9469
 EELEC  =  -4047970.4039  EHBOND  =         0.0000  RESTRAINT  =         0.0000
 Ewald error estimate:   0.0000E+00
 ------------------------------------------------------------------------------


 NSTEP =      257   TIME(PS) =       0.257  TEMP(K) =   178.56  PRESS =     0.0
 Etot   =  -4035658.1218  EKtot   =      4359.5396  EPtot      =  -4040017.6614
 BOND   =         0.0000  ANGLE   =         0.0000  DIHED      =         0.0000
 1-4 NB =         0.0000  1-4 EEL =         0.0000  VDWAALS    =      7954.1310
 EELEC  =  -4047971.7923  EHBOND  =         0.0000  RESTRAINT  =         0.0000
 Ewald error estimate:   0.0000E+00
 ------------------------------------------------------------------------------


 NSTEP =      258   TIME(PS) =       0.258  TEMP(K) =   178.65  PRESS =     0.0
 Etot   =  -4035658.1416  EKtot   =      4361.8586  EPtot      =  -4040020.0002
 BOND   =         0.0000  ANGLE   =         0.0000  DIHED      =         0.0000
 1-4 NB =         0.0000  1-4 EEL =         0.0000  VDWAALS    =      7954.4701
 EELEC  =  -4047974.4704  EHBOND  =         0.0000  RESTRAINT  =         0.0000
 Ewald error estimate:   0.0000E+00
 ------------------------------------------------------------------------------


 NSTEP =      259   TIME(PS) =       0.259  TEMP(K) =   178.78  PRESS =     0.0
 Etot   =  -4035658.1814  EKtot   =      4365.0432  EPtot      =  -4040023.2246
 BOND   =         0.0000  ANGLE   =         0.0000  DIHED      =         0.0000
 1-4 NB =         0.0000  1-4 EEL =         0.0000  VDWAALS    =      7954.9302
 EELEC  =  -4047978.1548  EHBOND  =         0.0000  RESTRAINT  =         0.0000
 Ewald error estimate:   0.0000E+00
 ------------------------------------------------------------------------------


 NSTEP =      260   TIME(PS) =       0.260  TEMP(K) =   178.93  PRESS =     0.0
 Etot   =  -4035658.2051  EKtot   =      4368.7048  EPtot      =  -4040026.9098
 BOND   =         0.0000  ANGLE   =         0.0000  DIHED      =         0.0000
 1-4 NB =         0.0000  1-4 EEL =         0.0000  VDWAALS    =      7955.5627
 EELEC  =  -4047982.4725  EHBOND  =         0.0000  RESTRAINT  =         0.0000
 Ewald error estimate:   0.0000E+00
 ------------------------------------------------------------------------------


 NSTEP =      261   TIME(PS) =       0.261  TEMP(K) =   179.08  PRESS =     0.0
 Etot   =  -4035658.2428  EKtot   =      4372.4036  EPtot      =  -4040030.6465
 BOND   =         0.0000  ANGLE   =         0.0000  DIHED      =         0.0000
 1-4 NB =         0.0000  1-4 EEL =         0.0000  VDWAALS    =      7956.3608
 EELEC  =  -4047987.0073  EHBOND  =         0.0000  RESTRAINT  =         0.0000
 Ewald error estimate:   0.0000E+00
 ------------------------------------------------------------------------------


 NSTEP =      262   TIME(PS) =       0.262  TEMP(K) =   179.22  PRESS =     0.0
 Etot   =  -4035658.2952  EKtot   =      4375.6926  EPtot      =  -4040033.9878
 BOND   =         0.0000  ANGLE   =         0.0000  DIHED      =         0.0000
 1-4 NB =         0.0000  1-4 EEL =         0.0000  VDWAALS    =      7957.3402
 EELEC  =  -4047991.3280  EHBOND  =         0.0000  RESTRAINT  =         0.0000
 Ewald error estimate:   0.0000E+00
 ------------------------------------------------------------------------------


 NSTEP =      263   TIME(PS) =       0.263  TEMP(K) =   179.32  PRESS =     0.0
 Etot   =  -4035658.3157  EKtot   =      4378.1610  EPtot      =  -4040036.4767
 BOND   =         0.0000  ANGLE   =         0.0000  DIHED      =         0.0000
 1-4 NB =         0.0000  1-4 EEL =         0.0000  VDWAALS    =      7958.5612
 EELEC  =  -4047995.0379  EHBOND  =         0.0000  RESTRAINT  =         0.0000
 Ewald error estimate:   0.0000E+00
 ------------------------------------------------------------------------------


 NSTEP =      264   TIME(PS) =       0.264  TEMP(K) =   179.37  PRESS =     0.0
 Etot   =  -4035658.3545  EKtot   =      4379.4760  EPtot      =  -4040037.8305
 BOND   =         0.0000  ANGLE   =         0.0000  DIHED      =         0.0000
 1-4 NB =         0.0000  1-4 EEL =         0.0000  VDWAALS    =      7959.9805
 EELEC  =  -4047997.8110  EHBOND  =         0.0000  RESTRAINT  =         0.0000
 Ewald error estimate:   0.0000E+00
 ------------------------------------------------------------------------------


 NSTEP =      265   TIME(PS) =       0.265  TEMP(K) =   179.37  PRESS =     0.0
 Etot   =  -4035658.3476  EKtot   =      4379.4154  EPtot      =  -4040037.7630
 BOND   =         0.0000  ANGLE   =         0.0000  DIHED      =         0.0000
 1-4 NB =         0.0000  1-4 EEL =         0.0000  VDWAALS    =      7961.6728
 EELEC  =  -4047999.4359  EHBOND  =         0.0000  RESTRAINT  =         0.0000
 Ewald error estimate:   0.0000E+00
 ------------------------------------------------------------------------------


 NSTEP =      266   TIME(PS) =       0.266  TEMP(K) =   179.31  PRESS =     0.0
 Etot   =  -4035658.3332  EKtot   =      4377.8894  EPtot      =  -4040036.2226
 BOND   =         0.0000  ANGLE   =         0.0000  DIHED      =         0.0000
 1-4 NB =         0.0000  1-4 EEL =         0.0000  VDWAALS    =      7963.6043
 EELEC  =  -4047999.8269  EHBOND  =         0.0000  RESTRAINT  =         0.0000
 Ewald error estimate:   0.0000E+00
 ------------------------------------------------------------------------------


 NSTEP =      267   TIME(PS) =       0.267  TEMP(K) =   179.19  PRESS =     0.0
 Etot   =  -4035658.3113  EKtot   =      4374.9498  EPtot      =  -4040033.2611
 BOND   =         0.0000  ANGLE   =         0.0000  DIHED      =         0.0000
 1-4 NB =         0.0000  1-4 EEL =         0.0000  VDWAALS    =      7965.7708
 EELEC  =  -4047999.0318  EHBOND  =         0.0000  RESTRAINT  =         0.0000
 Ewald error estimate:   0.0000E+00
 ------------------------------------------------------------------------------


 NSTEP =      268   TIME(PS) =       0.268  TEMP(K) =   179.02  PRESS =     0.0
 Etot   =  -4035658.3106  EKtot   =      4370.7842  EPtot      =  -4040029.0947
 BOND   =         0.0000  ANGLE   =         0.0000  DIHED      =         0.0000
 1-4 NB =         0.0000  1-4 EEL =         0.0000  VDWAALS    =      7968.1245
 EELEC  =  -4047997.2192  EHBOND  =         0.0000  RESTRAINT  =         0.0000
 Ewald error estimate:   0.0000E+00
 ------------------------------------------------------------------------------


 NSTEP =      269   TIME(PS) =       0.269  TEMP(K) =   178.81  PRESS =     0.0
 Etot   =  -4035658.3090  EKtot   =      4365.6979  EPtot      =  -4040024.0069
 BOND   =         0.0000  ANGLE   =         0.0000  DIHED      =         0.0000
 1-4 NB =         0.0000  1-4 EEL =         0.0000  VDWAALS    =      7970.6829
 EELEC  =  -4047994.6899  EHBOND  =         0.0000  RESTRAINT  =         0.0000
 Ewald error estimate:   0.0000E+00
 ------------------------------------------------------------------------------


 NSTEP =      270   TIME(PS) =       0.270  TEMP(K) =   178.58  PRESS =     0.0
 Etot   =  -4035658.2991  EKtot   =      4360.0843  EPtot      =  -4040018.3833
 BOND   =         0.0000  ANGLE   =         0.0000  DIHED      =         0.0000
 1-4 NB =         0.0000  1-4 EEL =         0.0000  VDWAALS    =      7973.4347
 EELEC  =  -4047991.8180  EHBOND  =         0.0000  RESTRAINT  =         0.0000
 Ewald error estimate:   0.0000E+00
 ------------------------------------------------------------------------------


 NSTEP =      271   TIME(PS) =       0.271  TEMP(K) =   178.34  PRESS =     0.0
 Etot   =  -4035658.2394  EKtot   =      4354.3851  EPtot      =  -4040012.6245
 BOND   =         0.0000  ANGLE   =         0.0000  DIHED      =         0.0000
 1-4 NB =         0.0000  1-4 EEL =         0.0000  VDWAALS    =      7976.3946
 EELEC  =  -4047989.0191  EHBOND  =         0.0000  RESTRAINT  =         0.0000
 Ewald error estimate:   0.0000E+00
 ------------------------------------------------------------------------------


 NSTEP =      272   TIME(PS) =       0.272  TEMP(K) =   178.13  PRESS =     0.0
 Etot   =  -4035658.1783  EKtot   =      4349.0479  EPtot      =  -4040007.2263
 BOND   =         0.0000  ANGLE   =         0.0000  DIHED      =         0.0000
 1-4 NB =         0.0000  1-4 EEL =         0.0000  VDWAALS    =      7979.4902
 EELEC  =  -4047986.7165  EHBOND  =         0.0000  RESTRAINT  =         0.0000
 Ewald error estimate:   0.0000E+00
 ------------------------------------------------------------------------------


 NSTEP =      273   TIME(PS) =       0.273  TEMP(K) =   177.94  PRESS =     0.0
 Etot   =  -4035658.1778  EKtot   =      4344.4810  EPtot      =  -4040002.6588
 BOND   =         0.0000  ANGLE   =         0.0000  DIHED      =         0.0000
 1-4 NB =         0.0000  1-4 EEL =         0.0000  VDWAALS    =      7982.6293
 EELEC  =  -4047985.2881  EHBOND  =         0.0000  RESTRAINT  =         0.0000
 Ewald error estimate:   0.0000E+00
 ------------------------------------------------------------------------------


 NSTEP =      274   TIME(PS) =       0.274  TEMP(K) =   177.80  PRESS =     0.0
 Etot   =  -4035658.1248  EKtot   =      4341.0130  EPtot      =  -4039999.1378
 BOND   =         0.0000  ANGLE   =         0.0000  DIHED      =         0.0000
 1-4 NB =         0.0000  1-4 EEL =         0.0000  VDWAALS    =      7985.9013
 EELEC  =  -4047985.0391  EHBOND  =         0.0000  RESTRAINT  =         0.0000
 Ewald error estimate:   0.0000E+00
 ------------------------------------------------------------------------------


 NSTEP =      275   TIME(PS) =       0.275  TEMP(K) =   177.71  PRESS =     0.0
 Etot   =  -4035658.1314  EKtot   =      4338.8602  EPtot      =  -4039996.9916
 BOND   =         0.0000  ANGLE   =         0.0000  DIHED      =         0.0000
 1-4 NB =         0.0000  1-4 EEL =         0.0000  VDWAALS    =      7989.1593
 EELEC  =  -4047986.1509  EHBOND  =         0.0000  RESTRAINT  =         0.0000
 Ewald error estimate:   0.0000E+00
 ------------------------------------------------------------------------------


 NSTEP =      276   TIME(PS) =       0.276  TEMP(K) =   177.68  PRESS =     0.0
 Etot   =  -4035658.1147  EKtot   =      4338.1057  EPtot      =  -4039996.2204
 BOND   =         0.0000  ANGLE   =         0.0000  DIHED      =         0.0000
 1-4 NB =         0.0000  1-4 EEL =         0.0000  VDWAALS    =      7992.4658
 EELEC  =  -4047988.6862  EHBOND  =         0.0000  RESTRAINT  =         0.0000
 Ewald error estimate:   0.0000E+00
 ------------------------------------------------------------------------------


 NSTEP =      277   TIME(PS) =       0.277  TEMP(K) =   177.70  PRESS =     0.0
 Etot   =  -4035658.1304  EKtot   =      4338.6926  EPtot      =  -4039996.8230
 BOND   =         0.0000  ANGLE   =         0.0000  DIHED      =         0.0000
 1-4 NB =         0.0000  1-4 EEL =         0.0000  VDWAALS    =      7995.7406
 EELEC  =  -4047992.5636  EHBOND  =         0.0000  RESTRAINT  =         0.0000
 Ewald error estimate:   0.0000E+00
 ------------------------------------------------------------------------------


 NSTEP =      278   TIME(PS) =       0.278  TEMP(K) =   177.77  PRESS =     0.0
 Etot   =  -4035658.1328  EKtot   =      4340.4335  EPtot      =  -4039998.5663
 BOND   =         0.0000  ANGLE   =         0.0000  DIHED      =         0.0000
 1-4 NB =         0.0000  1-4 EEL =         0.0000  VDWAALS    =      7998.9983
 EELEC  =  -4047997.5646  EHBOND  =         0.0000  RESTRAINT  =         0.0000
 Ewald error estimate:   0.0000E+00
 ------------------------------------------------------------------------------


 NSTEP =      279   TIME(PS) =       0.279  TEMP(K) =   177.88  PRESS =     0.0
 Etot   =  -4035658.1661  EKtot   =      4343.0350  EPtot      =  -4040001.2011
 BOND   =         0.0000  ANGLE   =         0.0000  DIHED      =         0.0000
 1-4 NB =         0.0000  1-4 EEL =         0.0000  VDWAALS    =      8002.1708
 EELEC  =  -4048003.3719  EHBOND  =         0.0000  RESTRAINT  =         0.0000
 Ewald error estimate:   0.0000E+00
 ------------------------------------------------------------------------------


 NSTEP =      280   TIME(PS) =       0.280  TEMP(K) =   178.01  PRESS =     0.0
 Etot   =  -4035658.1939  EKtot   =      4346.1364  EPtot      =  -4040004.3303
 BOND   =         0.0000  ANGLE   =         0.0000  DIHED      =         0.0000
 1-4 NB =         0.0000  1-4 EEL =         0.0000  VDWAALS    =      8005.2701
 EELEC  =  -4048009.6004  EHBOND  =         0.0000  RESTRAINT  =         0.0000
 Ewald error estimate:   0.0000E+00
 ------------------------------------------------------------------------------


 NSTEP =      281   TIME(PS) =       0.281  TEMP(K) =   178.14  PRESS =     0.0
 Etot   =  -4035658.1880  EKtot   =      4349.3576  EPtot      =  -4040007.5456
 BOND   =         0.0000  ANGLE   =         0.0000  DIHED      =         0.0000
 1-4 NB =         0.0000  1-4 EEL =         0.0000  VDWAALS    =      8008.3039
 EELEC  =  -4048015.8495  EHBOND  =         0.0000  RESTRAINT  =         0.0000
 Ewald error estimate:   0.0000E+00
 ------------------------------------------------------------------------------


 NSTEP =      282   TIME(PS) =       0.282  TEMP(K) =   178.26  PRESS =     0.0
 Etot   =  -4035658.2138  EKtot   =      4352.3509  EPtot      =  -4040010.5648
 BOND   =         0.0000  ANGLE   =         0.0000  DIHED      =         0.0000
 1-4 NB =         0.0000  1-4 EEL =         0.0000  VDWAALS    =      8011.1866
 EELEC  =  -4048021.7514  EHBOND  =         0.0000  RESTRAINT  =         0.0000
 Ewald error estimate:   0.0000E+00
 ------------------------------------------------------------------------------


 NSTEP =      283   TIME(PS) =       0.283  TEMP(K) =   178.36  PRESS =     0.0
 Etot   =  -4035658.2575  EKtot   =      4354.8502  EPtot      =  -4040013.1077
 BOND   =         0.0000  ANGLE   =         0.0000  DIHED      =         0.0000
 1-4 NB =         0.0000  1-4 EEL =         0.0000  VDWAALS    =      8013.9013
 EELEC  =  -4048027.0090  EHBOND  =         0.0000  RESTRAINT  =         0.0000
 Ewald error estimate:   0.0000E+00
 ------------------------------------------------------------------------------


 NSTEP =      284   TIME(PS) =       0.284  TEMP(K) =   178.44  PRESS =     0.0
 Etot   =  -4035658.2391  EKtot   =      4356.7095  EPtot      =  -4040014.9486
 BOND   =         0.0000  ANGLE   =         0.0000  DIHED      =         0.0000
 1-4 NB =         0.0000  1-4 EEL =         0.0000  VDWAALS    =      8016.5198
 EELEC  =  -4048031.4684  EHBOND  =         0.0000  RESTRAINT  =         0.0000
 Ewald error estimate:   0.0000E+00
 ------------------------------------------------------------------------------


 NSTEP =      285   TIME(PS) =       0.285  TEMP(K) =   178.49  PRESS =     0.0
 Etot   =  -4035658.2211  EKtot   =      4357.9272  EPtot      =  -4040016.1482
 BOND   =         0.0000  ANGLE   =         0.0000  DIHED      =         0.0000
 1-4 NB =         0.0000  1-4 EEL =         0.0000  VDWAALS    =      8018.9571
 EELEC  =  -4048035.1053  EHBOND  =         0.0000  RESTRAINT  =         0.0000
 Ewald error estimate:   0.0000E+00
 ------------------------------------------------------------------------------


 NSTEP =      286   TIME(PS) =       0.286  TEMP(K) =   178.52  PRESS =     0.0
 Etot   =  -4035658.2110  EKtot   =      4358.6498  EPtot      =  -4040016.8608
 BOND   =         0.0000  ANGLE   =         0.0000  DIHED      =         0.0000
 1-4 NB =         0.0000  1-4 EEL =         0.0000  VDWAALS    =      8021.1980
 EELEC  =  -4048038.0588  EHBOND  =         0.0000  RESTRAINT  =         0.0000
 Ewald error estimate:   0.0000E+00
 ------------------------------------------------------------------------------


 NSTEP =      287   TIME(PS) =       0.287  TEMP(K) =   178.54  PRESS =     0.0
 Etot   =  -4035658.1674  EKtot   =      4359.1557  EPtot      =  -4040017.3231
 BOND   =         0.0000  ANGLE   =         0.0000  DIHED      =         0.0000
 1-4 NB =         0.0000  1-4 EEL =         0.0000  VDWAALS    =      8023.2672
 EELEC  =  -4048040.5903  EHBOND  =         0.0000  RESTRAINT  =         0.0000
 Ewald error estimate:   0.0000E+00
 ------------------------------------------------------------------------------


 NSTEP =      288   TIME(PS) =       0.288  TEMP(K) =   178.57  PRESS =     0.0
 Etot   =  -4035658.1149  EKtot   =      4359.8213  EPtot      =  -4040017.9363
 BOND   =         0.0000  ANGLE   =         0.0000  DIHED      =         0.0000
 1-4 NB =         0.0000  1-4 EEL =         0.0000  VDWAALS    =      8025.1386
 EELEC  =  -4048043.0748  EHBOND  =         0.0000  RESTRAINT  =         0.0000
 Ewald error estimate:   0.0000E+00
 ------------------------------------------------------------------------------


 NSTEP =      289   TIME(PS) =       0.289  TEMP(K) =   178.62  PRESS =     0.0
 Etot   =  -4035658.0921  EKtot   =      4361.0733  EPtot      =  -4040019.1654
 BOND   =         0.0000  ANGLE   =         0.0000  DIHED      =         0.0000
 1-4 NB =         0.0000  1-4 EEL =         0.0000  VDWAALS    =      8026.7793
 EELEC  =  -4048045.9447  EHBOND  =         0.0000  RESTRAINT  =         0.0000
 Ewald error estimate:   0.0000E+00
 ------------------------------------------------------------------------------


 NSTEP =      290   TIME(PS) =       0.290  TEMP(K) =   178.71  PRESS =     0.0
 Etot   =  -4035658.0514  EKtot   =      4363.3342  EPtot      =  -4040021.3856
 BOND   =         0.0000  ANGLE   =         0.0000  DIHED      =         0.0000
 1-4 NB =         0.0000  1-4 EEL =         0.0000  VDWAALS    =      8028.2372
 EELEC  =  -4048049.6229  EHBOND  =         0.0000  RESTRAINT  =         0.0000
 Ewald error estimate:   0.0000E+00
 ------------------------------------------------------------------------------


 NSTEP =      291   TIME(PS) =       0.291  TEMP(K) =   178.86  PRESS =     0.0
 Etot   =  -4035658.0446  EKtot   =      4366.9687  EPtot      =  -4040025.0134
 BOND   =         0.0000  ANGLE   =         0.0000  DIHED      =         0.0000
 1-4 NB =         0.0000  1-4 EEL =         0.0000  VDWAALS    =      8029.4700
 EELEC  =  -4048054.4833  EHBOND  =         0.0000  RESTRAINT  =         0.0000
 Ewald error estimate:   0.0000E+00
 ------------------------------------------------------------------------------


 NSTEP =      292   TIME(PS) =       0.292  TEMP(K) =   179.08  PRESS =     0.0
 Etot   =  -4035658.0489  EKtot   =      4372.2352  EPtot      =  -4040030.2841
 BOND   =         0.0000  ANGLE   =         0.0000  DIHED      =         0.0000
 1-4 NB =         0.0000  1-4 EEL =         0.0000  VDWAALS    =      8030.5154
 EELEC  =  -4048060.7995  EHBOND  =         0.0000  RESTRAINT  =         0.0000
 Ewald error estimate:   0.0000E+00
 ------------------------------------------------------------------------------


 NSTEP =      293   TIME(PS) =       0.293  TEMP(K) =   179.36  PRESS =     0.0
 Etot   =  -4035658.0984  EKtot   =      4379.2488  EPtot      =  -4040037.3473
 BOND   =         0.0000  ANGLE   =         0.0000  DIHED      =         0.0000
 1-4 NB =         0.0000  1-4 EEL =         0.0000  VDWAALS    =      8031.3644
 EELEC  =  -4048068.7117  EHBOND  =         0.0000  RESTRAINT  =         0.0000
 Ewald error estimate:   0.0000E+00
 ------------------------------------------------------------------------------


 NSTEP =      294   TIME(PS) =       0.294  TEMP(K) =   179.72  PRESS =     0.0
 Etot   =  -4035658.1348  EKtot   =      4387.9599  EPtot      =  -4040046.0947
 BOND   =         0.0000  ANGLE   =         0.0000  DIHED      =         0.0000
 1-4 NB =         0.0000  1-4 EEL =         0.0000  VDWAALS    =      8032.0941
 EELEC  =  -4048078.1889  EHBOND  =         0.0000  RESTRAINT  =         0.0000
 Ewald error estimate:   0.0000E+00
 ------------------------------------------------------------------------------


 NSTEP =      295   TIME(PS) =       0.295  TEMP(K) =   180.14  PRESS =     0.0
 Etot   =  -4035658.1541  EKtot   =      4398.1490  EPtot      =  -4040056.3031
 BOND   =         0.0000  ANGLE   =         0.0000  DIHED      =         0.0000
 1-4 NB =         0.0000  1-4 EEL =         0.0000  VDWAALS    =      8032.7400
 EELEC  =  -4048089.0431  EHBOND  =         0.0000  RESTRAINT  =         0.0000
 Ewald error estimate:   0.0000E+00
 ------------------------------------------------------------------------------


 NSTEP =      296   TIME(PS) =       0.296  TEMP(K) =   180.60  PRESS =     0.0
 Etot   =  -4035658.1835  EKtot   =      4409.4393  EPtot      =  -4040067.6228
 BOND   =         0.0000  ANGLE   =         0.0000  DIHED      =         0.0000
 1-4 NB =         0.0000  1-4 EEL =         0.0000  VDWAALS    =      8033.3013
 EELEC  =  -4048100.9241  EHBOND  =         0.0000  RESTRAINT  =         0.0000
 Ewald error estimate:   0.0000E+00
 ------------------------------------------------------------------------------


 NSTEP =      297   TIME(PS) =       0.297  TEMP(K) =   181.09  PRESS =     0.0
 Etot   =  -4035658.2246  EKtot   =      4421.3248  EPtot      =  -4040079.5494
 BOND   =         0.0000  ANGLE   =         0.0000  DIHED      =         0.0000
 1-4 NB =         0.0000  1-4 EEL =         0.0000  VDWAALS    =      8033.8168
 EELEC  =  -4048113.3662  EHBOND  =         0.0000  RESTRAINT  =         0.0000
 Ewald error estimate:   0.0000E+00
 ------------------------------------------------------------------------------


 NSTEP =      298   TIME(PS) =       0.298  TEMP(K) =   181.57  PRESS =     0.0
 Etot   =  -4035658.2659  EKtot   =      4433.2106  EPtot      =  -4040091.4765
 BOND   =         0.0000  ANGLE   =         0.0000  DIHED      =         0.0000
 1-4 NB =         0.0000  1-4 EEL =         0.0000  VDWAALS    =      8034.3184
 EELEC  =  -4048125.7949  EHBOND  =         0.0000  RESTRAINT  =         0.0000
 Ewald error estimate:   0.0000E+00
 ------------------------------------------------------------------------------


 NSTEP =      299   TIME(PS) =       0.299  TEMP(K) =   182.03  PRESS =     0.0
 Etot   =  -4035658.2870  EKtot   =      4444.4617  EPtot      =  -4040102.7487
 BOND   =         0.0000  ANGLE   =         0.0000  DIHED      =         0.0000
 1-4 NB =         0.0000  1-4 EEL =         0.0000  VDWAALS    =      8034.8558
 EELEC  =  -4048137.6045  EHBOND  =         0.0000  RESTRAINT  =         0.0000
 Ewald error estimate:   0.0000E+00
 ------------------------------------------------------------------------------


 NSTEP =      300   TIME(PS) =       0.300  TEMP(K) =   182.44  PRESS =     0.0
 Etot   =  -4035658.3471  EKtot   =      4454.4545  EPtot      =  -4040112.8016
 BOND   =         0.0000  ANGLE   =         0.0000  DIHED      =         0.0000
 1-4 NB =         0.0000  1-4 EEL =         0.0000  VDWAALS    =      8035.3925
 EELEC  =  -4048148.1940  EHBOND  =         0.0000  RESTRAINT  =         0.0000
 Ewald error estimate:   0.0000E+00
 ------------------------------------------------------------------------------


 NSTEP =      301   TIME(PS) =       0.301  TEMP(K) =   182.78  PRESS =     0.0
 Etot   =  -4035658.3759  EKtot   =      4462.6265  EPtot      =  -4040121.0024
 BOND   =         0.0000  ANGLE   =         0.0000  DIHED      =         0.0000
 1-4 NB =         0.0000  1-4 EEL =         0.0000  VDWAALS    =      8036.0237
 EELEC  =  -4048157.0261  EHBOND  =         0.0000  RESTRAINT  =         0.0000
 Ewald error estimate:   0.0000E+00
 ------------------------------------------------------------------------------


 NSTEP =      302   TIME(PS) =       0.302  TEMP(K) =   183.02  PRESS =     0.0
 Etot   =  -4035658.4067  EKtot   =      4468.5219  EPtot      =  -4040126.9286
 BOND   =         0.0000  ANGLE   =         0.0000  DIHED      =         0.0000
 1-4 NB =         0.0000  1-4 EEL =         0.0000  VDWAALS    =      8036.7157
 EELEC  =  -4048163.6444  EHBOND  =         0.0000  RESTRAINT  =         0.0000
 Ewald error estimate:   0.0000E+00
 ------------------------------------------------------------------------------


 NSTEP =      303   TIME(PS) =       0.303  TEMP(K) =   183.15  PRESS =     0.0
 Etot   =  -4035658.4225  EKtot   =      4471.8283  EPtot      =  -4040130.2508
 BOND   =         0.0000  ANGLE   =         0.0000  DIHED      =         0.0000
 1-4 NB =         0.0000  1-4 EEL =         0.0000  VDWAALS    =      8037.4970
 EELEC  =  -4048167.7478  EHBOND  =         0.0000  RESTRAINT  =         0.0000
 Ewald error estimate:   0.0000E+00
 ------------------------------------------------------------------------------


 NSTEP =      304   TIME(PS) =       0.304  TEMP(K) =   183.18  PRESS =     0.0
 Etot   =  -4035658.4196  EKtot   =      4472.4032  EPtot      =  -4040130.8228
 BOND   =         0.0000  ANGLE   =         0.0000  DIHED      =         0.0000
 1-4 NB =         0.0000  1-4 EEL =         0.0000  VDWAALS    =      8038.3777
 EELEC  =  -4048169.2004  EHBOND  =         0.0000  RESTRAINT  =         0.0000
 Ewald error estimate:   0.0000E+00
 ------------------------------------------------------------------------------


 NSTEP =      305   TIME(PS) =       0.305  TEMP(K) =   183.09  PRESS =     0.0
 Etot   =  -4035658.3835  EKtot   =      4470.2903  EPtot      =  -4040128.6738
 BOND   =         0.0000  ANGLE   =         0.0000  DIHED      =         0.0000
 1-4 NB =         0.0000  1-4 EEL =         0.0000  VDWAALS    =      8039.3693
 EELEC  =  -4048168.0431  EHBOND  =         0.0000  RESTRAINT  =         0.0000
 Ewald error estimate:   0.0000E+00
 ------------------------------------------------------------------------------


 NSTEP =      306   TIME(PS) =       0.306  TEMP(K) =   182.90  PRESS =     0.0
 Etot   =  -4035658.3446  EKtot   =      4465.7210  EPtot      =  -4040124.0656
 BOND   =         0.0000  ANGLE   =         0.0000  DIHED      =         0.0000
 1-4 NB =         0.0000  1-4 EEL =         0.0000  VDWAALS    =      8040.4297
 EELEC  =  -4048164.4954  EHBOND  =         0.0000  RESTRAINT  =         0.0000
 Ewald error estimate:   0.0000E+00
 ------------------------------------------------------------------------------


 NSTEP =      307   TIME(PS) =       0.307  TEMP(K) =   182.63  PRESS =     0.0
 Etot   =  -4035658.2801  EKtot   =      4459.1027  EPtot      =  -4040117.3828
 BOND   =         0.0000  ANGLE   =         0.0000  DIHED      =         0.0000
 1-4 NB =         0.0000  1-4 EEL =         0.0000  VDWAALS    =      8041.5760
 EELEC  =  -4048158.9588  EHBOND  =         0.0000  RESTRAINT  =         0.0000
 Ewald error estimate:   0.0000E+00
 ------------------------------------------------------------------------------


 NSTEP =      308   TIME(PS) =       0.308  TEMP(K) =   182.30  PRESS =     0.0
 Etot   =  -4035658.2172  EKtot   =      4450.9916  EPtot      =  -4040109.2088
 BOND   =         0.0000  ANGLE   =         0.0000  DIHED      =         0.0000
 1-4 NB =         0.0000  1-4 EEL =         0.0000  VDWAALS    =      8042.7775
 EELEC  =  -4048151.9864  EHBOND  =         0.0000  RESTRAINT  =         0.0000
 Ewald error estimate:   0.0000E+00
 ------------------------------------------------------------------------------


 NSTEP =      309   TIME(PS) =       0.309  TEMP(K) =   181.93  PRESS =     0.0
 Etot   =  -4035658.1658  EKtot   =      4442.0525  EPtot      =  -4040100.2184
 BOND   =         0.0000  ANGLE   =         0.0000  DIHED      =         0.0000
 1-4 NB =         0.0000  1-4 EEL =         0.0000  VDWAALS    =      8044.0292
 EELEC  =  -4048144.2476  EHBOND  =         0.0000  RESTRAINT  =         0.0000
 Ewald error estimate:   0.0000E+00
 ------------------------------------------------------------------------------


 NSTEP =      310   TIME(PS) =       0.310  TEMP(K) =   181.56  PRESS =     0.0
 Etot   =  -4035658.1328  EKtot   =      4433.0068  EPtot      =  -4040091.1396
 BOND   =         0.0000  ANGLE   =         0.0000  DIHED      =         0.0000
 1-4 NB =         0.0000  1-4 EEL =         0.0000  VDWAALS    =      8045.3060
 EELEC  =  -4048136.4456  EHBOND  =         0.0000  RESTRAINT  =         0.0000
 Ewald error estimate:   0.0000E+00
 ------------------------------------------------------------------------------


 NSTEP =      311   TIME(PS) =       0.311  TEMP(K) =   181.22  PRESS =     0.0
 Etot   =  -4035658.0897  EKtot   =      4424.5739  EPtot      =  -4040082.6636
 BOND   =         0.0000  ANGLE   =         0.0000  DIHED      =         0.0000
 1-4 NB =         0.0000  1-4 EEL =         0.0000  VDWAALS    =      8046.6742
 EELEC  =  -4048129.3378  EHBOND  =         0.0000  RESTRAINT  =         0.0000
 Ewald error estimate:   0.0000E+00
 ------------------------------------------------------------------------------


 NSTEP =      312   TIME(PS) =       0.312  TEMP(K) =   180.93  PRESS =     0.0
 Etot   =  -4035658.0670  EKtot   =      4417.4115  EPtot      =  -4040075.4785
 BOND   =         0.0000  ANGLE   =         0.0000  DIHED      =         0.0000
 1-4 NB =         0.0000  1-4 EEL =         0.0000  VDWAALS    =      8048.0936
 EELEC  =  -4048123.5721  EHBOND  =         0.0000  RESTRAINT  =         0.0000
 Ewald error estimate:   0.0000E+00
 ------------------------------------------------------------------------------


 NSTEP =      313   TIME(PS) =       0.313  TEMP(K) =   180.71  PRESS =     0.0
 Etot   =  -4035658.0186  EKtot   =      4412.0603  EPtot      =  -4040070.0789
 BOND   =         0.0000  ANGLE   =         0.0000  DIHED      =         0.0000
 1-4 NB =         0.0000  1-4 EEL =         0.0000  VDWAALS    =      8049.6170
 EELEC  =  -4048119.6959  EHBOND  =         0.0000  RESTRAINT  =         0.0000
 Ewald error estimate:   0.0000E+00
 ------------------------------------------------------------------------------


 NSTEP =      314   TIME(PS) =       0.314  TEMP(K) =   180.58  PRESS =     0.0
 Etot   =  -4035658.0259  EKtot   =      4408.8971  EPtot      =  -4040066.9230
 BOND   =         0.0000  ANGLE   =         0.0000  DIHED      =         0.0000
 1-4 NB =         0.0000  1-4 EEL =         0.0000  VDWAALS    =      8051.1972
 EELEC  =  -4048118.1202  EHBOND  =         0.0000  RESTRAINT  =         0.0000
 Ewald error estimate:   0.0000E+00
 ------------------------------------------------------------------------------


 NSTEP =      315   TIME(PS) =       0.315  TEMP(K) =   180.54  PRESS =     0.0
 Etot   =  -4035658.0197  EKtot   =      4408.1024  EPtot      =  -4040066.1221
 BOND   =         0.0000  ANGLE   =         0.0000  DIHED      =         0.0000
 1-4 NB =         0.0000  1-4 EEL =         0.0000  VDWAALS    =      8052.8861
 EELEC  =  -4048119.0082  EHBOND  =         0.0000  RESTRAINT  =         0.0000
 Ewald error estimate:   0.0000E+00
 ------------------------------------------------------------------------------


 NSTEP =      316   TIME(PS) =       0.316  TEMP(K) =   180.61  PRESS =     0.0
 Etot   =  -4035658.0160  EKtot   =      4409.6411  EPtot      =  -4040067.6571
 BOND   =         0.0000  ANGLE   =         0.0000  DIHED      =         0.0000
 1-4 NB =         0.0000  1-4 EEL =         0.0000  VDWAALS    =      8054.6962
 EELEC  =  -4048122.3533  EHBOND  =         0.0000  RESTRAINT  =         0.0000
 Ewald error estimate:   0.0000E+00
 ------------------------------------------------------------------------------


 NSTEP =      317   TIME(PS) =       0.317  TEMP(K) =   180.76  PRESS =     0.0
 Etot   =  -4035658.0643  EKtot   =      4413.2615  EPtot      =  -4040071.3258
 BOND   =         0.0000  ANGLE   =         0.0000  DIHED      =         0.0000
 1-4 NB =         0.0000  1-4 EEL =         0.0000  VDWAALS    =      8056.5774
 EELEC  =  -4048127.9032  EHBOND  =         0.0000  RESTRAINT  =         0.0000
 Ewald error estimate:   0.0000E+00
 ------------------------------------------------------------------------------


 NSTEP =      318   TIME(PS) =       0.318  TEMP(K) =   180.97  PRESS =     0.0
 Etot   =  -4035658.1214  EKtot   =      4418.5119  EPtot      =  -4040076.6333
 BOND   =         0.0000  ANGLE   =         0.0000  DIHED      =         0.0000
 1-4 NB =         0.0000  1-4 EEL =         0.0000  VDWAALS    =      8058.5636
 EELEC  =  -4048135.1970  EHBOND  =         0.0000  RESTRAINT  =         0.0000
 Ewald error estimate:   0.0000E+00
 ------------------------------------------------------------------------------


 NSTEP =      319   TIME(PS) =       0.319  TEMP(K) =   181.23  PRESS =     0.0
 Etot   =  -4035658.1919  EKtot   =      4424.7761  EPtot      =  -4040082.9680
 BOND   =         0.0000  ANGLE   =         0.0000  DIHED      =         0.0000
 1-4 NB =         0.0000  1-4 EEL =         0.0000  VDWAALS    =      8060.6529
 EELEC  =  -4048143.6209  EHBOND  =         0.0000  RESTRAINT  =         0.0000
 Ewald error estimate:   0.0000E+00
 ------------------------------------------------------------------------------


 NSTEP =      320   TIME(PS) =       0.320  TEMP(K) =   181.50  PRESS =     0.0
 Etot   =  -4035658.2273  EKtot   =      4431.3265  EPtot      =  -4040089.5538
 BOND   =         0.0000  ANGLE   =         0.0000  DIHED      =         0.0000
 1-4 NB =         0.0000  1-4 EEL =         0.0000  VDWAALS    =      8062.8561
 EELEC  =  -4048152.4099  EHBOND  =         0.0000  RESTRAINT  =         0.0000
 Ewald error estimate:   0.0000E+00
 ------------------------------------------------------------------------------


 NSTEP =      321   TIME(PS) =       0.321  TEMP(K) =   181.74  PRESS =     0.0
 Etot   =  -4035658.2771  EKtot   =      4437.3930  EPtot      =  -4040095.6701
 BOND   =         0.0000  ANGLE   =         0.0000  DIHED      =         0.0000
 1-4 NB =         0.0000  1-4 EEL =         0.0000  VDWAALS    =      8065.1157
 EELEC  =  -4048160.7859  EHBOND  =         0.0000  RESTRAINT  =         0.0000
 Ewald error estimate:   0.0000E+00
 ------------------------------------------------------------------------------


 NSTEP =      322   TIME(PS) =       0.322  TEMP(K) =   181.94  PRESS =     0.0
 Etot   =  -4035658.3382  EKtot   =      4442.2429  EPtot      =  -4040100.5811
 BOND   =         0.0000  ANGLE   =         0.0000  DIHED      =         0.0000
 1-4 NB =         0.0000  1-4 EEL =         0.0000  VDWAALS    =      8067.3906
 EELEC  =  -4048167.9717  EHBOND  =         0.0000  RESTRAINT  =         0.0000
 Ewald error estimate:   0.0000E+00
 ------------------------------------------------------------------------------


 NSTEP =      323   TIME(PS) =       0.323  TEMP(K) =   182.07  PRESS =     0.0
 Etot   =  -4035658.4080  EKtot   =      4445.2626  EPtot      =  -4040103.6706
 BOND   =         0.0000  ANGLE   =         0.0000  DIHED      =         0.0000
 1-4 NB =         0.0000  1-4 EEL =         0.0000  VDWAALS    =      8069.6557
 EELEC  =  -4048173.3263  EHBOND  =         0.0000  RESTRAINT  =         0.0000
 Ewald error estimate:   0.0000E+00
 ------------------------------------------------------------------------------


 NSTEP =      324   TIME(PS) =       0.324  TEMP(K) =   182.10  PRESS =     0.0
 Etot   =  -4035658.4327  EKtot   =      4446.0325  EPtot      =  -4040104.4651
 BOND   =         0.0000  ANGLE   =         0.0000  DIHED      =         0.0000
 1-4 NB =         0.0000  1-4 EEL =         0.0000  VDWAALS    =      8071.9316
 EELEC  =  -4048176.3968  EHBOND  =         0.0000  RESTRAINT  =         0.0000
 Ewald error estimate:   0.0000E+00
 ------------------------------------------------------------------------------


 NSTEP =      325   TIME(PS) =       0.325  TEMP(K) =   182.03  PRESS =     0.0
 Etot   =  -4035658.4516  EKtot   =      4444.3825  EPtot      =  -4040102.8341
 BOND   =         0.0000  ANGLE   =         0.0000  DIHED      =         0.0000
 1-4 NB =         0.0000  1-4 EEL =         0.0000  VDWAALS    =      8074.1427
 EELEC  =  -4048176.9768  EHBOND  =         0.0000  RESTRAINT  =         0.0000
 Ewald error estimate:   0.0000E+00
 ------------------------------------------------------------------------------


 NSTEP =      326   TIME(PS) =       0.326  TEMP(K) =   181.87  PRESS =     0.0
 Etot   =  -4035658.4582  EKtot   =      4440.4211  EPtot      =  -4040098.8793
 BOND   =         0.0000  ANGLE   =         0.0000  DIHED      =         0.0000
 1-4 NB =         0.0000  1-4 EEL =         0.0000  VDWAALS    =      8076.2642
 EELEC  =  -4048175.1435  EHBOND  =         0.0000  RESTRAINT  =         0.0000
 Ewald error estimate:   0.0000E+00
 ------------------------------------------------------------------------------


 NSTEP =      327   TIME(PS) =       0.327  TEMP(K) =   181.63  PRESS =     0.0
 Etot   =  -4035658.3935  EKtot   =      4434.5282  EPtot      =  -4040092.9217
 BOND   =         0.0000  ANGLE   =         0.0000  DIHED      =         0.0000
 1-4 NB =         0.0000  1-4 EEL =         0.0000  VDWAALS    =      8078.3303
 EELEC  =  -4048171.2521  EHBOND  =         0.0000  RESTRAINT  =         0.0000
 Ewald error estimate:   0.0000E+00
 ------------------------------------------------------------------------------


 NSTEP =      328   TIME(PS) =       0.328  TEMP(K) =   181.33  PRESS =     0.0
 Etot   =  -4035658.3779  EKtot   =      4427.3157  EPtot      =  -4040085.6935
 BOND   =         0.0000  ANGLE   =         0.0000  DIHED      =         0.0000
 1-4 NB =         0.0000  1-4 EEL =         0.0000  VDWAALS    =      8080.2041
 EELEC  =  -4048165.8976  EHBOND  =         0.0000  RESTRAINT  =         0.0000
 Ewald error estimate:   0.0000E+00
 ------------------------------------------------------------------------------


 NSTEP =      329   TIME(PS) =       0.329  TEMP(K) =   181.01  PRESS =     0.0
 Etot   =  -4035658.3064  EKtot   =      4419.5565  EPtot      =  -4040077.8629
 BOND   =         0.0000  ANGLE   =         0.0000  DIHED      =         0.0000
 1-4 NB =         0.0000  1-4 EEL =         0.0000  VDWAALS    =      8081.9735
 EELEC  =  -4048159.8364  EHBOND  =         0.0000  RESTRAINT  =         0.0000
 Ewald error estimate:   0.0000E+00
 ------------------------------------------------------------------------------


 NSTEP =      330   TIME(PS) =       0.330  TEMP(K) =   180.71  PRESS =     0.0
 Etot   =  -4035658.2669  EKtot   =      4412.0961  EPtot      =  -4040070.3630
 BOND   =         0.0000  ANGLE   =         0.0000  DIHED      =         0.0000
 1-4 NB =         0.0000  1-4 EEL =         0.0000  VDWAALS    =      8083.5390
 EELEC  =  -4048153.9020  EHBOND  =         0.0000  RESTRAINT  =         0.0000
 Ewald error estimate:   0.0000E+00
 ------------------------------------------------------------------------------


 NSTEP =      331   TIME(PS) =       0.331  TEMP(K) =   180.45  PRESS =     0.0
 Etot   =  -4035658.2188  EKtot   =      4405.7558  EPtot      =  -4040063.9746
 BOND   =         0.0000  ANGLE   =         0.0000  DIHED      =         0.0000
 1-4 NB =         0.0000  1-4 EEL =         0.0000  VDWAALS    =      8084.9394
 EELEC  =  -4048148.9140  EHBOND  =         0.0000  RESTRAINT  =         0.0000
 Ewald error estimate:   0.0000E+00
 ------------------------------------------------------------------------------


 NSTEP =      332   TIME(PS) =       0.332  TEMP(K) =   180.26  PRESS =     0.0
 Etot   =  -4035658.1796  EKtot   =      4401.2407  EPtot      =  -4040059.4204
 BOND   =         0.0000  ANGLE   =         0.0000  DIHED      =         0.0000
 1-4 NB =         0.0000  1-4 EEL =         0.0000  VDWAALS    =      8086.1523
 EELEC  =  -4048145.5727  EHBOND  =         0.0000  RESTRAINT  =         0.0000
 Ewald error estimate:   0.0000E+00
 ------------------------------------------------------------------------------


 NSTEP =      333   TIME(PS) =       0.333  TEMP(K) =   180.17  PRESS =     0.0
 Etot   =  -4035658.1624  EKtot   =      4399.0648  EPtot      =  -4040057.2272
 BOND   =         0.0000  ANGLE   =         0.0000  DIHED      =         0.0000
 1-4 NB =         0.0000  1-4 EEL =         0.0000  VDWAALS    =      8087.1536
 EELEC  =  -4048144.3808  EHBOND  =         0.0000  RESTRAINT  =         0.0000
 Ewald error estimate:   0.0000E+00
 ------------------------------------------------------------------------------


 NSTEP =      334   TIME(PS) =       0.334  TEMP(K) =   180.19  PRESS =     0.0
 Etot   =  -4035658.1677  EKtot   =      4399.4989  EPtot      =  -4040057.6667
 BOND   =         0.0000  ANGLE   =         0.0000  DIHED      =         0.0000
 1-4 NB =         0.0000  1-4 EEL =         0.0000  VDWAALS    =      8087.9374
 EELEC  =  -4048145.6040  EHBOND  =         0.0000  RESTRAINT  =         0.0000
 Ewald error estimate:   0.0000E+00
 ------------------------------------------------------------------------------


 NSTEP =      335   TIME(PS) =       0.335  TEMP(K) =   180.32  PRESS =     0.0
 Etot   =  -4035658.1834  EKtot   =      4402.5468  EPtot      =  -4040060.7302
 BOND   =         0.0000  ANGLE   =         0.0000  DIHED      =         0.0000
 1-4 NB =         0.0000  1-4 EEL =         0.0000  VDWAALS    =      8088.5128
 EELEC  =  -4048149.2431  EHBOND  =         0.0000  RESTRAINT  =         0.0000
 Ewald error estimate:   0.0000E+00
 ------------------------------------------------------------------------------


 NSTEP =      336   TIME(PS) =       0.336  TEMP(K) =   180.54  PRESS =     0.0
 Etot   =  -4035658.2094  EKtot   =      4407.9518  EPtot      =  -4040066.1612
 BOND   =         0.0000  ANGLE   =         0.0000  DIHED      =         0.0000
 1-4 NB =         0.0000  1-4 EEL =         0.0000  VDWAALS    =      8088.8762
 EELEC  =  -4048155.0374  EHBOND  =         0.0000  RESTRAINT  =         0.0000
 Ewald error estimate:   0.0000E+00
 ------------------------------------------------------------------------------


 NSTEP =      337   TIME(PS) =       0.337  TEMP(K) =   180.84  PRESS =     0.0
 Etot   =  -4035658.2630  EKtot   =      4415.2317  EPtot      =  -4040073.4947
 BOND   =         0.0000  ANGLE   =         0.0000  DIHED      =         0.0000
 1-4 NB =         0.0000  1-4 EEL =         0.0000  VDWAALS    =      8088.9875
 EELEC  =  -4048162.4822  EHBOND  =         0.0000  RESTRAINT  =         0.0000
 Ewald error estimate:   0.0000E+00
 ------------------------------------------------------------------------------


 NSTEP =      338   TIME(PS) =       0.338  TEMP(K) =   181.18  PRESS =     0.0
 Etot   =  -4035658.3193  EKtot   =      4423.7374  EPtot      =  -4040082.0567
 BOND   =         0.0000  ANGLE   =         0.0000  DIHED      =         0.0000
 1-4 NB =         0.0000  1-4 EEL =         0.0000  VDWAALS    =      8088.8663
 EELEC  =  -4048170.9230  EHBOND  =         0.0000  RESTRAINT  =         0.0000
 Ewald error estimate:   0.0000E+00
 ------------------------------------------------------------------------------


 NSTEP =      339   TIME(PS) =       0.339  TEMP(K) =   181.55  PRESS =     0.0
 Etot   =  -4035658.3472  EKtot   =      4432.7295  EPtot      =  -4040091.0767
 BOND   =         0.0000  ANGLE   =         0.0000  DIHED      =         0.0000
 1-4 NB =         0.0000  1-4 EEL =         0.0000  VDWAALS    =      8088.5381
 EELEC  =  -4048179.6148  EHBOND  =         0.0000  RESTRAINT  =         0.0000
 Ewald error estimate:   0.0000E+00
 ------------------------------------------------------------------------------


 NSTEP =      340   TIME(PS) =       0.340  TEMP(K) =   181.91  PRESS =     0.0
 Etot   =  -4035658.4053  EKtot   =      4441.4622  EPtot      =  -4040099.8675
 BOND   =         0.0000  ANGLE   =         0.0000  DIHED      =         0.0000
 1-4 NB =         0.0000  1-4 EEL =         0.0000  VDWAALS    =      8087.9356
 EELEC  =  -4048187.8031  EHBOND  =         0.0000  RESTRAINT  =         0.0000
 Ewald error estimate:   0.0000E+00
 ------------------------------------------------------------------------------


 NSTEP =      341   TIME(PS) =       0.341  TEMP(K) =   182.23  PRESS =     0.0
 Etot   =  -4035658.4367  EKtot   =      4449.2653  EPtot      =  -4040107.7020
 BOND   =         0.0000  ANGLE   =         0.0000  DIHED      =         0.0000
 1-4 NB =         0.0000  1-4 EEL =         0.0000  VDWAALS    =      8087.1043
 EELEC  =  -4048194.8063  EHBOND  =         0.0000  RESTRAINT  =         0.0000
 Ewald error estimate:   0.0000E+00
 ------------------------------------------------------------------------------


 NSTEP =      342   TIME(PS) =       0.342  TEMP(K) =   182.49  PRESS =     0.0
 Etot   =  -4035658.4477  EKtot   =      4455.6140  EPtot      =  -4040114.0617
 BOND   =         0.0000  ANGLE   =         0.0000  DIHED      =         0.0000
 1-4 NB =         0.0000  1-4 EEL =         0.0000  VDWAALS    =      8086.0392
 EELEC  =  -4048200.1009  EHBOND  =         0.0000  RESTRAINT  =         0.0000
 Ewald error estimate:   0.0000E+00
 ------------------------------------------------------------------------------


 NSTEP =      343   TIME(PS) =       0.343  TEMP(K) =   182.68  PRESS =     0.0
 Etot   =  -4035658.4859  EKtot   =      4460.1770  EPtot      =  -4040118.6629
 BOND   =         0.0000  ANGLE   =         0.0000  DIHED      =         0.0000
 1-4 NB =         0.0000  1-4 EEL =         0.0000  VDWAALS    =      8084.6917
 EELEC  =  -4048203.3545  EHBOND  =         0.0000  RESTRAINT  =         0.0000
 Ewald error estimate:   0.0000E+00
 ------------------------------------------------------------------------------


 NSTEP =      344   TIME(PS) =       0.344  TEMP(K) =   182.79  PRESS =     0.0
 Etot   =  -4035658.4508  EKtot   =      4462.8404  EPtot      =  -4040121.2913
 BOND   =         0.0000  ANGLE   =         0.0000  DIHED      =         0.0000
 1-4 NB =         0.0000  1-4 EEL =         0.0000  VDWAALS    =      8083.1734
 EELEC  =  -4048204.4646  EHBOND  =         0.0000  RESTRAINT  =         0.0000
 Ewald error estimate:   0.0000E+00
 ------------------------------------------------------------------------------


 NSTEP =      345   TIME(PS) =       0.345  TEMP(K) =   182.82  PRESS =     0.0
 Etot   =  -4035658.4649  EKtot   =      4463.7031  EPtot      =  -4040122.1680
 BOND   =         0.0000  ANGLE   =         0.0000  DIHED      =         0.0000
 1-4 NB =         0.0000  1-4 EEL =         0.0000  VDWAALS    =      8081.3655
 EELEC  =  -4048203.5335  EHBOND  =         0.0000  RESTRAINT  =         0.0000
 Ewald error estimate:   0.0000E+00
 ------------------------------------------------------------------------------


 NSTEP =      346   TIME(PS) =       0.346  TEMP(K) =   182.79  PRESS =     0.0
 Etot   =  -4035658.4581  EKtot   =      4463.0474  EPtot      =  -4040121.5055
 BOND   =         0.0000  ANGLE   =         0.0000  DIHED      =         0.0000
 1-4 NB =         0.0000  1-4 EEL =         0.0000  VDWAALS    =      8079.3588
 EELEC  =  -4048200.8644  EHBOND  =         0.0000  RESTRAINT  =         0.0000
 Ewald error estimate:   0.0000E+00
 ------------------------------------------------------------------------------


 NSTEP =      347   TIME(PS) =       0.347  TEMP(K) =   182.72  PRESS =     0.0
 Etot   =  -4035658.4185  EKtot   =      4461.2914  EPtot      =  -4040119.7100
 BOND   =         0.0000  ANGLE   =         0.0000  DIHED      =         0.0000
 1-4 NB =         0.0000  1-4 EEL =         0.0000  VDWAALS    =      8077.1797
 EELEC  =  -4048196.8896  EHBOND  =         0.0000  RESTRAINT  =         0.0000
 Ewald error estimate:   0.0000E+00
 ------------------------------------------------------------------------------


 NSTEP =      348   TIME(PS) =       0.348  TEMP(K) =   182.63  PRESS =     0.0
 Etot   =  -4035658.3766  EKtot   =      4458.9286  EPtot      =  -4040117.3052
 BOND   =         0.0000  ANGLE   =         0.0000  DIHED      =         0.0000
 1-4 NB =         0.0000  1-4 EEL =         0.0000  VDWAALS    =      8074.8236
 EELEC  =  -4048192.1288  EHBOND  =         0.0000  RESTRAINT  =         0.0000
 Ewald error estimate:   0.0000E+00
 ------------------------------------------------------------------------------


 NSTEP =      349   TIME(PS) =       0.349  TEMP(K) =   182.53  PRESS =     0.0
 Etot   =  -4035658.3545  EKtot   =      4456.4643  EPtot      =  -4040114.8188
 BOND   =         0.0000  ANGLE   =         0.0000  DIHED      =         0.0000
 1-4 NB =         0.0000  1-4 EEL =         0.0000  VDWAALS    =      8072.2894
 EELEC  =  -4048187.1082  EHBOND  =         0.0000  RESTRAINT  =         0.0000
 Ewald error estimate:   0.0000E+00
 ------------------------------------------------------------------------------


 NSTEP =      350   TIME(PS) =       0.350  TEMP(K) =   182.44  PRESS =     0.0
 Etot   =  -4035658.3632  EKtot   =      4454.3570  EPtot      =  -4040112.7201
 BOND   =         0.0000  ANGLE   =         0.0000  DIHED      =         0.0000
 1-4 NB =         0.0000  1-4 EEL =         0.0000  VDWAALS    =      8069.5916
 EELEC  =  -4048182.3117  EHBOND  =         0.0000  RESTRAINT  =         0.0000
 Ewald error estimate:   0.0000E+00
 ------------------------------------------------------------------------------


 NSTEP =      351   TIME(PS) =       0.351  TEMP(K) =   182.38  PRESS =     0.0
 Etot   =  -4035658.3663  EKtot   =      4452.9705  EPtot      =  -4040111.3368
 BOND   =         0.0000  ANGLE   =         0.0000  DIHED      =         0.0000
 1-4 NB =         0.0000  1-4 EEL =         0.0000  VDWAALS    =      8066.8092
 EELEC  =  -4048178.1461  EHBOND  =         0.0000  RESTRAINT  =         0.0000
 Ewald error estimate:   0.0000E+00
 ------------------------------------------------------------------------------


 NSTEP =      352   TIME(PS) =       0.352  TEMP(K) =   182.36  PRESS =     0.0
 Etot   =  -4035658.3676  EKtot   =      4452.5432  EPtot      =  -4040110.9108
 BOND   =         0.0000  ANGLE   =         0.0000  DIHED      =         0.0000
 1-4 NB =         0.0000  1-4 EEL =         0.0000  VDWAALS    =      8063.9536
 EELEC  =  -4048174.8644  EHBOND  =         0.0000  RESTRAINT  =         0.0000
 Ewald error estimate:   0.0000E+00
 ------------------------------------------------------------------------------


 NSTEP =      353   TIME(PS) =       0.353  TEMP(K) =   182.39  PRESS =     0.0
 Etot   =  -4035658.3565  EKtot   =      4453.1752  EPtot      =  -4040111.5317
 BOND   =         0.0000  ANGLE   =         0.0000  DIHED      =         0.0000
 1-4 NB =         0.0000  1-4 EEL =         0.0000  VDWAALS    =      8061.0735
 EELEC  =  -4048172.6052  EHBOND  =         0.0000  RESTRAINT  =         0.0000
 Ewald error estimate:   0.0000E+00
 ------------------------------------------------------------------------------


 NSTEP =      354   TIME(PS) =       0.354  TEMP(K) =   182.46  PRESS =     0.0
 Etot   =  -4035658.3604  EKtot   =      4454.8350  EPtot      =  -4040113.1954
 BOND   =         0.0000  ANGLE   =         0.0000  DIHED      =         0.0000
 1-4 NB =         0.0000  1-4 EEL =         0.0000  VDWAALS    =      8058.1730
 EELEC  =  -4048171.3684  EHBOND  =         0.0000  RESTRAINT  =         0.0000
 Ewald error estimate:   0.0000E+00
 ------------------------------------------------------------------------------


 NSTEP =      355   TIME(PS) =       0.355  TEMP(K) =   182.56  PRESS =     0.0
 Etot   =  -4035658.3793  EKtot   =      4457.3797  EPtot      =  -4040115.7590
 BOND   =         0.0000  ANGLE   =         0.0000  DIHED      =         0.0000
 1-4 NB =         0.0000  1-4 EEL =         0.0000  VDWAALS    =      8055.2745
 EELEC  =  -4048171.0335  EHBOND  =         0.0000  RESTRAINT  =         0.0000
 Ewald error estimate:   0.0000E+00
 ------------------------------------------------------------------------------


 NSTEP =      356   TIME(PS) =       0.356  TEMP(K) =   182.69  PRESS =     0.0
 Etot   =  -4035658.4020  EKtot   =      4460.5867  EPtot      =  -4040118.9887
 BOND   =         0.0000  ANGLE   =         0.0000  DIHED      =         0.0000
 1-4 NB =         0.0000  1-4 EEL =         0.0000  VDWAALS    =      8052.4139
 EELEC  =  -4048171.4026  EHBOND  =         0.0000  RESTRAINT  =         0.0000
 Ewald error estimate:   0.0000E+00
 ------------------------------------------------------------------------------


 NSTEP =      357   TIME(PS) =       0.357  TEMP(K) =   182.84  PRESS =     0.0
 Etot   =  -4035658.4052  EKtot   =      4464.1887  EPtot      =  -4040122.5939
 BOND   =         0.0000  ANGLE   =         0.0000  DIHED      =         0.0000
 1-4 NB =         0.0000  1-4 EEL =         0.0000  VDWAALS    =      8049.6510
 EELEC  =  -4048172.2449  EHBOND  =         0.0000  RESTRAINT  =         0.0000
 Ewald error estimate:   0.0000E+00
 ------------------------------------------------------------------------------


 NSTEP =      358   TIME(PS) =       0.358  TEMP(K) =   182.99  PRESS =     0.0
 Etot   =  -4035658.4033  EKtot   =      4467.9092  EPtot      =  -4040126.3125
 BOND   =         0.0000  ANGLE   =         0.0000  DIHED      =         0.0000
 1-4 NB =         0.0000  1-4 EEL =         0.0000  VDWAALS    =      8046.9832
 EELEC  =  -4048173.2957  EHBOND  =         0.0000  RESTRAINT  =         0.0000
 Ewald error estimate:   0.0000E+00
 ------------------------------------------------------------------------------


 NSTEP =      359   TIME(PS) =       0.359  TEMP(K) =   183.14  PRESS =     0.0
 Etot   =  -4035658.4032  EKtot   =      4471.4934  EPtot      =  -4040129.8966
 BOND   =         0.0000  ANGLE   =         0.0000  DIHED      =         0.0000
 1-4 NB =         0.0000  1-4 EEL =         0.0000  VDWAALS    =      8044.4208
 EELEC  =  -4048174.3175  EHBOND  =         0.0000  RESTRAINT  =         0.0000
 Ewald error estimate:   0.0000E+00
 ------------------------------------------------------------------------------


 NSTEP =      360   TIME(PS) =       0.360  TEMP(K) =   183.27  PRESS =     0.0
 Etot   =  -4035658.3892  EKtot   =      4474.7340  EPtot      =  -4040133.1232
 BOND   =         0.0000  ANGLE   =         0.0000  DIHED      =         0.0000
 1-4 NB =         0.0000  1-4 EEL =         0.0000  VDWAALS    =      8041.9970
 EELEC  =  -4048175.1201  EHBOND  =         0.0000  RESTRAINT  =         0.0000
 Ewald error estimate:   0.0000E+00
 ------------------------------------------------------------------------------


 NSTEP =      361   TIME(PS) =       0.361  TEMP(K) =   183.39  PRESS =     0.0
 Etot   =  -4035658.4001  EKtot   =      4477.4906  EPtot      =  -4040135.8907
 BOND   =         0.0000  ANGLE   =         0.0000  DIHED      =         0.0000
 1-4 NB =         0.0000  1-4 EEL =         0.0000  VDWAALS    =      8039.6840
 EELEC  =  -4048175.5747  EHBOND  =         0.0000  RESTRAINT  =         0.0000
 Ewald error estimate:   0.0000E+00
 ------------------------------------------------------------------------------


 NSTEP =      362   TIME(PS) =       0.362  TEMP(K) =   183.48  PRESS =     0.0
 Etot   =  -4035658.3860  EKtot   =      4479.7029  EPtot      =  -4040138.0889
 BOND   =         0.0000  ANGLE   =         0.0000  DIHED      =         0.0000
 1-4 NB =         0.0000  1-4 EEL =         0.0000  VDWAALS    =      8037.5456
 EELEC  =  -4048175.6345  EHBOND  =         0.0000  RESTRAINT  =         0.0000
 Ewald error estimate:   0.0000E+00
 ------------------------------------------------------------------------------


 NSTEP =      363   TIME(PS) =       0.363  TEMP(K) =   183.55  PRESS =     0.0
 Etot   =  -4035658.3629  EKtot   =      4481.3967  EPtot      =  -4040139.7597
 BOND   =         0.0000  ANGLE   =         0.0000  DIHED      =         0.0000
 1-4 NB =         0.0000  1-4 EEL =         0.0000  VDWAALS    =      8035.5697
 EELEC  =  -4048175.3294  EHBOND  =         0.0000  RESTRAINT  =         0.0000
 Ewald error estimate:   0.0000E+00
 ------------------------------------------------------------------------------


 NSTEP =      364   TIME(PS) =       0.364  TEMP(K) =   183.60  PRESS =     0.0
 Etot   =  -4035658.3566  EKtot   =      4482.6800  EPtot      =  -4040141.0367
 BOND   =         0.0000  ANGLE   =         0.0000  DIHED      =         0.0000
 1-4 NB =         0.0000  1-4 EEL =         0.0000  VDWAALS    =      8033.7403
 EELEC  =  -4048174.7769  EHBOND  =         0.0000  RESTRAINT  =         0.0000
 Ewald error estimate:   0.0000E+00
 ------------------------------------------------------------------------------


 NSTEP =      365   TIME(PS) =       0.365  TEMP(K) =   183.64  PRESS =     0.0
 Etot   =  -4035658.3436  EKtot   =      4483.7289  EPtot      =  -4040142.0724
 BOND   =         0.0000  ANGLE   =         0.0000  DIHED      =         0.0000
 1-4 NB =         0.0000  1-4 EEL =         0.0000  VDWAALS    =      8032.1003
 EELEC  =  -4048174.1728  EHBOND  =         0.0000  RESTRAINT  =         0.0000
 Ewald error estimate:   0.0000E+00
 ------------------------------------------------------------------------------


 NSTEP =      366   TIME(PS) =       0.366  TEMP(K) =   183.68  PRESS =     0.0
 Etot   =  -4035658.3415  EKtot   =      4484.7625  EPtot      =  -4040143.1040
 BOND   =         0.0000  ANGLE   =         0.0000  DIHED      =         0.0000
 1-4 NB =         0.0000  1-4 EEL =         0.0000  VDWAALS    =      8030.6487
 EELEC  =  -4048173.7526  EHBOND  =         0.0000  RESTRAINT  =         0.0000
 Ewald error estimate:   0.0000E+00
 ------------------------------------------------------------------------------


 NSTEP =      367   TIME(PS) =       0.367  TEMP(K) =   183.74  PRESS =     0.0
 Etot   =  -4035658.3108  EKtot   =      4486.0085  EPtot      =  -4040144.3193
 BOND   =         0.0000  ANGLE   =         0.0000  DIHED      =         0.0000
 1-4 NB =         0.0000  1-4 EEL =         0.0000  VDWAALS    =      8029.4411
 EELEC  =  -4048173.7604  EHBOND  =         0.0000  RESTRAINT  =         0.0000
 Ewald error estimate:   0.0000E+00
 ------------------------------------------------------------------------------


 NSTEP =      368   TIME(PS) =       0.368  TEMP(K) =   183.80  PRESS =     0.0
 Etot   =  -4035658.2778  EKtot   =      4487.6626  EPtot      =  -4040145.9404
 BOND   =         0.0000  ANGLE   =         0.0000  DIHED      =         0.0000
 1-4 NB =         0.0000  1-4 EEL =         0.0000  VDWAALS    =      8028.4795
 EELEC  =  -4048174.4200  EHBOND  =         0.0000  RESTRAINT  =         0.0000
 Ewald error estimate:   0.0000E+00
 ------------------------------------------------------------------------------


 NSTEP =      369   TIME(PS) =       0.369  TEMP(K) =   183.89  PRESS =     0.0
 Etot   =  -4035658.2717  EKtot   =      4489.8492  EPtot      =  -4040148.1208
 BOND   =         0.0000  ANGLE   =         0.0000  DIHED      =         0.0000
 1-4 NB =         0.0000  1-4 EEL =         0.0000  VDWAALS    =      8027.7638
 EELEC  =  -4048175.8847  EHBOND  =         0.0000  RESTRAINT  =         0.0000
 Ewald error estimate:   0.0000E+00
 ------------------------------------------------------------------------------


 NSTEP =      370   TIME(PS) =       0.370  TEMP(K) =   184.00  PRESS =     0.0
 Etot   =  -4035658.2711  EKtot   =      4492.5902  EPtot      =  -4040150.8613
 BOND   =         0.0000  ANGLE   =         0.0000  DIHED      =         0.0000
 1-4 NB =         0.0000  1-4 EEL =         0.0000  VDWAALS    =      8027.3505
 EELEC  =  -4048178.2118  EHBOND  =         0.0000  RESTRAINT  =         0.0000
 Ewald error estimate:   0.0000E+00
 ------------------------------------------------------------------------------


 NSTEP =      371   TIME(PS) =       0.371  TEMP(K) =   184.14  PRESS =     0.0
 Etot   =  -4035658.2970  EKtot   =      4495.7885  EPtot      =  -4040154.0854
 BOND   =         0.0000  ANGLE   =         0.0000  DIHED      =         0.0000
 1-4 NB =         0.0000  1-4 EEL =         0.0000  VDWAALS    =      8027.2500
 EELEC  =  -4048181.3355  EHBOND  =         0.0000  RESTRAINT  =         0.0000
 Ewald error estimate:   0.0000E+00
 ------------------------------------------------------------------------------


 NSTEP =      372   TIME(PS) =       0.372  TEMP(K) =   184.28  PRESS =     0.0
 Etot   =  -4035658.2873  EKtot   =      4499.2292  EPtot      =  -4040157.5165
 BOND   =         0.0000  ANGLE   =         0.0000  DIHED      =         0.0000
 1-4 NB =         0.0000  1-4 EEL =         0.0000  VDWAALS    =      8027.5617
 EELEC  =  -4048185.0782  EHBOND  =         0.0000  RESTRAINT  =         0.0000
 Ewald error estimate:   0.0000E+00
 ------------------------------------------------------------------------------


 NSTEP =      373   TIME(PS) =       0.373  TEMP(K) =   184.41  PRESS =     0.0
 Etot   =  -4035658.3254  EKtot   =      4502.6025  EPtot      =  -4040160.9279
 BOND   =         0.0000  ANGLE   =         0.0000  DIHED      =         0.0000
 1-4 NB =         0.0000  1-4 EEL =         0.0000  VDWAALS    =      8028.2293
 EELEC  =  -4048189.1572  EHBOND  =         0.0000  RESTRAINT  =         0.0000
 Ewald error estimate:   0.0000E+00
 ------------------------------------------------------------------------------


 NSTEP =      374   TIME(PS) =       0.374  TEMP(K) =   184.54  PRESS =     0.0
 Etot   =  -4035658.3591  EKtot   =      4505.5416  EPtot      =  -4040163.9007
 BOND   =         0.0000  ANGLE   =         0.0000  DIHED      =         0.0000
 1-4 NB =         0.0000  1-4 EEL =         0.0000  VDWAALS    =      8029.3226
 EELEC  =  -4048193.2233  EHBOND  =         0.0000  RESTRAINT  =         0.0000
 Ewald error estimate:   0.0000E+00
 ------------------------------------------------------------------------------


 NSTEP =      375   TIME(PS) =       0.375  TEMP(K) =   184.62  PRESS =     0.0
 Etot   =  -4035658.3841  EKtot   =      4507.6723  EPtot      =  -4040166.0564
 BOND   =         0.0000  ANGLE   =         0.0000  DIHED      =         0.0000
 1-4 NB =         0.0000  1-4 EEL =         0.0000  VDWAALS    =      8030.8654
 EELEC  =  -4048196.9218  EHBOND  =         0.0000  RESTRAINT  =         0.0000
 Ewald error estimate:   0.0000E+00
 ------------------------------------------------------------------------------


 NSTEP =      376   TIME(PS) =       0.376  TEMP(K) =   184.66  PRESS =     0.0
 Etot   =  -4035658.4255  EKtot   =      4508.6648  EPtot      =  -4040167.0903
 BOND   =         0.0000  ANGLE   =         0.0000  DIHED      =         0.0000
 1-4 NB =         0.0000  1-4 EEL =         0.0000  VDWAALS    =      8032.8335
 EELEC  =  -4048199.9239  EHBOND  =         0.0000  RESTRAINT  =         0.0000
 Ewald error estimate:   0.0000E+00
 ------------------------------------------------------------------------------


 NSTEP =      377   TIME(PS) =       0.377  TEMP(K) =   184.65  PRESS =     0.0
 Etot   =  -4035658.4334  EKtot   =      4508.2807  EPtot      =  -4040166.7141
 BOND   =         0.0000  ANGLE   =         0.0000  DIHED      =         0.0000
 1-4 NB =         0.0000  1-4 EEL =         0.0000  VDWAALS    =      8035.2782
 EELEC  =  -4048201.9923  EHBOND  =         0.0000  RESTRAINT  =         0.0000
 Ewald error estimate:   0.0000E+00
 ------------------------------------------------------------------------------


 NSTEP =      378   TIME(PS) =       0.378  TEMP(K) =   184.57  PRESS =     0.0
 Etot   =  -4035658.4156  EKtot   =      4506.4079  EPtot      =  -4040164.8235
 BOND   =         0.0000  ANGLE   =         0.0000  DIHED      =         0.0000
 1-4 NB =         0.0000  1-4 EEL =         0.0000  VDWAALS    =      8038.1678
 EELEC  =  -4048202.9913  EHBOND  =         0.0000  RESTRAINT  =         0.0000
 Ewald error estimate:   0.0000E+00
 ------------------------------------------------------------------------------


 NSTEP =      379   TIME(PS) =       0.379  TEMP(K) =   184.43  PRESS =     0.0
 Etot   =  -4035658.3962  EKtot   =      4503.0797  EPtot      =  -4040161.4759
 BOND   =         0.0000  ANGLE   =         0.0000  DIHED      =         0.0000
 1-4 NB =         0.0000  1-4 EEL =         0.0000  VDWAALS    =      8041.4490
 EELEC  =  -4048202.9249  EHBOND  =         0.0000  RESTRAINT  =         0.0000
 Ewald error estimate:   0.0000E+00
 ------------------------------------------------------------------------------


 NSTEP =      380   TIME(PS) =       0.380  TEMP(K) =   184.25  PRESS =     0.0
 Etot   =  -4035658.3742  EKtot   =      4498.4771  EPtot      =  -4040156.8513
 BOND   =         0.0000  ANGLE   =         0.0000  DIHED      =         0.0000
 1-4 NB =         0.0000  1-4 EEL =         0.0000  VDWAALS    =      8045.0800
 EELEC  =  -4048201.9312  EHBOND  =         0.0000  RESTRAINT  =         0.0000
 Ewald error estimate:   0.0000E+00
 ------------------------------------------------------------------------------


 NSTEP =      381   TIME(PS) =       0.381  TEMP(K) =   184.02  PRESS =     0.0
 Etot   =  -4035658.3650  EKtot   =      4492.9129  EPtot      =  -4040151.2779
 BOND   =         0.0000  ANGLE   =         0.0000  DIHED      =         0.0000
 1-4 NB =         0.0000  1-4 EEL =         0.0000  VDWAALS    =      8048.9964
 EELEC  =  -4048200.2743  EHBOND  =         0.0000  RESTRAINT  =         0.0000
 Ewald error estimate:   0.0000E+00
 ------------------------------------------------------------------------------


 NSTEP =      382   TIME(PS) =       0.382  TEMP(K) =   183.77  PRESS =     0.0
 Etot   =  -4035658.3178  EKtot   =      4486.8045  EPtot      =  -4040145.1223
 BOND   =         0.0000  ANGLE   =         0.0000  DIHED      =         0.0000
 1-4 NB =         0.0000  1-4 EEL =         0.0000  VDWAALS    =      8053.1922
 EELEC  =  -4048198.3146  EHBOND  =         0.0000  RESTRAINT  =         0.0000
 Ewald error estimate:   0.0000E+00
 ------------------------------------------------------------------------------


 NSTEP =      383   TIME(PS) =       0.383  TEMP(K) =   183.52  PRESS =     0.0
 Etot   =  -4035658.2813  EKtot   =      4480.6352  EPtot      =  -4040138.9164
 BOND   =         0.0000  ANGLE   =         0.0000  DIHED      =         0.0000
 1-4 NB =         0.0000  1-4 EEL =         0.0000  VDWAALS    =      8057.5543
 EELEC  =  -4048196.4708  EHBOND  =         0.0000  RESTRAINT  =         0.0000
 Ewald error estimate:   0.0000E+00
 ------------------------------------------------------------------------------


 NSTEP =      384   TIME(PS) =       0.384  TEMP(K) =   183.28  PRESS =     0.0
 Etot   =  -4035658.2591  EKtot   =      4474.9109  EPtot      =  -4040133.1700
 BOND   =         0.0000  ANGLE   =         0.0000  DIHED      =         0.0000
 1-4 NB =         0.0000  1-4 EEL =         0.0000  VDWAALS    =      8062.0163
 EELEC  =  -4048195.1863  EHBOND  =         0.0000  RESTRAINT  =         0.0000
 Ewald error estimate:   0.0000E+00
 ------------------------------------------------------------------------------


 NSTEP =      385   TIME(PS) =       0.385  TEMP(K) =   183.08  PRESS =     0.0
 Etot   =  -4035658.2090  EKtot   =      4470.1160  EPtot      =  -4040128.3250
 BOND   =         0.0000  ANGLE   =         0.0000  DIHED      =         0.0000
 1-4 NB =         0.0000  1-4 EEL =         0.0000  VDWAALS    =      8066.5567
 EELEC  =  -4048194.8817  EHBOND  =         0.0000  RESTRAINT  =         0.0000
 Ewald error estimate:   0.0000E+00
 ------------------------------------------------------------------------------


 NSTEP =      386   TIME(PS) =       0.386  TEMP(K) =   182.94  PRESS =     0.0
 Etot   =  -4035658.1968  EKtot   =      4466.6714  EPtot      =  -4040124.8682
 BOND   =         0.0000  ANGLE   =         0.0000  DIHED      =         0.0000
 1-4 NB =         0.0000  1-4 EEL =         0.0000  VDWAALS    =      8071.0368
 EELEC  =  -4048195.9050  EHBOND  =         0.0000  RESTRAINT  =         0.0000
 Ewald error estimate:   0.0000E+00
 ------------------------------------------------------------------------------


 NSTEP =      387   TIME(PS) =       0.387  TEMP(K) =   182.87  PRESS =     0.0
 Etot   =  -4035658.1765  EKtot   =      4464.8982  EPtot      =  -4040123.0747
 BOND   =         0.0000  ANGLE   =         0.0000  DIHED      =         0.0000
 1-4 NB =         0.0000  1-4 EEL =         0.0000  VDWAALS    =      8075.4480
 EELEC  =  -4048198.5227  EHBOND  =         0.0000  RESTRAINT  =         0.0000
 Ewald error estimate:   0.0000E+00
 ------------------------------------------------------------------------------


 NSTEP =      388   TIME(PS) =       0.388  TEMP(K) =   182.87  PRESS =     0.0
 Etot   =  -4035658.2037  EKtot   =      4464.9898  EPtot      =  -4040123.1935
 BOND   =         0.0000  ANGLE   =         0.0000  DIHED      =         0.0000
 1-4 NB =         0.0000  1-4 EEL =         0.0000  VDWAALS    =      8079.6761
 EELEC  =  -4048202.8696  EHBOND  =         0.0000  RESTRAINT  =         0.0000
 Ewald error estimate:   0.0000E+00
 ------------------------------------------------------------------------------


 NSTEP =      389   TIME(PS) =       0.389  TEMP(K) =   182.96  PRESS =     0.0
 Etot   =  -4035658.2336  EKtot   =      4466.9925  EPtot      =  -4040125.2260
 BOND   =         0.0000  ANGLE   =         0.0000  DIHED      =         0.0000
 1-4 NB =         0.0000  1-4 EEL =         0.0000  VDWAALS    =      8083.7335
 EELEC  =  -4048208.9596  EHBOND  =         0.0000  RESTRAINT  =         0.0000
 Ewald error estimate:   0.0000E+00
 ------------------------------------------------------------------------------


 NSTEP =      390   TIME(PS) =       0.390  TEMP(K) =   183.11  PRESS =     0.0
 Etot   =  -4035658.2356  EKtot   =      4470.7979  EPtot      =  -4040129.0335
 BOND   =         0.0000  ANGLE   =         0.0000  DIHED      =         0.0000
 1-4 NB =         0.0000  1-4 EEL =         0.0000  VDWAALS    =      8087.6032
 EELEC  =  -4048216.6367  EHBOND  =         0.0000  RESTRAINT  =         0.0000
 Ewald error estimate:   0.0000E+00
 ------------------------------------------------------------------------------


 NSTEP =      391   TIME(PS) =       0.391  TEMP(K) =   183.33  PRESS =     0.0
 Etot   =  -4035658.2603  EKtot   =      4476.1481  EPtot      =  -4040134.4083
 BOND   =         0.0000  ANGLE   =         0.0000  DIHED      =         0.0000
 1-4 NB =         0.0000  1-4 EEL =         0.0000  VDWAALS    =      8091.2066
 EELEC  =  -4048225.6150  EHBOND  =         0.0000  RESTRAINT  =         0.0000
 Ewald error estimate:   0.0000E+00
 ------------------------------------------------------------------------------


 NSTEP =      392   TIME(PS) =       0.392  TEMP(K) =   183.60  PRESS =     0.0
 Etot   =  -4035658.3017  EKtot   =      4482.6533  EPtot      =  -4040140.9549
 BOND   =         0.0000  ANGLE   =         0.0000  DIHED      =         0.0000
 1-4 NB =         0.0000  1-4 EEL =         0.0000  VDWAALS    =      8094.5445
 EELEC  =  -4048235.4994  EHBOND  =         0.0000  RESTRAINT  =         0.0000
 Ewald error estimate:   0.0000E+00
 ------------------------------------------------------------------------------


 NSTEP =      393   TIME(PS) =       0.393  TEMP(K) =   183.89  PRESS =     0.0
 Etot   =  -4035658.3275  EKtot   =      4489.8244  EPtot      =  -4040148.1519
 BOND   =         0.0000  ANGLE   =         0.0000  DIHED      =         0.0000
 1-4 NB =         0.0000  1-4 EEL =         0.0000  VDWAALS    =      8097.6222
 EELEC  =  -4048245.7741  EHBOND  =         0.0000  RESTRAINT  =         0.0000
 Ewald error estimate:   0.0000E+00
 ------------------------------------------------------------------------------


 NSTEP =      394   TIME(PS) =       0.394  TEMP(K) =   184.19  PRESS =     0.0
 Etot   =  -4035658.3133  EKtot   =      4497.1168  EPtot      =  -4040155.4301
 BOND   =         0.0000  ANGLE   =         0.0000  DIHED      =         0.0000
 1-4 NB =         0.0000  1-4 EEL =         0.0000  VDWAALS    =      8100.4862
 EELEC  =  -4048255.9162  EHBOND  =         0.0000  RESTRAINT  =         0.0000
 Ewald error estimate:   0.0000E+00
 ------------------------------------------------------------------------------


 NSTEP =      395   TIME(PS) =       0.395  TEMP(K) =   184.47  PRESS =     0.0
 Etot   =  -4035658.3650  EKtot   =      4503.9822  EPtot      =  -4040162.3473
 BOND   =         0.0000  ANGLE   =         0.0000  DIHED      =         0.0000
 1-4 NB =         0.0000  1-4 EEL =         0.0000  VDWAALS    =      8103.0306
 EELEC  =  -4048265.3778  EHBOND  =         0.0000  RESTRAINT  =         0.0000
 Ewald error estimate:   0.0000E+00
 ------------------------------------------------------------------------------


 NSTEP =      396   TIME(PS) =       0.396  TEMP(K) =   184.71  PRESS =     0.0
 Etot   =  -4035658.3816  EKtot   =      4509.9233  EPtot      =  -4040168.3049
 BOND   =         0.0000  ANGLE   =         0.0000  DIHED      =         0.0000
 1-4 NB =         0.0000  1-4 EEL =         0.0000  VDWAALS    =      8105.3644
 EELEC  =  -4048273.6693  EHBOND  =         0.0000  RESTRAINT  =         0.0000
 Ewald error estimate:   0.0000E+00
 ------------------------------------------------------------------------------


 NSTEP =      397   TIME(PS) =       0.397  TEMP(K) =   184.90  PRESS =     0.0
 Etot   =  -4035658.4396  EKtot   =      4514.5427  EPtot      =  -4040172.9823
 BOND   =         0.0000  ANGLE   =         0.0000  DIHED      =         0.0000
 1-4 NB =         0.0000  1-4 EEL =         0.0000  VDWAALS    =      8107.4518
 EELEC  =  -4048280.4341  EHBOND  =         0.0000  RESTRAINT  =         0.0000
 Ewald error estimate:   0.0000E+00
 ------------------------------------------------------------------------------


 NSTEP =      398   TIME(PS) =       0.398  TEMP(K) =   185.03  PRESS =     0.0
 Etot   =  -4035658.4287  EKtot   =      4517.5802  EPtot      =  -4040176.0089
 BOND   =         0.0000  ANGLE   =         0.0000  DIHED      =         0.0000
 1-4 NB =         0.0000  1-4 EEL =         0.0000  VDWAALS    =      8109.4036
 EELEC  =  -4048285.4125  EHBOND  =         0.0000  RESTRAINT  =         0.0000
 Ewald error estimate:   0.0000E+00
 ------------------------------------------------------------------------------


 NSTEP =      399   TIME(PS) =       0.399  TEMP(K) =   185.08  PRESS =     0.0
 Etot   =  -4035658.4323  EKtot   =      4518.9335  EPtot      =  -4040177.3657
 BOND   =         0.0000  ANGLE   =         0.0000  DIHED      =         0.0000
 1-4 NB =         0.0000  1-4 EEL =         0.0000  VDWAALS    =      8111.1734
 EELEC  =  -4048288.5391  EHBOND  =         0.0000  RESTRAINT  =         0.0000
 Ewald error estimate:   0.0000E+00
 ------------------------------------------------------------------------------


 NSTEP =      400   TIME(PS) =       0.400  TEMP(K) =   185.07  PRESS =     0.0
 Etot   =  -4035658.4412  EKtot   =      4518.6592  EPtot      =  -4040177.1004
 BOND   =         0.0000  ANGLE   =         0.0000  DIHED      =         0.0000
 1-4 NB =         0.0000  1-4 EEL =         0.0000  VDWAALS    =      8112.7963
 EELEC  =  -4048289.8967  EHBOND  =         0.0000  RESTRAINT  =         0.0000
 Ewald error estimate:   0.0000E+00
 ------------------------------------------------------------------------------


 NSTEP =      401   TIME(PS) =       0.401  TEMP(K) =   185.00  PRESS =     0.0
 Etot   =  -4035658.4299  EKtot   =      4516.9571  EPtot      =  -4040175.3869
 BOND   =         0.0000  ANGLE   =         0.0000  DIHED      =         0.0000
 1-4 NB =         0.0000  1-4 EEL =         0.0000  VDWAALS    =      8114.3155
 EELEC  =  -4048289.7024  EHBOND  =         0.0000  RESTRAINT  =         0.0000
 Ewald error estimate:   0.0000E+00
 ------------------------------------------------------------------------------


 NSTEP =      402   TIME(PS) =       0.402  TEMP(K) =   184.89  PRESS =     0.0
 Etot   =  -4035658.4049  EKtot   =      4514.1388  EPtot      =  -4040172.5437
 BOND   =         0.0000  ANGLE   =         0.0000  DIHED      =         0.0000
 1-4 NB =         0.0000  1-4 EEL =         0.0000  VDWAALS    =      8115.7593
 EELEC  =  -4048288.3030  EHBOND  =         0.0000  RESTRAINT  =         0.0000
 Ewald error estimate:   0.0000E+00
 ------------------------------------------------------------------------------


 NSTEP =      403   TIME(PS) =       0.403  TEMP(K) =   184.74  PRESS =     0.0
 Etot   =  -4035658.3935  EKtot   =      4510.5894  EPtot      =  -4040168.9829
 BOND   =         0.0000  ANGLE   =         0.0000  DIHED      =         0.0000
 1-4 NB =         0.0000  1-4 EEL =         0.0000  VDWAALS    =      8117.1135
 EELEC  =  -4048286.0964  EHBOND  =         0.0000  RESTRAINT  =         0.0000
 Ewald error estimate:   0.0000E+00
 ------------------------------------------------------------------------------


 NSTEP =      404   TIME(PS) =       0.404  TEMP(K) =   184.58  PRESS =     0.0
 Etot   =  -4035658.3674  EKtot   =      4506.7247  EPtot      =  -4040165.0922
 BOND   =         0.0000  ANGLE   =         0.0000  DIHED      =         0.0000
 1-4 NB =         0.0000  1-4 EEL =         0.0000  VDWAALS    =      8118.4268
 EELEC  =  -4048283.5190  EHBOND  =         0.0000  RESTRAINT  =         0.0000
 Ewald error estimate:   0.0000E+00
 ------------------------------------------------------------------------------


 NSTEP =      405   TIME(PS) =       0.405  TEMP(K) =   184.43  PRESS =     0.0
 Etot   =  -4035658.3762  EKtot   =      4502.9522  EPtot      =  -4040161.3284
 BOND   =         0.0000  ANGLE   =         0.0000  DIHED      =         0.0000
 1-4 NB =         0.0000  1-4 EEL =         0.0000  VDWAALS    =      8119.6614
 EELEC  =  -4048280.9898  EHBOND  =         0.0000  RESTRAINT  =         0.0000
 Ewald error estimate:   0.0000E+00
 ------------------------------------------------------------------------------


 NSTEP =      406   TIME(PS) =       0.406  TEMP(K) =   184.29  PRESS =     0.0
 Etot   =  -4035658.3560  EKtot   =      4499.6362  EPtot      =  -4040157.9922
 BOND   =         0.0000  ANGLE   =         0.0000  DIHED      =         0.0000
 1-4 NB =         0.0000  1-4 EEL =         0.0000  VDWAALS    =      8120.8947
 EELEC  =  -4048278.8870  EHBOND  =         0.0000  RESTRAINT  =         0.0000
 Ewald error estimate:   0.0000E+00
 ------------------------------------------------------------------------------


 NSTEP =      407   TIME(PS) =       0.407  TEMP(K) =   184.19  PRESS =     0.0
 Etot   =  -4035658.3384  EKtot   =      4497.0710  EPtot      =  -4040155.4093
 BOND   =         0.0000  ANGLE   =         0.0000  DIHED      =         0.0000
 1-4 NB =         0.0000  1-4 EEL =         0.0000  VDWAALS    =      8122.1129
 EELEC  =  -4048277.5222  EHBOND  =         0.0000  RESTRAINT  =         0.0000
 Ewald error estimate:   0.0000E+00
 ------------------------------------------------------------------------------


 NSTEP =      408   TIME(PS) =       0.408  TEMP(K) =   184.12  PRESS =     0.0
 Etot   =  -4035658.3602  EKtot   =      4495.4604  EPtot      =  -4040153.8206
 BOND   =         0.0000  ANGLE   =         0.0000  DIHED      =         0.0000
 1-4 NB =         0.0000  1-4 EEL =         0.0000  VDWAALS    =      8123.2816
 EELEC  =  -4048277.1022  EHBOND  =         0.0000  RESTRAINT  =         0.0000
 Ewald error estimate:   0.0000E+00
 ------------------------------------------------------------------------------


 NSTEP =      409   TIME(PS) =       0.409  TEMP(K) =   184.10  PRESS =     0.0
 Etot   =  -4035658.3399  EKtot   =      4494.9059  EPtot      =  -4040153.2458
 BOND   =         0.0000  ANGLE   =         0.0000  DIHED      =         0.0000
 1-4 NB =         0.0000  1-4 EEL =         0.0000  VDWAALS    =      8124.4996
 EELEC  =  -4048277.7454  EHBOND  =         0.0000  RESTRAINT  =         0.0000
 Ewald error estimate:   0.0000E+00
 ------------------------------------------------------------------------------


 NSTEP =      410   TIME(PS) =       0.410  TEMP(K) =   184.12  PRESS =     0.0
 Etot   =  -4035658.3617  EKtot   =      4495.3996  EPtot      =  -4040153.7613
 BOND   =         0.0000  ANGLE   =         0.0000  DIHED      =         0.0000
 1-4 NB =         0.0000  1-4 EEL =         0.0000  VDWAALS    =      8125.6969
 EELEC  =  -4048279.4582  EHBOND  =         0.0000  RESTRAINT  =         0.0000
 Ewald error estimate:   0.0000E+00
 ------------------------------------------------------------------------------


 NSTEP =      411   TIME(PS) =       0.411  TEMP(K) =   184.18  PRESS =     0.0
 Etot   =  -4035658.3907  EKtot   =      4496.8255  EPtot      =  -4040155.2162
 BOND   =         0.0000  ANGLE   =         0.0000  DIHED      =         0.0000
 1-4 NB =         0.0000  1-4 EEL =         0.0000  VDWAALS    =      8126.9202
 EELEC  =  -4048282.1364  EHBOND  =         0.0000  RESTRAINT  =         0.0000
 Ewald error estimate:   0.0000E+00
 ------------------------------------------------------------------------------


 NSTEP =      412   TIME(PS) =       0.412  TEMP(K) =   184.27  PRESS =     0.0
 Etot   =  -4035658.4216  EKtot   =      4498.9675  EPtot      =  -4040157.3892
 BOND   =         0.0000  ANGLE   =         0.0000  DIHED      =         0.0000
 1-4 NB =         0.0000  1-4 EEL =         0.0000  VDWAALS    =      8128.1898
 EELEC  =  -4048285.5789  EHBOND  =         0.0000  RESTRAINT  =         0.0000
 Ewald error estimate:   0.0000E+00
 ------------------------------------------------------------------------------


 NSTEP =      413   TIME(PS) =       0.413  TEMP(K) =   184.37  PRESS =     0.0
 Etot   =  -4035658.4393  EKtot   =      4501.5262  EPtot      =  -4040159.9655
 BOND   =         0.0000  ANGLE   =         0.0000  DIHED      =         0.0000
 1-4 NB =         0.0000  1-4 EEL =         0.0000  VDWAALS    =      8129.5441
 EELEC  =  -4048289.5096  EHBOND  =         0.0000  RESTRAINT  =         0.0000
 Ewald error estimate:   0.0000E+00
 ------------------------------------------------------------------------------


 NSTEP =      414   TIME(PS) =       0.414  TEMP(K) =   184.48  PRESS =     0.0
 Etot   =  -4035658.4829  EKtot   =      4504.1436  EPtot      =  -4040162.6265
 BOND   =         0.0000  ANGLE   =         0.0000  DIHED      =         0.0000
 1-4 NB =         0.0000  1-4 EEL =         0.0000  VDWAALS    =      8130.9527
 EELEC  =  -4048293.5792  EHBOND  =         0.0000  RESTRAINT  =         0.0000
 Ewald error estimate:   0.0000E+00
 ------------------------------------------------------------------------------


 NSTEP =      415   TIME(PS) =       0.415  TEMP(K) =   184.57  PRESS =     0.0
 Etot   =  -4035658.5423  EKtot   =      4506.4373  EPtot      =  -4040164.9796
 BOND   =         0.0000  ANGLE   =         0.0000  DIHED      =         0.0000
 1-4 NB =         0.0000  1-4 EEL =         0.0000  VDWAALS    =      8132.4479
 EELEC  =  -4048297.4275  EHBOND  =         0.0000  RESTRAINT  =         0.0000
 Ewald error estimate:   0.0000E+00
 ------------------------------------------------------------------------------


 NSTEP =      416   TIME(PS) =       0.416  TEMP(K) =   184.64  PRESS =     0.0
 Etot   =  -4035658.5603  EKtot   =      4508.0391  EPtot      =  -4040166.5993
 BOND   =         0.0000  ANGLE   =         0.0000  DIHED      =         0.0000
 1-4 NB =         0.0000  1-4 EEL =         0.0000  VDWAALS    =      8134.0981
 EELEC  =  -4048300.6974  EHBOND  =         0.0000  RESTRAINT  =         0.0000
 Ewald error estimate:   0.0000E+00
 ------------------------------------------------------------------------------


 NSTEP =      417   TIME(PS) =       0.417  TEMP(K) =   184.66  PRESS =     0.0
 Etot   =  -4035658.5981  EKtot   =      4508.6352  EPtot      =  -4040167.2333
 BOND   =         0.0000  ANGLE   =         0.0000  DIHED      =         0.0000
 1-4 NB =         0.0000  1-4 EEL =         0.0000  VDWAALS    =      8135.8638
 EELEC  =  -4048303.0971  EHBOND  =         0.0000  RESTRAINT  =         0.0000
 Ewald error estimate:   0.0000E+00
 ------------------------------------------------------------------------------


 NSTEP =      418   TIME(PS) =       0.418  TEMP(K) =   184.64  PRESS =     0.0
 Etot   =  -4035658.5788  EKtot   =      4508.0037  EPtot      =  -4040166.5825
 BOND   =         0.0000  ANGLE   =         0.0000  DIHED      =         0.0000
 1-4 NB =         0.0000  1-4 EEL =         0.0000  VDWAALS    =      8137.8290
 EELEC  =  -4048304.4115  EHBOND  =         0.0000  RESTRAINT  =         0.0000
 Ewald error estimate:   0.0000E+00
 ------------------------------------------------------------------------------


 NSTEP =      419   TIME(PS) =       0.419  TEMP(K) =   184.56  PRESS =     0.0
 Etot   =  -4035658.5727  EKtot   =      4506.0422  EPtot      =  -4040164.6149
 BOND   =         0.0000  ANGLE   =         0.0000  DIHED      =         0.0000
 1-4 NB =         0.0000  1-4 EEL =         0.0000  VDWAALS    =      8139.9396
 EELEC  =  -4048304.5545  EHBOND  =         0.0000  RESTRAINT  =         0.0000
 Ewald error estimate:   0.0000E+00
 ------------------------------------------------------------------------------


 NSTEP =      420   TIME(PS) =       0.420  TEMP(K) =   184.42  PRESS =     0.0
 Etot   =  -4035658.5644  EKtot   =      4502.7825  EPtot      =  -4040161.3469
 BOND   =         0.0000  ANGLE   =         0.0000  DIHED      =         0.0000
 1-4 NB =         0.0000  1-4 EEL =         0.0000  VDWAALS    =      8142.2154
 EELEC  =  -4048303.5623  EHBOND  =         0.0000  RESTRAINT  =         0.0000
 Ewald error estimate:   0.0000E+00
 ------------------------------------------------------------------------------


 NSTEP =      421   TIME(PS) =       0.421  TEMP(K) =   184.24  PRESS =     0.0
 Etot   =  -4035658.5399  EKtot   =      4498.3900  EPtot      =  -4040156.9299
 BOND   =         0.0000  ANGLE   =         0.0000  DIHED      =         0.0000
 1-4 NB =         0.0000  1-4 EEL =         0.0000  VDWAALS    =      8144.6796
 EELEC  =  -4048301.6095  EHBOND  =         0.0000  RESTRAINT  =         0.0000
 Ewald error estimate:   0.0000E+00
 ------------------------------------------------------------------------------


 NSTEP =      422   TIME(PS) =       0.422  TEMP(K) =   184.03  PRESS =     0.0
 Etot   =  -4035658.5215  EKtot   =      4493.1478  EPtot      =  -4040151.6693
 BOND   =         0.0000  ANGLE   =         0.0000  DIHED      =         0.0000
 1-4 NB =         0.0000  1-4 EEL =         0.0000  VDWAALS    =      8147.3159
 EELEC  =  -4048298.9852  EHBOND  =         0.0000  RESTRAINT  =         0.0000
 Ewald error estimate:   0.0000E+00
 ------------------------------------------------------------------------------


 NSTEP =      423   TIME(PS) =       0.423  TEMP(K) =   183.79  PRESS =     0.0
 Etot   =  -4035658.4734  EKtot   =      4487.4276  EPtot      =  -4040145.9009
 BOND   =         0.0000  ANGLE   =         0.0000  DIHED      =         0.0000
 1-4 NB =         0.0000  1-4 EEL =         0.0000  VDWAALS    =      8150.1641
 EELEC  =  -4048296.0650  EHBOND  =         0.0000  RESTRAINT  =         0.0000
 Ewald error estimate:   0.0000E+00
 ------------------------------------------------------------------------------


 NSTEP =      424   TIME(PS) =       0.424  TEMP(K) =   183.56  PRESS =     0.0
 Etot   =  -4035658.4315  EKtot   =      4481.6523  EPtot      =  -4040140.0838
 BOND   =         0.0000  ANGLE   =         0.0000  DIHED      =         0.0000
 1-4 NB =         0.0000  1-4 EEL =         0.0000  VDWAALS    =      8153.1835
 EELEC  =  -4048293.2673  EHBOND  =         0.0000  RESTRAINT  =         0.0000
 Ewald error estimate:   0.0000E+00
 ------------------------------------------------------------------------------


 NSTEP =      425   TIME(PS) =       0.425  TEMP(K) =   183.34  PRESS =     0.0
 Etot   =  -4035658.3974  EKtot   =      4476.2539  EPtot      =  -4040134.6513
 BOND   =         0.0000  ANGLE   =         0.0000  DIHED      =         0.0000
 1-4 NB =         0.0000  1-4 EEL =         0.0000  VDWAALS    =      8156.3625
 EELEC  =  -4048291.0138  EHBOND  =         0.0000  RESTRAINT  =         0.0000
 Ewald error estimate:   0.0000E+00
 ------------------------------------------------------------------------------


 NSTEP =      426   TIME(PS) =       0.426  TEMP(K) =   183.15  PRESS =     0.0
 Etot   =  -4035658.3798  EKtot   =      4471.6310  EPtot      =  -4040130.0108
 BOND   =         0.0000  ANGLE   =         0.0000  DIHED      =         0.0000
 1-4 NB =         0.0000  1-4 EEL =         0.0000  VDWAALS    =      8159.6913
 EELEC  =  -4048289.7021  EHBOND  =         0.0000  RESTRAINT  =         0.0000
 Ewald error estimate:   0.0000E+00
 ------------------------------------------------------------------------------


 NSTEP =      427   TIME(PS) =       0.427  TEMP(K) =   183.00  PRESS =     0.0
 Etot   =  -4035658.3412  EKtot   =      4468.1094  EPtot      =  -4040126.4505
 BOND   =         0.0000  ANGLE   =         0.0000  DIHED      =         0.0000
 1-4 NB =         0.0000  1-4 EEL =         0.0000  VDWAALS    =      8163.1873
 EELEC  =  -4048289.6378  EHBOND  =         0.0000  RESTRAINT  =         0.0000
 Ewald error estimate:   0.0000E+00
 ------------------------------------------------------------------------------


 NSTEP =      428   TIME(PS) =       0.428  TEMP(K) =   182.91  PRESS =     0.0
 Etot   =  -4035658.3028  EKtot   =      4465.9099  EPtot      =  -4040124.2127
 BOND   =         0.0000  ANGLE   =         0.0000  DIHED      =         0.0000
 1-4 NB =         0.0000  1-4 EEL =         0.0000  VDWAALS    =      8166.8040
 EELEC  =  -4048291.0167  EHBOND  =         0.0000  RESTRAINT  =         0.0000
 Ewald error estimate:   0.0000E+00
 ------------------------------------------------------------------------------


 NSTEP =      429   TIME(PS) =       0.429  TEMP(K) =   182.88  PRESS =     0.0
 Etot   =  -4035658.3226  EKtot   =      4465.1253  EPtot      =  -4040123.4479
 BOND   =         0.0000  ANGLE   =         0.0000  DIHED      =         0.0000
 1-4 NB =         0.0000  1-4 EEL =         0.0000  VDWAALS    =      8170.4580
 EELEC  =  -4048293.9058  EHBOND  =         0.0000  RESTRAINT  =         0.0000
 Ewald error estimate:   0.0000E+00
 ------------------------------------------------------------------------------


 NSTEP =      430   TIME(PS) =       0.430  TEMP(K) =   182.90  PRESS =     0.0
 Etot   =  -4035658.3331  EKtot   =      4465.7083  EPtot      =  -4040124.0414
 BOND   =         0.0000  ANGLE   =         0.0000  DIHED      =         0.0000
 1-4 NB =         0.0000  1-4 EEL =         0.0000  VDWAALS    =      8174.1837
 EELEC  =  -4048298.2251  EHBOND  =         0.0000  RESTRAINT  =         0.0000
 Ewald error estimate:   0.0000E+00
 ------------------------------------------------------------------------------


 NSTEP =      431   TIME(PS) =       0.431  TEMP(K) =   182.98  PRESS =     0.0
 Etot   =  -4035658.3607  EKtot   =      4467.4760  EPtot      =  -4040125.8367
 BOND   =         0.0000  ANGLE   =         0.0000  DIHED      =         0.0000
 1-4 NB =         0.0000  1-4 EEL =         0.0000  VDWAALS    =      8177.9242
 EELEC  =  -4048303.7609  EHBOND  =         0.0000  RESTRAINT  =         0.0000
 Ewald error estimate:   0.0000E+00
 ------------------------------------------------------------------------------


 NSTEP =      432   TIME(PS) =       0.432  TEMP(K) =   183.08  PRESS =     0.0
 Etot   =  -4035658.3880  EKtot   =      4470.1282  EPtot      =  -4040128.5161
 BOND   =         0.0000  ANGLE   =         0.0000  DIHED      =         0.0000
 1-4 NB =         0.0000  1-4 EEL =         0.0000  VDWAALS    =      8181.6442
 EELEC  =  -4048310.1604  EHBOND  =         0.0000  RESTRAINT  =         0.0000
 Ewald error estimate:   0.0000E+00
 ------------------------------------------------------------------------------


 NSTEP =      433   TIME(PS) =       0.433  TEMP(K) =   183.21  PRESS =     0.0
 Etot   =  -4035658.4362  EKtot   =      4473.2815  EPtot      =  -4040131.7177
 BOND   =         0.0000  ANGLE   =         0.0000  DIHED      =         0.0000
 1-4 NB =         0.0000  1-4 EEL =         0.0000  VDWAALS    =      8185.2700
 EELEC  =  -4048316.9877  EHBOND  =         0.0000  RESTRAINT  =         0.0000
 Ewald error estimate:   0.0000E+00
 ------------------------------------------------------------------------------


 NSTEP =      434   TIME(PS) =       0.434  TEMP(K) =   183.35  PRESS =     0.0
 Etot   =  -4035658.4534  EKtot   =      4476.5155  EPtot      =  -4040134.9689
 BOND   =         0.0000  ANGLE   =         0.0000  DIHED      =         0.0000
 1-4 NB =         0.0000  1-4 EEL =         0.0000  VDWAALS    =      8188.8187
 EELEC  =  -4048323.7876  EHBOND  =         0.0000  RESTRAINT  =         0.0000
 Ewald error estimate:   0.0000E+00
 ------------------------------------------------------------------------------


 NSTEP =      435   TIME(PS) =       0.435  TEMP(K) =   183.47  PRESS =     0.0
 Etot   =  -4035658.4713  EKtot   =      4479.4242  EPtot      =  -4040137.8956
 BOND   =         0.0000  ANGLE   =         0.0000  DIHED      =         0.0000
 1-4 NB =         0.0000  1-4 EEL =         0.0000  VDWAALS    =      8192.1995
 EELEC  =  -4048330.0951  EHBOND  =         0.0000  RESTRAINT  =         0.0000
 Ewald error estimate:   0.0000E+00
 ------------------------------------------------------------------------------


 NSTEP =      436   TIME(PS) =       0.436  TEMP(K) =   183.56  PRESS =     0.0
 Etot   =  -4035658.4981  EKtot   =      4481.6662  EPtot      =  -4040140.1642
 BOND   =         0.0000  ANGLE   =         0.0000  DIHED      =         0.0000
 1-4 NB =         0.0000  1-4 EEL =         0.0000  VDWAALS    =      8195.3545
 EELEC  =  -4048335.5187  EHBOND  =         0.0000  RESTRAINT  =         0.0000
 Ewald error estimate:   0.0000E+00
 ------------------------------------------------------------------------------


 NSTEP =      437   TIME(PS) =       0.437  TEMP(K) =   183.61  PRESS =     0.0
 Etot   =  -4035658.4992  EKtot   =      4483.0043  EPtot      =  -4040141.5035
 BOND   =         0.0000  ANGLE   =         0.0000  DIHED      =         0.0000
 1-4 NB =         0.0000  1-4 EEL =         0.0000  VDWAALS    =      8198.2869
 EELEC  =  -4048339.7904  EHBOND  =         0.0000  RESTRAINT  =         0.0000
 Ewald error estimate:   0.0000E+00
 ------------------------------------------------------------------------------


 NSTEP =      438   TIME(PS) =       0.438  TEMP(K) =   183.63  PRESS =     0.0
 Etot   =  -4035658.5058  EKtot   =      4483.3287  EPtot      =  -4040141.8345
 BOND   =         0.0000  ANGLE   =         0.0000  DIHED      =         0.0000
 1-4 NB =         0.0000  1-4 EEL =         0.0000  VDWAALS    =      8200.9267
 EELEC  =  -4048342.7613  EHBOND  =         0.0000  RESTRAINT  =         0.0000
 Ewald error estimate:   0.0000E+00
 ------------------------------------------------------------------------------


 NSTEP =      439   TIME(PS) =       0.439  TEMP(K) =   183.60  PRESS =     0.0
 Etot   =  -4035658.4855  EKtot   =      4482.6584  EPtot      =  -4040141.1439
 BOND   =         0.0000  ANGLE   =         0.0000  DIHED      =         0.0000
 1-4 NB =         0.0000  1-4 EEL =         0.0000  VDWAALS    =      8203.2832
 EELEC  =  -4048344.4271  EHBOND  =         0.0000  RESTRAINT  =         0.0000
 Ewald error estimate:   0.0000E+00
 ------------------------------------------------------------------------------


 NSTEP =      440   TIME(PS) =       0.440  TEMP(K) =   183.53  PRESS =     0.0
 Etot   =  -4035658.4684  EKtot   =      4481.1215  EPtot      =  -4040139.5899
 BOND   =         0.0000  ANGLE   =         0.0000  DIHED      =         0.0000
 1-4 NB =         0.0000  1-4 EEL =         0.0000  VDWAALS    =      8205.3018
 EELEC  =  -4048344.8917  EHBOND  =         0.0000  RESTRAINT  =         0.0000
 Ewald error estimate:   0.0000E+00
 ------------------------------------------------------------------------------


 NSTEP =      441   TIME(PS) =       0.441  TEMP(K) =   183.44  PRESS =     0.0
 Etot   =  -4035658.4321  EKtot   =      4478.9203  EPtot      =  -4040137.3524
 BOND   =         0.0000  ANGLE   =         0.0000  DIHED      =         0.0000
 1-4 NB =         0.0000  1-4 EEL =         0.0000  VDWAALS    =      8207.0064
 EELEC  =  -4048344.3588  EHBOND  =         0.0000  RESTRAINT  =         0.0000
 Ewald error estimate:   0.0000E+00
 ------------------------------------------------------------------------------


 NSTEP =      442   TIME(PS) =       0.442  TEMP(K) =   183.34  PRESS =     0.0
 Etot   =  -4035658.4042  EKtot   =      4476.2873  EPtot      =  -4040134.6915
 BOND   =         0.0000  ANGLE   =         0.0000  DIHED      =         0.0000
 1-4 NB =         0.0000  1-4 EEL =         0.0000  VDWAALS    =      8208.3628
 EELEC  =  -4048343.0542  EHBOND  =         0.0000  RESTRAINT  =         0.0000
 Ewald error estimate:   0.0000E+00
 ------------------------------------------------------------------------------


 NSTEP =      443   TIME(PS) =       0.443  TEMP(K) =   183.22  PRESS =     0.0
 Etot   =  -4035658.4166  EKtot   =      4473.4438  EPtot      =  -4040131.8604
 BOND   =         0.0000  ANGLE   =         0.0000  DIHED      =         0.0000
 1-4 NB =         0.0000  1-4 EEL =         0.0000  VDWAALS    =      8209.3540
 EELEC  =  -4048341.2144  EHBOND  =         0.0000  RESTRAINT  =         0.0000
 Ewald error estimate:   0.0000E+00
 ------------------------------------------------------------------------------


 NSTEP =      444   TIME(PS) =       0.444  TEMP(K) =   183.10  PRESS =     0.0
 Etot   =  -4035658.4158  EKtot   =      4470.5678  EPtot      =  -4040128.9836
 BOND   =         0.0000  ANGLE   =         0.0000  DIHED      =         0.0000
 1-4 NB =         0.0000  1-4 EEL =         0.0000  VDWAALS    =      8210.0331
 EELEC  =  -4048339.0166  EHBOND  =         0.0000  RESTRAINT  =         0.0000
 Ewald error estimate:   0.0000E+00
 ------------------------------------------------------------------------------


 NSTEP =      445   TIME(PS) =       0.445  TEMP(K) =   182.99  PRESS =     0.0
 Etot   =  -4035658.4258  EKtot   =      4467.7771  EPtot      =  -4040126.2028
 BOND   =         0.0000  ANGLE   =         0.0000  DIHED      =         0.0000
 1-4 NB =         0.0000  1-4 EEL =         0.0000  VDWAALS    =      8210.4043
 EELEC  =  -4048336.6071  EHBOND  =         0.0000  RESTRAINT  =         0.0000
 Ewald error estimate:   0.0000E+00
 ------------------------------------------------------------------------------


 NSTEP =      446   TIME(PS) =       0.446  TEMP(K) =   182.88  PRESS =     0.0
 Etot   =  -4035658.4235  EKtot   =      4465.1293  EPtot      =  -4040123.5528
 BOND   =         0.0000  ANGLE   =         0.0000  DIHED      =         0.0000
 1-4 NB =         0.0000  1-4 EEL =         0.0000  VDWAALS    =      8210.5083
 EELEC  =  -4048334.0611  EHBOND  =         0.0000  RESTRAINT  =         0.0000
 Ewald error estimate:   0.0000E+00
 ------------------------------------------------------------------------------


 NSTEP =      447   TIME(PS) =       0.447  TEMP(K) =   182.78  PRESS =     0.0
 Etot   =  -4035658.4047  EKtot   =      4462.6346  EPtot      =  -4040121.0394
 BOND   =         0.0000  ANGLE   =         0.0000  DIHED      =         0.0000
 1-4 NB =         0.0000  1-4 EEL =         0.0000  VDWAALS    =      8210.3629
 EELEC  =  -4048331.4023  EHBOND  =         0.0000  RESTRAINT  =         0.0000
 Ewald error estimate:   0.0000E+00
 ------------------------------------------------------------------------------


 NSTEP =      448   TIME(PS) =       0.448  TEMP(K) =   182.68  PRESS =     0.0
 Etot   =  -4035658.3869  EKtot   =      4460.2764  EPtot      =  -4040118.6633
 BOND   =         0.0000  ANGLE   =         0.0000  DIHED      =         0.0000
 1-4 NB =         0.0000  1-4 EEL =         0.0000  VDWAALS    =      8209.9811
 EELEC  =  -4048328.6444  EHBOND  =         0.0000  RESTRAINT  =         0.0000
 Ewald error estimate:   0.0000E+00
 ------------------------------------------------------------------------------


 NSTEP =      449   TIME(PS) =       0.449  TEMP(K) =   182.59  PRESS =     0.0
 Etot   =  -4035658.4074  EKtot   =      4458.0336  EPtot      =  -4040116.4411
 BOND   =         0.0000  ANGLE   =         0.0000  DIHED      =         0.0000
 1-4 NB =         0.0000  1-4 EEL =         0.0000  VDWAALS    =      8209.3367
 EELEC  =  -4048325.7777  EHBOND  =         0.0000  RESTRAINT  =         0.0000
 Ewald error estimate:   0.0000E+00
 ------------------------------------------------------------------------------


 NSTEP =      450   TIME(PS) =       0.450  TEMP(K) =   182.50  PRESS =     0.0
 Etot   =  -4035658.4064  EKtot   =      4455.9000  EPtot      =  -4040114.3064
 BOND   =         0.0000  ANGLE   =         0.0000  DIHED      =         0.0000
 1-4 NB =         0.0000  1-4 EEL =         0.0000  VDWAALS    =      8208.5201
 EELEC  =  -4048322.8264  EHBOND  =         0.0000  RESTRAINT  =         0.0000
 Ewald error estimate:   0.0000E+00
 ------------------------------------------------------------------------------


 NSTEP =      451   TIME(PS) =       0.451  TEMP(K) =   182.42  PRESS =     0.0
 Etot   =  -4035658.3965  EKtot   =      4453.8962  EPtot      =  -4040112.2927
 BOND   =         0.0000  ANGLE   =         0.0000  DIHED      =         0.0000
 1-4 NB =         0.0000  1-4 EEL =         0.0000  VDWAALS    =      8207.5294
 EELEC  =  -4048319.8220  EHBOND  =         0.0000  RESTRAINT  =         0.0000
 Ewald error estimate:   0.0000E+00
 ------------------------------------------------------------------------------


 NSTEP =      452   TIME(PS) =       0.452  TEMP(K) =   182.35  PRESS =     0.0
 Etot   =  -4035658.3952  EKtot   =      4452.0744  EPtot      =  -4040110.4696
 BOND   =         0.0000  ANGLE   =         0.0000  DIHED      =         0.0000
 1-4 NB =         0.0000  1-4 EEL =         0.0000  VDWAALS    =      8206.3610
 EELEC  =  -4048316.8306  EHBOND  =         0.0000  RESTRAINT  =         0.0000
 Ewald error estimate:   0.0000E+00
 ------------------------------------------------------------------------------


 NSTEP =      453   TIME(PS) =       0.453  TEMP(K) =   182.28  PRESS =     0.0
 Etot   =  -4035658.3695  EKtot   =      4450.5167  EPtot      =  -4040108.8862
 BOND   =         0.0000  ANGLE   =         0.0000  DIHED      =         0.0000
 1-4 NB =         0.0000  1-4 EEL =         0.0000  VDWAALS    =      8205.0717
 EELEC  =  -4048313.9579  EHBOND  =         0.0000  RESTRAINT  =         0.0000
 Ewald error estimate:   0.0000E+00
 ------------------------------------------------------------------------------


 NSTEP =      454   TIME(PS) =       0.454  TEMP(K) =   182.23  PRESS =     0.0
 Etot   =  -4035658.3547  EKtot   =      4449.3274  EPtot      =  -4040107.6821
 BOND   =         0.0000  ANGLE   =         0.0000  DIHED      =         0.0000
 1-4 NB =         0.0000  1-4 EEL =         0.0000  VDWAALS    =      8203.6296
 EELEC  =  -4048311.3117  EHBOND  =         0.0000  RESTRAINT  =         0.0000
 Ewald error estimate:   0.0000E+00
 ------------------------------------------------------------------------------


 NSTEP =      455   TIME(PS) =       0.455  TEMP(K) =   182.20  PRESS =     0.0
 Etot   =  -4035658.3388  EKtot   =      4448.6240  EPtot      =  -4040106.9628
 BOND   =         0.0000  ANGLE   =         0.0000  DIHED      =         0.0000
 1-4 NB =         0.0000  1-4 EEL =         0.0000  VDWAALS    =      8202.0493
 EELEC  =  -4048309.0121  EHBOND  =         0.0000  RESTRAINT  =         0.0000
 Ewald error estimate:   0.0000E+00
 ------------------------------------------------------------------------------


 NSTEP =      456   TIME(PS) =       0.456  TEMP(K) =   182.20  PRESS =     0.0
 Etot   =  -4035658.3380  EKtot   =      4448.5249  EPtot      =  -4040106.8629
 BOND   =         0.0000  ANGLE   =         0.0000  DIHED      =         0.0000
 1-4 NB =         0.0000  1-4 EEL =         0.0000  VDWAALS    =      8200.3305
 EELEC  =  -4048307.1934  EHBOND  =         0.0000  RESTRAINT  =         0.0000
 Ewald error estimate:   0.0000E+00
 ------------------------------------------------------------------------------


 NSTEP =      457   TIME(PS) =       0.457  TEMP(K) =   182.22  PRESS =     0.0
 Etot   =  -4035658.3195  EKtot   =      4449.1374  EPtot      =  -4040107.4569
 BOND   =         0.0000  ANGLE   =         0.0000  DIHED      =         0.0000
 1-4 NB =         0.0000  1-4 EEL =         0.0000  VDWAALS    =      8198.5026
 EELEC  =  -4048305.9594  EHBOND  =         0.0000  RESTRAINT  =         0.0000
 Ewald error estimate:   0.0000E+00
 ------------------------------------------------------------------------------


 NSTEP =      458   TIME(PS) =       0.458  TEMP(K) =   182.28  PRESS =     0.0
 Etot   =  -4035658.3090  EKtot   =      4450.5465  EPtot      =  -4040108.8555
 BOND   =         0.0000  ANGLE   =         0.0000  DIHED      =         0.0000
 1-4 NB =         0.0000  1-4 EEL =         0.0000  VDWAALS    =      8196.5321
 EELEC  =  -4048305.3877  EHBOND  =         0.0000  RESTRAINT  =         0.0000
 Ewald error estimate:   0.0000E+00
 ------------------------------------------------------------------------------


 NSTEP =      459   TIME(PS) =       0.459  TEMP(K) =   182.38  PRESS =     0.0
 Etot   =  -4035658.2996  EKtot   =      4452.8048  EPtot      =  -4040111.1044
 BOND   =         0.0000  ANGLE   =         0.0000  DIHED      =         0.0000
 1-4 NB =         0.0000  1-4 EEL =         0.0000  VDWAALS    =      8194.4174
 EELEC  =  -4048305.5218  EHBOND  =         0.0000  RESTRAINT  =         0.0000
 Ewald error estimate:   0.0000E+00
 ------------------------------------------------------------------------------


 NSTEP =      460   TIME(PS) =       0.460  TEMP(K) =   182.50  PRESS =     0.0
 Etot   =  -4035658.3009  EKtot   =      4455.9258  EPtot      =  -4040114.2267
 BOND   =         0.0000  ANGLE   =         0.0000  DIHED      =         0.0000
 1-4 NB =         0.0000  1-4 EEL =         0.0000  VDWAALS    =      8192.1438
 EELEC  =  -4048306.3706  EHBOND  =         0.0000  RESTRAINT  =         0.0000
 Ewald error estimate:   0.0000E+00
 ------------------------------------------------------------------------------


 NSTEP =      461   TIME(PS) =       0.461  TEMP(K) =   182.66  PRESS =     0.0
 Etot   =  -4035658.3143  EKtot   =      4459.8795  EPtot      =  -4040118.1938
 BOND   =         0.0000  ANGLE   =         0.0000  DIHED      =         0.0000
 1-4 NB =         0.0000  1-4 EEL =         0.0000  VDWAALS    =      8189.6922
 EELEC  =  -4048307.8860  EHBOND  =         0.0000  RESTRAINT  =         0.0000
 Ewald error estimate:   0.0000E+00
 ------------------------------------------------------------------------------


 NSTEP =      462   TIME(PS) =       0.462  TEMP(K) =   182.86  PRESS =     0.0
 Etot   =  -4035658.3619  EKtot   =      4464.5928  EPtot      =  -4040122.9547
 BOND   =         0.0000  ANGLE   =         0.0000  DIHED      =         0.0000
 1-4 NB =         0.0000  1-4 EEL =         0.0000  VDWAALS    =      8187.0269
 EELEC  =  -4048309.9816  EHBOND  =         0.0000  RESTRAINT  =         0.0000
 Ewald error estimate:   0.0000E+00
 ------------------------------------------------------------------------------


 NSTEP =      463   TIME(PS) =       0.463  TEMP(K) =   183.08  PRESS =     0.0
 Etot   =  -4035658.3919  EKtot   =      4469.9532  EPtot      =  -4040128.3451
 BOND   =         0.0000  ANGLE   =         0.0000  DIHED      =         0.0000
 1-4 NB =         0.0000  1-4 EEL =         0.0000  VDWAALS    =      8184.1804
 EELEC  =  -4048312.5255  EHBOND  =         0.0000  RESTRAINT  =         0.0000
 Ewald error estimate:   0.0000E+00
 ------------------------------------------------------------------------------


 NSTEP =      464   TIME(PS) =       0.464  TEMP(K) =   183.32  PRESS =     0.0
 Etot   =  -4035658.4097  EKtot   =      4475.8166  EPtot      =  -4040134.2263
 BOND   =         0.0000  ANGLE   =         0.0000  DIHED      =         0.0000
 1-4 NB =         0.0000  1-4 EEL =         0.0000  VDWAALS    =      8181.1407
 EELEC  =  -4048315.3669  EHBOND  =         0.0000  RESTRAINT  =         0.0000
 Ewald error estimate:   0.0000E+00
 ------------------------------------------------------------------------------


 NSTEP =      465   TIME(PS) =       0.465  TEMP(K) =   183.57  PRESS =     0.0
 Etot   =  -4035658.4505  EKtot   =      4482.0175  EPtot      =  -4040140.4680
 BOND   =         0.0000  ANGLE   =         0.0000  DIHED      =         0.0000
 1-4 NB =         0.0000  1-4 EEL =         0.0000  VDWAALS    =      8177.8477
 EELEC  =  -4048318.3157  EHBOND  =         0.0000  RESTRAINT  =         0.0000
 Ewald error estimate:   0.0000E+00
 ------------------------------------------------------------------------------


 NSTEP =      466   TIME(PS) =       0.466  TEMP(K) =   183.83  PRESS =     0.0
 Etot   =  -4035658.4701  EKtot   =      4488.3799  EPtot      =  -4040146.8499
 BOND   =         0.0000  ANGLE   =         0.0000  DIHED      =         0.0000
 1-4 NB =         0.0000  1-4 EEL =         0.0000  VDWAALS    =      8174.3524
 EELEC  =  -4048321.2023  EHBOND  =         0.0000  RESTRAINT  =         0.0000
 Ewald error estimate:   0.0000E+00
 ------------------------------------------------------------------------------


 NSTEP =      467   TIME(PS) =       0.467  TEMP(K) =   184.09  PRESS =     0.0
 Etot   =  -4035658.4728  EKtot   =      4494.7270  EPtot      =  -4040153.1998
 BOND   =         0.0000  ANGLE   =         0.0000  DIHED      =         0.0000
 1-4 NB =         0.0000  1-4 EEL =         0.0000  VDWAALS    =      8170.6392
 EELEC  =  -4048323.8389  EHBOND  =         0.0000  RESTRAINT  =         0.0000
 Ewald error estimate:   0.0000E+00
 ------------------------------------------------------------------------------


 NSTEP =      468   TIME(PS) =       0.468  TEMP(K) =   184.34  PRESS =     0.0
 Etot   =  -4035658.4797  EKtot   =      4500.8871  EPtot      =  -4040159.3668
 BOND   =         0.0000  ANGLE   =         0.0000  DIHED      =         0.0000
 1-4 NB =         0.0000  1-4 EEL =         0.0000  VDWAALS    =      8166.6936
 EELEC  =  -4048326.0604  EHBOND  =         0.0000  RESTRAINT  =         0.0000
 Ewald error estimate:   0.0000E+00
 ------------------------------------------------------------------------------


 NSTEP =      469   TIME(PS) =       0.469  TEMP(K) =   184.58  PRESS =     0.0
 Etot   =  -4035658.4807  EKtot   =      4506.6957  EPtot      =  -4040165.1764
 BOND   =         0.0000  ANGLE   =         0.0000  DIHED      =         0.0000
 1-4 NB =         0.0000  1-4 EEL =         0.0000  VDWAALS    =      8162.5445
 EELEC  =  -4048327.7209  EHBOND  =         0.0000  RESTRAINT  =         0.0000
 Ewald error estimate:   0.0000E+00
 ------------------------------------------------------------------------------


 NSTEP =      470   TIME(PS) =       0.470  TEMP(K) =   184.80  PRESS =     0.0
 Etot   =  -4035658.4995  EKtot   =      4511.9935  EPtot      =  -4040170.4930
 BOND   =         0.0000  ANGLE   =         0.0000  DIHED      =         0.0000
 1-4 NB =         0.0000  1-4 EEL =         0.0000  VDWAALS    =      8158.1858
 EELEC  =  -4048328.6788  EHBOND  =         0.0000  RESTRAINT  =         0.0000
 Ewald error estimate:   0.0000E+00
 ------------------------------------------------------------------------------


 NSTEP =      471   TIME(PS) =       0.471  TEMP(K) =   184.99  PRESS =     0.0
 Etot   =  -4035658.5157  EKtot   =      4516.6247  EPtot      =  -4040175.1405
 BOND   =         0.0000  ANGLE   =         0.0000  DIHED      =         0.0000
 1-4 NB =         0.0000  1-4 EEL =         0.0000  VDWAALS    =      8153.6626
 EELEC  =  -4048328.8030  EHBOND  =         0.0000  RESTRAINT  =         0.0000
 Ewald error estimate:   0.0000E+00
 ------------------------------------------------------------------------------


 NSTEP =      472   TIME(PS) =       0.472  TEMP(K) =   185.15  PRESS =     0.0
 Etot   =  -4035658.4897  EKtot   =      4520.4370  EPtot      =  -4040178.9267
 BOND   =         0.0000  ANGLE   =         0.0000  DIHED      =         0.0000
 1-4 NB =         0.0000  1-4 EEL =         0.0000  VDWAALS    =      8149.0436
 EELEC  =  -4048327.9702  EHBOND  =         0.0000  RESTRAINT  =         0.0000
 Ewald error estimate:   0.0000E+00
 ------------------------------------------------------------------------------


 NSTEP =      473   TIME(PS) =       0.473  TEMP(K) =   185.26  PRESS =     0.0
 Etot   =  -4035658.5152  EKtot   =      4523.2858  EPtot      =  -4040181.8010
 BOND   =         0.0000  ANGLE   =         0.0000  DIHED      =         0.0000
 1-4 NB =         0.0000  1-4 EEL =         0.0000  VDWAALS    =      8144.2651
 EELEC  =  -4048326.0660  EHBOND  =         0.0000  RESTRAINT  =         0.0000
 Ewald error estimate:   0.0000E+00
 ------------------------------------------------------------------------------


 NSTEP =      474   TIME(PS) =       0.474  TEMP(K) =   185.33  PRESS =     0.0
 Etot   =  -4035658.4894  EKtot   =      4525.0456  EPtot      =  -4040183.5350
 BOND   =         0.0000  ANGLE   =         0.0000  DIHED      =         0.0000
 1-4 NB =         0.0000  1-4 EEL =         0.0000  VDWAALS    =      8139.4708
 EELEC  =  -4048323.0058  EHBOND  =         0.0000  RESTRAINT  =         0.0000
 Ewald error estimate:   0.0000E+00
 ------------------------------------------------------------------------------


 NSTEP =      475   TIME(PS) =       0.475  TEMP(K) =   185.36  PRESS =     0.0
 Etot   =  -4035658.4808  EKtot   =      4525.6257  EPtot      =  -4040184.1065
 BOND   =         0.0000  ANGLE   =         0.0000  DIHED      =         0.0000
 1-4 NB =         0.0000  1-4 EEL =         0.0000  VDWAALS    =      8134.6199
 EELEC  =  -4048318.7264  EHBOND  =         0.0000  RESTRAINT  =         0.0000
 Ewald error estimate:   0.0000E+00
 ------------------------------------------------------------------------------


 NSTEP =      476   TIME(PS) =       0.476  TEMP(K) =   185.33  PRESS =     0.0
 Etot   =  -4035658.4912  EKtot   =      4524.9881  EPtot      =  -4040183.4793
 BOND   =         0.0000  ANGLE   =         0.0000  DIHED      =         0.0000
 1-4 NB =         0.0000  1-4 EEL =         0.0000  VDWAALS    =      8129.7398
 EELEC  =  -4048313.2191  EHBOND  =         0.0000  RESTRAINT  =         0.0000
 Ewald error estimate:   0.0000E+00
 ------------------------------------------------------------------------------


 NSTEP =      477   TIME(PS) =       0.477  TEMP(K) =   185.26  PRESS =     0.0
 Etot   =  -4035658.4766  EKtot   =      4523.1634  EPtot      =  -4040181.6399
 BOND   =         0.0000  ANGLE   =         0.0000  DIHED      =         0.0000
 1-4 NB =         0.0000  1-4 EEL =         0.0000  VDWAALS    =      8124.9051
 EELEC  =  -4048306.5451  EHBOND  =         0.0000  RESTRAINT  =         0.0000
 Ewald error estimate:   0.0000E+00
 ------------------------------------------------------------------------------


 NSTEP =      478   TIME(PS) =       0.478  TEMP(K) =   185.14  PRESS =     0.0
 Etot   =  -4035658.4826  EKtot   =      4520.2608  EPtot      =  -4040178.7434
 BOND   =         0.0000  ANGLE   =         0.0000  DIHED      =         0.0000
 1-4 NB =         0.0000  1-4 EEL =         0.0000  VDWAALS    =      8120.0892
 EELEC  =  -4048298.8325  EHBOND  =         0.0000  RESTRAINT  =         0.0000
 Ewald error estimate:   0.0000E+00
 ------------------------------------------------------------------------------


 NSTEP =      479   TIME(PS) =       0.479  TEMP(K) =   184.98  PRESS =     0.0
 Etot   =  -4035658.4799  EKtot   =      4516.4703  EPtot      =  -4040174.9502
 BOND   =         0.0000  ANGLE   =         0.0000  DIHED      =         0.0000
 1-4 NB =         0.0000  1-4 EEL =         0.0000  VDWAALS    =      8115.3381
 EELEC  =  -4048290.2883  EHBOND  =         0.0000  RESTRAINT  =         0.0000
 Ewald error estimate:   0.0000E+00
 ------------------------------------------------------------------------------


 NSTEP =      480   TIME(PS) =       0.480  TEMP(K) =   184.80  PRESS =     0.0
 Etot   =  -4035658.4973  EKtot   =      4512.0540  EPtot      =  -4040170.5513
 BOND   =         0.0000  ANGLE   =         0.0000  DIHED      =         0.0000
 1-4 NB =         0.0000  1-4 EEL =         0.0000  VDWAALS    =      8110.6446
 EELEC  =  -4048281.1959  EHBOND  =         0.0000  RESTRAINT  =         0.0000
 Ewald error estimate:   0.0000E+00
 ------------------------------------------------------------------------------


 NSTEP =      481   TIME(PS) =       0.481  TEMP(K) =   184.61  PRESS =     0.0
 Etot   =  -4035658.4785  EKtot   =      4507.3289  EPtot      =  -4040165.8074
 BOND   =         0.0000  ANGLE   =         0.0000  DIHED      =         0.0000
 1-4 NB =         0.0000  1-4 EEL =         0.0000  VDWAALS    =      8106.0721
 EELEC  =  -4048271.8794  EHBOND  =         0.0000  RESTRAINT  =         0.0000
 Ewald error estimate:   0.0000E+00
 ------------------------------------------------------------------------------


 NSTEP =      482   TIME(PS) =       0.482  TEMP(K) =   184.42  PRESS =     0.0
 Etot   =  -4035658.4324  EKtot   =      4502.6407  EPtot      =  -4040161.0731
 BOND   =         0.0000  ANGLE   =         0.0000  DIHED      =         0.0000
 1-4 NB =         0.0000  1-4 EEL =         0.0000  VDWAALS    =      8101.6240
 EELEC  =  -4048262.6971  EHBOND  =         0.0000  RESTRAINT  =         0.0000
 Ewald error estimate:   0.0000E+00
 ------------------------------------------------------------------------------


 NSTEP =      483   TIME(PS) =       0.483  TEMP(K) =   184.24  PRESS =     0.0
 Etot   =  -4035658.3946  EKtot   =      4498.3342  EPtot      =  -4040156.7289
 BOND   =         0.0000  ANGLE   =         0.0000  DIHED      =         0.0000
 1-4 NB =         0.0000  1-4 EEL =         0.0000  VDWAALS    =      8097.2755
 EELEC  =  -4048254.0044  EHBOND  =         0.0000  RESTRAINT  =         0.0000
 Ewald error estimate:   0.0000E+00
 ------------------------------------------------------------------------------


 NSTEP =      484   TIME(PS) =       0.484  TEMP(K) =   184.09  PRESS =     0.0
 Etot   =  -4035658.3808  EKtot   =      4494.7204  EPtot      =  -4040153.1012
 BOND   =         0.0000  ANGLE   =         0.0000  DIHED      =         0.0000
 1-4 NB =         0.0000  1-4 EEL =         0.0000  VDWAALS    =      8093.0130
 EELEC  =  -4048246.1142  EHBOND  =         0.0000  RESTRAINT  =         0.0000
 Ewald error estimate:   0.0000E+00
 ------------------------------------------------------------------------------


 NSTEP =      485   TIME(PS) =       0.485  TEMP(K) =   183.98  PRESS =     0.0
 Etot   =  -4035658.3713  EKtot   =      4492.0473  EPtot      =  -4040150.4186
 BOND   =         0.0000  ANGLE   =         0.0000  DIHED      =         0.0000
 1-4 NB =         0.0000  1-4 EEL =         0.0000  VDWAALS    =      8088.8708
 EELEC  =  -4048239.2894  EHBOND  =         0.0000  RESTRAINT  =         0.0000
 Ewald error estimate:   0.0000E+00
 ------------------------------------------------------------------------------


 NSTEP =      486   TIME(PS) =       0.486  TEMP(K) =   183.92  PRESS =     0.0
 Etot   =  -4035658.3448  EKtot   =      4490.4772  EPtot      =  -4040148.8219
 BOND   =         0.0000  ANGLE   =         0.0000  DIHED      =         0.0000
 1-4 NB =         0.0000  1-4 EEL =         0.0000  VDWAALS    =      8084.8772
 EELEC  =  -4048233.6991  EHBOND  =         0.0000  RESTRAINT  =         0.0000
 Ewald error estimate:   0.0000E+00
 ------------------------------------------------------------------------------


 NSTEP =      487   TIME(PS) =       0.487  TEMP(K) =   183.90  PRESS =     0.0
 Etot   =  -4035658.3502  EKtot   =      4490.0736  EPtot      =  -4040148.4237
 BOND   =         0.0000  ANGLE   =         0.0000  DIHED      =         0.0000
 1-4 NB =         0.0000  1-4 EEL =         0.0000  VDWAALS    =      8080.9921
 EELEC  =  -4048229.4158  EHBOND  =         0.0000  RESTRAINT  =         0.0000
 Ewald error estimate:   0.0000E+00
 ------------------------------------------------------------------------------


 NSTEP =      488   TIME(PS) =       0.488  TEMP(K) =   183.93  PRESS =     0.0
 Etot   =  -4035658.3533  EKtot   =      4490.8004  EPtot      =  -4040149.1538
 BOND   =         0.0000  ANGLE   =         0.0000  DIHED      =         0.0000
 1-4 NB =         0.0000  1-4 EEL =         0.0000  VDWAALS    =      8077.2703
 EELEC  =  -4048226.4240  EHBOND  =         0.0000  RESTRAINT  =         0.0000
 Ewald error estimate:   0.0000E+00
 ------------------------------------------------------------------------------


 NSTEP =      489   TIME(PS) =       0.489  TEMP(K) =   184.00  PRESS =     0.0
 Etot   =  -4035658.3896  EKtot   =      4492.5336  EPtot      =  -4040150.9232
 BOND   =         0.0000  ANGLE   =         0.0000  DIHED      =         0.0000
 1-4 NB =         0.0000  1-4 EEL =         0.0000  VDWAALS    =      8073.6778
 EELEC  =  -4048224.6010  EHBOND  =         0.0000  RESTRAINT  =         0.0000
 Ewald error estimate:   0.0000E+00
 ------------------------------------------------------------------------------


 NSTEP =      490   TIME(PS) =       0.490  TEMP(K) =   184.11  PRESS =     0.0
 Etot   =  -4035658.3857  EKtot   =      4495.0818  EPtot      =  -4040153.4674
 BOND   =         0.0000  ANGLE   =         0.0000  DIHED      =         0.0000
 1-4 NB =         0.0000  1-4 EEL =         0.0000  VDWAALS    =      8070.3120
 EELEC  =  -4048223.7795  EHBOND  =         0.0000  RESTRAINT  =         0.0000
 Ewald error estimate:   0.0000E+00
 ------------------------------------------------------------------------------


 NSTEP =      491   TIME(PS) =       0.491  TEMP(K) =   184.24  PRESS =     0.0
 Etot   =  -4035658.3995  EKtot   =      4498.2140  EPtot      =  -4040156.6135
 BOND   =         0.0000  ANGLE   =         0.0000  DIHED      =         0.0000
 1-4 NB =         0.0000  1-4 EEL =         0.0000  VDWAALS    =      8067.1280
 EELEC  =  -4048223.7414  EHBOND  =         0.0000  RESTRAINT  =         0.0000
 Ewald error estimate:   0.0000E+00
 ------------------------------------------------------------------------------


 NSTEP =      492   TIME(PS) =       0.492  TEMP(K) =   184.38  PRESS =     0.0
 Etot   =  -4035658.3827  EKtot   =      4501.6873  EPtot      =  -4040160.0700
 BOND   =         0.0000  ANGLE   =         0.0000  DIHED      =         0.0000
 1-4 NB =         0.0000  1-4 EEL =         0.0000  VDWAALS    =      8064.1917
 EELEC  =  -4048224.2617  EHBOND  =         0.0000  RESTRAINT  =         0.0000
 Ewald error estimate:   0.0000E+00
 ------------------------------------------------------------------------------


 NSTEP =      493   TIME(PS) =       0.493  TEMP(K) =   184.52  PRESS =     0.0
 Etot   =  -4035658.3916  EKtot   =      4505.2719  EPtot      =  -4040163.6634
 BOND   =         0.0000  ANGLE   =         0.0000  DIHED      =         0.0000
 1-4 NB =         0.0000  1-4 EEL =         0.0000  VDWAALS    =      8061.4599
 EELEC  =  -4048225.1234  EHBOND  =         0.0000  RESTRAINT  =         0.0000
 Ewald error estimate:   0.0000E+00
 ------------------------------------------------------------------------------


 NSTEP =      494   TIME(PS) =       0.494  TEMP(K) =   184.67  PRESS =     0.0
 Etot   =  -4035658.3893  EKtot   =      4508.7696  EPtot      =  -4040167.1589
 BOND   =         0.0000  ANGLE   =         0.0000  DIHED      =         0.0000
 1-4 NB =         0.0000  1-4 EEL =         0.0000  VDWAALS    =      8058.9827
 EELEC  =  -4048226.1416  EHBOND  =         0.0000  RESTRAINT  =         0.0000
 Ewald error estimate:   0.0000E+00
 ------------------------------------------------------------------------------


 NSTEP =      495   TIME(PS) =       0.495  TEMP(K) =   184.80  PRESS =     0.0
 Etot   =  -4035658.4200  EKtot   =      4512.0252  EPtot      =  -4040170.4452
 BOND   =         0.0000  ANGLE   =         0.0000  DIHED      =         0.0000
 1-4 NB =         0.0000  1-4 EEL =         0.0000  VDWAALS    =      8056.7380
 EELEC  =  -4048227.1832  EHBOND  =         0.0000  RESTRAINT  =         0.0000
 Ewald error estimate:   0.0000E+00
 ------------------------------------------------------------------------------


 NSTEP =      496   TIME(PS) =       0.496  TEMP(K) =   184.92  PRESS =     0.0
 Etot   =  -4035658.4273  EKtot   =      4514.9302  EPtot      =  -4040173.3575
 BOND   =         0.0000  ANGLE   =         0.0000  DIHED      =         0.0000
 1-4 NB =         0.0000  1-4 EEL =         0.0000  VDWAALS    =      8054.7960
 EELEC  =  -4048228.1535  EHBOND  =         0.0000  RESTRAINT  =         0.0000
 Ewald error estimate:   0.0000E+00
 ------------------------------------------------------------------------------


 NSTEP =      497   TIME(PS) =       0.497  TEMP(K) =   185.02  PRESS =     0.0
 Etot   =  -4035658.4326  EKtot   =      4517.4209  EPtot      =  -4040175.8535
 BOND   =         0.0000  ANGLE   =         0.0000  DIHED      =         0.0000
 1-4 NB =         0.0000  1-4 EEL =         0.0000  VDWAALS    =      8053.1448
 EELEC  =  -4048228.9983  EHBOND  =         0.0000  RESTRAINT  =         0.0000
 Ewald error estimate:   0.0000E+00
 ------------------------------------------------------------------------------


 NSTEP =      498   TIME(PS) =       0.498  TEMP(K) =   185.11  PRESS =     0.0
 Etot   =  -4035658.4485  EKtot   =      4519.4722  EPtot      =  -4040177.9208
 BOND   =         0.0000  ANGLE   =         0.0000  DIHED      =         0.0000
 1-4 NB =         0.0000  1-4 EEL =         0.0000  VDWAALS    =      8051.7863
 EELEC  =  -4048229.7070  EHBOND  =         0.0000  RESTRAINT  =         0.0000
 Ewald error estimate:   0.0000E+00
 ------------------------------------------------------------------------------


 NSTEP =      499   TIME(PS) =       0.499  TEMP(K) =   185.17  PRESS =     0.0
 Etot   =  -4035658.4500  EKtot   =      4521.0879  EPtot      =  -4040179.5378
 BOND   =         0.0000  ANGLE   =         0.0000  DIHED      =         0.0000
 1-4 NB =         0.0000  1-4 EEL =         0.0000  VDWAALS    =      8050.7505
 EELEC  =  -4048230.2884  EHBOND  =         0.0000  RESTRAINT  =         0.0000
 Ewald error estimate:   0.0000E+00
 ------------------------------------------------------------------------------


 NSTEP =      500   TIME(PS) =       0.500  TEMP(K) =   185.22  PRESS =     0.0
 Etot   =  -4035658.4114  EKtot   =      4522.2899  EPtot      =  -4040180.7013
 BOND   =         0.0000  ANGLE   =         0.0000  DIHED      =         0.0000
 1-4 NB =         0.0000  1-4 EEL =         0.0000  VDWAALS    =      8050.0708
 EELEC  =  -4048230.7721  EHBOND  =         0.0000  RESTRAINT  =         0.0000
 Ewald error estimate:   0.0000E+00
 ------------------------------------------------------------------------------


 NSTEP =      501   TIME(PS) =       0.501  TEMP(K) =   185.25  PRESS =     0.0
 Etot   =  -4035658.4193  EKtot   =      4523.1078  EPtot      =  -4040181.5271
 BOND   =         0.0000  ANGLE   =         0.0000  DIHED      =         0.0000
 1-4 NB =         0.0000  1-4 EEL =         0.0000  VDWAALS    =      8049.6444
 EELEC  =  -4048231.1714  EHBOND  =         0.0000  RESTRAINT  =         0.0000
 Ewald error estimate:   0.0000E+00
 ------------------------------------------------------------------------------


 NSTEP =      502   TIME(PS) =       0.502  TEMP(K) =   185.27  PRESS =     0.0
 Etot   =  -4035658.4236  EKtot   =      4523.5694  EPtot      =  -4040181.9930
 BOND   =         0.0000  ANGLE   =         0.0000  DIHED      =         0.0000
 1-4 NB =         0.0000  1-4 EEL =         0.0000  VDWAALS    =      8049.5229
 EELEC  =  -4048231.5159  EHBOND  =         0.0000  RESTRAINT  =         0.0000
 Ewald error estimate:   0.0000E+00
 ------------------------------------------------------------------------------


 NSTEP =      503   TIME(PS) =       0.503  TEMP(K) =   185.28  PRESS =     0.0
 Etot   =  -4035658.4423  EKtot   =      4523.6948  EPtot      =  -4040182.1371
 BOND   =         0.0000  ANGLE   =         0.0000  DIHED      =         0.0000
 1-4 NB =         0.0000  1-4 EEL =         0.0000  VDWAALS    =      8049.6724
 EELEC  =  -4048231.8095  EHBOND  =         0.0000  RESTRAINT  =         0.0000
 Ewald error estimate:   0.0000E+00
 ------------------------------------------------------------------------------


 NSTEP =      504   TIME(PS) =       0.504  TEMP(K) =   185.27  PRESS =     0.0
 Etot   =  -4035658.4343  EKtot   =      4523.4938  EPtot      =  -4040181.9281
 BOND   =         0.0000  ANGLE   =         0.0000  DIHED      =         0.0000
 1-4 NB =         0.0000  1-4 EEL =         0.0000  VDWAALS    =      8050.1110
 EELEC  =  -4048232.0391  EHBOND  =         0.0000  RESTRAINT  =         0.0000
 Ewald error estimate:   0.0000E+00
 ------------------------------------------------------------------------------


 NSTEP =      505   TIME(PS) =       0.505  TEMP(K) =   185.25  PRESS =     0.0
 Etot   =  -4035658.4619  EKtot   =      4522.9682  EPtot      =  -4040181.4301
 BOND   =         0.0000  ANGLE   =         0.0000  DIHED      =         0.0000
 1-4 NB =         0.0000  1-4 EEL =         0.0000  VDWAALS    =      8050.7466
 EELEC  =  -4048232.1767  EHBOND  =         0.0000  RESTRAINT  =         0.0000
 Ewald error estimate:   0.0000E+00
 ------------------------------------------------------------------------------


 NSTEP =      506   TIME(PS) =       0.506  TEMP(K) =   185.21  PRESS =     0.0
 Etot   =  -4035658.4725  EKtot   =      4522.1171  EPtot      =  -4040180.5897
 BOND   =         0.0000  ANGLE   =         0.0000  DIHED      =         0.0000
 1-4 NB =         0.0000  1-4 EEL =         0.0000  VDWAALS    =      8051.5943
 EELEC  =  -4048232.1839  EHBOND  =         0.0000  RESTRAINT  =         0.0000
 Ewald error estimate:   0.0000E+00
 ------------------------------------------------------------------------------


 NSTEP =      507   TIME(PS) =       0.507  TEMP(K) =   185.17  PRESS =     0.0
 Etot   =  -4035658.4852  EKtot   =      4520.9455  EPtot      =  -4040179.4308
 BOND   =         0.0000  ANGLE   =         0.0000  DIHED      =         0.0000
 1-4 NB =         0.0000  1-4 EEL =         0.0000  VDWAALS    =      8052.6012
 EELEC  =  -4048232.0320  EHBOND  =         0.0000  RESTRAINT  =         0.0000
 Ewald error estimate:   0.0000E+00
 ------------------------------------------------------------------------------


 NSTEP =      508   TIME(PS) =       0.508  TEMP(K) =   185.11  PRESS =     0.0
 Etot   =  -4035658.4634  EKtot   =      4519.4724  EPtot      =  -4040177.9358
 BOND   =         0.0000  ANGLE   =         0.0000  DIHED      =         0.0000
 1-4 NB =         0.0000  1-4 EEL =         0.0000  VDWAALS    =      8053.7554
 EELEC  =  -4048231.6912  EHBOND  =         0.0000  RESTRAINT  =         0.0000
 Ewald error estimate:   0.0000E+00
 ------------------------------------------------------------------------------


 NSTEP =      509   TIME(PS) =       0.509  TEMP(K) =   185.03  PRESS =     0.0
 Etot   =  -4035658.4965  EKtot   =      4517.7378  EPtot      =  -4040176.2343
 BOND   =         0.0000  ANGLE   =         0.0000  DIHED      =         0.0000
 1-4 NB =         0.0000  1-4 EEL =         0.0000  VDWAALS    =      8054.9178
 EELEC  =  -4048231.1521  EHBOND  =         0.0000  RESTRAINT  =         0.0000
 Ewald error estimate:   0.0000E+00
 ------------------------------------------------------------------------------


 NSTEP =      510   TIME(PS) =       0.510  TEMP(K) =   184.96  PRESS =     0.0
 Etot   =  -4035658.5005  EKtot   =      4515.8055  EPtot      =  -4040174.3059
 BOND   =         0.0000  ANGLE   =         0.0000  DIHED      =         0.0000
 1-4 NB =         0.0000  1-4 EEL =         0.0000  VDWAALS    =      8056.1428
 EELEC  =  -4048230.4487  EHBOND  =         0.0000  RESTRAINT  =         0.0000
 Ewald error estimate:   0.0000E+00
 ------------------------------------------------------------------------------


 NSTEP =      511   TIME(PS) =       0.511  TEMP(K) =   184.87  PRESS =     0.0
 Etot   =  -4035658.5170  EKtot   =      4513.7613  EPtot      =  -4040172.2783
 BOND   =         0.0000  ANGLE   =         0.0000  DIHED      =         0.0000
 1-4 NB =         0.0000  1-4 EEL =         0.0000  VDWAALS    =      8057.3436
 EELEC  =  -4048229.6219  EHBOND  =         0.0000  RESTRAINT  =         0.0000
 Ewald error estimate:   0.0000E+00
 ------------------------------------------------------------------------------


 NSTEP =      512   TIME(PS) =       0.512  TEMP(K) =   184.79  PRESS =     0.0
 Etot   =  -4035658.5513  EKtot   =      4511.7068  EPtot      =  -4040170.2580
 BOND   =         0.0000  ANGLE   =         0.0000  DIHED      =         0.0000
 1-4 NB =         0.0000  1-4 EEL =         0.0000  VDWAALS    =      8058.4807
 EELEC  =  -4048228.7387  EHBOND  =         0.0000  RESTRAINT  =         0.0000
 Ewald error estimate:   0.0000E+00
 ------------------------------------------------------------------------------


 NSTEP =      513   TIME(PS) =       0.513  TEMP(K) =   184.71  PRESS =     0.0
 Etot   =  -4035658.5370  EKtot   =      4509.7493  EPtot      =  -4040168.2863
 BOND   =         0.0000  ANGLE   =         0.0000  DIHED      =         0.0000
 1-4 NB =         0.0000  1-4 EEL =         0.0000  VDWAALS    =      8059.5949
 EELEC  =  -4048227.8811  EHBOND  =         0.0000  RESTRAINT  =         0.0000
 Ewald error estimate:   0.0000E+00
 ------------------------------------------------------------------------------


 NSTEP =      514   TIME(PS) =       0.514  TEMP(K) =   184.64  PRESS =     0.0
 Etot   =  -4035658.5238  EKtot   =      4507.9943  EPtot      =  -4040166.5180
 BOND   =         0.0000  ANGLE   =         0.0000  DIHED      =         0.0000
 1-4 NB =         0.0000  1-4 EEL =         0.0000  VDWAALS    =      8060.6144
 EELEC  =  -4048227.1324  EHBOND  =         0.0000  RESTRAINT  =         0.0000
 Ewald error estimate:   0.0000E+00
 ------------------------------------------------------------------------------


 NSTEP =      515   TIME(PS) =       0.515  TEMP(K) =   184.58  PRESS =     0.0
 Etot   =  -4035658.5350  EKtot   =      4506.5416  EPtot      =  -4040165.0766
 BOND   =         0.0000  ANGLE   =         0.0000  DIHED      =         0.0000
 1-4 NB =         0.0000  1-4 EEL =         0.0000  VDWAALS    =      8061.4957
 EELEC  =  -4048226.5724  EHBOND  =         0.0000  RESTRAINT  =         0.0000
 Ewald error estimate:   0.0000E+00
 ------------------------------------------------------------------------------


 NSTEP =      516   TIME(PS) =       0.516  TEMP(K) =   184.53  PRESS =     0.0
 Etot   =  -4035658.5316  EKtot   =      4505.4870  EPtot      =  -4040164.0187
 BOND   =         0.0000  ANGLE   =         0.0000  DIHED      =         0.0000
 1-4 NB =         0.0000  1-4 EEL =         0.0000  VDWAALS    =      8062.2756
 EELEC  =  -4048226.2942  EHBOND  =         0.0000  RESTRAINT  =         0.0000
 Ewald error estimate:   0.0000E+00
 ------------------------------------------------------------------------------


 NSTEP =      517   TIME(PS) =       0.517  TEMP(K) =   184.51  PRESS =     0.0
 Etot   =  -4035658.5278  EKtot   =      4504.9296  EPtot      =  -4040163.4574
 BOND   =         0.0000  ANGLE   =         0.0000  DIHED      =         0.0000
 1-4 NB =         0.0000  1-4 EEL =         0.0000  VDWAALS    =      8062.9329
 EELEC  =  -4048226.3903  EHBOND  =         0.0000  RESTRAINT  =         0.0000
 Ewald error estimate:   0.0000E+00
 ------------------------------------------------------------------------------


 NSTEP =      518   TIME(PS) =       0.518  TEMP(K) =   184.51  PRESS =     0.0
 Etot   =  -4035658.5178  EKtot   =      4504.9815  EPtot      =  -4040163.4994
 BOND   =         0.0000  ANGLE   =         0.0000  DIHED      =         0.0000
 1-4 NB =         0.0000  1-4 EEL =         0.0000  VDWAALS    =      8063.4783
 EELEC  =  -4048226.9777  EHBOND  =         0.0000  RESTRAINT  =         0.0000
 Ewald error estimate:   0.0000E+00
 ------------------------------------------------------------------------------


 NSTEP =      519   TIME(PS) =       0.519  TEMP(K) =   184.54  PRESS =     0.0
 Etot   =  -4035658.4887  EKtot   =      4505.7738  EPtot      =  -4040164.2625
 BOND   =         0.0000  ANGLE   =         0.0000  DIHED      =         0.0000
 1-4 NB =         0.0000  1-4 EEL =         0.0000  VDWAALS    =      8063.9371
 EELEC  =  -4048228.1996  EHBOND  =         0.0000  RESTRAINT  =         0.0000
 Ewald error estimate:   0.0000E+00
 ------------------------------------------------------------------------------


 NSTEP =      520   TIME(PS) =       0.520  TEMP(K) =   184.61  PRESS =     0.0
 Etot   =  -4035658.4744  EKtot   =      4507.4547  EPtot      =  -4040165.9291
 BOND   =         0.0000  ANGLE   =         0.0000  DIHED      =         0.0000
 1-4 NB =         0.0000  1-4 EEL =         0.0000  VDWAALS    =      8064.2826
 EELEC  =  -4048230.2117  EHBOND  =         0.0000  RESTRAINT  =         0.0000
 Ewald error estimate:   0.0000E+00
 ------------------------------------------------------------------------------


 NSTEP =      521   TIME(PS) =       0.521  TEMP(K) =   184.72  PRESS =     0.0
 Etot   =  -4035658.5010  EKtot   =      4510.1761  EPtot      =  -4040168.6770
 BOND   =         0.0000  ANGLE   =         0.0000  DIHED      =         0.0000
 1-4 NB =         0.0000  1-4 EEL =         0.0000  VDWAALS    =      8064.5065
 EELEC  =  -4048233.1836  EHBOND  =         0.0000  RESTRAINT  =         0.0000
 Ewald error estimate:   0.0000E+00
 ------------------------------------------------------------------------------


 NSTEP =      522   TIME(PS) =       0.522  TEMP(K) =   184.88  PRESS =     0.0
 Etot   =  -4035658.5107  EKtot   =      4514.0691  EPtot      =  -4040172.5799
 BOND   =         0.0000  ANGLE   =         0.0000  DIHED      =         0.0000
 1-4 NB =         0.0000  1-4 EEL =         0.0000  VDWAALS    =      8064.7076
 EELEC  =  -4048237.2875  EHBOND  =         0.0000  RESTRAINT  =         0.0000
 Ewald error estimate:   0.0000E+00
 ------------------------------------------------------------------------------


 NSTEP =      523   TIME(PS) =       0.523  TEMP(K) =   185.10  PRESS =     0.0
 Etot   =  -4035658.5062  EKtot   =      4519.2123  EPtot      =  -4040177.7185
 BOND   =         0.0000  ANGLE   =         0.0000  DIHED      =         0.0000
 1-4 NB =         0.0000  1-4 EEL =         0.0000  VDWAALS    =      8064.9025
 EELEC  =  -4048242.6211  EHBOND  =         0.0000  RESTRAINT  =         0.0000
 Ewald error estimate:   0.0000E+00
 ------------------------------------------------------------------------------


 NSTEP =      524   TIME(PS) =       0.524  TEMP(K) =   185.36  PRESS =     0.0
 Etot   =  -4035658.5011  EKtot   =      4525.5991  EPtot      =  -4040184.1002
 BOND   =         0.0000  ANGLE   =         0.0000  DIHED      =         0.0000
 1-4 NB =         0.0000  1-4 EEL =         0.0000  VDWAALS    =      8065.1112
 EELEC  =  -4048249.2114  EHBOND  =         0.0000  RESTRAINT  =         0.0000
 Ewald error estimate:   0.0000E+00
 ------------------------------------------------------------------------------


 NSTEP =      525   TIME(PS) =       0.525  TEMP(K) =   185.66  PRESS =     0.0
 Etot   =  -4035658.5189  EKtot   =      4533.1127  EPtot      =  -4040191.6316
 BOND   =         0.0000  ANGLE   =         0.0000  DIHED      =         0.0000
 1-4 NB =         0.0000  1-4 EEL =         0.0000  VDWAALS    =      8065.3488
 EELEC  =  -4048256.9804  EHBOND  =         0.0000  RESTRAINT  =         0.0000
 Ewald error estimate:   0.0000E+00
 ------------------------------------------------------------------------------


 NSTEP =      526   TIME(PS) =       0.526  TEMP(K) =   186.01  PRESS =     0.0
 Etot   =  -4035658.5572  EKtot   =      4541.5133  EPtot      =  -4040200.0705
 BOND   =         0.0000  ANGLE   =         0.0000  DIHED      =         0.0000
 1-4 NB =         0.0000  1-4 EEL =         0.0000  VDWAALS    =      8065.6605
 EELEC  =  -4048265.7310  EHBOND  =         0.0000  RESTRAINT  =         0.0000
 Ewald error estimate:   0.0000E+00
 ------------------------------------------------------------------------------


 NSTEP =      527   TIME(PS) =       0.527  TEMP(K) =   186.37  PRESS =     0.0
 Etot   =  -4035658.6087  EKtot   =      4550.4435  EPtot      =  -4040209.0521
 BOND   =         0.0000  ANGLE   =         0.0000  DIHED      =         0.0000
 1-4 NB =         0.0000  1-4 EEL =         0.0000  VDWAALS    =      8066.0929
 EELEC  =  -4048275.1450  EHBOND  =         0.0000  RESTRAINT  =         0.0000
 Ewald error estimate:   0.0000E+00
 ------------------------------------------------------------------------------


 NSTEP =      528   TIME(PS) =       0.528  TEMP(K) =   186.74  PRESS =     0.0
 Etot   =  -4035658.6362  EKtot   =      4559.4496  EPtot      =  -4040218.0858
 BOND   =         0.0000  ANGLE   =         0.0000  DIHED      =         0.0000
 1-4 NB =         0.0000  1-4 EEL =         0.0000  VDWAALS    =      8066.7291
 EELEC  =  -4048284.8148  EHBOND  =         0.0000  RESTRAINT  =         0.0000
 Ewald error estimate:   0.0000E+00
 ------------------------------------------------------------------------------


 NSTEP =      529   TIME(PS) =       0.529  TEMP(K) =   187.09  PRESS =     0.0
 Etot   =  -4035658.6823  EKtot   =      4568.0189  EPtot      =  -4040226.7012
 BOND   =         0.0000  ANGLE   =         0.0000  DIHED      =         0.0000
 1-4 NB =         0.0000  1-4 EEL =         0.0000  VDWAALS    =      8067.5650
 EELEC  =  -4048294.2662  EHBOND  =         0.0000  RESTRAINT  =         0.0000
 Ewald error estimate:   0.0000E+00
 ------------------------------------------------------------------------------


 NSTEP =      530   TIME(PS) =       0.530  TEMP(K) =   187.41  PRESS =     0.0
 Etot   =  -4035658.7440  EKtot   =      4575.6262  EPtot      =  -4040234.3702
 BOND   =         0.0000  ANGLE   =         0.0000  DIHED      =         0.0000
 1-4 NB =         0.0000  1-4 EEL =         0.0000  VDWAALS    =      8068.6414
 EELEC  =  -4048303.0116  EHBOND  =         0.0000  RESTRAINT  =         0.0000
 Ewald error estimate:   0.0000E+00
 ------------------------------------------------------------------------------


 NSTEP =      531   TIME(PS) =       0.531  TEMP(K) =   187.66  PRESS =     0.0
 Etot   =  -4035658.7709  EKtot   =      4581.7845  EPtot      =  -4040240.5554
 BOND   =         0.0000  ANGLE   =         0.0000  DIHED      =         0.0000
 1-4 NB =         0.0000  1-4 EEL =         0.0000  VDWAALS    =      8070.0444
 EELEC  =  -4048310.5998  EHBOND  =         0.0000  RESTRAINT  =         0.0000
 Ewald error estimate:   0.0000E+00
 ------------------------------------------------------------------------------


 NSTEP =      532   TIME(PS) =       0.532  TEMP(K) =   187.83  PRESS =     0.0
 Etot   =  -4035658.7666  EKtot   =      4586.0910  EPtot      =  -4040244.8576
 BOND   =         0.0000  ANGLE   =         0.0000  DIHED      =         0.0000
 1-4 NB =         0.0000  1-4 EEL =         0.0000  VDWAALS    =      8071.7990
 EELEC  =  -4048316.6567  EHBOND  =         0.0000  RESTRAINT  =         0.0000
 Ewald error estimate:   0.0000E+00
 ------------------------------------------------------------------------------


 NSTEP =      533   TIME(PS) =       0.533  TEMP(K) =   187.92  PRESS =     0.0
 Etot   =  -4035658.7793  EKtot   =      4588.2648  EPtot      =  -4040247.0440
 BOND   =         0.0000  ANGLE   =         0.0000  DIHED      =         0.0000
 1-4 NB =         0.0000  1-4 EEL =         0.0000  VDWAALS    =      8073.8785
 EELEC  =  -4048320.9225  EHBOND  =         0.0000  RESTRAINT  =         0.0000
 Ewald error estimate:   0.0000E+00
 ------------------------------------------------------------------------------


 NSTEP =      534   TIME(PS) =       0.534  TEMP(K) =   187.92  PRESS =     0.0
 Etot   =  -4035658.7512  EKtot   =      4588.1699  EPtot      =  -4040246.9210
 BOND   =         0.0000  ANGLE   =         0.0000  DIHED      =         0.0000
 1-4 NB =         0.0000  1-4 EEL =         0.0000  VDWAALS    =      8076.3567
 EELEC  =  -4048323.2777  EHBOND  =         0.0000  RESTRAINT  =         0.0000
 Ewald error estimate:   0.0000E+00
 ------------------------------------------------------------------------------


 NSTEP =      535   TIME(PS) =       0.535  TEMP(K) =   187.82  PRESS =     0.0
 Etot   =  -4035658.7487  EKtot   =      4585.8211  EPtot      =  -4040244.5697
 BOND   =         0.0000  ANGLE   =         0.0000  DIHED      =         0.0000
 1-4 NB =         0.0000  1-4 EEL =         0.0000  VDWAALS    =      8079.1601
 EELEC  =  -4048323.7298  EHBOND  =         0.0000  RESTRAINT  =         0.0000
 Ewald error estimate:   0.0000E+00
 ------------------------------------------------------------------------------


 NSTEP =      536   TIME(PS) =       0.536  TEMP(K) =   187.64  PRESS =     0.0
 Etot   =  -4035658.7313  EKtot   =      4581.3735  EPtot      =  -4040240.1048
 BOND   =         0.0000  ANGLE   =         0.0000  DIHED      =         0.0000
 1-4 NB =         0.0000  1-4 EEL =         0.0000  VDWAALS    =      8082.3338
 EELEC  =  -4048322.4386  EHBOND  =         0.0000  RESTRAINT  =         0.0000
 Ewald error estimate:   0.0000E+00
 ------------------------------------------------------------------------------


 NSTEP =      537   TIME(PS) =       0.537  TEMP(K) =   187.38  PRESS =     0.0
 Etot   =  -4035658.7271  EKtot   =      4575.0979  EPtot      =  -4040233.8250
 BOND   =         0.0000  ANGLE   =         0.0000  DIHED      =         0.0000
 1-4 NB =         0.0000  1-4 EEL =         0.0000  VDWAALS    =      8085.8297
 EELEC  =  -4048319.6546  EHBOND  =         0.0000  RESTRAINT  =         0.0000
 Ewald error estimate:   0.0000E+00
 ------------------------------------------------------------------------------


 NSTEP =      538   TIME(PS) =       0.538  TEMP(K) =   187.07  PRESS =     0.0
 Etot   =  -4035658.7276  EKtot   =      4567.3469  EPtot      =  -4040226.0745
 BOND   =         0.0000  ANGLE   =         0.0000  DIHED      =         0.0000
 1-4 NB =         0.0000  1-4 EEL =         0.0000  VDWAALS    =      8089.6365
 EELEC  =  -4048315.7110  EHBOND  =         0.0000  RESTRAINT  =         0.0000
 Ewald error estimate:   0.0000E+00
 ------------------------------------------------------------------------------


 NSTEP =      539   TIME(PS) =       0.539  TEMP(K) =   186.70  PRESS =     0.0
 Etot   =  -4035658.7088  EKtot   =      4558.5175  EPtot      =  -4040217.2264
 BOND   =         0.0000  ANGLE   =         0.0000  DIHED      =         0.0000
 1-4 NB =         0.0000  1-4 EEL =         0.0000  VDWAALS    =      8093.7525
 EELEC  =  -4048310.9788  EHBOND  =         0.0000  RESTRAINT  =         0.0000
 Ewald error estimate:   0.0000E+00
 ------------------------------------------------------------------------------


 NSTEP =      540   TIME(PS) =       0.540  TEMP(K) =   186.32  PRESS =     0.0
 Etot   =  -4035658.6598  EKtot   =      4549.0176  EPtot      =  -4040207.6774
 BOND   =         0.0000  ANGLE   =         0.0000  DIHED      =         0.0000
 1-4 NB =         0.0000  1-4 EEL =         0.0000  VDWAALS    =      8098.1482
 EELEC  =  -4048305.8256  EHBOND  =         0.0000  RESTRAINT  =         0.0000
 Ewald error estimate:   0.0000E+00
 ------------------------------------------------------------------------------


 NSTEP =      541   TIME(PS) =       0.541  TEMP(K) =   185.92  PRESS =     0.0
 Etot   =  -4035658.6314  EKtot   =      4539.2385  EPtot      =  -4040197.8698
 BOND   =         0.0000  ANGLE   =         0.0000  DIHED      =         0.0000
 1-4 NB =         0.0000  1-4 EEL =         0.0000  VDWAALS    =      8102.7363
 EELEC  =  -4048300.6061  EHBOND  =         0.0000  RESTRAINT  =         0.0000
 Ewald error estimate:   0.0000E+00
 ------------------------------------------------------------------------------


 NSTEP =      542   TIME(PS) =       0.542  TEMP(K) =   185.52  PRESS =     0.0
 Etot   =  -4035658.6033  EKtot   =      4529.5393  EPtot      =  -4040188.1426
 BOND   =         0.0000  ANGLE   =         0.0000  DIHED      =         0.0000
 1-4 NB =         0.0000  1-4 EEL =         0.0000  VDWAALS    =      8107.4900
 EELEC  =  -4048295.6326  EHBOND  =         0.0000  RESTRAINT  =         0.0000
 Ewald error estimate:   0.0000E+00
 ------------------------------------------------------------------------------


 NSTEP =      543   TIME(PS) =       0.543  TEMP(K) =   185.14  PRESS =     0.0
 Etot   =  -4035658.5585  EKtot   =      4520.2413  EPtot      =  -4040178.7998
 BOND   =         0.0000  ANGLE   =         0.0000  DIHED      =         0.0000
 1-4 NB =         0.0000  1-4 EEL =         0.0000  VDWAALS    =      8112.3830
 EELEC  =  -4048291.1828  EHBOND  =         0.0000  RESTRAINT  =         0.0000
 Ewald error estimate:   0.0000E+00
 ------------------------------------------------------------------------------


 NSTEP =      544   TIME(PS) =       0.544  TEMP(K) =   184.78  PRESS =     0.0
 Etot   =  -4035658.5357  EKtot   =      4511.6302  EPtot      =  -4040170.1659
 BOND   =         0.0000  ANGLE   =         0.0000  DIHED      =         0.0000
 1-4 NB =         0.0000  1-4 EEL =         0.0000  VDWAALS    =      8117.3278
 EELEC  =  -4048287.4937  EHBOND  =         0.0000  RESTRAINT  =         0.0000
 Ewald error estimate:   0.0000E+00
 ------------------------------------------------------------------------------


 NSTEP =      545   TIME(PS) =       0.545  TEMP(K) =   184.47  PRESS =     0.0
 Etot   =  -4035658.5047  EKtot   =      4503.9631  EPtot      =  -4040162.4678
 BOND   =         0.0000  ANGLE   =         0.0000  DIHED      =         0.0000
 1-4 NB =         0.0000  1-4 EEL =         0.0000  VDWAALS    =      8122.3199
 EELEC  =  -4048284.7877  EHBOND  =         0.0000  RESTRAINT  =         0.0000
 Ewald error estimate:   0.0000E+00
 ------------------------------------------------------------------------------


 NSTEP =      546   TIME(PS) =       0.546  TEMP(K) =   184.20  PRESS =     0.0
 Etot   =  -4035658.4738  EKtot   =      4497.4752  EPtot      =  -4040155.9490
 BOND   =         0.0000  ANGLE   =         0.0000  DIHED      =         0.0000
 1-4 NB =         0.0000  1-4 EEL =         0.0000  VDWAALS    =      8127.3009
 EELEC  =  -4048283.2499  EHBOND  =         0.0000  RESTRAINT  =         0.0000
 Ewald error estimate:   0.0000E+00
 ------------------------------------------------------------------------------


 NSTEP =      547   TIME(PS) =       0.547  TEMP(K) =   184.00  PRESS =     0.0
 Etot   =  -4035658.4176  EKtot   =      4492.3832  EPtot      =  -4040150.8008
 BOND   =         0.0000  ANGLE   =         0.0000  DIHED      =         0.0000
 1-4 NB =         0.0000  1-4 EEL =         0.0000  VDWAALS    =      8132.2536
 EELEC  =  -4048283.0544  EHBOND  =         0.0000  RESTRAINT  =         0.0000
 Ewald error estimate:   0.0000E+00
 ------------------------------------------------------------------------------


 NSTEP =      548   TIME(PS) =       0.548  TEMP(K) =   183.85  PRESS =     0.0
 Etot   =  -4035658.4102  EKtot   =      4488.8807  EPtot      =  -4040147.2908
 BOND   =         0.0000  ANGLE   =         0.0000  DIHED      =         0.0000
 1-4 NB =         0.0000  1-4 EEL =         0.0000  VDWAALS    =      8137.0653
 EELEC  =  -4048284.3561  EHBOND  =         0.0000  RESTRAINT  =         0.0000
 Ewald error estimate:   0.0000E+00
 ------------------------------------------------------------------------------


 NSTEP =      549   TIME(PS) =       0.549  TEMP(K) =   183.78  PRESS =     0.0
 Etot   =  -4035658.4120  EKtot   =      4487.1275  EPtot      =  -4040145.5394
 BOND   =         0.0000  ANGLE   =         0.0000  DIHED      =         0.0000
 1-4 NB =         0.0000  1-4 EEL =         0.0000  VDWAALS    =      8141.7372
 EELEC  =  -4048287.2766  EHBOND  =         0.0000  RESTRAINT  =         0.0000
 Ewald error estimate:   0.0000E+00
 ------------------------------------------------------------------------------


 NSTEP =      550   TIME(PS) =       0.550  TEMP(K) =   183.79  PRESS =     0.0
 Etot   =  -4035658.4234  EKtot   =      4487.2317  EPtot      =  -4040145.6551
 BOND   =         0.0000  ANGLE   =         0.0000  DIHED      =         0.0000
 1-4 NB =         0.0000  1-4 EEL =         0.0000  VDWAALS    =      8146.2326
 EELEC  =  -4048291.8876  EHBOND  =         0.0000  RESTRAINT  =         0.0000
 Ewald error estimate:   0.0000E+00
 ------------------------------------------------------------------------------


 NSTEP =      551   TIME(PS) =       0.551  TEMP(K) =   183.87  PRESS =     0.0
 Etot   =  -4035658.4170  EKtot   =      4489.2291  EPtot      =  -4040147.6461
 BOND   =         0.0000  ANGLE   =         0.0000  DIHED      =         0.0000
 1-4 NB =         0.0000  1-4 EEL =         0.0000  VDWAALS    =      8150.5440
 EELEC  =  -4048298.1901  EHBOND  =         0.0000  RESTRAINT  =         0.0000
 Ewald error estimate:   0.0000E+00
 ------------------------------------------------------------------------------


 NSTEP =      552   TIME(PS) =       0.552  TEMP(K) =   184.02  PRESS =     0.0
 Etot   =  -4035658.4390  EKtot   =      4493.0631  EPtot      =  -4040151.5021
 BOND   =         0.0000  ANGLE   =         0.0000  DIHED      =         0.0000
 1-4 NB =         0.0000  1-4 EEL =         0.0000  VDWAALS    =      8154.5937
 EELEC  =  -4048306.0959  EHBOND  =         0.0000  RESTRAINT  =         0.0000
 Ewald error estimate:   0.0000E+00
 ------------------------------------------------------------------------------


 NSTEP =      553   TIME(PS) =       0.553  TEMP(K) =   184.25  PRESS =     0.0
 Etot   =  -4035658.4389  EKtot   =      4498.5701  EPtot      =  -4040157.0090
 BOND   =         0.0000  ANGLE   =         0.0000  DIHED      =         0.0000
 1-4 NB =         0.0000  1-4 EEL =         0.0000  VDWAALS    =      8158.4131
 EELEC  =  -4048315.4221  EHBOND  =         0.0000  RESTRAINT  =         0.0000
 Ewald error estimate:   0.0000E+00
 ------------------------------------------------------------------------------


 NSTEP =      554   TIME(PS) =       0.554  TEMP(K) =   184.53  PRESS =     0.0
 Etot   =  -4035658.4942  EKtot   =      4505.4737  EPtot      =  -4040163.9679
 BOND   =         0.0000  ANGLE   =         0.0000  DIHED      =         0.0000
 1-4 NB =         0.0000  1-4 EEL =         0.0000  VDWAALS    =      8161.8898
 EELEC  =  -4048325.8577  EHBOND  =         0.0000  RESTRAINT  =         0.0000
 Ewald error estimate:   0.0000E+00
 ------------------------------------------------------------------------------


 NSTEP =      555   TIME(PS) =       0.555  TEMP(K) =   184.86  PRESS =     0.0
 Etot   =  -4035658.5091  EKtot   =      4513.3907  EPtot      =  -4040171.8999
 BOND   =         0.0000  ANGLE   =         0.0000  DIHED      =         0.0000
 1-4 NB =         0.0000  1-4 EEL =         0.0000  VDWAALS    =      8165.1029
 EELEC  =  -4048337.0028  EHBOND  =         0.0000  RESTRAINT  =         0.0000
 Ewald error estimate:   0.0000E+00
 ------------------------------------------------------------------------------


 NSTEP =      556   TIME(PS) =       0.556  TEMP(K) =   185.20  PRESS =     0.0
 Etot   =  -4035658.5272  EKtot   =      4521.8496  EPtot      =  -4040180.3768
 BOND   =         0.0000  ANGLE   =         0.0000  DIHED      =         0.0000
 1-4 NB =         0.0000  1-4 EEL =         0.0000  VDWAALS    =      8168.0037
 EELEC  =  -4048348.3805  EHBOND  =         0.0000  RESTRAINT  =         0.0000
 Ewald error estimate:   0.0000E+00
 ------------------------------------------------------------------------------


 NSTEP =      557   TIME(PS) =       0.557  TEMP(K) =   185.55  PRESS =     0.0
 Etot   =  -4035658.5237  EKtot   =      4530.3203  EPtot      =  -4040188.8441
 BOND   =         0.0000  ANGLE   =         0.0000  DIHED      =         0.0000
 1-4 NB =         0.0000  1-4 EEL =         0.0000  VDWAALS    =      8170.6107
 EELEC  =  -4048359.4547  EHBOND  =         0.0000  RESTRAINT  =         0.0000
 Ewald error estimate:   0.0000E+00
 ------------------------------------------------------------------------------


 NSTEP =      558   TIME(PS) =       0.558  TEMP(K) =   185.87  PRESS =     0.0
 Etot   =  -4035658.5997  EKtot   =      4538.2533  EPtot      =  -4040196.8530
 BOND   =         0.0000  ANGLE   =         0.0000  DIHED      =         0.0000
 1-4 NB =         0.0000  1-4 EEL =         0.0000  VDWAALS    =      8172.8199
 EELEC  =  -4048369.6729  EHBOND  =         0.0000  RESTRAINT  =         0.0000
 Ewald error estimate:   0.0000E+00
 ------------------------------------------------------------------------------


 NSTEP =      559   TIME(PS) =       0.559  TEMP(K) =   186.16  PRESS =     0.0
 Etot   =  -4035658.6250  EKtot   =      4545.1214  EPtot      =  -4040203.7465
 BOND   =         0.0000  ANGLE   =         0.0000  DIHED      =         0.0000
 1-4 NB =         0.0000  1-4 EEL =         0.0000  VDWAALS    =      8174.7747
 EELEC  =  -4048378.5212  EHBOND  =         0.0000  RESTRAINT  =         0.0000
 Ewald error estimate:   0.0000E+00
 ------------------------------------------------------------------------------


 NSTEP =      560   TIME(PS) =       0.560  TEMP(K) =   186.37  PRESS =     0.0
 Etot   =  -4035658.6610  EKtot   =      4550.4624  EPtot      =  -4040209.1235
 BOND   =         0.0000  ANGLE   =         0.0000  DIHED      =         0.0000
 1-4 NB =         0.0000  1-4 EEL =         0.0000  VDWAALS    =      8176.4310
 EELEC  =  -4048385.5545  EHBOND  =         0.0000  RESTRAINT  =         0.0000
 Ewald error estimate:   0.0000E+00
 ------------------------------------------------------------------------------


 NSTEP =      561   TIME(PS) =       0.561  TEMP(K) =   186.52  PRESS =     0.0
 Etot   =  -4035658.6745  EKtot   =      4553.9159  EPtot      =  -4040212.5904
 BOND   =         0.0000  ANGLE   =         0.0000  DIHED      =         0.0000
 1-4 NB =         0.0000  1-4 EEL =         0.0000  VDWAALS    =      8177.8379
 EELEC  =  -4048390.4282  EHBOND  =         0.0000  RESTRAINT  =         0.0000
 Ewald error estimate:   0.0000E+00
 ------------------------------------------------------------------------------


 NSTEP =      562   TIME(PS) =       0.562  TEMP(K) =   186.57  PRESS =     0.0
 Etot   =  -4035658.6686  EKtot   =      4555.2518  EPtot      =  -4040213.9204
 BOND   =         0.0000  ANGLE   =         0.0000  DIHED      =         0.0000
 1-4 NB =         0.0000  1-4 EEL =         0.0000  VDWAALS    =      8179.0175
 EELEC  =  -4048392.9379  EHBOND  =         0.0000  RESTRAINT  =         0.0000
 Ewald error estimate:   0.0000E+00
 ------------------------------------------------------------------------------


 NSTEP =      563   TIME(PS) =       0.563  TEMP(K) =   186.54  PRESS =     0.0
 Etot   =  -4035658.6686  EKtot   =      4554.3892  EPtot      =  -4040213.0578
 BOND   =         0.0000  ANGLE   =         0.0000  DIHED      =         0.0000
 1-4 NB =         0.0000  1-4 EEL =         0.0000  VDWAALS    =      8179.9715
 EELEC  =  -4048393.0293  EHBOND  =         0.0000  RESTRAINT  =         0.0000
 Ewald error estimate:   0.0000E+00
 ------------------------------------------------------------------------------


 NSTEP =      564   TIME(PS) =       0.564  TEMP(K) =   186.41  PRESS =     0.0
 Etot   =  -4035658.6441  EKtot   =      4551.4038  EPtot      =  -4040210.0479
 BOND   =         0.0000  ANGLE   =         0.0000  DIHED      =         0.0000
 1-4 NB =         0.0000  1-4 EEL =         0.0000  VDWAALS    =      8180.7540
 EELEC  =  -4048390.8018  EHBOND  =         0.0000  RESTRAINT  =         0.0000
 Ewald error estimate:   0.0000E+00
 ------------------------------------------------------------------------------


 NSTEP =      565   TIME(PS) =       0.565  TEMP(K) =   186.21  PRESS =     0.0
 Etot   =  -4035658.6076  EKtot   =      4546.5243  EPtot      =  -4040205.1319
 BOND   =         0.0000  ANGLE   =         0.0000  DIHED      =         0.0000
 1-4 NB =         0.0000  1-4 EEL =         0.0000  VDWAALS    =      8181.3768
 EELEC  =  -4048386.5087  EHBOND  =         0.0000  RESTRAINT  =         0.0000
 Ewald error estimate:   0.0000E+00
 ------------------------------------------------------------------------------


 NSTEP =      566   TIME(PS) =       0.566  TEMP(K) =   185.95  PRESS =     0.0
 Etot   =  -4035658.5802  EKtot   =      4540.1192  EPtot      =  -4040198.6993
 BOND   =         0.0000  ANGLE   =         0.0000  DIHED      =         0.0000
 1-4 NB =         0.0000  1-4 EEL =         0.0000  VDWAALS    =      8181.8402
 EELEC  =  -4048380.5396  EHBOND  =         0.0000  RESTRAINT  =         0.0000
 Ewald error estimate:   0.0000E+00
 ------------------------------------------------------------------------------


 NSTEP =      567   TIME(PS) =       0.567  TEMP(K) =   185.65  PRESS =     0.0
 Etot   =  -4035658.5568  EKtot   =      4532.6716  EPtot      =  -4040191.2284
 BOND   =         0.0000  ANGLE   =         0.0000  DIHED      =         0.0000
 1-4 NB =         0.0000  1-4 EEL =         0.0000  VDWAALS    =      8182.1724
 EELEC  =  -4048373.4008  EHBOND  =         0.0000  RESTRAINT  =         0.0000
 Ewald error estimate:   0.0000E+00
 ------------------------------------------------------------------------------


 NSTEP =      568   TIME(PS) =       0.568  TEMP(K) =   185.32  PRESS =     0.0
 Etot   =  -4035658.5175  EKtot   =      4524.7463  EPtot      =  -4040183.2638
 BOND   =         0.0000  ANGLE   =         0.0000  DIHED      =         0.0000
 1-4 NB =         0.0000  1-4 EEL =         0.0000  VDWAALS    =      8182.4087
 EELEC  =  -4048365.6725  EHBOND  =         0.0000  RESTRAINT  =         0.0000
 Ewald error estimate:   0.0000E+00
 ------------------------------------------------------------------------------


 NSTEP =      569   TIME(PS) =       0.569  TEMP(K) =   185.00  PRESS =     0.0
 Etot   =  -4035658.4778  EKtot   =      4516.9484  EPtot      =  -4040175.4262
 BOND   =         0.0000  ANGLE   =         0.0000  DIHED      =         0.0000
 1-4 NB =         0.0000  1-4 EEL =         0.0000  VDWAALS    =      8182.5467
 EELEC  =  -4048357.9728  EHBOND  =         0.0000  RESTRAINT  =         0.0000
 Ewald error estimate:   0.0000E+00
 ------------------------------------------------------------------------------


 NSTEP =      570   TIME(PS) =       0.570  TEMP(K) =   184.71  PRESS =     0.0
 Etot   =  -4035658.4620  EKtot   =      4509.8775  EPtot      =  -4040168.3395
 BOND   =         0.0000  ANGLE   =         0.0000  DIHED      =         0.0000
 1-4 NB =         0.0000  1-4 EEL =         0.0000  VDWAALS    =      8182.5729
 EELEC  =  -4048350.9124  EHBOND  =         0.0000  RESTRAINT  =         0.0000
 Ewald error estimate:   0.0000E+00
 ------------------------------------------------------------------------------


 NSTEP =      571   TIME(PS) =       0.571  TEMP(K) =   184.48  PRESS =     0.0
 Etot   =  -4035658.4405  EKtot   =      4504.0825  EPtot      =  -4040162.5230
 BOND   =         0.0000  ANGLE   =         0.0000  DIHED      =         0.0000
 1-4 NB =         0.0000  1-4 EEL =         0.0000  VDWAALS    =      8182.5357
 EELEC  =  -4048345.0587  EHBOND  =         0.0000  RESTRAINT  =         0.0000
 Ewald error estimate:   0.0000E+00
 ------------------------------------------------------------------------------


 NSTEP =      572   TIME(PS) =       0.572  TEMP(K) =   184.31  PRESS =     0.0
 Etot   =  -4035658.4168  EKtot   =      4500.0196  EPtot      =  -4040158.4364
 BOND   =         0.0000  ANGLE   =         0.0000  DIHED      =         0.0000
 1-4 NB =         0.0000  1-4 EEL =         0.0000  VDWAALS    =      8182.4378
 EELEC  =  -4048340.8742  EHBOND  =         0.0000  RESTRAINT  =         0.0000
 Ewald error estimate:   0.0000E+00
 ------------------------------------------------------------------------------


 NSTEP =      573   TIME(PS) =       0.573  TEMP(K) =   184.23  PRESS =     0.0
 Etot   =  -4035658.3884  EKtot   =      4498.0192  EPtot      =  -4040156.4076
 BOND   =         0.0000  ANGLE   =         0.0000  DIHED      =         0.0000
 1-4 NB =         0.0000  1-4 EEL =         0.0000  VDWAALS    =      8182.2957
 EELEC  =  -4048338.7033  EHBOND  =         0.0000  RESTRAINT  =         0.0000
 Ewald error estimate:   0.0000E+00
 ------------------------------------------------------------------------------


 NSTEP =      574   TIME(PS) =       0.574  TEMP(K) =   184.24  PRESS =     0.0
 Etot   =  -4035658.3904  EKtot   =      4498.2625  EPtot      =  -4040156.6529
 BOND   =         0.0000  ANGLE   =         0.0000  DIHED      =         0.0000
 1-4 NB =         0.0000  1-4 EEL =         0.0000  VDWAALS    =      8182.0777
 EELEC  =  -4048338.7306  EHBOND  =         0.0000  RESTRAINT  =         0.0000
 Ewald error estimate:   0.0000E+00
 ------------------------------------------------------------------------------


 NSTEP =      575   TIME(PS) =       0.575  TEMP(K) =   184.34  PRESS =     0.0
 Etot   =  -4035658.4227  EKtot   =      4500.7717  EPtot      =  -4040159.1945
 BOND   =         0.0000  ANGLE   =         0.0000  DIHED      =         0.0000
 1-4 NB =         0.0000  1-4 EEL =         0.0000  VDWAALS    =      8181.8039
 EELEC  =  -4048340.9983  EHBOND  =         0.0000  RESTRAINT  =         0.0000
 Ewald error estimate:   0.0000E+00
 ------------------------------------------------------------------------------


 NSTEP =      576   TIME(PS) =       0.576  TEMP(K) =   184.53  PRESS =     0.0
 Etot   =  -4035658.4315  EKtot   =      4505.4126  EPtot      =  -4040163.8441
 BOND   =         0.0000  ANGLE   =         0.0000  DIHED      =         0.0000
 1-4 NB =         0.0000  1-4 EEL =         0.0000  VDWAALS    =      8181.5398
 EELEC  =  -4048345.3839  EHBOND  =         0.0000  RESTRAINT  =         0.0000
 Ewald error estimate:   0.0000E+00
 ------------------------------------------------------------------------------


 NSTEP =      577   TIME(PS) =       0.577  TEMP(K) =   184.80  PRESS =     0.0
 Etot   =  -4035658.4412  EKtot   =      4511.9080  EPtot      =  -4040170.3492
 BOND   =         0.0000  ANGLE   =         0.0000  DIHED      =         0.0000
 1-4 NB =         0.0000  1-4 EEL =         0.0000  VDWAALS    =      8181.2773
 EELEC  =  -4048351.6265  EHBOND  =         0.0000  RESTRAINT  =         0.0000
 Ewald error estimate:   0.0000E+00
 ------------------------------------------------------------------------------


 NSTEP =      578   TIME(PS) =       0.578  TEMP(K) =   185.12  PRESS =     0.0
 Etot   =  -4035658.4256  EKtot   =      4519.8623  EPtot      =  -4040178.2879
 BOND   =         0.0000  ANGLE   =         0.0000  DIHED      =         0.0000
 1-4 NB =         0.0000  1-4 EEL =         0.0000  VDWAALS    =      8181.0599
 EELEC  =  -4048359.3478  EHBOND  =         0.0000  RESTRAINT  =         0.0000
 Ewald error estimate:   0.0000E+00
 ------------------------------------------------------------------------------


 NSTEP =      579   TIME(PS) =       0.579  TEMP(K) =   185.49  PRESS =     0.0
 Etot   =  -4035658.4729  EKtot   =      4528.7931  EPtot      =  -4040187.2660
 BOND   =         0.0000  ANGLE   =         0.0000  DIHED      =         0.0000
 1-4 NB =         0.0000  1-4 EEL =         0.0000  VDWAALS    =      8180.8171
 EELEC  =  -4048368.0830  EHBOND  =         0.0000  RESTRAINT  =         0.0000
 Ewald error estimate:   0.0000E+00
 ------------------------------------------------------------------------------


 NSTEP =      580   TIME(PS) =       0.580  TEMP(K) =   185.87  PRESS =     0.0
 Etot   =  -4035658.5119  EKtot   =      4538.1688  EPtot      =  -4040196.6807
 BOND   =         0.0000  ANGLE   =         0.0000  DIHED      =         0.0000
 1-4 NB =         0.0000  1-4 EEL =         0.0000  VDWAALS    =      8180.6503
 EELEC  =  -4048377.3310  EHBOND  =         0.0000  RESTRAINT  =         0.0000
 Ewald error estimate:   0.0000E+00
 ------------------------------------------------------------------------------


 NSTEP =      581   TIME(PS) =       0.581  TEMP(K) =   186.25  PRESS =     0.0
 Etot   =  -4035658.5534  EKtot   =      4547.4488  EPtot      =  -4040206.0023
 BOND   =         0.0000  ANGLE   =         0.0000  DIHED      =         0.0000
 1-4 NB =         0.0000  1-4 EEL =         0.0000  VDWAALS    =      8180.5641
 EELEC  =  -4048386.5663  EHBOND  =         0.0000  RESTRAINT  =         0.0000
 Ewald error estimate:   0.0000E+00
 ------------------------------------------------------------------------------


 NSTEP =      582   TIME(PS) =       0.582  TEMP(K) =   186.61  PRESS =     0.0
 Etot   =  -4035658.5848  EKtot   =      4556.1234  EPtot      =  -4040214.7081
 BOND   =         0.0000  ANGLE   =         0.0000  DIHED      =         0.0000
 1-4 NB =         0.0000  1-4 EEL =         0.0000  VDWAALS    =      8180.5927
 EELEC  =  -4048395.3008  EHBOND  =         0.0000  RESTRAINT  =         0.0000
 Ewald error estimate:   0.0000E+00
 ------------------------------------------------------------------------------


 NSTEP =      583   TIME(PS) =       0.583  TEMP(K) =   186.92  PRESS =     0.0
 Etot   =  -4035658.5977  EKtot   =      4563.7523  EPtot      =  -4040222.3500
 BOND   =         0.0000  ANGLE   =         0.0000  DIHED      =         0.0000
 1-4 NB =         0.0000  1-4 EEL =         0.0000  VDWAALS    =      8180.7636
 EELEC  =  -4048403.1136  EHBOND  =         0.0000  RESTRAINT  =         0.0000
 Ewald error estimate:   0.0000E+00
 ------------------------------------------------------------------------------


 NSTEP =      584   TIME(PS) =       0.584  TEMP(K) =   187.18  PRESS =     0.0
 Etot   =  -4035658.6104  EKtot   =      4569.9981  EPtot      =  -4040228.6085
 BOND   =         0.0000  ANGLE   =         0.0000  DIHED      =         0.0000
 1-4 NB =         0.0000  1-4 EEL =         0.0000  VDWAALS    =      8181.0713
 EELEC  =  -4048409.6798  EHBOND  =         0.0000  RESTRAINT  =         0.0000
 Ewald error estimate:   0.0000E+00
 ------------------------------------------------------------------------------


 NSTEP =      585   TIME(PS) =       0.585  TEMP(K) =   187.37  PRESS =     0.0
 Etot   =  -4035658.5994  EKtot   =      4574.6530  EPtot      =  -4040233.2524
 BOND   =         0.0000  ANGLE   =         0.0000  DIHED      =         0.0000
 1-4 NB =         0.0000  1-4 EEL =         0.0000  VDWAALS    =      8181.5454
 EELEC  =  -4048414.7978  EHBOND  =         0.0000  RESTRAINT  =         0.0000
 Ewald error estimate:   0.0000E+00
 ------------------------------------------------------------------------------


 NSTEP =      586   TIME(PS) =       0.586  TEMP(K) =   187.49  PRESS =     0.0
 Etot   =  -4035658.5775  EKtot   =      4577.6554  EPtot      =  -4040236.2329
 BOND   =         0.0000  ANGLE   =         0.0000  DIHED      =         0.0000
 1-4 NB =         0.0000  1-4 EEL =         0.0000  VDWAALS    =      8182.1751
 EELEC  =  -4048418.4080  EHBOND  =         0.0000  RESTRAINT  =         0.0000
 Ewald error estimate:   0.0000E+00
 ------------------------------------------------------------------------------


 NSTEP =      587   TIME(PS) =       0.587  TEMP(K) =   187.55  PRESS =     0.0
 Etot   =  -4035658.5490  EKtot   =      4579.0951  EPtot      =  -4040237.6441
 BOND   =         0.0000  ANGLE   =         0.0000  DIHED      =         0.0000
 1-4 NB =         0.0000  1-4 EEL =         0.0000  VDWAALS    =      8182.9513
 EELEC  =  -4048420.5954  EHBOND  =         0.0000  RESTRAINT  =         0.0000
 Ewald error estimate:   0.0000E+00
 ------------------------------------------------------------------------------


 NSTEP =      588   TIME(PS) =       0.588  TEMP(K) =   187.55  PRESS =     0.0
 Etot   =  -4035658.5087  EKtot   =      4579.2030  EPtot      =  -4040237.7118
 BOND   =         0.0000  ANGLE   =         0.0000  DIHED      =         0.0000
 1-4 NB =         0.0000  1-4 EEL =         0.0000  VDWAALS    =      8183.8634
 EELEC  =  -4048421.5752  EHBOND  =         0.0000  RESTRAINT  =         0.0000
 Ewald error estimate:   0.0000E+00
 ------------------------------------------------------------------------------


 NSTEP =      589   TIME(PS) =       0.589  TEMP(K) =   187.52  PRESS =     0.0
 Etot   =  -4035658.4387  EKtot   =      4578.3265  EPtot      =  -4040236.7652
 BOND   =         0.0000  ANGLE   =         0.0000  DIHED      =         0.0000
 1-4 NB =         0.0000  1-4 EEL =         0.0000  VDWAALS    =      8184.9106
 EELEC  =  -4048421.6758  EHBOND  =         0.0000  RESTRAINT  =         0.0000
 Ewald error estimate:   0.0000E+00
 ------------------------------------------------------------------------------


 NSTEP =      590   TIME(PS) =       0.590  TEMP(K) =   187.46  PRESS =     0.0
 Etot   =  -4035658.3947  EKtot   =      4576.8886  EPtot      =  -4040235.2834
 BOND   =         0.0000  ANGLE   =         0.0000  DIHED      =         0.0000
 1-4 NB =         0.0000  1-4 EEL =         0.0000  VDWAALS    =      8186.0147
 EELEC  =  -4048421.2980  EHBOND  =         0.0000  RESTRAINT  =         0.0000
 Ewald error estimate:   0.0000E+00
 ------------------------------------------------------------------------------


 NSTEP =      591   TIME(PS) =       0.591  TEMP(K) =   187.39  PRESS =     0.0
 Etot   =  -4035658.3600  EKtot   =      4575.3382  EPtot      =  -4040233.6982
 BOND   =         0.0000  ANGLE   =         0.0000  DIHED      =         0.0000
 1-4 NB =         0.0000  1-4 EEL =         0.0000  VDWAALS    =      8187.1611
 EELEC  =  -4048420.8593  EHBOND  =         0.0000  RESTRAINT  =         0.0000
 Ewald error estimate:   0.0000E+00
 ------------------------------------------------------------------------------


 NSTEP =      592   TIME(PS) =       0.592  TEMP(K) =   187.34  PRESS =     0.0
 Etot   =  -4035658.3668  EKtot   =      4574.0936  EPtot      =  -4040232.4604
 BOND   =         0.0000  ANGLE   =         0.0000  DIHED      =         0.0000
 1-4 NB =         0.0000  1-4 EEL =         0.0000  VDWAALS    =      8188.2960
 EELEC  =  -4048420.7564  EHBOND  =         0.0000  RESTRAINT  =         0.0000
 Ewald error estimate:   0.0000E+00
 ------------------------------------------------------------------------------


 NSTEP =      593   TIME(PS) =       0.593  TEMP(K) =   187.32  PRESS =     0.0
 Etot   =  -4035658.3263  EKtot   =      4573.4911  EPtot      =  -4040231.8173
 BOND   =         0.0000  ANGLE   =         0.0000  DIHED      =         0.0000
 1-4 NB =         0.0000  1-4 EEL =         0.0000  VDWAALS    =      8189.4810
 EELEC  =  -4048421.2983  EHBOND  =         0.0000  RESTRAINT  =         0.0000
 Ewald error estimate:   0.0000E+00
 ------------------------------------------------------------------------------


 NSTEP =      594   TIME(PS) =       0.594  TEMP(K) =   187.33  PRESS =     0.0
 Etot   =  -4035658.3461  EKtot   =      4573.7446  EPtot      =  -4040232.0906
 BOND   =         0.0000  ANGLE   =         0.0000  DIHED      =         0.0000
 1-4 NB =         0.0000  1-4 EEL =         0.0000  VDWAALS    =      8190.5872
 EELEC  =  -4048422.6778  EHBOND  =         0.0000  RESTRAINT  =         0.0000
 Ewald error estimate:   0.0000E+00
 ------------------------------------------------------------------------------


 NSTEP =      595   TIME(PS) =       0.595  TEMP(K) =   187.38  PRESS =     0.0
 Etot   =  -4035658.3609  EKtot   =      4574.9241  EPtot      =  -4040233.2850
 BOND   =         0.0000  ANGLE   =         0.0000  DIHED      =         0.0000
 1-4 NB =         0.0000  1-4 EEL =         0.0000  VDWAALS    =      8191.6644
 EELEC  =  -4048424.9494  EHBOND  =         0.0000  RESTRAINT  =         0.0000
 Ewald error estimate:   0.0000E+00
 ------------------------------------------------------------------------------


 NSTEP =      596   TIME(PS) =       0.596  TEMP(K) =   187.46  PRESS =     0.0
 Etot   =  -4035658.4140  EKtot   =      4576.9556  EPtot      =  -4040235.3696
 BOND   =         0.0000  ANGLE   =         0.0000  DIHED      =         0.0000
 1-4 NB =         0.0000  1-4 EEL =         0.0000  VDWAALS    =      8192.6432
 EELEC  =  -4048428.0128  EHBOND  =         0.0000  RESTRAINT  =         0.0000
 Ewald error estimate:   0.0000E+00
 ------------------------------------------------------------------------------


 NSTEP =      597   TIME(PS) =       0.597  TEMP(K) =   187.57  PRESS =     0.0
 Etot   =  -4035658.4055  EKtot   =      4579.6423  EPtot      =  -4040238.0478
 BOND   =         0.0000  ANGLE   =         0.0000  DIHED      =         0.0000
 1-4 NB =         0.0000  1-4 EEL =         0.0000  VDWAALS    =      8193.6218
 EELEC  =  -4048431.6696  EHBOND  =         0.0000  RESTRAINT  =         0.0000
 Ewald error estimate:   0.0000E+00
 ------------------------------------------------------------------------------


 NSTEP =      598   TIME(PS) =       0.598  TEMP(K) =   187.70  PRESS =     0.0
 Etot   =  -4035658.4118  EKtot   =      4582.7031  EPtot      =  -4040241.1149
 BOND   =         0.0000  ANGLE   =         0.0000  DIHED      =         0.0000
 1-4 NB =         0.0000  1-4 EEL =         0.0000  VDWAALS    =      8194.5270
 EELEC  =  -4048435.6419  EHBOND  =         0.0000  RESTRAINT  =         0.0000
 Ewald error estimate:   0.0000E+00
 ------------------------------------------------------------------------------


 NSTEP =      599   TIME(PS) =       0.599  TEMP(K) =   187.82  PRESS =     0.0
 Etot   =  -4035658.4581  EKtot   =      4585.8217  EPtot      =  -4040244.2797
 BOND   =         0.0000  ANGLE   =         0.0000  DIHED      =         0.0000
 1-4 NB =         0.0000  1-4 EEL =         0.0000  VDWAALS    =      8195.3306
 EELEC  =  -4048439.6104  EHBOND  =         0.0000  RESTRAINT  =         0.0000
 Ewald error estimate:   0.0000E+00
 ------------------------------------------------------------------------------


 NSTEP =      600   TIME(PS) =       0.600  TEMP(K) =   187.94  PRESS =     0.0
 Etot   =  -4035658.4900  EKtot   =      4588.6968  EPtot      =  -4040247.1868
 BOND   =         0.0000  ANGLE   =         0.0000  DIHED      =         0.0000
 1-4 NB =         0.0000  1-4 EEL =         0.0000  VDWAALS    =      8196.1088
 EELEC  =  -4048443.2956  EHBOND  =         0.0000  RESTRAINT  =         0.0000
 Ewald error estimate:   0.0000E+00
 ------------------------------------------------------------------------------


 NSTEP =      601   TIME(PS) =       0.601  TEMP(K) =   188.04  PRESS =     0.0
 Etot   =  -4035658.4920  EKtot   =      4591.0881  EPtot      =  -4040249.5801
 BOND   =         0.0000  ANGLE   =         0.0000  DIHED      =         0.0000
 1-4 NB =         0.0000  1-4 EEL =         0.0000  VDWAALS    =      8196.8919
 EELEC  =  -4048446.4720  EHBOND  =         0.0000  RESTRAINT  =         0.0000
 Ewald error estimate:   0.0000E+00
 ------------------------------------------------------------------------------


 NSTEP =      602   TIME(PS) =       0.602  TEMP(K) =   188.11  PRESS =     0.0
 Etot   =  -4035658.4693  EKtot   =      4592.8495  EPtot      =  -4040251.3188
 BOND   =         0.0000  ANGLE   =         0.0000  DIHED      =         0.0000
 1-4 NB =         0.0000  1-4 EEL =         0.0000  VDWAALS    =      8197.7086
 EELEC  =  -4048449.0274  EHBOND  =         0.0000  RESTRAINT  =         0.0000
 Ewald error estimate:   0.0000E+00
 ------------------------------------------------------------------------------


 NSTEP =      603   TIME(PS) =       0.603  TEMP(K) =   188.16  PRESS =     0.0
 Etot   =  -4035658.4684  EKtot   =      4593.9476  EPtot      =  -4040252.4161
 BOND   =         0.0000  ANGLE   =         0.0000  DIHED      =         0.0000
 1-4 NB =         0.0000  1-4 EEL =         0.0000  VDWAALS    =      8198.5467
 EELEC  =  -4048450.9628  EHBOND  =         0.0000  RESTRAINT  =         0.0000
 Ewald error estimate:   0.0000E+00
 ------------------------------------------------------------------------------


 NSTEP =      604   TIME(PS) =       0.604  TEMP(K) =   188.18  PRESS =     0.0
 Etot   =  -4035658.4057  EKtot   =      4594.4616  EPtot      =  -4040252.8673
 BOND   =         0.0000  ANGLE   =         0.0000  DIHED      =         0.0000
 1-4 NB =         0.0000  1-4 EEL =         0.0000  VDWAALS    =      8199.5173
 EELEC  =  -4048452.3846  EHBOND  =         0.0000  RESTRAINT  =         0.0000
 Ewald error estimate:   0.0000E+00
 ------------------------------------------------------------------------------


 NSTEP =      605   TIME(PS) =       0.605  TEMP(K) =   188.18  PRESS =     0.0
 Etot   =  -4035658.3978  EKtot   =      4594.5673  EPtot      =  -4040252.9651
 BOND   =         0.0000  ANGLE   =         0.0000  DIHED      =         0.0000
 1-4 NB =         0.0000  1-4 EEL =         0.0000  VDWAALS    =      8200.5407
 EELEC  =  -4048453.5058  EHBOND  =         0.0000  RESTRAINT  =         0.0000
 Ewald error estimate:   0.0000E+00
 ------------------------------------------------------------------------------


 NSTEP =      606   TIME(PS) =       0.606  TEMP(K) =   188.18  PRESS =     0.0
 Etot   =  -4035658.3988  EKtot   =      4594.5074  EPtot      =  -4040252.9061
 BOND   =         0.0000  ANGLE   =         0.0000  DIHED      =         0.0000
 1-4 NB =         0.0000  1-4 EEL =         0.0000  VDWAALS    =      8201.6972
 EELEC  =  -4048454.6034  EHBOND  =         0.0000  RESTRAINT  =         0.0000
 Ewald error estimate:   0.0000E+00
 ------------------------------------------------------------------------------


 NSTEP =      607   TIME(PS) =       0.607  TEMP(K) =   188.18  PRESS =     0.0
 Etot   =  -4035658.3713  EKtot   =      4594.5531  EPtot      =  -4040252.9244
 BOND   =         0.0000  ANGLE   =         0.0000  DIHED      =         0.0000
 1-4 NB =         0.0000  1-4 EEL =         0.0000  VDWAALS    =      8203.0504
 EELEC  =  -4048455.9748  EHBOND  =         0.0000  RESTRAINT  =         0.0000
 Ewald error estimate:   0.0000E+00
 ------------------------------------------------------------------------------


 NSTEP =      608   TIME(PS) =       0.608  TEMP(K) =   188.20  PRESS =     0.0
 Etot   =  -4035658.3713  EKtot   =      4594.9630  EPtot      =  -4040253.3343
 BOND   =         0.0000  ANGLE   =         0.0000  DIHED      =         0.0000
 1-4 NB =         0.0000  1-4 EEL =         0.0000  VDWAALS    =      8204.5732
 EELEC  =  -4048457.9075  EHBOND  =         0.0000  RESTRAINT  =         0.0000
 Ewald error estimate:   0.0000E+00
 ------------------------------------------------------------------------------


 NSTEP =      609   TIME(PS) =       0.609  TEMP(K) =   188.24  PRESS =     0.0
 Etot   =  -4035658.3522  EKtot   =      4595.9443  EPtot      =  -4040254.2965
 BOND   =         0.0000  ANGLE   =         0.0000  DIHED      =         0.0000
 1-4 NB =         0.0000  1-4 EEL =         0.0000  VDWAALS    =      8206.3338
 EELEC  =  -4048460.6303  EHBOND  =         0.0000  RESTRAINT  =         0.0000
 Ewald error estimate:   0.0000E+00
 ------------------------------------------------------------------------------


 NSTEP =      610   TIME(PS) =       0.610  TEMP(K) =   188.31  PRESS =     0.0
 Etot   =  -4035658.3473  EKtot   =      4597.6223  EPtot      =  -4040255.9695
 BOND   =         0.0000  ANGLE   =         0.0000  DIHED      =         0.0000
 1-4 NB =         0.0000  1-4 EEL =         0.0000  VDWAALS    =      8208.3093
 EELEC  =  -4048464.2789  EHBOND  =         0.0000  RESTRAINT  =         0.0000
 Ewald error estimate:   0.0000E+00
 ------------------------------------------------------------------------------


 NSTEP =      611   TIME(PS) =       0.611  TEMP(K) =   188.40  PRESS =     0.0
 Etot   =  -4035658.3506  EKtot   =      4600.0203  EPtot      =  -4040258.3709
 BOND   =         0.0000  ANGLE   =         0.0000  DIHED      =         0.0000
 1-4 NB =         0.0000  1-4 EEL =         0.0000  VDWAALS    =      8210.5137
 EELEC  =  -4048468.8846  EHBOND  =         0.0000  RESTRAINT  =         0.0000
 Ewald error estimate:   0.0000E+00
 ------------------------------------------------------------------------------


 NSTEP =      612   TIME(PS) =       0.612  TEMP(K) =   188.53  PRESS =     0.0
 Etot   =  -4035658.3476  EKtot   =      4603.0527  EPtot      =  -4040261.4003
 BOND   =         0.0000  ANGLE   =         0.0000  DIHED      =         0.0000
 1-4 NB =         0.0000  1-4 EEL =         0.0000  VDWAALS    =      8212.9599
 EELEC  =  -4048474.3602  EHBOND  =         0.0000  RESTRAINT  =         0.0000
 Ewald error estimate:   0.0000E+00
 ------------------------------------------------------------------------------


 NSTEP =      613   TIME(PS) =       0.613  TEMP(K) =   188.67  PRESS =     0.0
 Etot   =  -4035658.3431  EKtot   =      4606.5292  EPtot      =  -4040264.8723
 BOND   =         0.0000  ANGLE   =         0.0000  DIHED      =         0.0000
 1-4 NB =         0.0000  1-4 EEL =         0.0000  VDWAALS    =      8215.6375
 EELEC  =  -4048480.5099  EHBOND  =         0.0000  RESTRAINT  =         0.0000
 Ewald error estimate:   0.0000E+00
 ------------------------------------------------------------------------------


 NSTEP =      614   TIME(PS) =       0.614  TEMP(K) =   188.82  PRESS =     0.0
 Etot   =  -4035658.3596  EKtot   =      4610.1724  EPtot      =  -4040268.5320
 BOND   =         0.0000  ANGLE   =         0.0000  DIHED      =         0.0000
 1-4 NB =         0.0000  1-4 EEL =         0.0000  VDWAALS    =      8218.5151
 EELEC  =  -4048487.0471  EHBOND  =         0.0000  RESTRAINT  =         0.0000
 Ewald error estimate:   0.0000E+00
 ------------------------------------------------------------------------------


 NSTEP =      615   TIME(PS) =       0.615  TEMP(K) =   188.96  PRESS =     0.0
 Etot   =  -4035658.3895  EKtot   =      4613.6438  EPtot      =  -4040272.0333
 BOND   =         0.0000  ANGLE   =         0.0000  DIHED      =         0.0000
 1-4 NB =         0.0000  1-4 EEL =         0.0000  VDWAALS    =      8221.5774
 EELEC  =  -4048493.6106  EHBOND  =         0.0000  RESTRAINT  =         0.0000
 Ewald error estimate:   0.0000E+00
 ------------------------------------------------------------------------------


 NSTEP =      616   TIME(PS) =       0.616  TEMP(K) =   189.08  PRESS =     0.0
 Etot   =  -4035658.4294  EKtot   =      4616.5783  EPtot      =  -4040275.0077
 BOND   =         0.0000  ANGLE   =         0.0000  DIHED      =         0.0000
 1-4 NB =         0.0000  1-4 EEL =         0.0000  VDWAALS    =      8224.8081
 EELEC  =  -4048499.8158  EHBOND  =         0.0000  RESTRAINT  =         0.0000
 Ewald error estimate:   0.0000E+00
 ------------------------------------------------------------------------------


 NSTEP =      617   TIME(PS) =       0.617  TEMP(K) =   189.17  PRESS =     0.0
 Etot   =  -4035658.4707  EKtot   =      4618.6236  EPtot      =  -4040277.0943
 BOND   =         0.0000  ANGLE   =         0.0000  DIHED      =         0.0000
 1-4 NB =         0.0000  1-4 EEL =         0.0000  VDWAALS    =      8228.1850
 EELEC  =  -4048505.2793  EHBOND  =         0.0000  RESTRAINT  =         0.0000
 Ewald error estimate:   0.0000E+00
 ------------------------------------------------------------------------------


 NSTEP =      618   TIME(PS) =       0.618  TEMP(K) =   189.20  PRESS =     0.0
 Etot   =  -4035658.4784  EKtot   =      4619.4806  EPtot      =  -4040277.9591
 BOND   =         0.0000  ANGLE   =         0.0000  DIHED      =         0.0000
 1-4 NB =         0.0000  1-4 EEL =         0.0000  VDWAALS    =      8231.7119
 EELEC  =  -4048509.6710  EHBOND  =         0.0000  RESTRAINT  =         0.0000
 Ewald error estimate:   0.0000E+00
 ------------------------------------------------------------------------------


 NSTEP =      619   TIME(PS) =       0.619  TEMP(K) =   189.18  PRESS =     0.0
 Etot   =  -4035658.4600  EKtot   =      4618.9419  EPtot      =  -4040277.4018
 BOND   =         0.0000  ANGLE   =         0.0000  DIHED      =         0.0000
 1-4 NB =         0.0000  1-4 EEL =         0.0000  VDWAALS    =      8235.3435
 EELEC  =  -4048512.7453  EHBOND  =         0.0000  RESTRAINT  =         0.0000
 Ewald error estimate:   0.0000E+00
 ------------------------------------------------------------------------------


 NSTEP =      620   TIME(PS) =       0.620  TEMP(K) =   189.10  PRESS =     0.0
 Etot   =  -4035658.4548  EKtot   =      4616.9209  EPtot      =  -4040275.3757
 BOND   =         0.0000  ANGLE   =         0.0000  DIHED      =         0.0000
 1-4 NB =         0.0000  1-4 EEL =         0.0000  VDWAALS    =      8238.9984
 EELEC  =  -4048514.3741  EHBOND  =         0.0000  RESTRAINT  =         0.0000
 Ewald error estimate:   0.0000E+00
 ------------------------------------------------------------------------------


 NSTEP =      621   TIME(PS) =       0.621  TEMP(K) =   188.96  PRESS =     0.0
 Etot   =  -4035658.4330  EKtot   =      4613.4711  EPtot      =  -4040271.9041
 BOND   =         0.0000  ANGLE   =         0.0000  DIHED      =         0.0000
 1-4 NB =         0.0000  1-4 EEL =         0.0000  VDWAALS    =      8242.6625
 EELEC  =  -4048514.5666  EHBOND  =         0.0000  RESTRAINT  =         0.0000
 Ewald error estimate:   0.0000E+00
 ------------------------------------------------------------------------------


 NSTEP =      622   TIME(PS) =       0.622  TEMP(K) =   188.76  PRESS =     0.0
 Etot   =  -4035658.4235  EKtot   =      4608.7883  EPtot      =  -4040267.2118
 BOND   =         0.0000  ANGLE   =         0.0000  DIHED      =         0.0000
 1-4 NB =         0.0000  1-4 EEL =         0.0000  VDWAALS    =      8246.2558
 EELEC  =  -4048513.4675  EHBOND  =         0.0000  RESTRAINT  =         0.0000
 Ewald error estimate:   0.0000E+00
 ------------------------------------------------------------------------------


 NSTEP =      623   TIME(PS) =       0.623  TEMP(K) =   188.53  PRESS =     0.0
 Etot   =  -4035658.4128  EKtot   =      4603.1978  EPtot      =  -4040261.6106
 BOND   =         0.0000  ANGLE   =         0.0000  DIHED      =         0.0000
 1-4 NB =         0.0000  1-4 EEL =         0.0000  VDWAALS    =      8249.7492
 EELEC  =  -4048511.3599  EHBOND  =         0.0000  RESTRAINT  =         0.0000
 Ewald error estimate:   0.0000E+00
 ------------------------------------------------------------------------------


 NSTEP =      624   TIME(PS) =       0.624  TEMP(K) =   188.29  PRESS =     0.0
 Etot   =  -4035658.3933  EKtot   =      4597.1252  EPtot      =  -4040255.5184
 BOND   =         0.0000  ANGLE   =         0.0000  DIHED      =         0.0000
 1-4 NB =         0.0000  1-4 EEL =         0.0000  VDWAALS    =      8253.1043
 EELEC  =  -4048508.6227  EHBOND  =         0.0000  RESTRAINT  =         0.0000
 Ewald error estimate:   0.0000E+00
 ------------------------------------------------------------------------------


 NSTEP =      625   TIME(PS) =       0.625  TEMP(K) =   188.04  PRESS =     0.0
 Etot   =  -4035658.3306  EKtot   =      4591.0549  EPtot      =  -4040249.3854
 BOND   =         0.0000  ANGLE   =         0.0000  DIHED      =         0.0000
 1-4 NB =         0.0000  1-4 EEL =         0.0000  VDWAALS    =      8256.3171
 EELEC  =  -4048505.7026  EHBOND  =         0.0000  RESTRAINT  =         0.0000
 Ewald error estimate:   0.0000E+00
 ------------------------------------------------------------------------------


 NSTEP =      626   TIME(PS) =       0.626  TEMP(K) =   187.81  PRESS =     0.0
 Etot   =  -4035658.2958  EKtot   =      4585.4828  EPtot      =  -4040243.7786
 BOND   =         0.0000  ANGLE   =         0.0000  DIHED      =         0.0000
 1-4 NB =         0.0000  1-4 EEL =         0.0000  VDWAALS    =      8259.2751
 EELEC  =  -4048503.0538  EHBOND  =         0.0000  RESTRAINT  =         0.0000
 Ewald error estimate:   0.0000E+00
 ------------------------------------------------------------------------------


 NSTEP =      627   TIME(PS) =       0.627  TEMP(K) =   187.62  PRESS =     0.0
 Etot   =  -4035658.2676  EKtot   =      4580.8665  EPtot      =  -4040239.1340
 BOND   =         0.0000  ANGLE   =         0.0000  DIHED      =         0.0000
 1-4 NB =         0.0000  1-4 EEL =         0.0000  VDWAALS    =      8261.9714
 EELEC  =  -4048501.1054  EHBOND  =         0.0000  RESTRAINT  =         0.0000
 Ewald error estimate:   0.0000E+00
 ------------------------------------------------------------------------------


 NSTEP =      628   TIME(PS) =       0.628  TEMP(K) =   187.49  PRESS =     0.0
 Etot   =  -4035658.2593  EKtot   =      4577.5798  EPtot      =  -4040235.8391
 BOND   =         0.0000  ANGLE   =         0.0000  DIHED      =         0.0000
 1-4 NB =         0.0000  1-4 EEL =         0.0000  VDWAALS    =      8264.3762
 EELEC  =  -4048500.2153  EHBOND  =         0.0000  RESTRAINT  =         0.0000
 Ewald error estimate:   0.0000E+00
 ------------------------------------------------------------------------------


 NSTEP =      629   TIME(PS) =       0.629  TEMP(K) =   187.42  PRESS =     0.0
 Etot   =  -4035658.2490  EKtot   =      4575.8784  EPtot      =  -4040234.1274
 BOND   =         0.0000  ANGLE   =         0.0000  DIHED      =         0.0000
 1-4 NB =         0.0000  1-4 EEL =         0.0000  VDWAALS    =      8266.4917
 EELEC  =  -4048500.6191  EHBOND  =         0.0000  RESTRAINT  =         0.0000
 Ewald error estimate:   0.0000E+00
 ------------------------------------------------------------------------------


 NSTEP =      630   TIME(PS) =       0.630  TEMP(K) =   187.42  PRESS =     0.0
 Etot   =  -4035658.2649  EKtot   =      4575.8780  EPtot      =  -4040234.1429
 BOND   =         0.0000  ANGLE   =         0.0000  DIHED      =         0.0000
 1-4 NB =         0.0000  1-4 EEL =         0.0000  VDWAALS    =      8268.2897
 EELEC  =  -4048502.4325  EHBOND  =         0.0000  RESTRAINT  =         0.0000
 Ewald error estimate:   0.0000E+00
 ------------------------------------------------------------------------------


 NSTEP =      631   TIME(PS) =       0.631  TEMP(K) =   187.48  PRESS =     0.0
 Etot   =  -4035658.2838  EKtot   =      4577.5487  EPtot      =  -4040235.8326
 BOND   =         0.0000  ANGLE   =         0.0000  DIHED      =         0.0000
 1-4 NB =         0.0000  1-4 EEL =         0.0000  VDWAALS    =      8269.7978
 EELEC  =  -4048505.6304  EHBOND  =         0.0000  RESTRAINT  =         0.0000
 Ewald error estimate:   0.0000E+00
 ------------------------------------------------------------------------------


 NSTEP =      632   TIME(PS) =       0.632  TEMP(K) =   187.61  PRESS =     0.0
 Etot   =  -4035658.3037  EKtot   =      4580.7240  EPtot      =  -4040239.0277
 BOND   =         0.0000  ANGLE   =         0.0000  DIHED      =         0.0000
 1-4 NB =         0.0000  1-4 EEL =         0.0000  VDWAALS    =      8271.0271
 EELEC  =  -4048510.0548  EHBOND  =         0.0000  RESTRAINT  =         0.0000
 Ewald error estimate:   0.0000E+00
 ------------------------------------------------------------------------------


 NSTEP =      633   TIME(PS) =       0.633  TEMP(K) =   187.79  PRESS =     0.0
 Etot   =  -4035658.3490  EKtot   =      4585.1219  EPtot      =  -4040243.4709
 BOND   =         0.0000  ANGLE   =         0.0000  DIHED      =         0.0000
 1-4 NB =         0.0000  1-4 EEL =         0.0000  VDWAALS    =      8271.9724
 EELEC  =  -4048515.4433  EHBOND  =         0.0000  RESTRAINT  =         0.0000
 Ewald error estimate:   0.0000E+00
 ------------------------------------------------------------------------------


 NSTEP =      634   TIME(PS) =       0.634  TEMP(K) =   188.01  PRESS =     0.0
 Etot   =  -4035658.3790  EKtot   =      4590.3743  EPtot      =  -4040248.7534
 BOND   =         0.0000  ANGLE   =         0.0000  DIHED      =         0.0000
 1-4 NB =         0.0000  1-4 EEL =         0.0000  VDWAALS    =      8272.7026
 EELEC  =  -4048521.4560  EHBOND  =         0.0000  RESTRAINT  =         0.0000
 Ewald error estimate:   0.0000E+00
 ------------------------------------------------------------------------------


 NSTEP =      635   TIME(PS) =       0.635  TEMP(K) =   188.24  PRESS =     0.0
 Etot   =  -4035658.4092  EKtot   =      4596.0603  EPtot      =  -4040254.4695
 BOND   =         0.0000  ANGLE   =         0.0000  DIHED      =         0.0000
 1-4 NB =         0.0000  1-4 EEL =         0.0000  VDWAALS    =      8273.2356
 EELEC  =  -4048527.7052  EHBOND  =         0.0000  RESTRAINT  =         0.0000
 Ewald error estimate:   0.0000E+00
 ------------------------------------------------------------------------------


 NSTEP =      636   TIME(PS) =       0.636  TEMP(K) =   188.48  PRESS =     0.0
 Etot   =  -4035658.4353  EKtot   =      4601.7406  EPtot      =  -4040260.1759
 BOND   =         0.0000  ANGLE   =         0.0000  DIHED      =         0.0000
 1-4 NB =         0.0000  1-4 EEL =         0.0000  VDWAALS    =      8273.6092
 EELEC  =  -4048533.7851  EHBOND  =         0.0000  RESTRAINT  =         0.0000
 Ewald error estimate:   0.0000E+00
 ------------------------------------------------------------------------------


 NSTEP =      637   TIME(PS) =       0.637  TEMP(K) =   188.69  PRESS =     0.0
 Etot   =  -4035658.4693  EKtot   =      4606.9906  EPtot      =  -4040265.4599
 BOND   =         0.0000  ANGLE   =         0.0000  DIHED      =         0.0000
 1-4 NB =         0.0000  1-4 EEL =         0.0000  VDWAALS    =      8273.8420
 EELEC  =  -4048539.3019  EHBOND  =         0.0000  RESTRAINT  =         0.0000
 Ewald error estimate:   0.0000E+00
 ------------------------------------------------------------------------------


 NSTEP =      638   TIME(PS) =       0.638  TEMP(K) =   188.87  PRESS =     0.0
 Etot   =  -4035658.4805  EKtot   =      4611.4305  EPtot      =  -4040269.9110
 BOND   =         0.0000  ANGLE   =         0.0000  DIHED      =         0.0000
 1-4 NB =         0.0000  1-4 EEL =         0.0000  VDWAALS    =      8274.0021
 EELEC  =  -4048543.9131  EHBOND  =         0.0000  RESTRAINT  =         0.0000
 Ewald error estimate:   0.0000E+00
 ------------------------------------------------------------------------------


 NSTEP =      639   TIME(PS) =       0.639  TEMP(K) =   189.01  PRESS =     0.0
 Etot   =  -4035658.4993  EKtot   =      4614.7522  EPtot      =  -4040273.2515
 BOND   =         0.0000  ANGLE   =         0.0000  DIHED      =         0.0000
 1-4 NB =         0.0000  1-4 EEL =         0.0000  VDWAALS    =      8274.0925
 EELEC  =  -4048547.3439  EHBOND  =         0.0000  RESTRAINT  =         0.0000
 Ewald error estimate:   0.0000E+00
 ------------------------------------------------------------------------------


 NSTEP =      640   TIME(PS) =       0.640  TEMP(K) =   189.09  PRESS =     0.0
 Etot   =  -4035658.5477  EKtot   =      4616.7421  EPtot      =  -4040275.2898
 BOND   =         0.0000  ANGLE   =         0.0000  DIHED      =         0.0000
 1-4 NB =         0.0000  1-4 EEL =         0.0000  VDWAALS    =      8274.1207
 EELEC  =  -4048549.4105  EHBOND  =         0.0000  RESTRAINT  =         0.0000
 Ewald error estimate:   0.0000E+00
 ------------------------------------------------------------------------------


 NSTEP =      641   TIME(PS) =       0.641  TEMP(K) =   189.11  PRESS =     0.0
 Etot   =  -4035658.5618  EKtot   =      4617.2975  EPtot      =  -4040275.8593
 BOND   =         0.0000  ANGLE   =         0.0000  DIHED      =         0.0000
 1-4 NB =         0.0000  1-4 EEL =         0.0000  VDWAALS    =      8274.1819
 EELEC  =  -4048550.0412  EHBOND  =         0.0000  RESTRAINT  =         0.0000
 Ewald error estimate:   0.0000E+00
 ------------------------------------------------------------------------------


 NSTEP =      642   TIME(PS) =       0.642  TEMP(K) =   189.08  PRESS =     0.0
 Etot   =  -4035658.5580  EKtot   =      4616.4354  EPtot      =  -4040274.9933
 BOND   =         0.0000  ANGLE   =         0.0000  DIHED      =         0.0000
 1-4 NB =         0.0000  1-4 EEL =         0.0000  VDWAALS    =      8274.2907
 EELEC  =  -4048549.2840  EHBOND  =         0.0000  RESTRAINT  =         0.0000
 Ewald error estimate:   0.0000E+00
 ------------------------------------------------------------------------------


 NSTEP =      643   TIME(PS) =       0.643  TEMP(K) =   188.99  PRESS =     0.0
 Etot   =  -4035658.5356  EKtot   =      4614.2911  EPtot      =  -4040272.8267
 BOND   =         0.0000  ANGLE   =         0.0000  DIHED      =         0.0000
 1-4 NB =         0.0000  1-4 EEL =         0.0000  VDWAALS    =      8274.4659
 EELEC  =  -4048547.2926  EHBOND  =         0.0000  RESTRAINT  =         0.0000
 Ewald error estimate:   0.0000E+00
 ------------------------------------------------------------------------------


 NSTEP =      644   TIME(PS) =       0.644  TEMP(K) =   188.86  PRESS =     0.0
 Etot   =  -4035658.4933  EKtot   =      4611.1058  EPtot      =  -4040269.5991
 BOND   =         0.0000  ANGLE   =         0.0000  DIHED      =         0.0000
 1-4 NB =         0.0000  1-4 EEL =         0.0000  VDWAALS    =      8274.7330
 EELEC  =  -4048544.3321  EHBOND  =         0.0000  RESTRAINT  =         0.0000
 Ewald error estimate:   0.0000E+00
 ------------------------------------------------------------------------------


 NSTEP =      645   TIME(PS) =       0.645  TEMP(K) =   188.70  PRESS =     0.0
 Etot   =  -4035658.4760  EKtot   =      4607.2034  EPtot      =  -4040265.6793
 BOND   =         0.0000  ANGLE   =         0.0000  DIHED      =         0.0000
 1-4 NB =         0.0000  1-4 EEL =         0.0000  VDWAALS    =      8275.0533
 EELEC  =  -4048540.7326  EHBOND  =         0.0000  RESTRAINT  =         0.0000
 Ewald error estimate:   0.0000E+00
 ------------------------------------------------------------------------------


 NSTEP =      646   TIME(PS) =       0.646  TEMP(K) =   188.53  PRESS =     0.0
 Etot   =  -4035658.4601  EKtot   =      4602.9590  EPtot      =  -4040261.4191
 BOND   =         0.0000  ANGLE   =         0.0000  DIHED      =         0.0000
 1-4 NB =         0.0000  1-4 EEL =         0.0000  VDWAALS    =      8275.4559
 EELEC  =  -4048536.8749  EHBOND  =         0.0000  RESTRAINT  =         0.0000
 Ewald error estimate:   0.0000E+00
 ------------------------------------------------------------------------------


 NSTEP =      647   TIME(PS) =       0.647  TEMP(K) =   188.35  PRESS =     0.0
 Etot   =  -4035658.4004  EKtot   =      4598.7615  EPtot      =  -4040257.1619
 BOND   =         0.0000  ANGLE   =         0.0000  DIHED      =         0.0000
 1-4 NB =         0.0000  1-4 EEL =         0.0000  VDWAALS    =      8275.9817
 EELEC  =  -4048533.1436  EHBOND  =         0.0000  RESTRAINT  =         0.0000
 Ewald error estimate:   0.0000E+00
 ------------------------------------------------------------------------------


 NSTEP =      648   TIME(PS) =       0.648  TEMP(K) =   188.20  PRESS =     0.0
 Etot   =  -4035658.3707  EKtot   =      4594.9750  EPtot      =  -4040253.3456
 BOND   =         0.0000  ANGLE   =         0.0000  DIHED      =         0.0000
 1-4 NB =         0.0000  1-4 EEL =         0.0000  VDWAALS    =      8276.5541
 EELEC  =  -4048529.8998  EHBOND  =         0.0000  RESTRAINT  =         0.0000
 Ewald error estimate:   0.0000E+00
 ------------------------------------------------------------------------------


 NSTEP =      649   TIME(PS) =       0.649  TEMP(K) =   188.07  PRESS =     0.0
 Etot   =  -4035658.3236  EKtot   =      4591.9032  EPtot      =  -4040250.2267
 BOND   =         0.0000  ANGLE   =         0.0000  DIHED      =         0.0000
 1-4 NB =         0.0000  1-4 EEL =         0.0000  VDWAALS    =      8277.1857
 EELEC  =  -4048527.4125  EHBOND  =         0.0000  RESTRAINT  =         0.0000
 Ewald error estimate:   0.0000E+00
 ------------------------------------------------------------------------------


 NSTEP =      650   TIME(PS) =       0.650  TEMP(K) =   187.98  PRESS =     0.0
 Etot   =  -4035658.3073  EKtot   =      4589.7611  EPtot      =  -4040248.0685
 BOND   =         0.0000  ANGLE   =         0.0000  DIHED      =         0.0000
 1-4 NB =         0.0000  1-4 EEL =         0.0000  VDWAALS    =      8277.8071
 EELEC  =  -4048525.8756  EHBOND  =         0.0000  RESTRAINT  =         0.0000
 Ewald error estimate:   0.0000E+00
 ------------------------------------------------------------------------------


 NSTEP =      651   TIME(PS) =       0.651  TEMP(K) =   187.94  PRESS =     0.0
 Etot   =  -4035658.2985  EKtot   =      4588.6581  EPtot      =  -4040246.9565
 BOND   =         0.0000  ANGLE   =         0.0000  DIHED      =         0.0000
 1-4 NB =         0.0000  1-4 EEL =         0.0000  VDWAALS    =      8278.3992
 EELEC  =  -4048525.3558  EHBOND  =         0.0000  RESTRAINT  =         0.0000
 Ewald error estimate:   0.0000E+00
 ------------------------------------------------------------------------------


 NSTEP =      652   TIME(PS) =       0.652  TEMP(K) =   187.94  PRESS =     0.0
 Etot   =  -4035658.3032  EKtot   =      4588.5930  EPtot      =  -4040246.8962
 BOND   =         0.0000  ANGLE   =         0.0000  DIHED      =         0.0000
 1-4 NB =         0.0000  1-4 EEL =         0.0000  VDWAALS    =      8278.9224
 EELEC  =  -4048525.8186  EHBOND  =         0.0000  RESTRAINT  =         0.0000
 Ewald error estimate:   0.0000E+00
 ------------------------------------------------------------------------------


 NSTEP =      653   TIME(PS) =       0.653  TEMP(K) =   187.97  PRESS =     0.0
 Etot   =  -4035658.3149  EKtot   =      4589.4639  EPtot      =  -4040247.7788
 BOND   =         0.0000  ANGLE   =         0.0000  DIHED      =         0.0000
 1-4 NB =         0.0000  1-4 EEL =         0.0000  VDWAALS    =      8279.3356
 EELEC  =  -4048527.1144  EHBOND  =         0.0000  RESTRAINT  =         0.0000
 Ewald error estimate:   0.0000E+00
 ------------------------------------------------------------------------------


 NSTEP =      654   TIME(PS) =       0.654  TEMP(K) =   188.04  PRESS =     0.0
 Etot   =  -4035658.3468  EKtot   =      4591.0888  EPtot      =  -4040249.4357
 BOND   =         0.0000  ANGLE   =         0.0000  DIHED      =         0.0000
 1-4 NB =         0.0000  1-4 EEL =         0.0000  VDWAALS    =      8279.5793
 EELEC  =  -4048529.0150  EHBOND  =         0.0000  RESTRAINT  =         0.0000
 Ewald error estimate:   0.0000E+00
 ------------------------------------------------------------------------------


 NSTEP =      655   TIME(PS) =       0.655  TEMP(K) =   188.13  PRESS =     0.0
 Etot   =  -4035658.4009  EKtot   =      4593.2354  EPtot      =  -4040251.6363
 BOND   =         0.0000  ANGLE   =         0.0000  DIHED      =         0.0000
 1-4 NB =         0.0000  1-4 EEL =         0.0000  VDWAALS    =      8279.6098
 EELEC  =  -4048531.2461  EHBOND  =         0.0000  RESTRAINT  =         0.0000
 Ewald error estimate:   0.0000E+00
 ------------------------------------------------------------------------------


 NSTEP =      656   TIME(PS) =       0.656  TEMP(K) =   188.23  PRESS =     0.0
 Etot   =  -4035658.3973  EKtot   =      4595.6536  EPtot      =  -4040254.0509
 BOND   =         0.0000  ANGLE   =         0.0000  DIHED      =         0.0000
 1-4 NB =         0.0000  1-4 EEL =         0.0000  VDWAALS    =      8279.4625
 EELEC  =  -4048533.5134  EHBOND  =         0.0000  RESTRAINT  =         0.0000
 Ewald error estimate:   0.0000E+00
 ------------------------------------------------------------------------------


 NSTEP =      657   TIME(PS) =       0.657  TEMP(K) =   188.33  PRESS =     0.0
 Etot   =  -4035658.3974  EKtot   =      4598.1071  EPtot      =  -4040256.5045
 BOND   =         0.0000  ANGLE   =         0.0000  DIHED      =         0.0000
 1-4 NB =         0.0000  1-4 EEL =         0.0000  VDWAALS    =      8279.0440
 EELEC  =  -4048535.5486  EHBOND  =         0.0000  RESTRAINT  =         0.0000
 Ewald error estimate:   0.0000E+00
 ------------------------------------------------------------------------------


 NSTEP =      658   TIME(PS) =       0.658  TEMP(K) =   188.42  PRESS =     0.0
 Etot   =  -4035658.3968  EKtot   =      4600.3993  EPtot      =  -4040258.7960
 BOND   =         0.0000  ANGLE   =         0.0000  DIHED      =         0.0000
 1-4 NB =         0.0000  1-4 EEL =         0.0000  VDWAALS    =      8278.3275
 EELEC  =  -4048537.1236  EHBOND  =         0.0000  RESTRAINT  =         0.0000
 Ewald error estimate:   0.0000E+00
 ------------------------------------------------------------------------------


 NSTEP =      659   TIME(PS) =       0.659  TEMP(K) =   188.50  PRESS =     0.0
 Etot   =  -4035658.4157  EKtot   =      4602.3902  EPtot      =  -4040260.8059
 BOND   =         0.0000  ANGLE   =         0.0000  DIHED      =         0.0000
 1-4 NB =         0.0000  1-4 EEL =         0.0000  VDWAALS    =      8277.2757
 EELEC  =  -4048538.0816  EHBOND  =         0.0000  RESTRAINT  =         0.0000
 Ewald error estimate:   0.0000E+00
 ------------------------------------------------------------------------------


 NSTEP =      660   TIME(PS) =       0.660  TEMP(K) =   188.57  PRESS =     0.0
 Etot   =  -4035658.4133  EKtot   =      4604.0048  EPtot      =  -4040262.4181
 BOND   =         0.0000  ANGLE   =         0.0000  DIHED      =         0.0000
 1-4 NB =         0.0000  1-4 EEL =         0.0000  VDWAALS    =      8275.9180
 EELEC  =  -4048538.3360  EHBOND  =         0.0000  RESTRAINT  =         0.0000
 Ewald error estimate:   0.0000E+00
 ------------------------------------------------------------------------------


 NSTEP =      661   TIME(PS) =       0.661  TEMP(K) =   188.62  PRESS =     0.0
 Etot   =  -4035658.4188  EKtot   =      4605.2320  EPtot      =  -4040263.6508
 BOND   =         0.0000  ANGLE   =         0.0000  DIHED      =         0.0000
 1-4 NB =         0.0000  1-4 EEL =         0.0000  VDWAALS    =      8274.2222
 EELEC  =  -4048537.8730  EHBOND  =         0.0000  RESTRAINT  =         0.0000
 Ewald error estimate:   0.0000E+00
 ------------------------------------------------------------------------------


 NSTEP =      662   TIME(PS) =       0.662  TEMP(K) =   188.65  PRESS =     0.0
 Etot   =  -4035658.4249  EKtot   =      4606.1185  EPtot      =  -4040264.5434
 BOND   =         0.0000  ANGLE   =         0.0000  DIHED      =         0.0000
 1-4 NB =         0.0000  1-4 EEL =         0.0000  VDWAALS    =      8272.2034
 EELEC  =  -4048536.7469  EHBOND  =         0.0000  RESTRAINT  =         0.0000
 Ewald error estimate:   0.0000E+00
 ------------------------------------------------------------------------------


 NSTEP =      663   TIME(PS) =       0.663  TEMP(K) =   188.68  PRESS =     0.0
 Etot   =  -4035658.4467  EKtot   =      4606.7580  EPtot      =  -4040265.2046
 BOND   =         0.0000  ANGLE   =         0.0000  DIHED      =         0.0000
 1-4 NB =         0.0000  1-4 EEL =         0.0000  VDWAALS    =      8269.8579
 EELEC  =  -4048535.0625  EHBOND  =         0.0000  RESTRAINT  =         0.0000
 Ewald error estimate:   0.0000E+00
 ------------------------------------------------------------------------------


 NSTEP =      664   TIME(PS) =       0.664  TEMP(K) =   188.70  PRESS =     0.0
 Etot   =  -4035658.4456  EKtot   =      4607.2788  EPtot      =  -4040265.7243
 BOND   =         0.0000  ANGLE   =         0.0000  DIHED      =         0.0000
 1-4 NB =         0.0000  1-4 EEL =         0.0000  VDWAALS    =      8267.2424
 EELEC  =  -4048532.9668  EHBOND  =         0.0000  RESTRAINT  =         0.0000
 Ewald error estimate:   0.0000E+00
 ------------------------------------------------------------------------------


 NSTEP =      665   TIME(PS) =       0.665  TEMP(K) =   188.72  PRESS =     0.0
 Etot   =  -4035658.4276  EKtot   =      4607.8318  EPtot      =  -4040266.2594
 BOND   =         0.0000  ANGLE   =         0.0000  DIHED      =         0.0000
 1-4 NB =         0.0000  1-4 EEL =         0.0000  VDWAALS    =      8264.3748
 EELEC  =  -4048530.6341  EHBOND  =         0.0000  RESTRAINT  =         0.0000
 Ewald error estimate:   0.0000E+00
 ------------------------------------------------------------------------------


 NSTEP =      666   TIME(PS) =       0.666  TEMP(K) =   188.76  PRESS =     0.0
 Etot   =  -4035658.4134  EKtot   =      4608.5787  EPtot      =  -4040266.9920
 BOND   =         0.0000  ANGLE   =         0.0000  DIHED      =         0.0000
 1-4 NB =         0.0000  1-4 EEL =         0.0000  VDWAALS    =      8261.2673
 EELEC  =  -4048528.2593  EHBOND  =         0.0000  RESTRAINT  =         0.0000
 Ewald error estimate:   0.0000E+00
 ------------------------------------------------------------------------------


 NSTEP =      667   TIME(PS) =       0.667  TEMP(K) =   188.80  PRESS =     0.0
 Etot   =  -4035658.4382  EKtot   =      4609.6805  EPtot      =  -4040268.1187
 BOND   =         0.0000  ANGLE   =         0.0000  DIHED      =         0.0000
 1-4 NB =         0.0000  1-4 EEL =         0.0000  VDWAALS    =      8257.9128
 EELEC  =  -4048526.0316  EHBOND  =         0.0000  RESTRAINT  =         0.0000
 Ewald error estimate:   0.0000E+00
 ------------------------------------------------------------------------------


 NSTEP =      668   TIME(PS) =       0.668  TEMP(K) =   188.87  PRESS =     0.0
 Etot   =  -4035658.4100  EKtot   =      4611.2868  EPtot      =  -4040269.6968
 BOND   =         0.0000  ANGLE   =         0.0000  DIHED      =         0.0000
 1-4 NB =         0.0000  1-4 EEL =         0.0000  VDWAALS    =      8254.4466
 EELEC  =  -4048524.1434  EHBOND  =         0.0000  RESTRAINT  =         0.0000
 Ewald error estimate:   0.0000E+00
 ------------------------------------------------------------------------------


 NSTEP =      669   TIME(PS) =       0.669  TEMP(K) =   188.96  PRESS =     0.0
 Etot   =  -4035658.4319  EKtot   =      4613.5234  EPtot      =  -4040271.9554
 BOND   =         0.0000  ANGLE   =         0.0000  DIHED      =         0.0000
 1-4 NB =         0.0000  1-4 EEL =         0.0000  VDWAALS    =      8250.8058
 EELEC  =  -4048522.7612  EHBOND  =         0.0000  RESTRAINT  =         0.0000
 Ewald error estimate:   0.0000E+00
 ------------------------------------------------------------------------------


 NSTEP =      670   TIME(PS) =       0.670  TEMP(K) =   189.08  PRESS =     0.0
 Etot   =  -4035658.4158  EKtot   =      4616.4811  EPtot      =  -4040274.8969
 BOND   =         0.0000  ANGLE   =         0.0000  DIHED      =         0.0000
 1-4 NB =         0.0000  1-4 EEL =         0.0000  VDWAALS    =      8247.1214
 EELEC  =  -4048522.0183  EHBOND  =         0.0000  RESTRAINT  =         0.0000
 Ewald error estimate:   0.0000E+00
 ------------------------------------------------------------------------------


 NSTEP =      671   TIME(PS) =       0.671  TEMP(K) =   189.23  PRESS =     0.0
 Etot   =  -4035658.4400  EKtot   =      4620.2026  EPtot      =  -4040278.6426
 BOND   =         0.0000  ANGLE   =         0.0000  DIHED      =         0.0000
 1-4 NB =         0.0000  1-4 EEL =         0.0000  VDWAALS    =      8243.3552
 EELEC  =  -4048521.9978  EHBOND  =         0.0000  RESTRAINT  =         0.0000
 Ewald error estimate:   0.0000E+00
 ------------------------------------------------------------------------------


 NSTEP =      672   TIME(PS) =       0.672  TEMP(K) =   189.41  PRESS =     0.0
 Etot   =  -4035658.4526  EKtot   =      4624.6720  EPtot      =  -4040283.1246
 BOND   =         0.0000  ANGLE   =         0.0000  DIHED      =         0.0000
 1-4 NB =         0.0000  1-4 EEL =         0.0000  VDWAALS    =      8239.6128
 EELEC  =  -4048522.7374  EHBOND  =         0.0000  RESTRAINT  =         0.0000
 Ewald error estimate:   0.0000E+00
 ------------------------------------------------------------------------------


 NSTEP =      673   TIME(PS) =       0.673  TEMP(K) =   189.62  PRESS =     0.0
 Etot   =  -4035658.4549  EKtot   =      4629.8058  EPtot      =  -4040288.2607
 BOND   =         0.0000  ANGLE   =         0.0000  DIHED      =         0.0000
 1-4 NB =         0.0000  1-4 EEL =         0.0000  VDWAALS    =      8235.9171
 EELEC  =  -4048524.1778  EHBOND  =         0.0000  RESTRAINT  =         0.0000
 Ewald error estimate:   0.0000E+00
 ------------------------------------------------------------------------------


 NSTEP =      674   TIME(PS) =       0.674  TEMP(K) =   189.86  PRESS =     0.0
 Etot   =  -4035658.4547  EKtot   =      4635.4502  EPtot      =  -4040293.9049
 BOND   =         0.0000  ANGLE   =         0.0000  DIHED      =         0.0000
 1-4 NB =         0.0000  1-4 EEL =         0.0000  VDWAALS    =      8232.3302
 EELEC  =  -4048526.2352  EHBOND  =         0.0000  RESTRAINT  =         0.0000
 Ewald error estimate:   0.0000E+00
 ------------------------------------------------------------------------------


 NSTEP =      675   TIME(PS) =       0.675  TEMP(K) =   190.10  PRESS =     0.0
 Etot   =  -4035658.4787  EKtot   =      4641.3845  EPtot      =  -4040299.8632
 BOND   =         0.0000  ANGLE   =         0.0000  DIHED      =         0.0000
 1-4 NB =         0.0000  1-4 EEL =         0.0000  VDWAALS    =      8228.8421
 EELEC  =  -4048528.7053  EHBOND  =         0.0000  RESTRAINT  =         0.0000
 Ewald error estimate:   0.0000E+00
 ------------------------------------------------------------------------------


 NSTEP =      676   TIME(PS) =       0.676  TEMP(K) =   190.34  PRESS =     0.0
 Etot   =  -4035658.4992  EKtot   =      4647.3326  EPtot      =  -4040305.8318
 BOND   =         0.0000  ANGLE   =         0.0000  DIHED      =         0.0000
 1-4 NB =         0.0000  1-4 EEL =         0.0000  VDWAALS    =      8225.5136
 EELEC  =  -4048531.3455  EHBOND  =         0.0000  RESTRAINT  =         0.0000
 Ewald error estimate:   0.0000E+00
 ------------------------------------------------------------------------------


 NSTEP =      677   TIME(PS) =       0.677  TEMP(K) =   190.57  PRESS =     0.0
 Etot   =  -4035658.5139  EKtot   =      4652.9843  EPtot      =  -4040311.4982
 BOND   =         0.0000  ANGLE   =         0.0000  DIHED      =         0.0000
 1-4 NB =         0.0000  1-4 EEL =         0.0000  VDWAALS    =      8222.4041
 EELEC  =  -4048533.9023  EHBOND  =         0.0000  RESTRAINT  =         0.0000
 Ewald error estimate:   0.0000E+00
 ------------------------------------------------------------------------------


 NSTEP =      678   TIME(PS) =       0.678  TEMP(K) =   190.78  PRESS =     0.0
 Etot   =  -4035658.5366  EKtot   =      4658.0211  EPtot      =  -4040316.5577
 BOND   =         0.0000  ANGLE   =         0.0000  DIHED      =         0.0000
 1-4 NB =         0.0000  1-4 EEL =         0.0000  VDWAALS    =      8219.4886
 EELEC  =  -4048536.0463  EHBOND  =         0.0000  RESTRAINT  =         0.0000
 Ewald error estimate:   0.0000E+00
 ------------------------------------------------------------------------------


 NSTEP =      679   TIME(PS) =       0.679  TEMP(K) =   190.95  PRESS =     0.0
 Etot   =  -4035658.5652  EKtot   =      4662.1475  EPtot      =  -4040320.7127
 BOND   =         0.0000  ANGLE   =         0.0000  DIHED      =         0.0000
 1-4 NB =         0.0000  1-4 EEL =         0.0000  VDWAALS    =      8216.8135
 EELEC  =  -4048537.5262  EHBOND  =         0.0000  RESTRAINT  =         0.0000
 Ewald error estimate:   0.0000E+00
 ------------------------------------------------------------------------------


 NSTEP =      680   TIME(PS) =       0.680  TEMP(K) =   191.07  PRESS =     0.0
 Etot   =  -4035658.5741  EKtot   =      4665.1202  EPtot      =  -4040323.6943
 BOND   =         0.0000  ANGLE   =         0.0000  DIHED      =         0.0000
 1-4 NB =         0.0000  1-4 EEL =         0.0000  VDWAALS    =      8214.4141
 EELEC  =  -4048538.1084  EHBOND  =         0.0000  RESTRAINT  =         0.0000
 Ewald error estimate:   0.0000E+00
 ------------------------------------------------------------------------------


 NSTEP =      681   TIME(PS) =       0.681  TEMP(K) =   191.14  PRESS =     0.0
 Etot   =  -4035658.5420  EKtot   =      4666.7717  EPtot      =  -4040325.3136
 BOND   =         0.0000  ANGLE   =         0.0000  DIHED      =         0.0000
 1-4 NB =         0.0000  1-4 EEL =         0.0000  VDWAALS    =      8212.3149
 EELEC  =  -4048537.6285  EHBOND  =         0.0000  RESTRAINT  =         0.0000
 Ewald error estimate:   0.0000E+00
 ------------------------------------------------------------------------------


 NSTEP =      682   TIME(PS) =       0.682  TEMP(K) =   191.15  PRESS =     0.0
 Etot   =  -4035658.5425  EKtot   =      4667.0237  EPtot      =  -4040325.5662
 BOND   =         0.0000  ANGLE   =         0.0000  DIHED      =         0.0000
 1-4 NB =         0.0000  1-4 EEL =         0.0000  VDWAALS    =      8210.4508
 EELEC  =  -4048536.0170  EHBOND  =         0.0000  RESTRAINT  =         0.0000
 Ewald error estimate:   0.0000E+00
 ------------------------------------------------------------------------------


 NSTEP =      683   TIME(PS) =       0.683  TEMP(K) =   191.10  PRESS =     0.0
 Etot   =  -4035658.5253  EKtot   =      4665.8890  EPtot      =  -4040324.4144
 BOND   =         0.0000  ANGLE   =         0.0000  DIHED      =         0.0000
 1-4 NB =         0.0000  1-4 EEL =         0.0000  VDWAALS    =      8208.8563
 EELEC  =  -4048533.2707  EHBOND  =         0.0000  RESTRAINT  =         0.0000
 Ewald error estimate:   0.0000E+00
 ------------------------------------------------------------------------------


 NSTEP =      684   TIME(PS) =       0.684  TEMP(K) =   191.00  PRESS =     0.0
 Etot   =  -4035658.5206  EKtot   =      4663.4610  EPtot      =  -4040321.9816
 BOND   =         0.0000  ANGLE   =         0.0000  DIHED      =         0.0000
 1-4 NB =         0.0000  1-4 EEL =         0.0000  VDWAALS    =      8207.5080
 EELEC  =  -4048529.4896  EHBOND  =         0.0000  RESTRAINT  =         0.0000
 Ewald error estimate:   0.0000E+00
 ------------------------------------------------------------------------------


 NSTEP =      685   TIME(PS) =       0.685  TEMP(K) =   190.86  PRESS =     0.0
 Etot   =  -4035658.5211  EKtot   =      4659.8948  EPtot      =  -4040318.4158
 BOND   =         0.0000  ANGLE   =         0.0000  DIHED      =         0.0000
 1-4 NB =         0.0000  1-4 EEL =         0.0000  VDWAALS    =      8206.4003
 EELEC  =  -4048524.8161  EHBOND  =         0.0000  RESTRAINT  =         0.0000
 Ewald error estimate:   0.0000E+00
 ------------------------------------------------------------------------------


 NSTEP =      686   TIME(PS) =       0.686  TEMP(K) =   190.67  PRESS =     0.0
 Etot   =  -4035658.5148  EKtot   =      4655.3841  EPtot      =  -4040313.8988
 BOND   =         0.0000  ANGLE   =         0.0000  DIHED      =         0.0000
 1-4 NB =         0.0000  1-4 EEL =         0.0000  VDWAALS    =      8205.5296
 EELEC  =  -4048519.4285  EHBOND  =         0.0000  RESTRAINT  =         0.0000
 Ewald error estimate:   0.0000E+00
 ------------------------------------------------------------------------------


 NSTEP =      687   TIME(PS) =       0.687  TEMP(K) =   190.46  PRESS =     0.0
 Etot   =  -4035658.5227  EKtot   =      4650.1384  EPtot      =  -4040308.6612
 BOND   =         0.0000  ANGLE   =         0.0000  DIHED      =         0.0000
 1-4 NB =         0.0000  1-4 EEL =         0.0000  VDWAALS    =      8204.8766
 EELEC  =  -4048513.5377  EHBOND  =         0.0000  RESTRAINT  =         0.0000
 Ewald error estimate:   0.0000E+00
 ------------------------------------------------------------------------------


 NSTEP =      688   TIME(PS) =       0.688  TEMP(K) =   190.22  PRESS =     0.0
 Etot   =  -4035658.4962  EKtot   =      4644.3641  EPtot      =  -4040302.8603
 BOND   =         0.0000  ANGLE   =         0.0000  DIHED      =         0.0000
 1-4 NB =         0.0000  1-4 EEL =         0.0000  VDWAALS    =      8204.4763
 EELEC  =  -4048507.3366  EHBOND  =         0.0000  RESTRAINT  =         0.0000
 Ewald error estimate:   0.0000E+00
 ------------------------------------------------------------------------------


 NSTEP =      689   TIME(PS) =       0.689  TEMP(K) =   189.97  PRESS =     0.0
 Etot   =  -4035658.5155  EKtot   =      4638.2514  EPtot      =  -4040296.7669
 BOND   =         0.0000  ANGLE   =         0.0000  DIHED      =         0.0000
 1-4 NB =         0.0000  1-4 EEL =         0.0000  VDWAALS    =      8204.2504
 EELEC  =  -4048501.0172  EHBOND  =         0.0000  RESTRAINT  =         0.0000
 Ewald error estimate:   0.0000E+00
 ------------------------------------------------------------------------------


 NSTEP =      690   TIME(PS) =       0.690  TEMP(K) =   189.71  PRESS =     0.0
 Etot   =  -4035658.5490  EKtot   =      4631.9669  EPtot      =  -4040290.5159
 BOND   =         0.0000  ANGLE   =         0.0000  DIHED      =         0.0000
 1-4 NB =         0.0000  1-4 EEL =         0.0000  VDWAALS    =      8204.2270
 EELEC  =  -4048494.7429  EHBOND  =         0.0000  RESTRAINT  =         0.0000
 Ewald error estimate:   0.0000E+00
 ------------------------------------------------------------------------------


 NSTEP =      691   TIME(PS) =       0.691  TEMP(K) =   189.45  PRESS =     0.0
 Etot   =  -4035658.5608  EKtot   =      4625.6508  EPtot      =  -4040284.2116
 BOND   =         0.0000  ANGLE   =         0.0000  DIHED      =         0.0000
 1-4 NB =         0.0000  1-4 EEL =         0.0000  VDWAALS    =      8204.4459
 EELEC  =  -4048488.6575  EHBOND  =         0.0000  RESTRAINT  =         0.0000
 Ewald error estimate:   0.0000E+00
 ------------------------------------------------------------------------------


 NSTEP =      692   TIME(PS) =       0.692  TEMP(K) =   189.20  PRESS =     0.0
 Etot   =  -4035658.5783  EKtot   =      4619.4165  EPtot      =  -4040277.9948
 BOND   =         0.0000  ANGLE   =         0.0000  DIHED      =         0.0000
 1-4 NB =         0.0000  1-4 EEL =         0.0000  VDWAALS    =      8204.8922
 EELEC  =  -4048482.8870  EHBOND  =         0.0000  RESTRAINT  =         0.0000
 Ewald error estimate:   0.0000E+00
 ------------------------------------------------------------------------------


 NSTEP =      693   TIME(PS) =       0.693  TEMP(K) =   188.95  PRESS =     0.0
 Etot   =  -4035658.5815  EKtot   =      4613.3514  EPtot      =  -4040271.9329
 BOND   =         0.0000  ANGLE   =         0.0000  DIHED      =         0.0000
 1-4 NB =         0.0000  1-4 EEL =         0.0000  VDWAALS    =      8205.5990
 EELEC  =  -4048477.5318  EHBOND  =         0.0000  RESTRAINT  =         0.0000
 Ewald error estimate:   0.0000E+00
 ------------------------------------------------------------------------------


 NSTEP =      694   TIME(PS) =       0.694  TEMP(K) =   188.71  PRESS =     0.0
 Etot   =  -4035658.5825  EKtot   =      4607.5203  EPtot      =  -4040266.1029
 BOND   =         0.0000  ANGLE   =         0.0000  DIHED      =         0.0000
 1-4 NB =         0.0000  1-4 EEL =         0.0000  VDWAALS    =      8206.5701
 EELEC  =  -4048472.6729  EHBOND  =         0.0000  RESTRAINT  =         0.0000
 Ewald error estimate:   0.0000E+00
 ------------------------------------------------------------------------------


 NSTEP =      695   TIME(PS) =       0.695  TEMP(K) =   188.48  PRESS =     0.0
 Etot   =  -4035658.5686  EKtot   =      4601.9707  EPtot      =  -4040260.5393
 BOND   =         0.0000  ANGLE   =         0.0000  DIHED      =         0.0000
 1-4 NB =         0.0000  1-4 EEL =         0.0000  VDWAALS    =      8207.8254
 EELEC  =  -4048468.3647  EHBOND  =         0.0000  RESTRAINT  =         0.0000
 Ewald error estimate:   0.0000E+00
 ------------------------------------------------------------------------------


 NSTEP =      696   TIME(PS) =       0.696  TEMP(K) =   188.27  PRESS =     0.0
 Etot   =  -4035658.5680  EKtot   =      4596.7417  EPtot      =  -4040255.3097
 BOND   =         0.0000  ANGLE   =         0.0000  DIHED      =         0.0000
 1-4 NB =         0.0000  1-4 EEL =         0.0000  VDWAALS    =      8209.3532
 EELEC  =  -4048464.6628  EHBOND  =         0.0000  RESTRAINT  =         0.0000
 Ewald error estimate:   0.0000E+00
 ------------------------------------------------------------------------------


 NSTEP =      697   TIME(PS) =       0.697  TEMP(K) =   188.07  PRESS =     0.0
 Etot   =  -4035658.5229  EKtot   =      4591.8760  EPtot      =  -4040250.3989
 BOND   =         0.0000  ANGLE   =         0.0000  DIHED      =         0.0000
 1-4 NB =         0.0000  1-4 EEL =         0.0000  VDWAALS    =      8211.2185
 EELEC  =  -4048461.6174  EHBOND  =         0.0000  RESTRAINT  =         0.0000
 Ewald error estimate:   0.0000E+00
 ------------------------------------------------------------------------------


 NSTEP =      698   TIME(PS) =       0.698  TEMP(K) =   187.89  PRESS =     0.0
 Etot   =  -4035658.5294  EKtot   =      4587.4332  EPtot      =  -4040245.9626
 BOND   =         0.0000  ANGLE   =         0.0000  DIHED      =         0.0000
 1-4 NB =         0.0000  1-4 EEL =         0.0000  VDWAALS    =      8213.3148
 EELEC  =  -4048459.2775  EHBOND  =         0.0000  RESTRAINT  =         0.0000
 Ewald error estimate:   0.0000E+00
 ------------------------------------------------------------------------------


 NSTEP =      699   TIME(PS) =       0.699  TEMP(K) =   187.73  PRESS =     0.0
 Etot   =  -4035658.4965  EKtot   =      4583.5015  EPtot      =  -4040241.9980
 BOND   =         0.0000  ANGLE   =         0.0000  DIHED      =         0.0000
 1-4 NB =         0.0000  1-4 EEL =         0.0000  VDWAALS    =      8215.7337
 EELEC  =  -4048457.7317  EHBOND  =         0.0000  RESTRAINT  =         0.0000
 Ewald error estimate:   0.0000E+00
 ------------------------------------------------------------------------------


 NSTEP =      700   TIME(PS) =       0.700  TEMP(K) =   187.59  PRESS =     0.0
 Etot   =  -4035658.4816  EKtot   =      4580.2021  EPtot      =  -4040238.6837
 BOND   =         0.0000  ANGLE   =         0.0000  DIHED      =         0.0000
 1-4 NB =         0.0000  1-4 EEL =         0.0000  VDWAALS    =      8218.4091
 EELEC  =  -4048457.0928  EHBOND  =         0.0000  RESTRAINT  =         0.0000
 Ewald error estimate:   0.0000E+00
 ------------------------------------------------------------------------------


 NSTEP =      701   TIME(PS) =       0.701  TEMP(K) =   187.49  PRESS =     0.0
 Etot   =  -4035658.4566  EKtot   =      4577.6848  EPtot      =  -4040236.1415
 BOND   =         0.0000  ANGLE   =         0.0000  DIHED      =         0.0000
 1-4 NB =         0.0000  1-4 EEL =         0.0000  VDWAALS    =      8221.3595
 EELEC  =  -4048457.5010  EHBOND  =         0.0000  RESTRAINT  =         0.0000
 Ewald error estimate:   0.0000E+00
 ------------------------------------------------------------------------------


 NSTEP =      702   TIME(PS) =       0.702  TEMP(K) =   187.43  PRESS =     0.0
 Etot   =  -4035658.4475  EKtot   =      4576.1140  EPtot      =  -4040234.5616
 BOND   =         0.0000  ANGLE   =         0.0000  DIHED      =         0.0000
 1-4 NB =         0.0000  1-4 EEL =         0.0000  VDWAALS    =      8224.5413
 EELEC  =  -4048459.1029  EHBOND  =         0.0000  RESTRAINT  =         0.0000
 Ewald error estimate:   0.0000E+00
 ------------------------------------------------------------------------------


 NSTEP =      703   TIME(PS) =       0.703  TEMP(K) =   187.41  PRESS =     0.0
 Etot   =  -4035658.4273  EKtot   =      4575.6455  EPtot      =  -4040234.0728
 BOND   =         0.0000  ANGLE   =         0.0000  DIHED      =         0.0000
 1-4 NB =         0.0000  1-4 EEL =         0.0000  VDWAALS    =      8227.9592
 EELEC  =  -4048462.0320  EHBOND  =         0.0000  RESTRAINT  =         0.0000
 Ewald error estimate:   0.0000E+00
 ------------------------------------------------------------------------------


 NSTEP =      704   TIME(PS) =       0.704  TEMP(K) =   187.44  PRESS =     0.0
 Etot   =  -4035658.4295  EKtot   =      4576.3977  EPtot      =  -4040234.8272
 BOND   =         0.0000  ANGLE   =         0.0000  DIHED      =         0.0000
 1-4 NB =         0.0000  1-4 EEL =         0.0000  VDWAALS    =      8231.5624
 EELEC  =  -4048466.3896  EHBOND  =         0.0000  RESTRAINT  =         0.0000
 Ewald error estimate:   0.0000E+00
 ------------------------------------------------------------------------------


 NSTEP =      705   TIME(PS) =       0.705  TEMP(K) =   187.52  PRESS =     0.0
 Etot   =  -4035658.4198  EKtot   =      4578.4231  EPtot      =  -4040236.8429
 BOND   =         0.0000  ANGLE   =         0.0000  DIHED      =         0.0000
 1-4 NB =         0.0000  1-4 EEL =         0.0000  VDWAALS    =      8235.3674
 EELEC  =  -4048472.2103  EHBOND  =         0.0000  RESTRAINT  =         0.0000
 Ewald error estimate:   0.0000E+00
 ------------------------------------------------------------------------------


 NSTEP =      706   TIME(PS) =       0.706  TEMP(K) =   187.65  PRESS =     0.0
 Etot   =  -4035658.4307  EKtot   =      4581.6820  EPtot      =  -4040240.1127
 BOND   =         0.0000  ANGLE   =         0.0000  DIHED      =         0.0000
 1-4 NB =         0.0000  1-4 EEL =         0.0000  VDWAALS    =      8239.3273
 EELEC  =  -4048479.4400  EHBOND  =         0.0000  RESTRAINT  =         0.0000
 Ewald error estimate:   0.0000E+00
 ------------------------------------------------------------------------------


 NSTEP =      707   TIME(PS) =       0.707  TEMP(K) =   187.83  PRESS =     0.0
 Etot   =  -4035658.4444  EKtot   =      4586.0263  EPtot      =  -4040244.4707
 BOND   =         0.0000  ANGLE   =         0.0000  DIHED      =         0.0000
 1-4 NB =         0.0000  1-4 EEL =         0.0000  VDWAALS    =      8243.4431
 EELEC  =  -4048487.9138  EHBOND  =         0.0000  RESTRAINT  =         0.0000
 Ewald error estimate:   0.0000E+00
 ------------------------------------------------------------------------------


 NSTEP =      708   TIME(PS) =       0.708  TEMP(K) =   188.04  PRESS =     0.0
 Etot   =  -4035658.4660  EKtot   =      4591.1921  EPtot      =  -4040249.6581
 BOND   =         0.0000  ANGLE   =         0.0000  DIHED      =         0.0000
 1-4 NB =         0.0000  1-4 EEL =         0.0000  VDWAALS    =      8247.7025
 EELEC  =  -4048497.3606  EHBOND  =         0.0000  RESTRAINT  =         0.0000
 Ewald error estimate:   0.0000E+00
 ------------------------------------------------------------------------------


 NSTEP =      709   TIME(PS) =       0.709  TEMP(K) =   188.27  PRESS =     0.0
 Etot   =  -4035658.4700  EKtot   =      4596.8067  EPtot      =  -4040255.2767
 BOND   =         0.0000  ANGLE   =         0.0000  DIHED      =         0.0000
 1-4 NB =         0.0000  1-4 EEL =         0.0000  VDWAALS    =      8252.1122
 EELEC  =  -4048507.3889  EHBOND  =         0.0000  RESTRAINT  =         0.0000
 Ewald error estimate:   0.0000E+00
 ------------------------------------------------------------------------------


 NSTEP =      710   TIME(PS) =       0.710  TEMP(K) =   188.50  PRESS =     0.0
 Etot   =  -4035658.4995  EKtot   =      4602.4069  EPtot      =  -4040260.9065
 BOND   =         0.0000  ANGLE   =         0.0000  DIHED      =         0.0000
 1-4 NB =         0.0000  1-4 EEL =         0.0000  VDWAALS    =      8256.6236
 EELEC  =  -4048517.5301  EHBOND  =         0.0000  RESTRAINT  =         0.0000
 Ewald error estimate:   0.0000E+00
 ------------------------------------------------------------------------------


 NSTEP =      711   TIME(PS) =       0.711  TEMP(K) =   188.71  PRESS =     0.0
 Etot   =  -4035658.5962  EKtot   =      4607.4707  EPtot      =  -4040266.0670
 BOND   =         0.0000  ANGLE   =         0.0000  DIHED      =         0.0000
 1-4 NB =         0.0000  1-4 EEL =         0.0000  VDWAALS    =      8261.1771
 EELEC  =  -4048527.2440  EHBOND  =         0.0000  RESTRAINT  =         0.0000
 Ewald error estimate:   0.0000E+00
 ------------------------------------------------------------------------------


 NSTEP =      712   TIME(PS) =       0.712  TEMP(K) =   188.87  PRESS =     0.0
 Etot   =  -4035658.6252  EKtot   =      4611.4577  EPtot      =  -4040270.0830
 BOND   =         0.0000  ANGLE   =         0.0000  DIHED      =         0.0000
 1-4 NB =         0.0000  1-4 EEL =         0.0000  VDWAALS    =      8265.8962
 EELEC  =  -4048535.9791  EHBOND  =         0.0000  RESTRAINT  =         0.0000
 Ewald error estimate:   0.0000E+00
 ------------------------------------------------------------------------------


 NSTEP =      713   TIME(PS) =       0.713  TEMP(K) =   188.97  PRESS =     0.0
 Etot   =  -4035658.6697  EKtot   =      4613.8568  EPtot      =  -4040272.5265
 BOND   =         0.0000  ANGLE   =         0.0000  DIHED      =         0.0000
 1-4 NB =         0.0000  1-4 EEL =         0.0000  VDWAALS    =      8270.6771
 EELEC  =  -4048543.2036  EHBOND  =         0.0000  RESTRAINT  =         0.0000
 Ewald error estimate:   0.0000E+00
 ------------------------------------------------------------------------------


 NSTEP =      714   TIME(PS) =       0.714  TEMP(K) =   188.99  PRESS =     0.0
 Etot   =  -4035658.6884  EKtot   =      4614.2349  EPtot      =  -4040272.9233
 BOND   =         0.0000  ANGLE   =         0.0000  DIHED      =         0.0000
 1-4 NB =         0.0000  1-4 EEL =         0.0000  VDWAALS    =      8275.5339
 EELEC  =  -4048548.4572  EHBOND  =         0.0000  RESTRAINT  =         0.0000
 Ewald error estimate:   0.0000E+00
 ------------------------------------------------------------------------------


 NSTEP =      715   TIME(PS) =       0.715  TEMP(K) =   188.91  PRESS =     0.0
 Etot   =  -4035658.6673  EKtot   =      4612.2825  EPtot      =  -4040270.9498
 BOND   =         0.0000  ANGLE   =         0.0000  DIHED      =         0.0000
 1-4 NB =         0.0000  1-4 EEL =         0.0000  VDWAALS    =      8280.4454
 EELEC  =  -4048551.3953  EHBOND  =         0.0000  RESTRAINT  =         0.0000
 Ewald error estimate:   0.0000E+00
 ------------------------------------------------------------------------------


 NSTEP =      716   TIME(PS) =       0.716  TEMP(K) =   188.73  PRESS =     0.0
 Etot   =  -4035658.6846  EKtot   =      4607.8498  EPtot      =  -4040266.5344
 BOND   =         0.0000  ANGLE   =         0.0000  DIHED      =         0.0000
 1-4 NB =         0.0000  1-4 EEL =         0.0000  VDWAALS    =      8285.2951
 EELEC  =  -4048551.8296  EHBOND  =         0.0000  RESTRAINT  =         0.0000
 Ewald error estimate:   0.0000E+00
 ------------------------------------------------------------------------------


 NSTEP =      717   TIME(PS) =       0.717  TEMP(K) =   188.44  PRESS =     0.0
 Etot   =  -4035658.6650  EKtot   =      4600.9690  EPtot      =  -4040259.6341
 BOND   =         0.0000  ANGLE   =         0.0000  DIHED      =         0.0000
 1-4 NB =         0.0000  1-4 EEL =         0.0000  VDWAALS    =      8290.1160
 EELEC  =  -4048549.7501  EHBOND  =         0.0000  RESTRAINT  =         0.0000
 Ewald error estimate:   0.0000E+00
 ------------------------------------------------------------------------------


 NSTEP =      718   TIME(PS) =       0.718  TEMP(K) =   188.07  PRESS =     0.0
 Etot   =  -4035658.6455  EKtot   =      4591.8599  EPtot      =  -4040250.5054
 BOND   =         0.0000  ANGLE   =         0.0000  DIHED      =         0.0000
 1-4 NB =         0.0000  1-4 EEL =         0.0000  VDWAALS    =      8294.8202
 EELEC  =  -4048545.3256  EHBOND  =         0.0000  RESTRAINT  =         0.0000
 Ewald error estimate:   0.0000E+00
 ------------------------------------------------------------------------------


 NSTEP =      719   TIME(PS) =       0.719  TEMP(K) =   187.62  PRESS =     0.0
 Etot   =  -4035658.6162  EKtot   =      4580.9186  EPtot      =  -4040239.5347
 BOND   =         0.0000  ANGLE   =         0.0000  DIHED      =         0.0000
 1-4 NB =         0.0000  1-4 EEL =         0.0000  VDWAALS    =      8299.3637
 EELEC  =  -4048538.8985  EHBOND  =         0.0000  RESTRAINT  =         0.0000
 Ewald error estimate:   0.0000E+00
 ------------------------------------------------------------------------------


 NSTEP =      720   TIME(PS) =       0.720  TEMP(K) =   187.12  PRESS =     0.0
 Etot   =  -4035658.5369  EKtot   =      4568.6908  EPtot      =  -4040227.2278
 BOND   =         0.0000  ANGLE   =         0.0000  DIHED      =         0.0000
 1-4 NB =         0.0000  1-4 EEL =         0.0000  VDWAALS    =      8303.7337
 EELEC  =  -4048530.9615  EHBOND  =         0.0000  RESTRAINT  =         0.0000
 Ewald error estimate:   0.0000E+00
 ------------------------------------------------------------------------------


 NSTEP =      721   TIME(PS) =       0.721  TEMP(K) =   186.60  PRESS =     0.0
 Etot   =  -4035658.4967  EKtot   =      4555.8347  EPtot      =  -4040214.3314
 BOND   =         0.0000  ANGLE   =         0.0000  DIHED      =         0.0000
 1-4 NB =         0.0000  1-4 EEL =         0.0000  VDWAALS    =      8307.7845
 EELEC  =  -4048522.1158  EHBOND  =         0.0000  RESTRAINT  =         0.0000
 Ewald error estimate:   0.0000E+00
 ------------------------------------------------------------------------------


 NSTEP =      722   TIME(PS) =       0.722  TEMP(K) =   186.07  PRESS =     0.0
 Etot   =  -4035658.4291  EKtot   =      4543.0759  EPtot      =  -4040201.5050
 BOND   =         0.0000  ANGLE   =         0.0000  DIHED      =         0.0000
 1-4 NB =         0.0000  1-4 EEL =         0.0000  VDWAALS    =      8311.5388
 EELEC  =  -4048513.0438  EHBOND  =         0.0000  RESTRAINT  =         0.0000
 Ewald error estimate:   0.0000E+00
 ------------------------------------------------------------------------------


 NSTEP =      723   TIME(PS) =       0.723  TEMP(K) =   185.58  PRESS =     0.0
 Etot   =  -4035658.3951  EKtot   =      4531.1615  EPtot      =  -4040189.5566
 BOND   =         0.0000  ANGLE   =         0.0000  DIHED      =         0.0000
 1-4 NB =         0.0000  1-4 EEL =         0.0000  VDWAALS    =      8314.8745
 EELEC  =  -4048504.4311  EHBOND  =         0.0000  RESTRAINT  =         0.0000
 Ewald error estimate:   0.0000E+00
 ------------------------------------------------------------------------------


 NSTEP =      724   TIME(PS) =       0.724  TEMP(K) =   185.16  PRESS =     0.0
 Etot   =  -4035658.3567  EKtot   =      4520.8142  EPtot      =  -4040179.1709
 BOND   =         0.0000  ANGLE   =         0.0000  DIHED      =         0.0000
 1-4 NB =         0.0000  1-4 EEL =         0.0000  VDWAALS    =      8317.8045
 EELEC  =  -4048496.9754  EHBOND  =         0.0000  RESTRAINT  =         0.0000
 Ewald error estimate:   0.0000E+00
 ------------------------------------------------------------------------------


 NSTEP =      725   TIME(PS) =       0.725  TEMP(K) =   184.83  PRESS =     0.0
 Etot   =  -4035658.3262  EKtot   =      4512.6893  EPtot      =  -4040171.0155
 BOND   =         0.0000  ANGLE   =         0.0000  DIHED      =         0.0000
 1-4 NB =         0.0000  1-4 EEL =         0.0000  VDWAALS    =      8320.2826
 EELEC  =  -4048491.2981  EHBOND  =         0.0000  RESTRAINT  =         0.0000
 Ewald error estimate:   0.0000E+00
 ------------------------------------------------------------------------------


 NSTEP =      726   TIME(PS) =       0.726  TEMP(K) =   184.61  PRESS =     0.0
 Etot   =  -4035658.2560  EKtot   =      4507.3321  EPtot      =  -4040165.5881
 BOND   =         0.0000  ANGLE   =         0.0000  DIHED      =         0.0000
 1-4 NB =         0.0000  1-4 EEL =         0.0000  VDWAALS    =      8322.3293
 EELEC  =  -4048487.9174  EHBOND  =         0.0000  RESTRAINT  =         0.0000
 Ewald error estimate:   0.0000E+00
 ------------------------------------------------------------------------------


 NSTEP =      727   TIME(PS) =       0.727  TEMP(K) =   184.52  PRESS =     0.0
 Etot   =  -4035658.2616  EKtot   =      4505.1380  EPtot      =  -4040163.3997
 BOND   =         0.0000  ANGLE   =         0.0000  DIHED      =         0.0000
 1-4 NB =         0.0000  1-4 EEL =         0.0000  VDWAALS    =      8323.8093
 EELEC  =  -4048487.2090  EHBOND  =         0.0000  RESTRAINT  =         0.0000
 Ewald error estimate:   0.0000E+00
 ------------------------------------------------------------------------------


 NSTEP =      728   TIME(PS) =       0.728  TEMP(K) =   184.57  PRESS =     0.0
 Etot   =  -4035658.2314  EKtot   =      4506.3156  EPtot      =  -4040164.5470
 BOND   =         0.0000  ANGLE   =         0.0000  DIHED      =         0.0000
 1-4 NB =         0.0000  1-4 EEL =         0.0000  VDWAALS    =      8324.8249
 EELEC  =  -4048489.3719  EHBOND  =         0.0000  RESTRAINT  =         0.0000
 Ewald error estimate:   0.0000E+00
 ------------------------------------------------------------------------------


 NSTEP =      729   TIME(PS) =       0.729  TEMP(K) =   184.75  PRESS =     0.0
 Etot   =  -4035658.2674  EKtot   =      4510.8567  EPtot      =  -4040169.1241
 BOND   =         0.0000  ANGLE   =         0.0000  DIHED      =         0.0000
 1-4 NB =         0.0000  1-4 EEL =         0.0000  VDWAALS    =      8325.2721
 EELEC  =  -4048494.3962  EHBOND  =         0.0000  RESTRAINT  =         0.0000
 Ewald error estimate:   0.0000E+00
 ------------------------------------------------------------------------------


 NSTEP =      730   TIME(PS) =       0.730  TEMP(K) =   185.07  PRESS =     0.0
 Etot   =  -4035658.2649  EKtot   =      4518.5181  EPtot      =  -4040176.7829
 BOND   =         0.0000  ANGLE   =         0.0000  DIHED      =         0.0000
 1-4 NB =         0.0000  1-4 EEL =         0.0000  VDWAALS    =      8325.2613
 EELEC  =  -4048502.0442  EHBOND  =         0.0000  RESTRAINT  =         0.0000
 Ewald error estimate:   0.0000E+00
 ------------------------------------------------------------------------------


 NSTEP =      731   TIME(PS) =       0.731  TEMP(K) =   185.49  PRESS =     0.0
 Etot   =  -4035658.2627  EKtot   =      4528.8240  EPtot      =  -4040187.0867
 BOND   =         0.0000  ANGLE   =         0.0000  DIHED      =         0.0000
 1-4 NB =         0.0000  1-4 EEL =         0.0000  VDWAALS    =      8324.7605
 EELEC  =  -4048511.8472  EHBOND  =         0.0000  RESTRAINT  =         0.0000
 Ewald error estimate:   0.0000E+00
 ------------------------------------------------------------------------------


 NSTEP =      732   TIME(PS) =       0.732  TEMP(K) =   185.99  PRESS =     0.0
 Etot   =  -4035658.3166  EKtot   =      4541.0907  EPtot      =  -4040199.4073
 BOND   =         0.0000  ANGLE   =         0.0000  DIHED      =         0.0000
 1-4 NB =         0.0000  1-4 EEL =         0.0000  VDWAALS    =      8323.7239
 EELEC  =  -4048523.1313  EHBOND  =         0.0000  RESTRAINT  =         0.0000
 Ewald error estimate:   0.0000E+00
 ------------------------------------------------------------------------------


 NSTEP =      733   TIME(PS) =       0.733  TEMP(K) =   186.54  PRESS =     0.0
 Etot   =  -4035658.4032  EKtot   =      4554.4750  EPtot      =  -4040212.8781
 BOND   =         0.0000  ANGLE   =         0.0000  DIHED      =         0.0000
 1-4 NB =         0.0000  1-4 EEL =         0.0000  VDWAALS    =      8322.1872
 EELEC  =  -4048535.0653  EHBOND  =         0.0000  RESTRAINT  =         0.0000
 Ewald error estimate:   0.0000E+00
 ------------------------------------------------------------------------------


 NSTEP =      734   TIME(PS) =       0.734  TEMP(K) =   187.10  PRESS =     0.0
 Etot   =  -4035658.4556  EKtot   =      4568.0434  EPtot      =  -4040226.4990
 BOND   =         0.0000  ANGLE   =         0.0000  DIHED      =         0.0000
 1-4 NB =         0.0000  1-4 EEL =         0.0000  VDWAALS    =      8320.2456
 EELEC  =  -4048546.7446  EHBOND  =         0.0000  RESTRAINT  =         0.0000
 Ewald error estimate:   0.0000E+00
 ------------------------------------------------------------------------------


 NSTEP =      735   TIME(PS) =       0.735  TEMP(K) =   187.62  PRESS =     0.0
 Etot   =  -4035658.5329  EKtot   =      4580.8555  EPtot      =  -4040239.3884
 BOND   =         0.0000  ANGLE   =         0.0000  DIHED      =         0.0000
 1-4 NB =         0.0000  1-4 EEL =         0.0000  VDWAALS    =      8317.8682
 EELEC  =  -4048557.2566  EHBOND  =         0.0000  RESTRAINT  =         0.0000
 Ewald error estimate:   0.0000E+00
 ------------------------------------------------------------------------------


 NSTEP =      736   TIME(PS) =       0.736  TEMP(K) =   188.08  PRESS =     0.0
 Etot   =  -4035658.5713  EKtot   =      4592.0502  EPtot      =  -4040250.6215
 BOND   =         0.0000  ANGLE   =         0.0000  DIHED      =         0.0000
 1-4 NB =         0.0000  1-4 EEL =         0.0000  VDWAALS    =      8315.1634
 EELEC  =  -4048565.7848  EHBOND  =         0.0000  RESTRAINT  =         0.0000
 Ewald error estimate:   0.0000E+00
 ------------------------------------------------------------------------------


 NSTEP =      737   TIME(PS) =       0.737  TEMP(K) =   188.44  PRESS =     0.0
 Etot   =  -4035658.6136  EKtot   =      4600.9253  EPtot      =  -4040259.5388
 BOND   =         0.0000  ANGLE   =         0.0000  DIHED      =         0.0000
 1-4 NB =         0.0000  1-4 EEL =         0.0000  VDWAALS    =      8312.1231
 EELEC  =  -4048571.6619  EHBOND  =         0.0000  RESTRAINT  =         0.0000
 Ewald error estimate:   0.0000E+00
 ------------------------------------------------------------------------------


 NSTEP =      738   TIME(PS) =       0.738  TEMP(K) =   188.69  PRESS =     0.0
 Etot   =  -4035658.6117  EKtot   =      4607.0020  EPtot      =  -4040265.6137
 BOND   =         0.0000  ANGLE   =         0.0000  DIHED      =         0.0000
 1-4 NB =         0.0000  1-4 EEL =         0.0000  VDWAALS    =      8308.8492
 EELEC  =  -4048574.4629  EHBOND  =         0.0000  RESTRAINT  =         0.0000
 Ewald error estimate:   0.0000E+00
 ------------------------------------------------------------------------------


 NSTEP =      739   TIME(PS) =       0.739  TEMP(K) =   188.82  PRESS =     0.0
 Etot   =  -4035658.6310  EKtot   =      4610.0670  EPtot      =  -4040268.6980
 BOND   =         0.0000  ANGLE   =         0.0000  DIHED      =         0.0000
 1-4 NB =         0.0000  1-4 EEL =         0.0000  VDWAALS    =      8305.3196
 EELEC  =  -4048574.0176  EHBOND  =         0.0000  RESTRAINT  =         0.0000
 Ewald error estimate:   0.0000E+00
 ------------------------------------------------------------------------------


 NSTEP =      740   TIME(PS) =       0.740  TEMP(K) =   188.82  PRESS =     0.0
 Etot   =  -4035658.6139  EKtot   =      4610.1872  EPtot      =  -4040268.8012
 BOND   =         0.0000  ANGLE   =         0.0000  DIHED      =         0.0000
 1-4 NB =         0.0000  1-4 EEL =         0.0000  VDWAALS    =      8301.6530
 EELEC  =  -4048570.4542  EHBOND  =         0.0000  RESTRAINT  =         0.0000
 Ewald error estimate:   0.0000E+00
 ------------------------------------------------------------------------------


 NSTEP =      741   TIME(PS) =       0.741  TEMP(K) =   188.72  PRESS =     0.0
 Etot   =  -4035658.5623  EKtot   =      4607.6993  EPtot      =  -4040266.2616
 BOND   =         0.0000  ANGLE   =         0.0000  DIHED      =         0.0000
 1-4 NB =         0.0000  1-4 EEL =         0.0000  VDWAALS    =      8297.8987
 EELEC  =  -4048564.1603  EHBOND  =         0.0000  RESTRAINT  =         0.0000
 Ewald error estimate:   0.0000E+00
 ------------------------------------------------------------------------------


 NSTEP =      742   TIME(PS) =       0.742  TEMP(K) =   188.53  PRESS =     0.0
 Etot   =  -4035658.5041  EKtot   =      4603.1727  EPtot      =  -4040261.6768
 BOND   =         0.0000  ANGLE   =         0.0000  DIHED      =         0.0000
 1-4 NB =         0.0000  1-4 EEL =         0.0000  VDWAALS    =      8294.0810
 EELEC  =  -4048555.7578  EHBOND  =         0.0000  RESTRAINT  =         0.0000
 Ewald error estimate:   0.0000E+00
 ------------------------------------------------------------------------------


 NSTEP =      743   TIME(PS) =       0.743  TEMP(K) =   188.30  PRESS =     0.0
 Etot   =  -4035658.4362  EKtot   =      4597.3511  EPtot      =  -4040255.7873
 BOND   =         0.0000  ANGLE   =         0.0000  DIHED      =         0.0000
 1-4 NB =         0.0000  1-4 EEL =         0.0000  VDWAALS    =      8290.2562
 EELEC  =  -4048546.0435  EHBOND  =         0.0000  RESTRAINT  =         0.0000
 Ewald error estimate:   0.0000E+00
 ------------------------------------------------------------------------------


 NSTEP =      744   TIME(PS) =       0.744  TEMP(K) =   188.04  PRESS =     0.0
 Etot   =  -4035658.3796  EKtot   =      4591.0774  EPtot      =  -4040249.4570
 BOND   =         0.0000  ANGLE   =         0.0000  DIHED      =         0.0000
 1-4 NB =         0.0000  1-4 EEL =         0.0000  VDWAALS    =      8286.4350
 EELEC  =  -4048535.8920  EHBOND  =         0.0000  RESTRAINT  =         0.0000
 Ewald error estimate:   0.0000E+00
 ------------------------------------------------------------------------------


 NSTEP =      745   TIME(PS) =       0.745  TEMP(K) =   187.80  PRESS =     0.0
 Etot   =  -4035658.3486  EKtot   =      4585.2083  EPtot      =  -4040243.5569
 BOND   =         0.0000  ANGLE   =         0.0000  DIHED      =         0.0000
 1-4 NB =         0.0000  1-4 EEL =         0.0000  VDWAALS    =      8282.6443
 EELEC  =  -4048526.2012  EHBOND  =         0.0000  RESTRAINT  =         0.0000
 Ewald error estimate:   0.0000E+00
 ------------------------------------------------------------------------------


 NSTEP =      746   TIME(PS) =       0.746  TEMP(K) =   187.61  PRESS =     0.0
 Etot   =  -4035658.3051  EKtot   =      4580.5271  EPtot      =  -4040238.8322
 BOND   =         0.0000  ANGLE   =         0.0000  DIHED      =         0.0000
 1-4 NB =         0.0000  1-4 EEL =         0.0000  VDWAALS    =      8278.9517
 EELEC  =  -4048517.7839  EHBOND  =         0.0000  RESTRAINT  =         0.0000
 Ewald error estimate:   0.0000E+00
 ------------------------------------------------------------------------------


 NSTEP =      747   TIME(PS) =       0.747  TEMP(K) =   187.49  PRESS =     0.0
 Etot   =  -4035658.3020  EKtot   =      4577.6638  EPtot      =  -4040235.9658
 BOND   =         0.0000  ANGLE   =         0.0000  DIHED      =         0.0000
 1-4 NB =         0.0000  1-4 EEL =         0.0000  VDWAALS    =      8275.3282
 EELEC  =  -4048511.2940  EHBOND  =         0.0000  RESTRAINT  =         0.0000
 Ewald error estimate:   0.0000E+00
 ------------------------------------------------------------------------------


 NSTEP =      748   TIME(PS) =       0.748  TEMP(K) =   187.46  PRESS =     0.0
 Etot   =  -4035658.3136  EKtot   =      4577.0324  EPtot      =  -4040235.3461
 BOND   =         0.0000  ANGLE   =         0.0000  DIHED      =         0.0000
 1-4 NB =         0.0000  1-4 EEL =         0.0000  VDWAALS    =      8271.8142
 EELEC  =  -4048507.1603  EHBOND  =         0.0000  RESTRAINT  =         0.0000
 Ewald error estimate:   0.0000E+00
 ------------------------------------------------------------------------------


 NSTEP =      749   TIME(PS) =       0.749  TEMP(K) =   187.54  PRESS =     0.0
 Etot   =  -4035658.3172  EKtot   =      4578.7931  EPtot      =  -4040237.1102
 BOND   =         0.0000  ANGLE   =         0.0000  DIHED      =         0.0000
 1-4 NB =         0.0000  1-4 EEL =         0.0000  VDWAALS    =      8268.4401
 EELEC  =  -4048505.5504  EHBOND  =         0.0000  RESTRAINT  =         0.0000
 Ewald error estimate:   0.0000E+00
 ------------------------------------------------------------------------------


 NSTEP =      750   TIME(PS) =       0.750  TEMP(K) =   187.70  PRESS =     0.0
 Etot   =  -4035658.3341  EKtot   =      4582.8426  EPtot      =  -4040241.1767
 BOND   =         0.0000  ANGLE   =         0.0000  DIHED      =         0.0000
 1-4 NB =         0.0000  1-4 EEL =         0.0000  VDWAALS    =      8265.1983
 EELEC  =  -4048506.3750  EHBOND  =         0.0000  RESTRAINT  =         0.0000
 Ewald error estimate:   0.0000E+00
 ------------------------------------------------------------------------------


 NSTEP =      751   TIME(PS) =       0.751  TEMP(K) =   187.95  PRESS =     0.0
 Etot   =  -4035658.3946  EKtot   =      4588.8359  EPtot      =  -4040247.2305
 BOND   =         0.0000  ANGLE   =         0.0000  DIHED      =         0.0000
 1-4 NB =         0.0000  1-4 EEL =         0.0000  VDWAALS    =      8262.0544
 EELEC  =  -4048509.2849  EHBOND  =         0.0000  RESTRAINT  =         0.0000
 Ewald error estimate:   0.0000E+00
 ------------------------------------------------------------------------------


 NSTEP =      752   TIME(PS) =       0.752  TEMP(K) =   188.25  PRESS =     0.0
 Etot   =  -4035658.4360  EKtot   =      4596.2313  EPtot      =  -4040254.6673
 BOND   =         0.0000  ANGLE   =         0.0000  DIHED      =         0.0000
 1-4 NB =         0.0000  1-4 EEL =         0.0000  VDWAALS    =      8259.0825
 EELEC  =  -4048513.7498  EHBOND  =         0.0000  RESTRAINT  =         0.0000
 Ewald error estimate:   0.0000E+00
 ------------------------------------------------------------------------------


 NSTEP =      753   TIME(PS) =       0.753  TEMP(K) =   188.58  PRESS =     0.0
 Etot   =  -4035658.4662  EKtot   =      4604.3560  EPtot      =  -4040262.8222
 BOND   =         0.0000  ANGLE   =         0.0000  DIHED      =         0.0000
 1-4 NB =         0.0000  1-4 EEL =         0.0000  VDWAALS    =      8256.2743
 EELEC  =  -4048519.0965  EHBOND  =         0.0000  RESTRAINT  =         0.0000
 Ewald error estimate:   0.0000E+00
 ------------------------------------------------------------------------------


 NSTEP =      754   TIME(PS) =       0.754  TEMP(K) =   188.92  PRESS =     0.0
 Etot   =  -4035658.5383  EKtot   =      4612.4803  EPtot      =  -4040271.0186
 BOND   =         0.0000  ANGLE   =         0.0000  DIHED      =         0.0000
 1-4 NB =         0.0000  1-4 EEL =         0.0000  VDWAALS    =      8253.5800
 EELEC  =  -4048524.5985  EHBOND  =         0.0000  RESTRAINT  =         0.0000
 Ewald error estimate:   0.0000E+00
 ------------------------------------------------------------------------------


 NSTEP =      755   TIME(PS) =       0.755  TEMP(K) =   189.22  PRESS =     0.0
 Etot   =  -4035658.5563  EKtot   =      4619.8957  EPtot      =  -4040278.4520
 BOND   =         0.0000  ANGLE   =         0.0000  DIHED      =         0.0000
 1-4 NB =         0.0000  1-4 EEL =         0.0000  VDWAALS    =      8251.1080
 EELEC  =  -4048529.5600  EHBOND  =         0.0000  RESTRAINT  =         0.0000
 Ewald error estimate:   0.0000E+00
 ------------------------------------------------------------------------------


 NSTEP =      756   TIME(PS) =       0.756  TEMP(K) =   189.47  PRESS =     0.0
 Etot   =  -4035658.5631  EKtot   =      4625.9878  EPtot      =  -4040284.5508
 BOND   =         0.0000  ANGLE   =         0.0000  DIHED      =         0.0000
 1-4 NB =         0.0000  1-4 EEL =         0.0000  VDWAALS    =      8248.8143
 EELEC  =  -4048533.3651  EHBOND  =         0.0000  RESTRAINT  =         0.0000
 Ewald error estimate:   0.0000E+00
 ------------------------------------------------------------------------------


 NSTEP =      757   TIME(PS) =       0.757  TEMP(K) =   189.64  PRESS =     0.0
 Etot   =  -4035658.5882  EKtot   =      4630.2992  EPtot      =  -4040288.8874
 BOND   =         0.0000  ANGLE   =         0.0000  DIHED      =         0.0000
 1-4 NB =         0.0000  1-4 EEL =         0.0000  VDWAALS    =      8246.6774
 EELEC  =  -4048535.5648  EHBOND  =         0.0000  RESTRAINT  =         0.0000
 Ewald error estimate:   0.0000E+00
 ------------------------------------------------------------------------------


 NSTEP =      758   TIME(PS) =       0.758  TEMP(K) =   189.74  PRESS =     0.0
 Etot   =  -4035658.5990  EKtot   =      4632.5765  EPtot      =  -4040291.1755
 BOND   =         0.0000  ANGLE   =         0.0000  DIHED      =         0.0000
 1-4 NB =         0.0000  1-4 EEL =         0.0000  VDWAALS    =      8244.7409
 EELEC  =  -4048535.9164  EHBOND  =         0.0000  RESTRAINT  =         0.0000
 Ewald error estimate:   0.0000E+00
 ------------------------------------------------------------------------------


 NSTEP =      759   TIME(PS) =       0.759  TEMP(K) =   189.75  PRESS =     0.0
 Etot   =  -4035658.5617  EKtot   =      4632.7955  EPtot      =  -4040291.3572
 BOND   =         0.0000  ANGLE   =         0.0000  DIHED      =         0.0000
 1-4 NB =         0.0000  1-4 EEL =         0.0000  VDWAALS    =      8243.0445
 EELEC  =  -4048534.4017  EHBOND  =         0.0000  RESTRAINT  =         0.0000
 Ewald error estimate:   0.0000E+00
 ------------------------------------------------------------------------------


 NSTEP =      760   TIME(PS) =       0.760  TEMP(K) =   189.68  PRESS =     0.0
 Etot   =  -4035658.4988  EKtot   =      4631.1614  EPtot      =  -4040289.6602
 BOND   =         0.0000  ANGLE   =         0.0000  DIHED      =         0.0000
 1-4 NB =         0.0000  1-4 EEL =         0.0000  VDWAALS    =      8241.5690
 EELEC  =  -4048531.2291  EHBOND  =         0.0000  RESTRAINT  =         0.0000
 Ewald error estimate:   0.0000E+00
 ------------------------------------------------------------------------------


 NSTEP =      761   TIME(PS) =       0.761  TEMP(K) =   189.55  PRESS =     0.0
 Etot   =  -4035658.4662  EKtot   =      4628.0814  EPtot      =  -4040286.5476
 BOND   =         0.0000  ANGLE   =         0.0000  DIHED      =         0.0000
 1-4 NB =         0.0000  1-4 EEL =         0.0000  VDWAALS    =      8240.2541
 EELEC  =  -4048526.8018  EHBOND  =         0.0000  RESTRAINT  =         0.0000
 Ewald error estimate:   0.0000E+00
 ------------------------------------------------------------------------------


 NSTEP =      762   TIME(PS) =       0.762  TEMP(K) =   189.39  PRESS =     0.0
 Etot   =  -4035658.4301  EKtot   =      4624.1115  EPtot      =  -4040282.5417
 BOND   =         0.0000  ANGLE   =         0.0000  DIHED      =         0.0000
 1-4 NB =         0.0000  1-4 EEL =         0.0000  VDWAALS    =      8239.1394
 EELEC  =  -4048521.6810  EHBOND  =         0.0000  RESTRAINT  =         0.0000
 Ewald error estimate:   0.0000E+00
 ------------------------------------------------------------------------------


 NSTEP =      763   TIME(PS) =       0.763  TEMP(K) =   189.22  PRESS =     0.0
 Etot   =  -4035658.3706  EKtot   =      4619.8834  EPtot      =  -4040278.2540
 BOND   =         0.0000  ANGLE   =         0.0000  DIHED      =         0.0000
 1-4 NB =         0.0000  1-4 EEL =         0.0000  VDWAALS    =      8238.2399
 EELEC  =  -4048516.4939  EHBOND  =         0.0000  RESTRAINT  =         0.0000
 Ewald error estimate:   0.0000E+00
 ------------------------------------------------------------------------------


 NSTEP =      764   TIME(PS) =       0.764  TEMP(K) =   189.06  PRESS =     0.0
 Etot   =  -4035658.3352  EKtot   =      4616.0212  EPtot      =  -4040274.3564
 BOND   =         0.0000  ANGLE   =         0.0000  DIHED      =         0.0000
 1-4 NB =         0.0000  1-4 EEL =         0.0000  VDWAALS    =      8237.5002
 EELEC  =  -4048511.8567  EHBOND  =         0.0000  RESTRAINT  =         0.0000
 Ewald error estimate:   0.0000E+00
 ------------------------------------------------------------------------------


 NSTEP =      765   TIME(PS) =       0.765  TEMP(K) =   188.94  PRESS =     0.0
 Etot   =  -4035658.2940  EKtot   =      4613.0624  EPtot      =  -4040271.3564
 BOND   =         0.0000  ANGLE   =         0.0000  DIHED      =         0.0000
 1-4 NB =         0.0000  1-4 EEL =         0.0000  VDWAALS    =      8236.9391
 EELEC  =  -4048508.2955  EHBOND  =         0.0000  RESTRAINT  =         0.0000
 Ewald error estimate:   0.0000E+00
 ------------------------------------------------------------------------------


 NSTEP =      766   TIME(PS) =       0.766  TEMP(K) =   188.87  PRESS =     0.0
 Etot   =  -4035658.3214  EKtot   =      4611.3928  EPtot      =  -4040269.7141
 BOND   =         0.0000  ANGLE   =         0.0000  DIHED      =         0.0000
 1-4 NB =         0.0000  1-4 EEL =         0.0000  VDWAALS    =      8236.4656
 EELEC  =  -4048506.1797  EHBOND  =         0.0000  RESTRAINT  =         0.0000
 Ewald error estimate:   0.0000E+00
 ------------------------------------------------------------------------------


 NSTEP =      767   TIME(PS) =       0.767  TEMP(K) =   188.86  PRESS =     0.0
 Etot   =  -4035658.3453  EKtot   =      4611.2059  EPtot      =  -4040269.5512
 BOND   =         0.0000  ANGLE   =         0.0000  DIHED      =         0.0000
 1-4 NB =         0.0000  1-4 EEL =         0.0000  VDWAALS    =      8236.1408
 EELEC  =  -4048505.6920  EHBOND  =         0.0000  RESTRAINT  =         0.0000
 Ewald error estimate:   0.0000E+00
 ------------------------------------------------------------------------------


 NSTEP =      768   TIME(PS) =       0.768  TEMP(K) =   188.92  PRESS =     0.0
 Etot   =  -4035658.3720  EKtot   =      4612.4910  EPtot      =  -4040270.8630
 BOND   =         0.0000  ANGLE   =         0.0000  DIHED      =         0.0000
 1-4 NB =         0.0000  1-4 EEL =         0.0000  VDWAALS    =      8235.9368
 EELEC  =  -4048506.7998  EHBOND  =         0.0000  RESTRAINT  =         0.0000
 Ewald error estimate:   0.0000E+00
 ------------------------------------------------------------------------------


 NSTEP =      769   TIME(PS) =       0.769  TEMP(K) =   189.02  PRESS =     0.0
 Etot   =  -4035658.3706  EKtot   =      4615.0479  EPtot      =  -4040273.4186
 BOND   =         0.0000  ANGLE   =         0.0000  DIHED      =         0.0000
 1-4 NB =         0.0000  1-4 EEL =         0.0000  VDWAALS    =      8235.8697
 EELEC  =  -4048509.2882  EHBOND  =         0.0000  RESTRAINT  =         0.0000
 Ewald error estimate:   0.0000E+00
 ------------------------------------------------------------------------------


 NSTEP =      770   TIME(PS) =       0.770  TEMP(K) =   189.16  PRESS =     0.0
 Etot   =  -4035658.3733  EKtot   =      4618.5222  EPtot      =  -4040276.8955
 BOND   =         0.0000  ANGLE   =         0.0000  DIHED      =         0.0000
 1-4 NB =         0.0000  1-4 EEL =         0.0000  VDWAALS    =      8235.8916
 EELEC  =  -4048512.7871  EHBOND  =         0.0000  RESTRAINT  =         0.0000
 Ewald error estimate:   0.0000E+00
 ------------------------------------------------------------------------------


 NSTEP =      771   TIME(PS) =       0.771  TEMP(K) =   189.32  PRESS =     0.0
 Etot   =  -4035658.4117  EKtot   =      4622.4551  EPtot      =  -4040280.8669
 BOND   =         0.0000  ANGLE   =         0.0000  DIHED      =         0.0000
 1-4 NB =         0.0000  1-4 EEL =         0.0000  VDWAALS    =      8235.9435
 EELEC  =  -4048516.8104  EHBOND  =         0.0000  RESTRAINT  =         0.0000
 Ewald error estimate:   0.0000E+00
 ------------------------------------------------------------------------------


 NSTEP =      772   TIME(PS) =       0.772  TEMP(K) =   189.48  PRESS =     0.0
 Etot   =  -4035658.4316  EKtot   =      4626.3394  EPtot      =  -4040284.7710
 BOND   =         0.0000  ANGLE   =         0.0000  DIHED      =         0.0000
 1-4 NB =         0.0000  1-4 EEL =         0.0000  VDWAALS    =      8236.0750
 EELEC  =  -4048520.8460  EHBOND  =         0.0000  RESTRAINT  =         0.0000
 Ewald error estimate:   0.0000E+00
 ------------------------------------------------------------------------------


 NSTEP =      773   TIME(PS) =       0.773  TEMP(K) =   189.62  PRESS =     0.0
 Etot   =  -4035658.4450  EKtot   =      4629.6750  EPtot      =  -4040288.1199
 BOND   =         0.0000  ANGLE   =         0.0000  DIHED      =         0.0000
 1-4 NB =         0.0000  1-4 EEL =         0.0000  VDWAALS    =      8236.2575
 EELEC  =  -4048524.3775  EHBOND  =         0.0000  RESTRAINT  =         0.0000
 Ewald error estimate:   0.0000E+00
 ------------------------------------------------------------------------------


 NSTEP =      774   TIME(PS) =       0.774  TEMP(K) =   189.72  PRESS =     0.0
 Etot   =  -4035658.4754  EKtot   =      4632.0203  EPtot      =  -4040290.4957
 BOND   =         0.0000  ANGLE   =         0.0000  DIHED      =         0.0000
 1-4 NB =         0.0000  1-4 EEL =         0.0000  VDWAALS    =      8236.4598
 EELEC  =  -4048526.9555  EHBOND  =         0.0000  RESTRAINT  =         0.0000
 Ewald error estimate:   0.0000E+00
 ------------------------------------------------------------------------------


 NSTEP =      775   TIME(PS) =       0.775  TEMP(K) =   189.76  PRESS =     0.0
 Etot   =  -4035658.5143  EKtot   =      4633.0372  EPtot      =  -4040291.5515
 BOND   =         0.0000  ANGLE   =         0.0000  DIHED      =         0.0000
 1-4 NB =         0.0000  1-4 EEL =         0.0000  VDWAALS    =      8236.6717
 EELEC  =  -4048528.2232  EHBOND  =         0.0000  RESTRAINT  =         0.0000
 Ewald error estimate:   0.0000E+00
 ------------------------------------------------------------------------------


 NSTEP =      776   TIME(PS) =       0.776  TEMP(K) =   189.74  PRESS =     0.0
 Etot   =  -4035658.5218  EKtot   =      4632.5240  EPtot      =  -4040291.0457
 BOND   =         0.0000  ANGLE   =         0.0000  DIHED      =         0.0000
 1-4 NB =         0.0000  1-4 EEL =         0.0000  VDWAALS    =      8236.9233
 EELEC  =  -4048527.9691  EHBOND  =         0.0000  RESTRAINT  =         0.0000
 Ewald error estimate:   0.0000E+00
 ------------------------------------------------------------------------------


 NSTEP =      777   TIME(PS) =       0.777  TEMP(K) =   189.65  PRESS =     0.0
 Etot   =  -4035658.4975  EKtot   =      4630.4370  EPtot      =  -4040288.9345
 BOND   =         0.0000  ANGLE   =         0.0000  DIHED      =         0.0000
 1-4 NB =         0.0000  1-4 EEL =         0.0000  VDWAALS    =      8237.2023
 EELEC  =  -4048526.1368  EHBOND  =         0.0000  RESTRAINT  =         0.0000
 Ewald error estimate:   0.0000E+00
 ------------------------------------------------------------------------------


 NSTEP =      778   TIME(PS) =       0.778  TEMP(K) =   189.51  PRESS =     0.0
 Etot   =  -4035658.5293  EKtot   =      4626.8963  EPtot      =  -4040285.4256
 BOND   =         0.0000  ANGLE   =         0.0000  DIHED      =         0.0000
 1-4 NB =         0.0000  1-4 EEL =         0.0000  VDWAALS    =      8237.4083
 EELEC  =  -4048522.8338  EHBOND  =         0.0000  RESTRAINT  =         0.0000
 Ewald error estimate:   0.0000E+00
 ------------------------------------------------------------------------------


 NSTEP =      779   TIME(PS) =       0.779  TEMP(K) =   189.31  PRESS =     0.0
 Etot   =  -4035658.5148  EKtot   =      4622.1765  EPtot      =  -4040280.6913
 BOND   =         0.0000  ANGLE   =         0.0000  DIHED      =         0.0000
 1-4 NB =         0.0000  1-4 EEL =         0.0000  VDWAALS    =      8237.6316
 EELEC  =  -4048518.3229  EHBOND  =         0.0000  RESTRAINT  =         0.0000
 Ewald error estimate:   0.0000E+00
 ------------------------------------------------------------------------------


 NSTEP =      780   TIME(PS) =       0.780  TEMP(K) =   189.09  PRESS =     0.0
 Etot   =  -4035658.5090  EKtot   =      4616.6809  EPtot      =  -4040275.1899
 BOND   =         0.0000  ANGLE   =         0.0000  DIHED      =         0.0000
 1-4 NB =         0.0000  1-4 EEL =         0.0000  VDWAALS    =      8237.8090
 EELEC  =  -4048512.9989  EHBOND  =         0.0000  RESTRAINT  =         0.0000
 Ewald error estimate:   0.0000E+00
 ------------------------------------------------------------------------------


 NSTEP =      781   TIME(PS) =       0.781  TEMP(K) =   188.85  PRESS =     0.0
 Etot   =  -4035658.4728  EKtot   =      4610.9044  EPtot      =  -4040269.3772
 BOND   =         0.0000  ANGLE   =         0.0000  DIHED      =         0.0000
 1-4 NB =         0.0000  1-4 EEL =         0.0000  VDWAALS    =      8237.9760
 EELEC  =  -4048507.3532  EHBOND  =         0.0000  RESTRAINT  =         0.0000
 Ewald error estimate:   0.0000E+00
 ------------------------------------------------------------------------------


 NSTEP =      782   TIME(PS) =       0.782  TEMP(K) =   188.62  PRESS =     0.0
 Etot   =  -4035658.4490  EKtot   =      4605.3877  EPtot      =  -4040263.8367
 BOND   =         0.0000  ANGLE   =         0.0000  DIHED      =         0.0000
 1-4 NB =         0.0000  1-4 EEL =         0.0000  VDWAALS    =      8238.0689
 EELEC  =  -4048501.9056  EHBOND  =         0.0000  RESTRAINT  =         0.0000
 Ewald error estimate:   0.0000E+00
 ------------------------------------------------------------------------------


 NSTEP =      783   TIME(PS) =       0.783  TEMP(K) =   188.43  PRESS =     0.0
 Etot   =  -4035658.4322  EKtot   =      4600.6667  EPtot      =  -4040259.0989
 BOND   =         0.0000  ANGLE   =         0.0000  DIHED      =         0.0000
 1-4 NB =         0.0000  1-4 EEL =         0.0000  VDWAALS    =      8238.0939
 EELEC  =  -4048497.1928  EHBOND  =         0.0000  RESTRAINT  =         0.0000
 Ewald error estimate:   0.0000E+00
 ------------------------------------------------------------------------------


 NSTEP =      784   TIME(PS) =       0.784  TEMP(K) =   188.29  PRESS =     0.0
 Etot   =  -4035658.3995  EKtot   =      4597.2229  EPtot      =  -4040255.6224
 BOND   =         0.0000  ANGLE   =         0.0000  DIHED      =         0.0000
 1-4 NB =         0.0000  1-4 EEL =         0.0000  VDWAALS    =      8238.0723
 EELEC  =  -4048493.6947  EHBOND  =         0.0000  RESTRAINT  =         0.0000
 Ewald error estimate:   0.0000E+00
 ------------------------------------------------------------------------------


 NSTEP =      785   TIME(PS) =       0.785  TEMP(K) =   188.22  PRESS =     0.0
 Etot   =  -4035658.3821  EKtot   =      4595.4371  EPtot      =  -4040253.8191
 BOND   =         0.0000  ANGLE   =         0.0000  DIHED      =         0.0000
 1-4 NB =         0.0000  1-4 EEL =         0.0000  VDWAALS    =      8237.9792
 EELEC  =  -4048491.7983  EHBOND  =         0.0000  RESTRAINT  =         0.0000
 Ewald error estimate:   0.0000E+00
 ------------------------------------------------------------------------------


 NSTEP =      786   TIME(PS) =       0.786  TEMP(K) =   188.22  PRESS =     0.0
 Etot   =  -4035658.3861  EKtot   =      4595.5492  EPtot      =  -4040253.9353
 BOND   =         0.0000  ANGLE   =         0.0000  DIHED      =         0.0000
 1-4 NB =         0.0000  1-4 EEL =         0.0000  VDWAALS    =      8237.8104
 EELEC  =  -4048491.7457  EHBOND  =         0.0000  RESTRAINT  =         0.0000
 Ewald error estimate:   0.0000E+00
 ------------------------------------------------------------------------------


 NSTEP =      787   TIME(PS) =       0.787  TEMP(K) =   188.31  PRESS =     0.0
 Etot   =  -4035658.3628  EKtot   =      4597.6286  EPtot      =  -4040255.9915
 BOND   =         0.0000  ANGLE   =         0.0000  DIHED      =         0.0000
 1-4 NB =         0.0000  1-4 EEL =         0.0000  VDWAALS    =      8237.6318
 EELEC  =  -4048493.6232  EHBOND  =         0.0000  RESTRAINT  =         0.0000
 Ewald error estimate:   0.0000E+00
 ------------------------------------------------------------------------------


 NSTEP =      788   TIME(PS) =       0.788  TEMP(K) =   188.47  PRESS =     0.0
 Etot   =  -4035658.3483  EKtot   =      4601.5577  EPtot      =  -4040259.9060
 BOND   =         0.0000  ANGLE   =         0.0000  DIHED      =         0.0000
 1-4 NB =         0.0000  1-4 EEL =         0.0000  VDWAALS    =      8237.4319
 EELEC  =  -4048497.3378  EHBOND  =         0.0000  RESTRAINT  =         0.0000
 Ewald error estimate:   0.0000E+00
 ------------------------------------------------------------------------------


 NSTEP =      789   TIME(PS) =       0.789  TEMP(K) =   188.69  PRESS =     0.0
 Etot   =  -4035658.3744  EKtot   =      4607.0324  EPtot      =  -4040265.4068
 BOND   =         0.0000  ANGLE   =         0.0000  DIHED      =         0.0000
 1-4 NB =         0.0000  1-4 EEL =         0.0000  VDWAALS    =      8237.1958
 EELEC  =  -4048502.6025  EHBOND  =         0.0000  RESTRAINT  =         0.0000
 Ewald error estimate:   0.0000E+00
 ------------------------------------------------------------------------------


 NSTEP =      790   TIME(PS) =       0.790  TEMP(K) =   188.96  PRESS =     0.0
 Etot   =  -4035658.4067  EKtot   =      4613.5823  EPtot      =  -4040271.9890
 BOND   =         0.0000  ANGLE   =         0.0000  DIHED      =         0.0000
 1-4 NB =         0.0000  1-4 EEL =         0.0000  VDWAALS    =      8236.9909
 EELEC  =  -4048508.9799  EHBOND  =         0.0000  RESTRAINT  =         0.0000
 Ewald error estimate:   0.0000E+00
 ------------------------------------------------------------------------------


 NSTEP =      791   TIME(PS) =       0.791  TEMP(K) =   189.25  PRESS =     0.0
 Etot   =  -4035658.4571  EKtot   =      4620.6105  EPtot      =  -4040279.0675
 BOND   =         0.0000  ANGLE   =         0.0000  DIHED      =         0.0000
 1-4 NB =         0.0000  1-4 EEL =         0.0000  VDWAALS    =      8236.8310
 EELEC  =  -4048515.8986  EHBOND  =         0.0000  RESTRAINT  =         0.0000
 Ewald error estimate:   0.0000E+00
 ------------------------------------------------------------------------------


 NSTEP =      792   TIME(PS) =       0.792  TEMP(K) =   189.53  PRESS =     0.0
 Etot   =  -4035658.4884  EKtot   =      4627.4493  EPtot      =  -4040285.9377
 BOND   =         0.0000  ANGLE   =         0.0000  DIHED      =         0.0000
 1-4 NB =         0.0000  1-4 EEL =         0.0000  VDWAALS    =      8236.7828
 EELEC  =  -4048522.7205  EHBOND  =         0.0000  RESTRAINT  =         0.0000
 Ewald error estimate:   0.0000E+00
 ------------------------------------------------------------------------------


 NSTEP =      793   TIME(PS) =       0.793  TEMP(K) =   189.77  PRESS =     0.0
 Etot   =  -4035658.5519  EKtot   =      4633.4267  EPtot      =  -4040291.9786
 BOND   =         0.0000  ANGLE   =         0.0000  DIHED      =         0.0000
 1-4 NB =         0.0000  1-4 EEL =         0.0000  VDWAALS    =      8236.8188
 EELEC  =  -4048528.7974  EHBOND  =         0.0000  RESTRAINT  =         0.0000
 Ewald error estimate:   0.0000E+00
 ------------------------------------------------------------------------------


 NSTEP =      794   TIME(PS) =       0.794  TEMP(K) =   189.96  PRESS =     0.0
 Etot   =  -4035658.5941  EKtot   =      4637.9354  EPtot      =  -4040296.5295
 BOND   =         0.0000  ANGLE   =         0.0000  DIHED      =         0.0000
 1-4 NB =         0.0000  1-4 EEL =         0.0000  VDWAALS    =      8237.0104
 EELEC  =  -4048533.5399  EHBOND  =         0.0000  RESTRAINT  =         0.0000
 Ewald error estimate:   0.0000E+00
 ------------------------------------------------------------------------------


 NSTEP =      795   TIME(PS) =       0.795  TEMP(K) =   190.06  PRESS =     0.0
 Etot   =  -4035658.5885  EKtot   =      4640.4953  EPtot      =  -4040299.0839
 BOND   =         0.0000  ANGLE   =         0.0000  DIHED      =         0.0000
 1-4 NB =         0.0000  1-4 EEL =         0.0000  VDWAALS    =      8237.4022
 EELEC  =  -4048536.4860  EHBOND  =         0.0000  RESTRAINT  =         0.0000
 Ewald error estimate:   0.0000E+00
 ------------------------------------------------------------------------------


 NSTEP =      796   TIME(PS) =       0.796  TEMP(K) =   190.08  PRESS =     0.0
 Etot   =  -4035658.5797  EKtot   =      4640.8031  EPtot      =  -4040299.3828
 BOND   =         0.0000  ANGLE   =         0.0000  DIHED      =         0.0000
 1-4 NB =         0.0000  1-4 EEL =         0.0000  VDWAALS    =      8237.9519
 EELEC  =  -4048537.3347  EHBOND  =         0.0000  RESTRAINT  =         0.0000
 Ewald error estimate:   0.0000E+00
 ------------------------------------------------------------------------------


 NSTEP =      797   TIME(PS) =       0.797  TEMP(K) =   189.99  PRESS =     0.0
 Etot   =  -4035658.5773  EKtot   =      4638.7615  EPtot      =  -4040297.3388
 BOND   =         0.0000  ANGLE   =         0.0000  DIHED      =         0.0000
 1-4 NB =         0.0000  1-4 EEL =         0.0000  VDWAALS    =      8238.6547
 EELEC  =  -4048535.9934  EHBOND  =         0.0000  RESTRAINT  =         0.0000
 Ewald error estimate:   0.0000E+00
 ------------------------------------------------------------------------------


 NSTEP =      798   TIME(PS) =       0.798  TEMP(K) =   189.82  PRESS =     0.0
 Etot   =  -4035658.5651  EKtot   =      4634.4890  EPtot      =  -4040293.0541
 BOND   =         0.0000  ANGLE   =         0.0000  DIHED      =         0.0000
 1-4 NB =         0.0000  1-4 EEL =         0.0000  VDWAALS    =      8239.5180
 EELEC  =  -4048532.5721  EHBOND  =         0.0000  RESTRAINT  =         0.0000
 Ewald error estimate:   0.0000E+00
 ------------------------------------------------------------------------------


 NSTEP =      799   TIME(PS) =       0.799  TEMP(K) =   189.56  PRESS =     0.0
 Etot   =  -4035658.5452  EKtot   =      4628.3092  EPtot      =  -4040286.8544
 BOND   =         0.0000  ANGLE   =         0.0000  DIHED      =         0.0000
 1-4 NB =         0.0000  1-4 EEL =         0.0000  VDWAALS    =      8240.5350
 EELEC  =  -4048527.3894  EHBOND  =         0.0000  RESTRAINT  =         0.0000
 Ewald error estimate:   0.0000E+00
 ------------------------------------------------------------------------------


 NSTEP =      800   TIME(PS) =       0.800  TEMP(K) =   189.25  PRESS =     0.0
 Etot   =  -4035658.4828  EKtot   =      4620.7219  EPtot      =  -4040279.2046
 BOND   =         0.0000  ANGLE   =         0.0000  DIHED      =         0.0000
 1-4 NB =         0.0000  1-4 EEL =         0.0000  VDWAALS    =      8241.7260
 EELEC  =  -4048520.9307  EHBOND  =         0.0000  RESTRAINT  =         0.0000
 Ewald error estimate:   0.0000E+00
 ------------------------------------------------------------------------------


 NSTEP =      801   TIME(PS) =       0.801  TEMP(K) =   188.91  PRESS =     0.0
 Etot   =  -4035658.4410  EKtot   =      4612.3613  EPtot      =  -4040270.8023
 BOND   =         0.0000  ANGLE   =         0.0000  DIHED      =         0.0000
 1-4 NB =         0.0000  1-4 EEL =         0.0000  VDWAALS    =      8243.0049
 EELEC  =  -4048513.8071  EHBOND  =         0.0000  RESTRAINT  =         0.0000
 Ewald error estimate:   0.0000E+00
 ------------------------------------------------------------------------------


 NSTEP =      802   TIME(PS) =       0.802  TEMP(K) =   188.57  PRESS =     0.0
 Etot   =  -4035658.3803  EKtot   =      4603.9435  EPtot      =  -4040262.3238
 BOND   =         0.0000  ANGLE   =         0.0000  DIHED      =         0.0000
 1-4 NB =         0.0000  1-4 EEL =         0.0000  VDWAALS    =      8244.3890
 EELEC  =  -4048506.7128  EHBOND  =         0.0000  RESTRAINT  =         0.0000
 Ewald error estimate:   0.0000E+00
 ------------------------------------------------------------------------------


 NSTEP =      803   TIME(PS) =       0.803  TEMP(K) =   188.25  PRESS =     0.0
 Etot   =  -4035658.3526  EKtot   =      4596.2067  EPtot      =  -4040254.5593
 BOND   =         0.0000  ANGLE   =         0.0000  DIHED      =         0.0000
 1-4 NB =         0.0000  1-4 EEL =         0.0000  VDWAALS    =      8245.8102
 EELEC  =  -4048500.3695  EHBOND  =         0.0000  RESTRAINT  =         0.0000
 Ewald error estimate:   0.0000E+00
 ------------------------------------------------------------------------------


 NSTEP =      804   TIME(PS) =       0.804  TEMP(K) =   187.99  PRESS =     0.0
 Etot   =  -4035658.2792  EKtot   =      4589.8471  EPtot      =  -4040248.1263
 BOND   =         0.0000  ANGLE   =         0.0000  DIHED      =         0.0000
 1-4 NB =         0.0000  1-4 EEL =         0.0000  VDWAALS    =      8247.3243
 EELEC  =  -4048495.4506  EHBOND  =         0.0000  RESTRAINT  =         0.0000
 Ewald error estimate:   0.0000E+00
 ------------------------------------------------------------------------------


 NSTEP =      805   TIME(PS) =       0.805  TEMP(K) =   187.81  PRESS =     0.0
 Etot   =  -4035658.2507  EKtot   =      4585.4554  EPtot      =  -4040243.7062
 BOND   =         0.0000  ANGLE   =         0.0000  DIHED      =         0.0000
 1-4 NB =         0.0000  1-4 EEL =         0.0000  VDWAALS    =      8248.8183
 EELEC  =  -4048492.5245  EHBOND  =         0.0000  RESTRAINT  =         0.0000
 Ewald error estimate:   0.0000E+00
 ------------------------------------------------------------------------------


 NSTEP =      806   TIME(PS) =       0.806  TEMP(K) =   187.73  PRESS =     0.0
 Etot   =  -4035658.2519  EKtot   =      4583.4593  EPtot      =  -4040241.7112
 BOND   =         0.0000  ANGLE   =         0.0000  DIHED      =         0.0000
 1-4 NB =         0.0000  1-4 EEL =         0.0000  VDWAALS    =      8250.2843
 EELEC  =  -4048491.9955  EHBOND  =         0.0000  RESTRAINT  =         0.0000
 Ewald error estimate:   0.0000E+00
 ------------------------------------------------------------------------------


 NSTEP =      807   TIME(PS) =       0.807  TEMP(K) =   187.75  PRESS =     0.0
 Etot   =  -4035658.2678  EKtot   =      4584.0766  EPtot      =  -4040242.3444
 BOND   =         0.0000  ANGLE   =         0.0000  DIHED      =         0.0000
 1-4 NB =         0.0000  1-4 EEL =         0.0000  VDWAALS    =      8251.7193
 EELEC  =  -4048494.0637  EHBOND  =         0.0000  RESTRAINT  =         0.0000
 Ewald error estimate:   0.0000E+00
 ------------------------------------------------------------------------------


 NSTEP =      808   TIME(PS) =       0.808  TEMP(K) =   187.88  PRESS =     0.0
 Etot   =  -4035658.2876  EKtot   =      4587.2871  EPtot      =  -4040245.5747
 BOND   =         0.0000  ANGLE   =         0.0000  DIHED      =         0.0000
 1-4 NB =         0.0000  1-4 EEL =         0.0000  VDWAALS    =      8253.1171
 EELEC  =  -4048498.6917  EHBOND  =         0.0000  RESTRAINT  =         0.0000
 Ewald error estimate:   0.0000E+00
 ------------------------------------------------------------------------------


 NSTEP =      809   TIME(PS) =       0.809  TEMP(K) =   188.11  PRESS =     0.0
 Etot   =  -4035658.3324  EKtot   =      4592.8248  EPtot      =  -4040251.1572
 BOND   =         0.0000  ANGLE   =         0.0000  DIHED      =         0.0000
 1-4 NB =         0.0000  1-4 EEL =         0.0000  VDWAALS    =      8254.4370
 EELEC  =  -4048505.5942  EHBOND  =         0.0000  RESTRAINT  =         0.0000
 Ewald error estimate:   0.0000E+00
 ------------------------------------------------------------------------------


 NSTEP =      810   TIME(PS) =       0.810  TEMP(K) =   188.41  PRESS =     0.0
 Etot   =  -4035658.3586  EKtot   =      4600.1957  EPtot      =  -4040258.5542
 BOND   =         0.0000  ANGLE   =         0.0000  DIHED      =         0.0000
 1-4 NB =         0.0000  1-4 EEL =         0.0000  VDWAALS    =      8255.7054
 EELEC  =  -4048514.2597  EHBOND  =         0.0000  RESTRAINT  =         0.0000
 Ewald error estimate:   0.0000E+00
 ------------------------------------------------------------------------------


 NSTEP =      811   TIME(PS) =       0.811  TEMP(K) =   188.76  PRESS =     0.0
 Etot   =  -4035658.4194  EKtot   =      4608.7180  EPtot      =  -4040267.1373
 BOND   =         0.0000  ANGLE   =         0.0000  DIHED      =         0.0000
 1-4 NB =         0.0000  1-4 EEL =         0.0000  VDWAALS    =      8256.8616
 EELEC  =  -4048523.9989  EHBOND  =         0.0000  RESTRAINT  =         0.0000
 Ewald error estimate:   0.0000E+00
 ------------------------------------------------------------------------------


 NSTEP =      812   TIME(PS) =       0.812  TEMP(K) =   189.12  PRESS =     0.0
 Etot   =  -4035658.4851  EKtot   =      4617.5846  EPtot      =  -4040276.0697
 BOND   =         0.0000  ANGLE   =         0.0000  DIHED      =         0.0000
 1-4 NB =         0.0000  1-4 EEL =         0.0000  VDWAALS    =      8257.9229
 EELEC  =  -4048533.9926  EHBOND  =         0.0000  RESTRAINT  =         0.0000
 Ewald error estimate:   0.0000E+00
 ------------------------------------------------------------------------------


 NSTEP =      813   TIME(PS) =       0.813  TEMP(K) =   189.47  PRESS =     0.0
 Etot   =  -4035658.5155  EKtot   =      4625.9395  EPtot      =  -4040284.4550
 BOND   =         0.0000  ANGLE   =         0.0000  DIHED      =         0.0000
 1-4 NB =         0.0000  1-4 EEL =         0.0000  VDWAALS    =      8258.9239
 EELEC  =  -4048543.3788  EHBOND  =         0.0000  RESTRAINT  =         0.0000
 Ewald error estimate:   0.0000E+00
 ------------------------------------------------------------------------------


 NSTEP =      814   TIME(PS) =       0.814  TEMP(K) =   189.75  PRESS =     0.0
 Etot   =  -4035658.5302  EKtot   =      4632.9616  EPtot      =  -4040291.4918
 BOND   =         0.0000  ANGLE   =         0.0000  DIHED      =         0.0000
 1-4 NB =         0.0000  1-4 EEL =         0.0000  VDWAALS    =      8259.8458
 EELEC  =  -4048551.3376  EHBOND  =         0.0000  RESTRAINT  =         0.0000
 Ewald error estimate:   0.0000E+00
 ------------------------------------------------------------------------------


 NSTEP =      815   TIME(PS) =       0.815  TEMP(K) =   189.96  PRESS =     0.0
 Etot   =  -4035658.5758  EKtot   =      4637.9471  EPtot      =  -4040296.5229
 BOND   =         0.0000  ANGLE   =         0.0000  DIHED      =         0.0000
 1-4 NB =         0.0000  1-4 EEL =         0.0000  VDWAALS    =      8260.6443
 EELEC  =  -4048557.1672  EHBOND  =         0.0000  RESTRAINT  =         0.0000
 Ewald error estimate:   0.0000E+00
 ------------------------------------------------------------------------------


 NSTEP =      816   TIME(PS) =       0.816  TEMP(K) =   190.06  PRESS =     0.0
 Etot   =  -4035658.5991  EKtot   =      4640.3826  EPtot      =  -4040298.9817
 BOND   =         0.0000  ANGLE   =         0.0000  DIHED      =         0.0000
 1-4 NB =         0.0000  1-4 EEL =         0.0000  VDWAALS    =      8261.3831
 EELEC  =  -4048560.3648  EHBOND  =         0.0000  RESTRAINT  =         0.0000
 Ewald error estimate:   0.0000E+00
 ------------------------------------------------------------------------------


 NSTEP =      817   TIME(PS) =       0.817  TEMP(K) =   190.04  PRESS =     0.0
 Etot   =  -4035658.6086  EKtot   =      4640.0003  EPtot      =  -4040298.6089
 BOND   =         0.0000  ANGLE   =         0.0000  DIHED      =         0.0000
 1-4 NB =         0.0000  1-4 EEL =         0.0000  VDWAALS    =      8262.0592
 EELEC  =  -4048560.6681  EHBOND  =         0.0000  RESTRAINT  =         0.0000
 Ewald error estimate:   0.0000E+00
 ------------------------------------------------------------------------------


 NSTEP =      818   TIME(PS) =       0.818  TEMP(K) =   189.91  PRESS =     0.0
 Etot   =  -4035658.5817  EKtot   =      4636.8102  EPtot      =  -4040295.3920
 BOND   =         0.0000  ANGLE   =         0.0000  DIHED      =         0.0000
 1-4 NB =         0.0000  1-4 EEL =         0.0000  VDWAALS    =      8262.7043
 EELEC  =  -4048558.0962  EHBOND  =         0.0000  RESTRAINT  =         0.0000
 Ewald error estimate:   0.0000E+00
 ------------------------------------------------------------------------------


 NSTEP =      819   TIME(PS) =       0.819  TEMP(K) =   189.68  PRESS =     0.0
 Etot   =  -4035658.5489  EKtot   =      4631.1072  EPtot      =  -4040289.6561
 BOND   =         0.0000  ANGLE   =         0.0000  DIHED      =         0.0000
 1-4 NB =         0.0000  1-4 EEL =         0.0000  VDWAALS    =      8263.3012
 EELEC  =  -4048552.9573  EHBOND  =         0.0000  RESTRAINT  =         0.0000
 Ewald error estimate:   0.0000E+00
 ------------------------------------------------------------------------------


 NSTEP =      820   TIME(PS) =       0.820  TEMP(K) =   189.36  PRESS =     0.0
 Etot   =  -4035658.4932  EKtot   =      4623.4491  EPtot      =  -4040281.9422
 BOND   =         0.0000  ANGLE   =         0.0000  DIHED      =         0.0000
 1-4 NB =         0.0000  1-4 EEL =         0.0000  VDWAALS    =      8263.8816
 EELEC  =  -4048545.8238  EHBOND  =         0.0000  RESTRAINT  =         0.0000
 Ewald error estimate:   0.0000E+00
 ------------------------------------------------------------------------------


 NSTEP =      821   TIME(PS) =       0.821  TEMP(K) =   189.00  PRESS =     0.0
 Etot   =  -4035658.4415  EKtot   =      4614.6082  EPtot      =  -4040273.0497
 BOND   =         0.0000  ANGLE   =         0.0000  DIHED      =         0.0000
 1-4 NB =         0.0000  1-4 EEL =         0.0000  VDWAALS    =      8264.4285
 EELEC  =  -4048537.4783  EHBOND  =         0.0000  RESTRAINT  =         0.0000
 Ewald error estimate:   0.0000E+00
 ------------------------------------------------------------------------------


 NSTEP =      822   TIME(PS) =       0.822  TEMP(K) =   188.63  PRESS =     0.0
 Etot   =  -4035658.4068  EKtot   =      4605.5007  EPtot      =  -4040263.9075
 BOND   =         0.0000  ANGLE   =         0.0000  DIHED      =         0.0000
 1-4 NB =         0.0000  1-4 EEL =         0.0000  VDWAALS    =      8264.9342
 EELEC  =  -4048528.8416  EHBOND  =         0.0000  RESTRAINT  =         0.0000
 Ewald error estimate:   0.0000E+00
 ------------------------------------------------------------------------------


 NSTEP =      823   TIME(PS) =       0.823  TEMP(K) =   188.29  PRESS =     0.0
 Etot   =  -4035658.3427  EKtot   =      4597.0975  EPtot      =  -4040255.4403
 BOND   =         0.0000  ANGLE   =         0.0000  DIHED      =         0.0000
 1-4 NB =         0.0000  1-4 EEL =         0.0000  VDWAALS    =      8265.4564
 EELEC  =  -4048520.8967  EHBOND  =         0.0000  RESTRAINT  =         0.0000
 Ewald error estimate:   0.0000E+00
 ------------------------------------------------------------------------------


 NSTEP =      824   TIME(PS) =       0.824  TEMP(K) =   188.01  PRESS =     0.0
 Etot   =  -4035658.2925  EKtot   =      4590.3268  EPtot      =  -4040248.6194
 BOND   =         0.0000  ANGLE   =         0.0000  DIHED      =         0.0000
 1-4 NB =         0.0000  1-4 EEL =         0.0000  VDWAALS    =      8265.9689
 EELEC  =  -4048514.5882  EHBOND  =         0.0000  RESTRAINT  =         0.0000
 Ewald error estimate:   0.0000E+00
 ------------------------------------------------------------------------------


 NSTEP =      825   TIME(PS) =       0.825  TEMP(K) =   187.83  PRESS =     0.0
 Etot   =  -4035658.2534  EKtot   =      4585.9780  EPtot      =  -4040244.2314
 BOND   =         0.0000  ANGLE   =         0.0000  DIHED      =         0.0000
 1-4 NB =         0.0000  1-4 EEL =         0.0000  VDWAALS    =      8266.4805
 EELEC  =  -4048510.7118  EHBOND  =         0.0000  RESTRAINT  =         0.0000
 Ewald error estimate:   0.0000E+00
 ------------------------------------------------------------------------------


 NSTEP =      826   TIME(PS) =       0.826  TEMP(K) =   187.77  PRESS =     0.0
 Etot   =  -4035658.2354  EKtot   =      4584.6175  EPtot      =  -4040242.8529
 BOND   =         0.0000  ANGLE   =         0.0000  DIHED      =         0.0000
 1-4 NB =         0.0000  1-4 EEL =         0.0000  VDWAALS    =      8266.9992
 EELEC  =  -4048509.8521  EHBOND  =         0.0000  RESTRAINT  =         0.0000
 Ewald error estimate:   0.0000E+00
 ------------------------------------------------------------------------------


 NSTEP =      827   TIME(PS) =       0.827  TEMP(K) =   187.85  PRESS =     0.0
 Etot   =  -4035658.2383  EKtot   =      4586.5272  EPtot      =  -4040244.7654
 BOND   =         0.0000  ANGLE   =         0.0000  DIHED      =         0.0000
 1-4 NB =         0.0000  1-4 EEL =         0.0000  VDWAALS    =      8267.5537
 EELEC  =  -4048512.3191  EHBOND  =         0.0000  RESTRAINT  =         0.0000
 Ewald error estimate:   0.0000E+00
 ------------------------------------------------------------------------------


 NSTEP =      828   TIME(PS) =       0.828  TEMP(K) =   188.06  PRESS =     0.0
 Etot   =  -4035658.2504  EKtot   =      4591.6715  EPtot      =  -4040249.9220
 BOND   =         0.0000  ANGLE   =         0.0000  DIHED      =         0.0000
 1-4 NB =         0.0000  1-4 EEL =         0.0000  VDWAALS    =      8268.1713
 EELEC  =  -4048518.0933  EHBOND  =         0.0000  RESTRAINT  =         0.0000
 Ewald error estimate:   0.0000E+00
 ------------------------------------------------------------------------------


 NSTEP =      829   TIME(PS) =       0.829  TEMP(K) =   188.39  PRESS =     0.0
 Etot   =  -4035658.2740  EKtot   =      4599.6994  EPtot      =  -4040257.9734
 BOND   =         0.0000  ANGLE   =         0.0000  DIHED      =         0.0000
 1-4 NB =         0.0000  1-4 EEL =         0.0000  VDWAALS    =      8268.8868
 EELEC  =  -4048526.8602  EHBOND  =         0.0000  RESTRAINT  =         0.0000
 Ewald error estimate:   0.0000E+00
 ------------------------------------------------------------------------------


 NSTEP =      830   TIME(PS) =       0.830  TEMP(K) =   188.81  PRESS =     0.0
 Etot   =  -4035658.3245  EKtot   =      4609.9785  EPtot      =  -4040268.3030
 BOND   =         0.0000  ANGLE   =         0.0000  DIHED      =         0.0000
 1-4 NB =         0.0000  1-4 EEL =         0.0000  VDWAALS    =      8269.7126
 EELEC  =  -4048538.0156  EHBOND  =         0.0000  RESTRAINT  =         0.0000
 Ewald error estimate:   0.0000E+00
 ------------------------------------------------------------------------------


 NSTEP =      831   TIME(PS) =       0.831  TEMP(K) =   189.29  PRESS =     0.0
 Etot   =  -4035658.4106  EKtot   =      4621.6589  EPtot      =  -4040280.0695
 BOND   =         0.0000  ANGLE   =         0.0000  DIHED      =         0.0000
 1-4 NB =         0.0000  1-4 EEL =         0.0000  VDWAALS    =      8270.6800
 EELEC  =  -4048550.7495  EHBOND  =         0.0000  RESTRAINT  =         0.0000
 Ewald error estimate:   0.0000E+00
 ------------------------------------------------------------------------------


 NSTEP =      832   TIME(PS) =       0.832  TEMP(K) =   189.79  PRESS =     0.0
 Etot   =  -4035658.4780  EKtot   =      4633.7580  EPtot      =  -4040292.2360
 BOND   =         0.0000  ANGLE   =         0.0000  DIHED      =         0.0000
 1-4 NB =         0.0000  1-4 EEL =         0.0000  VDWAALS    =      8271.8866
 EELEC  =  -4048564.1226  EHBOND  =         0.0000  RESTRAINT  =         0.0000
 Ewald error estimate:   0.0000E+00
 ------------------------------------------------------------------------------


 NSTEP =      833   TIME(PS) =       0.833  TEMP(K) =   190.26  PRESS =     0.0
 Etot   =  -4035658.5249  EKtot   =      4645.2568  EPtot      =  -4040303.7817
 BOND   =         0.0000  ANGLE   =         0.0000  DIHED      =         0.0000
 1-4 NB =         0.0000  1-4 EEL =         0.0000  VDWAALS    =      8273.3712
 EELEC  =  -4048577.1530  EHBOND  =         0.0000  RESTRAINT  =         0.0000
 Ewald error estimate:   0.0000E+00
 ------------------------------------------------------------------------------


 NSTEP =      834   TIME(PS) =       0.834  TEMP(K) =   190.66  PRESS =     0.0
 Etot   =  -4035658.5795  EKtot   =      4655.1958  EPtot      =  -4040313.7753
 BOND   =         0.0000  ANGLE   =         0.0000  DIHED      =         0.0000
 1-4 NB =         0.0000  1-4 EEL =         0.0000  VDWAALS    =      8275.1446
 EELEC  =  -4048588.9199  EHBOND  =         0.0000  RESTRAINT  =         0.0000
 Ewald error estimate:   0.0000E+00
 ------------------------------------------------------------------------------


 NSTEP =      835   TIME(PS) =       0.835  TEMP(K) =   190.97  PRESS =     0.0
 Etot   =  -4035658.6047  EKtot   =      4662.7616  EPtot      =  -4040321.3663
 BOND   =         0.0000  ANGLE   =         0.0000  DIHED      =         0.0000
 1-4 NB =         0.0000  1-4 EEL =         0.0000  VDWAALS    =      8277.2693
 EELEC  =  -4048598.6355  EHBOND  =         0.0000  RESTRAINT  =         0.0000
 Ewald error estimate:   0.0000E+00
 ------------------------------------------------------------------------------


 NSTEP =      836   TIME(PS) =       0.836  TEMP(K) =   191.16  PRESS =     0.0
 Etot   =  -4035658.6161  EKtot   =      4667.3551  EPtot      =  -4040325.9712
 BOND   =         0.0000  ANGLE   =         0.0000  DIHED      =         0.0000
 1-4 NB =         0.0000  1-4 EEL =         0.0000  VDWAALS    =      8279.7607
 EELEC  =  -4048605.7319  EHBOND  =         0.0000  RESTRAINT  =         0.0000
 Ewald error estimate:   0.0000E+00
 ------------------------------------------------------------------------------


 NSTEP =      837   TIME(PS) =       0.837  TEMP(K) =   191.22  PRESS =     0.0
 Etot   =  -4035658.6174  EKtot   =      4668.6366  EPtot      =  -4040327.2539
 BOND   =         0.0000  ANGLE   =         0.0000  DIHED      =         0.0000
 1-4 NB =         0.0000  1-4 EEL =         0.0000  VDWAALS    =      8282.6184
 EELEC  =  -4048609.8723  EHBOND  =         0.0000  RESTRAINT  =         0.0000
 Ewald error estimate:   0.0000E+00
 ------------------------------------------------------------------------------


 NSTEP =      838   TIME(PS) =       0.838  TEMP(K) =   191.13  PRESS =     0.0
 Etot   =  -4035658.6125  EKtot   =      4666.5434  EPtot      =  -4040325.1559
 BOND   =         0.0000  ANGLE   =         0.0000  DIHED      =         0.0000
 1-4 NB =         0.0000  1-4 EEL =         0.0000  VDWAALS    =      8285.8516
 EELEC  =  -4048611.0075  EHBOND  =         0.0000  RESTRAINT  =         0.0000
 Ewald error estimate:   0.0000E+00
 ------------------------------------------------------------------------------


 NSTEP =      839   TIME(PS) =       0.839  TEMP(K) =   190.91  PRESS =     0.0
 Etot   =  -4035658.6088  EKtot   =      4661.2848  EPtot      =  -4040319.8936
 BOND   =         0.0000  ANGLE   =         0.0000  DIHED      =         0.0000
 1-4 NB =         0.0000  1-4 EEL =         0.0000  VDWAALS    =      8289.4456
 EELEC  =  -4048609.3392  EHBOND  =         0.0000  RESTRAINT  =         0.0000
 Ewald error estimate:   0.0000E+00
 ------------------------------------------------------------------------------


 NSTEP =      840   TIME(PS) =       0.840  TEMP(K) =   190.59  PRESS =     0.0
 Etot   =  -4035658.5821  EKtot   =      4653.3141  EPtot      =  -4040311.8962
 BOND   =         0.0000  ANGLE   =         0.0000  DIHED      =         0.0000
 1-4 NB =         0.0000  1-4 EEL =         0.0000  VDWAALS    =      8293.4025
 EELEC  =  -4048605.2988  EHBOND  =         0.0000  RESTRAINT  =         0.0000
 Ewald error estimate:   0.0000E+00
 ------------------------------------------------------------------------------


 NSTEP =      841   TIME(PS) =       0.841  TEMP(K) =   190.18  PRESS =     0.0
 Etot   =  -4035658.5379  EKtot   =      4643.2859  EPtot      =  -4040301.8238
 BOND   =         0.0000  ANGLE   =         0.0000  DIHED      =         0.0000
 1-4 NB =         0.0000  1-4 EEL =         0.0000  VDWAALS    =      8297.6930
 EELEC  =  -4048599.5167  EHBOND  =         0.0000  RESTRAINT  =         0.0000
 Ewald error estimate:   0.0000E+00
 ------------------------------------------------------------------------------


 NSTEP =      842   TIME(PS) =       0.842  TEMP(K) =   189.71  PRESS =     0.0
 Etot   =  -4035658.4899  EKtot   =      4632.0015  EPtot      =  -4040290.4914
 BOND   =         0.0000  ANGLE   =         0.0000  DIHED      =         0.0000
 1-4 NB =         0.0000  1-4 EEL =         0.0000  VDWAALS    =      8302.2667
 EELEC  =  -4048592.7581  EHBOND  =         0.0000  RESTRAINT  =         0.0000
 Ewald error estimate:   0.0000E+00
 ------------------------------------------------------------------------------


 NSTEP =      843   TIME(PS) =       0.843  TEMP(K) =   189.24  PRESS =     0.0
 Etot   =  -4035658.4066  EKtot   =      4620.3489  EPtot      =  -4040278.7555
 BOND   =         0.0000  ANGLE   =         0.0000  DIHED      =         0.0000
 1-4 NB =         0.0000  1-4 EEL =         0.0000  VDWAALS    =      8307.1148
 EELEC  =  -4048585.8703  EHBOND  =         0.0000  RESTRAINT  =         0.0000
 Ewald error estimate:   0.0000E+00
 ------------------------------------------------------------------------------


 NSTEP =      844   TIME(PS) =       0.844  TEMP(K) =   188.78  PRESS =     0.0
 Etot   =  -4035658.3551  EKtot   =      4609.2391  EPtot      =  -4040267.5943
 BOND   =         0.0000  ANGLE   =         0.0000  DIHED      =         0.0000
 1-4 NB =         0.0000  1-4 EEL =         0.0000  VDWAALS    =      8312.1242
 EELEC  =  -4048579.7184  EHBOND  =         0.0000  RESTRAINT  =         0.0000
 Ewald error estimate:   0.0000E+00
 ------------------------------------------------------------------------------


 NSTEP =      845   TIME(PS) =       0.845  TEMP(K) =   188.39  PRESS =     0.0
 Etot   =  -4035658.3322  EKtot   =      4599.5407  EPtot      =  -4040257.8729
 BOND   =         0.0000  ANGLE   =         0.0000  DIHED      =         0.0000
 1-4 NB =         0.0000  1-4 EEL =         0.0000  VDWAALS    =      8317.2481
 EELEC  =  -4048575.1210  EHBOND  =         0.0000  RESTRAINT  =         0.0000
 Ewald error estimate:   0.0000E+00
 ------------------------------------------------------------------------------


 NSTEP =      846   TIME(PS) =       0.846  TEMP(K) =   188.08  PRESS =     0.0
 Etot   =  -4035658.2952  EKtot   =      4592.0133  EPtot      =  -4040250.3085
 BOND   =         0.0000  ANGLE   =         0.0000  DIHED      =         0.0000
 1-4 NB =         0.0000  1-4 EEL =         0.0000  VDWAALS    =      8322.4915
 EELEC  =  -4048572.8000  EHBOND  =         0.0000  RESTRAINT  =         0.0000
 Ewald error estimate:   0.0000E+00
 ------------------------------------------------------------------------------


 NSTEP =      847   TIME(PS) =       0.847  TEMP(K) =   187.88  PRESS =     0.0
 Etot   =  -4035658.2738  EKtot   =      4587.2450  EPtot      =  -4040245.5188
 BOND   =         0.0000  ANGLE   =         0.0000  DIHED      =         0.0000
 1-4 NB =         0.0000  1-4 EEL =         0.0000  VDWAALS    =      8327.7715
 EELEC  =  -4048573.2903  EHBOND  =         0.0000  RESTRAINT  =         0.0000
 Ewald error estimate:   0.0000E+00
 ------------------------------------------------------------------------------


 NSTEP =      848   TIME(PS) =       0.848  TEMP(K) =   187.81  PRESS =     0.0
 Etot   =  -4035658.2793  EKtot   =      4585.5976  EPtot      =  -4040243.8769
 BOND   =         0.0000  ANGLE   =         0.0000  DIHED      =         0.0000
 1-4 NB =         0.0000  1-4 EEL =         0.0000  VDWAALS    =      8333.0319
 EELEC  =  -4048576.9088  EHBOND  =         0.0000  RESTRAINT  =         0.0000
 Ewald error estimate:   0.0000E+00
 ------------------------------------------------------------------------------


 NSTEP =      849   TIME(PS) =       0.849  TEMP(K) =   187.88  PRESS =     0.0
 Etot   =  -4035658.3085  EKtot   =      4587.1672  EPtot      =  -4040245.4757
 BOND   =         0.0000  ANGLE   =         0.0000  DIHED      =         0.0000
 1-4 NB =         0.0000  1-4 EEL =         0.0000  VDWAALS    =      8338.2331
 EELEC  =  -4048583.7088  EHBOND  =         0.0000  RESTRAINT  =         0.0000
 Ewald error estimate:   0.0000E+00
 ------------------------------------------------------------------------------


 NSTEP =      850   TIME(PS) =       0.850  TEMP(K) =   188.07  PRESS =     0.0
 Etot   =  -4035658.3589  EKtot   =      4591.7684  EPtot      =  -4040250.1273
 BOND   =         0.0000  ANGLE   =         0.0000  DIHED      =         0.0000
 1-4 NB =         0.0000  1-4 EEL =         0.0000  VDWAALS    =      8343.3346
 EELEC  =  -4048593.4618  EHBOND  =         0.0000  RESTRAINT  =         0.0000
 Ewald error estimate:   0.0000E+00
 ------------------------------------------------------------------------------


 NSTEP =      851   TIME(PS) =       0.851  TEMP(K) =   188.36  PRESS =     0.0
 Etot   =  -4035658.3946  EKtot   =      4598.9478  EPtot      =  -4040257.3423
 BOND   =         0.0000  ANGLE   =         0.0000  DIHED      =         0.0000
 1-4 NB =         0.0000  1-4 EEL =         0.0000  VDWAALS    =      8348.3345
 EELEC  =  -4048605.6768  EHBOND  =         0.0000  RESTRAINT  =         0.0000
 Ewald error estimate:   0.0000E+00
 ------------------------------------------------------------------------------


 NSTEP =      852   TIME(PS) =       0.852  TEMP(K) =   188.73  PRESS =     0.0
 Etot   =  -4035658.4433  EKtot   =      4608.0266  EPtot      =  -4040266.4699
 BOND   =         0.0000  ANGLE   =         0.0000  DIHED      =         0.0000
 1-4 NB =         0.0000  1-4 EEL =         0.0000  VDWAALS    =      8353.1603
 EELEC  =  -4048619.6302  EHBOND  =         0.0000  RESTRAINT  =         0.0000
 Ewald error estimate:   0.0000E+00
 ------------------------------------------------------------------------------


 NSTEP =      853   TIME(PS) =       0.853  TEMP(K) =   189.15  PRESS =     0.0
 Etot   =  -4035658.5163  EKtot   =      4618.1687  EPtot      =  -4040276.6849
 BOND   =         0.0000  ANGLE   =         0.0000  DIHED      =         0.0000
 1-4 NB =         0.0000  1-4 EEL =         0.0000  VDWAALS    =      8357.7730
 EELEC  =  -4048634.4579  EHBOND  =         0.0000  RESTRAINT  =         0.0000
 Ewald error estimate:   0.0000E+00
 ------------------------------------------------------------------------------


 NSTEP =      854   TIME(PS) =       0.854  TEMP(K) =   189.57  PRESS =     0.0
 Etot   =  -4035658.5803  EKtot   =      4628.4651  EPtot      =  -4040287.0453
 BOND   =         0.0000  ANGLE   =         0.0000  DIHED      =         0.0000
 1-4 NB =         0.0000  1-4 EEL =         0.0000  VDWAALS    =      8362.1700
 EELEC  =  -4048649.2154  EHBOND  =         0.0000  RESTRAINT  =         0.0000
 Ewald error estimate:   0.0000E+00
 ------------------------------------------------------------------------------


 NSTEP =      855   TIME(PS) =       0.855  TEMP(K) =   189.96  PRESS =     0.0
 Etot   =  -4035658.6363  EKtot   =      4638.0239  EPtot      =  -4040296.6602
 BOND   =         0.0000  ANGLE   =         0.0000  DIHED      =         0.0000
 1-4 NB =         0.0000  1-4 EEL =         0.0000  VDWAALS    =      8366.3188
 EELEC  =  -4048662.9790  EHBOND  =         0.0000  RESTRAINT  =         0.0000
 Ewald error estimate:   0.0000E+00
 ------------------------------------------------------------------------------


 NSTEP =      856   TIME(PS) =       0.856  TEMP(K) =   190.29  PRESS =     0.0
 Etot   =  -4035658.6688  EKtot   =      4646.0517  EPtot      =  -4040304.7204
 BOND   =         0.0000  ANGLE   =         0.0000  DIHED      =         0.0000
 1-4 NB =         0.0000  1-4 EEL =         0.0000  VDWAALS    =      8370.2131
 EELEC  =  -4048674.9336  EHBOND  =         0.0000  RESTRAINT  =         0.0000
 Ewald error estimate:   0.0000E+00
 ------------------------------------------------------------------------------


 NSTEP =      857   TIME(PS) =       0.857  TEMP(K) =   190.53  PRESS =     0.0
 Etot   =  -4035658.6971  EKtot   =      4651.9189  EPtot      =  -4040310.6160
 BOND   =         0.0000  ANGLE   =         0.0000  DIHED      =         0.0000
 1-4 NB =         0.0000  1-4 EEL =         0.0000  VDWAALS    =      8373.8156
 EELEC  =  -4048684.4316  EHBOND  =         0.0000  RESTRAINT  =         0.0000
 Ewald error estimate:   0.0000E+00
 ------------------------------------------------------------------------------


 NSTEP =      858   TIME(PS) =       0.858  TEMP(K) =   190.66  PRESS =     0.0
 Etot   =  -4035658.7330  EKtot   =      4655.2028  EPtot      =  -4040313.9358
 BOND   =         0.0000  ANGLE   =         0.0000  DIHED      =         0.0000
 1-4 NB =         0.0000  1-4 EEL =         0.0000  VDWAALS    =      8377.1078
 EELEC  =  -4048691.0436  EHBOND  =         0.0000  RESTRAINT  =         0.0000
 Ewald error estimate:   0.0000E+00
 ------------------------------------------------------------------------------


 NSTEP =      859   TIME(PS) =       0.859  TEMP(K) =   190.69  PRESS =     0.0
 Etot   =  -4035658.7085  EKtot   =      4655.7069  EPtot      =  -4040314.4154
 BOND   =         0.0000  ANGLE   =         0.0000  DIHED      =         0.0000
 1-4 NB =         0.0000  1-4 EEL =         0.0000  VDWAALS    =      8380.1470
 EELEC  =  -4048694.5624  EHBOND  =         0.0000  RESTRAINT  =         0.0000
 Ewald error estimate:   0.0000E+00
 ------------------------------------------------------------------------------


 NSTEP =      860   TIME(PS) =       0.860  TEMP(K) =   190.59  PRESS =     0.0
 Etot   =  -4035658.7055  EKtot   =      4653.4594  EPtot      =  -4040312.1649
 BOND   =         0.0000  ANGLE   =         0.0000  DIHED      =         0.0000
 1-4 NB =         0.0000  1-4 EEL =         0.0000  VDWAALS    =      8382.8522
 EELEC  =  -4048695.0171  EHBOND  =         0.0000  RESTRAINT  =         0.0000
 Ewald error estimate:   0.0000E+00
 ------------------------------------------------------------------------------


 NSTEP =      861   TIME(PS) =       0.861  TEMP(K) =   190.40  PRESS =     0.0
 Etot   =  -4035658.6890  EKtot   =      4648.6951  EPtot      =  -4040307.3841
 BOND   =         0.0000  ANGLE   =         0.0000  DIHED      =         0.0000
 1-4 NB =         0.0000  1-4 EEL =         0.0000  VDWAALS    =      8385.2672
 EELEC  =  -4048692.6513  EHBOND  =         0.0000  RESTRAINT  =         0.0000
 Ewald error estimate:   0.0000E+00
 ------------------------------------------------------------------------------


 NSTEP =      862   TIME(PS) =       0.862  TEMP(K) =   190.12  PRESS =     0.0
 Etot   =  -4035658.6506  EKtot   =      4641.8252  EPtot      =  -4040300.4759
 BOND   =         0.0000  ANGLE   =         0.0000  DIHED      =         0.0000
 1-4 NB =         0.0000  1-4 EEL =         0.0000  VDWAALS    =      8387.4112
 EELEC  =  -4048687.8870  EHBOND  =         0.0000  RESTRAINT  =         0.0000
 Ewald error estimate:   0.0000E+00
 ------------------------------------------------------------------------------


 NSTEP =      863   TIME(PS) =       0.863  TEMP(K) =   189.77  PRESS =     0.0
 Etot   =  -4035658.6262  EKtot   =      4633.3981  EPtot      =  -4040292.0242
 BOND   =         0.0000  ANGLE   =         0.0000  DIHED      =         0.0000
 1-4 NB =         0.0000  1-4 EEL =         0.0000  VDWAALS    =      8389.2632
 EELEC  =  -4048681.2875  EHBOND  =         0.0000  RESTRAINT  =         0.0000
 Ewald error estimate:   0.0000E+00
 ------------------------------------------------------------------------------


 NSTEP =      864   TIME(PS) =       0.864  TEMP(K) =   189.39  PRESS =     0.0
 Etot   =  -4035658.5667  EKtot   =      4624.0531  EPtot      =  -4040282.6199
 BOND   =         0.0000  ANGLE   =         0.0000  DIHED      =         0.0000
 1-4 NB =         0.0000  1-4 EEL =         0.0000  VDWAALS    =      8390.8977
 EELEC  =  -4048673.5175  EHBOND  =         0.0000  RESTRAINT  =         0.0000
 Ewald error estimate:   0.0000E+00
 ------------------------------------------------------------------------------


 NSTEP =      865   TIME(PS) =       0.865  TEMP(K) =   189.00  PRESS =     0.0
 Etot   =  -4035658.5239  EKtot   =      4614.4706  EPtot      =  -4040272.9945
 BOND   =         0.0000  ANGLE   =         0.0000  DIHED      =         0.0000
 1-4 NB =         0.0000  1-4 EEL =         0.0000  VDWAALS    =      8392.2824
 EELEC  =  -4048665.2769  EHBOND  =         0.0000  RESTRAINT  =         0.0000
 Ewald error estimate:   0.0000E+00
 ------------------------------------------------------------------------------


 NSTEP =      866   TIME(PS) =       0.866  TEMP(K) =   188.62  PRESS =     0.0
 Etot   =  -4035658.5094  EKtot   =      4605.3189  EPtot      =  -4040263.8283
 BOND   =         0.0000  ANGLE   =         0.0000  DIHED      =         0.0000
 1-4 NB =         0.0000  1-4 EEL =         0.0000  VDWAALS    =      8393.4333
 EELEC  =  -4048657.2616  EHBOND  =         0.0000  RESTRAINT  =         0.0000
 Ewald error estimate:   0.0000E+00
 ------------------------------------------------------------------------------


 NSTEP =      867   TIME(PS) =       0.867  TEMP(K) =   188.29  PRESS =     0.0
 Etot   =  -4035658.4792  EKtot   =      4597.2035  EPtot      =  -4040255.6827
 BOND   =         0.0000  ANGLE   =         0.0000  DIHED      =         0.0000
 1-4 NB =         0.0000  1-4 EEL =         0.0000  VDWAALS    =      8394.4205
 EELEC  =  -4048650.1032  EHBOND  =         0.0000  RESTRAINT  =         0.0000
 Ewald error estimate:   0.0000E+00
 ------------------------------------------------------------------------------


 NSTEP =      868   TIME(PS) =       0.868  TEMP(K) =   188.02  PRESS =     0.0
 Etot   =  -4035658.4506  EKtot   =      4590.6217  EPtot      =  -4040249.0723
 BOND   =         0.0000  ANGLE   =         0.0000  DIHED      =         0.0000
 1-4 NB =         0.0000  1-4 EEL =         0.0000  VDWAALS    =      8395.2509
 EELEC  =  -4048644.3232  EHBOND  =         0.0000  RESTRAINT  =         0.0000
 Ewald error estimate:   0.0000E+00
 ------------------------------------------------------------------------------


 NSTEP =      869   TIME(PS) =       0.869  TEMP(K) =   187.83  PRESS =     0.0
 Etot   =  -4035658.4274  EKtot   =      4585.9280  EPtot      =  -4040244.3554
 BOND   =         0.0000  ANGLE   =         0.0000  DIHED      =         0.0000
 1-4 NB =         0.0000  1-4 EEL =         0.0000  VDWAALS    =      8395.9390
 EELEC  =  -4048640.2944  EHBOND  =         0.0000  RESTRAINT  =         0.0000
 Ewald error estimate:   0.0000E+00
 ------------------------------------------------------------------------------


 NSTEP =      870   TIME(PS) =       0.870  TEMP(K) =   187.72  PRESS =     0.0
 Etot   =  -4035658.4288  EKtot   =      4583.3128  EPtot      =  -4040241.7416
 BOND   =         0.0000  ANGLE   =         0.0000  DIHED      =         0.0000
 1-4 NB =         0.0000  1-4 EEL =         0.0000  VDWAALS    =      8396.4802
 EELEC  =  -4048638.2218  EHBOND  =         0.0000  RESTRAINT  =         0.0000
 Ewald error estimate:   0.0000E+00
 ------------------------------------------------------------------------------


 NSTEP =      871   TIME(PS) =       0.871  TEMP(K) =   187.70  PRESS =     0.0
 Etot   =  -4035658.4494  EKtot   =      4582.7966  EPtot      =  -4040241.2460
 BOND   =         0.0000  ANGLE   =         0.0000  DIHED      =         0.0000
 1-4 NB =         0.0000  1-4 EEL =         0.0000  VDWAALS    =      8396.8871
 EELEC  =  -4048638.1331  EHBOND  =         0.0000  RESTRAINT  =         0.0000
 Ewald error estimate:   0.0000E+00
 ------------------------------------------------------------------------------


 NSTEP =      872   TIME(PS) =       0.872  TEMP(K) =   187.76  PRESS =     0.0
 Etot   =  -4035658.4638  EKtot   =      4584.2413  EPtot      =  -4040242.7051
 BOND   =         0.0000  ANGLE   =         0.0000  DIHED      =         0.0000
 1-4 NB =         0.0000  1-4 EEL =         0.0000  VDWAALS    =      8397.1851
 EELEC  =  -4048639.8901  EHBOND  =         0.0000  RESTRAINT  =         0.0000
 Ewald error estimate:   0.0000E+00
 ------------------------------------------------------------------------------


 NSTEP =      873   TIME(PS) =       0.873  TEMP(K) =   187.89  PRESS =     0.0
 Etot   =  -4035658.4571  EKtot   =      4587.3749  EPtot      =  -4040245.8321
 BOND   =         0.0000  ANGLE   =         0.0000  DIHED      =         0.0000
 1-4 NB =         0.0000  1-4 EEL =         0.0000  VDWAALS    =      8397.3765
 EELEC  =  -4048643.2086  EHBOND  =         0.0000  RESTRAINT  =         0.0000
 Ewald error estimate:   0.0000E+00
 ------------------------------------------------------------------------------


 NSTEP =      874   TIME(PS) =       0.874  TEMP(K) =   188.07  PRESS =     0.0
 Etot   =  -4035658.4444  EKtot   =      4591.8277  EPtot      =  -4040250.2721
 BOND   =         0.0000  ANGLE   =         0.0000  DIHED      =         0.0000
 1-4 NB =         0.0000  1-4 EEL =         0.0000  VDWAALS    =      8397.4216
 EELEC  =  -4048647.6937  EHBOND  =         0.0000  RESTRAINT  =         0.0000
 Ewald error estimate:   0.0000E+00
 ------------------------------------------------------------------------------


 NSTEP =      875   TIME(PS) =       0.875  TEMP(K) =   188.29  PRESS =     0.0
 Etot   =  -4035658.4569  EKtot   =      4597.1740  EPtot      =  -4040255.6308
 BOND   =         0.0000  ANGLE   =         0.0000  DIHED      =         0.0000
 1-4 NB =         0.0000  1-4 EEL =         0.0000  VDWAALS    =      8397.2610
 EELEC  =  -4048652.8919  EHBOND  =         0.0000  RESTRAINT  =         0.0000
 Ewald error estimate:   0.0000E+00
 ------------------------------------------------------------------------------


 NSTEP =      876   TIME(PS) =       0.876  TEMP(K) =   188.53  PRESS =     0.0
 Etot   =  -4035658.4841  EKtot   =      4602.9752  EPtot      =  -4040261.4592
 BOND   =         0.0000  ANGLE   =         0.0000  DIHED      =         0.0000
 1-4 NB =         0.0000  1-4 EEL =         0.0000  VDWAALS    =      8396.8723
 EELEC  =  -4048658.3315  EHBOND  =         0.0000  RESTRAINT  =         0.0000
 Ewald error estimate:   0.0000E+00
 ------------------------------------------------------------------------------


 NSTEP =      877   TIME(PS) =       0.877  TEMP(K) =   188.77  PRESS =     0.0
 Etot   =  -4035658.5196  EKtot   =      4608.8170  EPtot      =  -4040267.3367
 BOND   =         0.0000  ANGLE   =         0.0000  DIHED      =         0.0000
 1-4 NB =         0.0000  1-4 EEL =         0.0000  VDWAALS    =      8396.2251
 EELEC  =  -4048663.5618  EHBOND  =         0.0000  RESTRAINT  =         0.0000
 Ewald error estimate:   0.0000E+00
 ------------------------------------------------------------------------------


 NSTEP =      878   TIME(PS) =       0.878  TEMP(K) =   188.99  PRESS =     0.0
 Etot   =  -4035658.5329  EKtot   =      4614.3379  EPtot      =  -4040272.8709
 BOND   =         0.0000  ANGLE   =         0.0000  DIHED      =         0.0000
 1-4 NB =         0.0000  1-4 EEL =         0.0000  VDWAALS    =      8395.3165
 EELEC  =  -4048668.1874  EHBOND  =         0.0000  RESTRAINT  =         0.0000
 Ewald error estimate:   0.0000E+00
 ------------------------------------------------------------------------------


 NSTEP =      879   TIME(PS) =       0.879  TEMP(K) =   189.19  PRESS =     0.0
 Etot   =  -4035658.5195  EKtot   =      4619.2469  EPtot      =  -4040277.7664
 BOND   =         0.0000  ANGLE   =         0.0000  DIHED      =         0.0000
 1-4 NB =         0.0000  1-4 EEL =         0.0000  VDWAALS    =      8394.1130
 EELEC  =  -4048671.8794  EHBOND  =         0.0000  RESTRAINT  =         0.0000
 Ewald error estimate:   0.0000E+00
 ------------------------------------------------------------------------------


 NSTEP =      880   TIME(PS) =       0.880  TEMP(K) =   189.36  PRESS =     0.0
 Etot   =  -4035658.5466  EKtot   =      4623.3312  EPtot      =  -4040281.8777
 BOND   =         0.0000  ANGLE   =         0.0000  DIHED      =         0.0000
 1-4 NB =         0.0000  1-4 EEL =         0.0000  VDWAALS    =      8392.5158
 EELEC  =  -4048674.3936  EHBOND  =         0.0000  RESTRAINT  =         0.0000
 Ewald error estimate:   0.0000E+00
 ------------------------------------------------------------------------------


 NSTEP =      881   TIME(PS) =       0.881  TEMP(K) =   189.49  PRESS =     0.0
 Etot   =  -4035658.5286  EKtot   =      4626.4565  EPtot      =  -4040284.9851
 BOND   =         0.0000  ANGLE   =         0.0000  DIHED      =         0.0000
 1-4 NB =         0.0000  1-4 EEL =         0.0000  VDWAALS    =      8390.5901
 EELEC  =  -4048675.5751  EHBOND  =         0.0000  RESTRAINT  =         0.0000
 Ewald error estimate:   0.0000E+00
 ------------------------------------------------------------------------------


 NSTEP =      882   TIME(PS) =       0.882  TEMP(K) =   189.57  PRESS =     0.0
 Etot   =  -4035658.5075  EKtot   =      4628.5637  EPtot      =  -4040287.0712
 BOND   =         0.0000  ANGLE   =         0.0000  DIHED      =         0.0000
 1-4 NB =         0.0000  1-4 EEL =         0.0000  VDWAALS    =      8388.2862
 EELEC  =  -4048675.3574  EHBOND  =         0.0000  RESTRAINT  =         0.0000
 Ewald error estimate:   0.0000E+00
 ------------------------------------------------------------------------------


 NSTEP =      883   TIME(PS) =       0.883  TEMP(K) =   189.62  PRESS =     0.0
 Etot   =  -4035658.5113  EKtot   =      4629.6652  EPtot      =  -4040288.1765
 BOND   =         0.0000  ANGLE   =         0.0000  DIHED      =         0.0000
 1-4 NB =         0.0000  1-4 EEL =         0.0000  VDWAALS    =      8385.5766
 EELEC  =  -4048673.7531  EHBOND  =         0.0000  RESTRAINT  =         0.0000
 Ewald error estimate:   0.0000E+00
 ------------------------------------------------------------------------------


 NSTEP =      884   TIME(PS) =       0.884  TEMP(K) =   189.63  PRESS =     0.0
 Etot   =  -4035658.5040  EKtot   =      4629.8420  EPtot      =  -4040288.3460
 BOND   =         0.0000  ANGLE   =         0.0000  DIHED      =         0.0000
 1-4 NB =         0.0000  1-4 EEL =         0.0000  VDWAALS    =      8382.5144
 EELEC  =  -4048670.8604  EHBOND  =         0.0000  RESTRAINT  =         0.0000
 Ewald error estimate:   0.0000E+00
 ------------------------------------------------------------------------------


 NSTEP =      885   TIME(PS) =       0.885  TEMP(K) =   189.60  PRESS =     0.0
 Etot   =  -4035658.5131  EKtot   =      4629.2426  EPtot      =  -4040287.7557
 BOND   =         0.0000  ANGLE   =         0.0000  DIHED      =         0.0000
 1-4 NB =         0.0000  1-4 EEL =         0.0000  VDWAALS    =      8379.0972
 EELEC  =  -4048666.8528  EHBOND  =         0.0000  RESTRAINT  =         0.0000
 Ewald error estimate:   0.0000E+00
 ------------------------------------------------------------------------------


 NSTEP =      886   TIME(PS) =       0.886  TEMP(K) =   189.55  PRESS =     0.0
 Etot   =  -4035658.5009  EKtot   =      4628.0802  EPtot      =  -4040286.5811
 BOND   =         0.0000  ANGLE   =         0.0000  DIHED      =         0.0000
 1-4 NB =         0.0000  1-4 EEL =         0.0000  VDWAALS    =      8375.3918
 EELEC  =  -4048661.9728  EHBOND  =         0.0000  RESTRAINT  =         0.0000
 Ewald error estimate:   0.0000E+00
 ------------------------------------------------------------------------------


 NSTEP =      887   TIME(PS) =       0.887  TEMP(K) =   189.49  PRESS =     0.0
 Etot   =  -4035658.4981  EKtot   =      4626.6268  EPtot      =  -4040285.1249
 BOND   =         0.0000  ANGLE   =         0.0000  DIHED      =         0.0000
 1-4 NB =         0.0000  1-4 EEL =         0.0000  VDWAALS    =      8371.4095
 EELEC  =  -4048656.5344  EHBOND  =         0.0000  RESTRAINT  =         0.0000
 Ewald error estimate:   0.0000E+00
 ------------------------------------------------------------------------------


 NSTEP =      888   TIME(PS) =       0.888  TEMP(K) =   189.44  PRESS =     0.0
 Etot   =  -4035658.4666  EKtot   =      4625.2007  EPtot      =  -4040283.6673
 BOND   =         0.0000  ANGLE   =         0.0000  DIHED      =         0.0000
 1-4 NB =         0.0000  1-4 EEL =         0.0000  VDWAALS    =      8367.2447
 EELEC  =  -4048650.9120  EHBOND  =         0.0000  RESTRAINT  =         0.0000
 Ewald error estimate:   0.0000E+00
 ------------------------------------------------------------------------------


 NSTEP =      889   TIME(PS) =       0.889  TEMP(K) =   189.39  PRESS =     0.0
 Etot   =  -4035658.4563  EKtot   =      4624.1456  EPtot      =  -4040282.6019
 BOND   =         0.0000  ANGLE   =         0.0000  DIHED      =         0.0000
 1-4 NB =         0.0000  1-4 EEL =         0.0000  VDWAALS    =      8362.8954
 EELEC  =  -4048645.4974  EHBOND  =         0.0000  RESTRAINT  =         0.0000
 Ewald error estimate:   0.0000E+00
 ------------------------------------------------------------------------------


 NSTEP =      890   TIME(PS) =       0.890  TEMP(K) =   189.38  PRESS =     0.0
 Etot   =  -4035658.4497  EKtot   =      4623.8025  EPtot      =  -4040282.2523
 BOND   =         0.0000  ANGLE   =         0.0000  DIHED      =         0.0000
 1-4 NB =         0.0000  1-4 EEL =         0.0000  VDWAALS    =      8358.4299
 EELEC  =  -4048640.6822  EHBOND  =         0.0000  RESTRAINT  =         0.0000
 Ewald error estimate:   0.0000E+00
 ------------------------------------------------------------------------------


 NSTEP =      891   TIME(PS) =       0.891  TEMP(K) =   189.41  PRESS =     0.0
 Etot   =  -4035658.4428  EKtot   =      4624.4751  EPtot      =  -4040282.9179
 BOND   =         0.0000  ANGLE   =         0.0000  DIHED      =         0.0000
 1-4 NB =         0.0000  1-4 EEL =         0.0000  VDWAALS    =      8353.9062
 EELEC  =  -4048636.8241  EHBOND  =         0.0000  RESTRAINT  =         0.0000
 Ewald error estimate:   0.0000E+00
 ------------------------------------------------------------------------------


 NSTEP =      892   TIME(PS) =       0.892  TEMP(K) =   189.48  PRESS =     0.0
 Etot   =  -4035658.4493  EKtot   =      4626.3945  EPtot      =  -4040284.8438
 BOND   =         0.0000  ANGLE   =         0.0000  DIHED      =         0.0000
 1-4 NB =         0.0000  1-4 EEL =         0.0000  VDWAALS    =      8349.3652
 EELEC  =  -4048634.2090  EHBOND  =         0.0000  RESTRAINT  =         0.0000
 Ewald error estimate:   0.0000E+00
 ------------------------------------------------------------------------------


 NSTEP =      893   TIME(PS) =       0.893  TEMP(K) =   189.62  PRESS =     0.0
 Etot   =  -4035658.4407  EKtot   =      4629.6889  EPtot      =  -4040288.1296
 BOND   =         0.0000  ANGLE   =         0.0000  DIHED      =         0.0000
 1-4 NB =         0.0000  1-4 EEL =         0.0000  VDWAALS    =      8344.8772
 EELEC  =  -4048633.0069  EHBOND  =         0.0000  RESTRAINT  =         0.0000
 Ewald error estimate:   0.0000E+00
 ------------------------------------------------------------------------------


 NSTEP =      894   TIME(PS) =       0.894  TEMP(K) =   189.81  PRESS =     0.0
 Etot   =  -4035658.4500  EKtot   =      4634.3609  EPtot      =  -4040292.8109
 BOND   =         0.0000  ANGLE   =         0.0000  DIHED      =         0.0000
 1-4 NB =         0.0000  1-4 EEL =         0.0000  VDWAALS    =      8340.4517
 EELEC  =  -4048633.2626  EHBOND  =         0.0000  RESTRAINT  =         0.0000
 Ewald error estimate:   0.0000E+00
 ------------------------------------------------------------------------------


 NSTEP =      895   TIME(PS) =       0.895  TEMP(K) =   190.05  PRESS =     0.0
 Etot   =  -4035658.4855  EKtot   =      4640.2786  EPtot      =  -4040298.7641
 BOND   =         0.0000  ANGLE   =         0.0000  DIHED      =         0.0000
 1-4 NB =         0.0000  1-4 EEL =         0.0000  VDWAALS    =      8336.1207
 EELEC  =  -4048634.8848  EHBOND  =         0.0000  RESTRAINT  =         0.0000
 Ewald error estimate:   0.0000E+00
 ------------------------------------------------------------------------------


 NSTEP =      896   TIME(PS) =       0.896  TEMP(K) =   190.34  PRESS =     0.0
 Etot   =  -4035658.5419  EKtot   =      4647.1789  EPtot      =  -4040305.7208
 BOND   =         0.0000  ANGLE   =         0.0000  DIHED      =         0.0000
 1-4 NB =         0.0000  1-4 EEL =         0.0000  VDWAALS    =      8331.9219
 EELEC  =  -4048637.6426  EHBOND  =         0.0000  RESTRAINT  =         0.0000
 Ewald error estimate:   0.0000E+00
 ------------------------------------------------------------------------------


 NSTEP =      897   TIME(PS) =       0.897  TEMP(K) =   190.64  PRESS =     0.0
 Etot   =  -4035658.5810  EKtot   =      4654.6854  EPtot      =  -4040313.2663
 BOND   =         0.0000  ANGLE   =         0.0000  DIHED      =         0.0000
 1-4 NB =         0.0000  1-4 EEL =         0.0000  VDWAALS    =      8327.9155
 EELEC  =  -4048641.1818  EHBOND  =         0.0000  RESTRAINT  =         0.0000
 Ewald error estimate:   0.0000E+00
 ------------------------------------------------------------------------------


 NSTEP =      898   TIME(PS) =       0.898  TEMP(K) =   190.96  PRESS =     0.0
 Etot   =  -4035658.5927  EKtot   =      4662.3371  EPtot      =  -4040320.9298
 BOND   =         0.0000  ANGLE   =         0.0000  DIHED      =         0.0000
 1-4 NB =         0.0000  1-4 EEL =         0.0000  VDWAALS    =      8324.1404
 EELEC  =  -4048645.0703  EHBOND  =         0.0000  RESTRAINT  =         0.0000
 Ewald error estimate:   0.0000E+00
 ------------------------------------------------------------------------------


 NSTEP =      899   TIME(PS) =       0.899  TEMP(K) =   191.26  PRESS =     0.0
 Etot   =  -4035658.6289  EKtot   =      4669.6264  EPtot      =  -4040328.2553
 BOND   =         0.0000  ANGLE   =         0.0000  DIHED      =         0.0000
 1-4 NB =         0.0000  1-4 EEL =         0.0000  VDWAALS    =      8320.5436
 EELEC  =  -4048648.7989  EHBOND  =         0.0000  RESTRAINT  =         0.0000
 Ewald error estimate:   0.0000E+00
 ------------------------------------------------------------------------------


 NSTEP =      900   TIME(PS) =       0.900  TEMP(K) =   191.52  PRESS =     0.0
 Etot   =  -4035658.6434  EKtot   =      4676.0424  EPtot      =  -4040334.6859
 BOND   =         0.0000  ANGLE   =         0.0000  DIHED      =         0.0000
 1-4 NB =         0.0000  1-4 EEL =         0.0000  VDWAALS    =      8317.1892
 EELEC  =  -4048651.8751  EHBOND  =         0.0000  RESTRAINT  =         0.0000
 Ewald error estimate:   0.0000E+00
 ------------------------------------------------------------------------------


 NSTEP =      901   TIME(PS) =       0.901  TEMP(K) =   191.73  PRESS =     0.0
 Etot   =  -4035658.6982  EKtot   =      4681.1178  EPtot      =  -4040339.8160
 BOND   =         0.0000  ANGLE   =         0.0000  DIHED      =         0.0000
 1-4 NB =         0.0000  1-4 EEL =         0.0000  VDWAALS    =      8314.0054
 EELEC  =  -4048653.8214  EHBOND  =         0.0000  RESTRAINT  =         0.0000
 Ewald error estimate:   0.0000E+00
 ------------------------------------------------------------------------------


 NSTEP =      902   TIME(PS) =       0.902  TEMP(K) =   191.86  PRESS =     0.0
 Etot   =  -4035658.7027  EKtot   =      4684.4737  EPtot      =  -4040343.1764
 BOND   =         0.0000  ANGLE   =         0.0000  DIHED      =         0.0000
 1-4 NB =         0.0000  1-4 EEL =         0.0000  VDWAALS    =      8311.0820
 EELEC  =  -4048654.2584  EHBOND  =         0.0000  RESTRAINT  =         0.0000
 Ewald error estimate:   0.0000E+00
 ------------------------------------------------------------------------------


 NSTEP =      903   TIME(PS) =       0.903  TEMP(K) =   191.92  PRESS =     0.0
 Etot   =  -4035658.6849  EKtot   =      4685.8596  EPtot      =  -4040344.5445
 BOND   =         0.0000  ANGLE   =         0.0000  DIHED      =         0.0000
 1-4 NB =         0.0000  1-4 EEL =         0.0000  VDWAALS    =      8308.3845
 EELEC  =  -4048652.9290  EHBOND  =         0.0000  RESTRAINT  =         0.0000
 Ewald error estimate:   0.0000E+00
 ------------------------------------------------------------------------------


 NSTEP =      904   TIME(PS) =       0.904  TEMP(K) =   191.89  PRESS =     0.0
 Etot   =  -4035658.6932  EKtot   =      4685.1814  EPtot      =  -4040343.8746
 BOND   =         0.0000  ANGLE   =         0.0000  DIHED      =         0.0000
 1-4 NB =         0.0000  1-4 EEL =         0.0000  VDWAALS    =      8305.8407
 EELEC  =  -4048649.7152  EHBOND  =         0.0000  RESTRAINT  =         0.0000
 Ewald error estimate:   0.0000E+00
 ------------------------------------------------------------------------------


 NSTEP =      905   TIME(PS) =       0.905  TEMP(K) =   191.78  PRESS =     0.0
 Etot   =  -4035658.6837  EKtot   =      4682.5147  EPtot      =  -4040341.1985
 BOND   =         0.0000  ANGLE   =         0.0000  DIHED      =         0.0000
 1-4 NB =         0.0000  1-4 EEL =         0.0000  VDWAALS    =      8303.4776
 EELEC  =  -4048644.6760  EHBOND  =         0.0000  RESTRAINT  =         0.0000
 Ewald error estimate:   0.0000E+00
 ------------------------------------------------------------------------------


 NSTEP =      906   TIME(PS) =       0.906  TEMP(K) =   191.60  PRESS =     0.0
 Etot   =  -4035658.6488  EKtot   =      4678.1010  EPtot      =  -4040336.7498
 BOND   =         0.0000  ANGLE   =         0.0000  DIHED      =         0.0000
 1-4 NB =         0.0000  1-4 EEL =         0.0000  VDWAALS    =      8301.2860
 EELEC  =  -4048638.0358  EHBOND  =         0.0000  RESTRAINT  =         0.0000
 Ewald error estimate:   0.0000E+00
 ------------------------------------------------------------------------------


 NSTEP =      907   TIME(PS) =       0.907  TEMP(K) =   191.37  PRESS =     0.0
 Etot   =  -4035658.6040  EKtot   =      4672.3248  EPtot      =  -4040330.9288
 BOND   =         0.0000  ANGLE   =         0.0000  DIHED      =         0.0000
 1-4 NB =         0.0000  1-4 EEL =         0.0000  VDWAALS    =      8299.2311
 EELEC  =  -4048630.1599  EHBOND  =         0.0000  RESTRAINT  =         0.0000
 Ewald error estimate:   0.0000E+00
 ------------------------------------------------------------------------------


 NSTEP =      908   TIME(PS) =       0.908  TEMP(K) =   191.09  PRESS =     0.0
 Etot   =  -4035658.5796  EKtot   =      4665.6752  EPtot      =  -4040324.2548
 BOND   =         0.0000  ANGLE   =         0.0000  DIHED      =         0.0000
 1-4 NB =         0.0000  1-4 EEL =         0.0000  VDWAALS    =      8297.2667
 EELEC  =  -4048621.5214  EHBOND  =         0.0000  RESTRAINT  =         0.0000
 Ewald error estimate:   0.0000E+00
 ------------------------------------------------------------------------------


 NSTEP =      909   TIME(PS) =       0.909  TEMP(K) =   190.81  PRESS =     0.0
 Etot   =  -4035658.5847  EKtot   =      4658.6948  EPtot      =  -4040317.2795
 BOND   =         0.0000  ANGLE   =         0.0000  DIHED      =         0.0000
 1-4 NB =         0.0000  1-4 EEL =         0.0000  VDWAALS    =      8295.3635
 EELEC  =  -4048612.6431  EHBOND  =         0.0000  RESTRAINT  =         0.0000
 Ewald error estimate:   0.0000E+00
 ------------------------------------------------------------------------------


 NSTEP =      910   TIME(PS) =       0.910  TEMP(K) =   190.53  PRESS =     0.0
 Etot   =  -4035658.5546  EKtot   =      4651.9233  EPtot      =  -4040310.4779
 BOND   =         0.0000  ANGLE   =         0.0000  DIHED      =         0.0000
 1-4 NB =         0.0000  1-4 EEL =         0.0000  VDWAALS    =      8293.5799
 EELEC  =  -4048604.0578  EHBOND  =         0.0000  RESTRAINT  =         0.0000
 Ewald error estimate:   0.0000E+00
 ------------------------------------------------------------------------------


 NSTEP =      911   TIME(PS) =       0.911  TEMP(K) =   190.28  PRESS =     0.0
 Etot   =  -4035658.5236  EKtot   =      4645.8413  EPtot      =  -4040304.3649
 BOND   =         0.0000  ANGLE   =         0.0000  DIHED      =         0.0000
 1-4 NB =         0.0000  1-4 EEL =         0.0000  VDWAALS    =      8291.8783
 EELEC  =  -4048596.2432  EHBOND  =         0.0000  RESTRAINT  =         0.0000
 Ewald error estimate:   0.0000E+00
 ------------------------------------------------------------------------------


 NSTEP =      912   TIME(PS) =       0.912  TEMP(K) =   190.08  PRESS =     0.0
 Etot   =  -4035658.4983  EKtot   =      4640.8222  EPtot      =  -4040299.3205
 BOND   =         0.0000  ANGLE   =         0.0000  DIHED      =         0.0000
 1-4 NB =         0.0000  1-4 EEL =         0.0000  VDWAALS    =      8290.2464
 EELEC  =  -4048589.5669  EHBOND  =         0.0000  RESTRAINT  =         0.0000
 Ewald error estimate:   0.0000E+00
 ------------------------------------------------------------------------------


 NSTEP =      913   TIME(PS) =       0.913  TEMP(K) =   189.92  PRESS =     0.0
 Etot   =  -4035658.4982  EKtot   =      4637.0981  EPtot      =  -4040295.5963
 BOND   =         0.0000  ANGLE   =         0.0000  DIHED      =         0.0000
 1-4 NB =         0.0000  1-4 EEL =         0.0000  VDWAALS    =      8288.6703
 EELEC  =  -4048584.2667  EHBOND  =         0.0000  RESTRAINT  =         0.0000
 Ewald error estimate:   0.0000E+00
 ------------------------------------------------------------------------------


 NSTEP =      914   TIME(PS) =       0.914  TEMP(K) =   189.83  PRESS =     0.0
 Etot   =  -4035658.4611  EKtot   =      4634.7431  EPtot      =  -4040293.2042
 BOND   =         0.0000  ANGLE   =         0.0000  DIHED      =         0.0000
 1-4 NB =         0.0000  1-4 EEL =         0.0000  VDWAALS    =      8287.2237
 EELEC  =  -4048580.4279  EHBOND  =         0.0000  RESTRAINT  =         0.0000
 Ewald error estimate:   0.0000E+00
 ------------------------------------------------------------------------------


 NSTEP =      915   TIME(PS) =       0.915  TEMP(K) =   189.78  PRESS =     0.0
 Etot   =  -4035658.4664  EKtot   =      4633.6748  EPtot      =  -4040292.1412
 BOND   =         0.0000  ANGLE   =         0.0000  DIHED      =         0.0000
 1-4 NB =         0.0000  1-4 EEL =         0.0000  VDWAALS    =      8285.8412
 EELEC  =  -4048577.9824  EHBOND  =         0.0000  RESTRAINT  =         0.0000
 Ewald error estimate:   0.0000E+00
 ------------------------------------------------------------------------------


 NSTEP =      916   TIME(PS) =       0.916  TEMP(K) =   189.78  PRESS =     0.0
 Etot   =  -4035658.4652  EKtot   =      4633.6742  EPtot      =  -4040292.1394
 BOND   =         0.0000  ANGLE   =         0.0000  DIHED      =         0.0000
 1-4 NB =         0.0000  1-4 EEL =         0.0000  VDWAALS    =      8284.5802
 EELEC  =  -4048576.7196  EHBOND  =         0.0000  RESTRAINT  =         0.0000
 Ewald error estimate:   0.0000E+00
 ------------------------------------------------------------------------------


 NSTEP =      917   TIME(PS) =       0.917  TEMP(K) =   189.81  PRESS =     0.0
 Etot   =  -4035658.5166  EKtot   =      4634.4169  EPtot      =  -4040292.9336
 BOND   =         0.0000  ANGLE   =         0.0000  DIHED      =         0.0000
 1-4 NB =         0.0000  1-4 EEL =         0.0000  VDWAALS    =      8283.3978
 EELEC  =  -4048576.3314  EHBOND  =         0.0000  RESTRAINT  =         0.0000
 Ewald error estimate:   0.0000E+00
 ------------------------------------------------------------------------------


 NSTEP =      918   TIME(PS) =       0.918  TEMP(K) =   189.86  PRESS =     0.0
 Etot   =  -4035658.5457  EKtot   =      4635.5140  EPtot      =  -4040294.0597
 BOND   =         0.0000  ANGLE   =         0.0000  DIHED      =         0.0000
 1-4 NB =         0.0000  1-4 EEL =         0.0000  VDWAALS    =      8282.3821
 EELEC  =  -4048576.4418  EHBOND  =         0.0000  RESTRAINT  =         0.0000
 Ewald error estimate:   0.0000E+00
 ------------------------------------------------------------------------------


 NSTEP =      919   TIME(PS) =       0.919  TEMP(K) =   189.90  PRESS =     0.0
 Etot   =  -4035658.5642  EKtot   =      4636.5553  EPtot      =  -4040295.1195
 BOND   =         0.0000  ANGLE   =         0.0000  DIHED      =         0.0000
 1-4 NB =         0.0000  1-4 EEL =         0.0000  VDWAALS    =      8281.5361
 EELEC  =  -4048576.6556  EHBOND  =         0.0000  RESTRAINT  =         0.0000
 Ewald error estimate:   0.0000E+00
 ------------------------------------------------------------------------------


 NSTEP =      920   TIME(PS) =       0.920  TEMP(K) =   189.93  PRESS =     0.0
 Etot   =  -4035658.5893  EKtot   =      4637.1540  EPtot      =  -4040295.7433
 BOND   =         0.0000  ANGLE   =         0.0000  DIHED      =         0.0000
 1-4 NB =         0.0000  1-4 EEL =         0.0000  VDWAALS    =      8280.8449
 EELEC  =  -4048576.5882  EHBOND  =         0.0000  RESTRAINT  =         0.0000
 Ewald error estimate:   0.0000E+00
 ------------------------------------------------------------------------------


 NSTEP =      921   TIME(PS) =       0.921  TEMP(K) =   189.92  PRESS =     0.0
 Etot   =  -4035658.5812  EKtot   =      4636.9857  EPtot      =  -4040295.5670
 BOND   =         0.0000  ANGLE   =         0.0000  DIHED      =         0.0000
 1-4 NB =         0.0000  1-4 EEL =         0.0000  VDWAALS    =      8280.3441
 EELEC  =  -4048575.9111  EHBOND  =         0.0000  RESTRAINT  =         0.0000
 Ewald error estimate:   0.0000E+00
 ------------------------------------------------------------------------------


 NSTEP =      922   TIME(PS) =       0.922  TEMP(K) =   189.87  PRESS =     0.0
 Etot   =  -4035658.5746  EKtot   =      4635.8231  EPtot      =  -4040294.3977
 BOND   =         0.0000  ANGLE   =         0.0000  DIHED      =         0.0000
 1-4 NB =         0.0000  1-4 EEL =         0.0000  VDWAALS    =      8279.9835
 EELEC  =  -4048574.3812  EHBOND  =         0.0000  RESTRAINT  =         0.0000
 Ewald error estimate:   0.0000E+00
 ------------------------------------------------------------------------------


 NSTEP =      923   TIME(PS) =       0.923  TEMP(K) =   189.78  PRESS =     0.0
 Etot   =  -4035658.6062  EKtot   =      4633.5595  EPtot      =  -4040292.1657
 BOND   =         0.0000  ANGLE   =         0.0000  DIHED      =         0.0000
 1-4 NB =         0.0000  1-4 EEL =         0.0000  VDWAALS    =      8279.7067
 EELEC  =  -4048571.8724  EHBOND  =         0.0000  RESTRAINT  =         0.0000
 Ewald error estimate:   0.0000E+00
 ------------------------------------------------------------------------------


 NSTEP =      924   TIME(PS) =       0.924  TEMP(K) =   189.64  PRESS =     0.0
 Etot   =  -4035658.5998  EKtot   =      4630.2211  EPtot      =  -4040288.8210
 BOND   =         0.0000  ANGLE   =         0.0000  DIHED      =         0.0000
 1-4 NB =         0.0000  1-4 EEL =         0.0000  VDWAALS    =      8279.5587
 EELEC  =  -4048568.3797  EHBOND  =         0.0000  RESTRAINT  =         0.0000
 Ewald error estimate:   0.0000E+00
 ------------------------------------------------------------------------------


 NSTEP =      925   TIME(PS) =       0.925  TEMP(K) =   189.47  PRESS =     0.0
 Etot   =  -4035658.5995  EKtot   =      4625.9630  EPtot      =  -4040284.5626
 BOND   =         0.0000  ANGLE   =         0.0000  DIHED      =         0.0000
 1-4 NB =         0.0000  1-4 EEL =         0.0000  VDWAALS    =      8279.4457
 EELEC  =  -4048564.0083  EHBOND  =         0.0000  RESTRAINT  =         0.0000
 Ewald error estimate:   0.0000E+00
 ------------------------------------------------------------------------------


 NSTEP =      926   TIME(PS) =       0.926  TEMP(K) =   189.27  PRESS =     0.0
 Etot   =  -4035658.5923  EKtot   =      4621.0491  EPtot      =  -4040279.6414
 BOND   =         0.0000  ANGLE   =         0.0000  DIHED      =         0.0000
 1-4 NB =         0.0000  1-4 EEL =         0.0000  VDWAALS    =      8279.3441
 EELEC  =  -4048558.9856  EHBOND  =         0.0000  RESTRAINT  =         0.0000
 Ewald error estimate:   0.0000E+00
 ------------------------------------------------------------------------------


 NSTEP =      927   TIME(PS) =       0.927  TEMP(K) =   189.05  PRESS =     0.0
 Etot   =  -4035658.5691  EKtot   =      4615.8183  EPtot      =  -4040274.3874
 BOND   =         0.0000  ANGLE   =         0.0000  DIHED      =         0.0000
 1-4 NB =         0.0000  1-4 EEL =         0.0000  VDWAALS    =      8279.2130
 EELEC  =  -4048553.6004  EHBOND  =         0.0000  RESTRAINT  =         0.0000
 Ewald error estimate:   0.0000E+00
 ------------------------------------------------------------------------------


 NSTEP =      928   TIME(PS) =       0.928  TEMP(K) =   188.84  PRESS =     0.0
 Etot   =  -4035658.5438  EKtot   =      4610.6403  EPtot      =  -4040269.1841
 BOND   =         0.0000  ANGLE   =         0.0000  DIHED      =         0.0000
 1-4 NB =         0.0000  1-4 EEL =         0.0000  VDWAALS    =      8278.9829
 EELEC  =  -4048548.1670  EHBOND  =         0.0000  RESTRAINT  =         0.0000
 Ewald error estimate:   0.0000E+00
 ------------------------------------------------------------------------------


 NSTEP =      929   TIME(PS) =       0.929  TEMP(K) =   188.64  PRESS =     0.0
 Etot   =  -4035658.5165  EKtot   =      4605.8686  EPtot      =  -4040264.3851
 BOND   =         0.0000  ANGLE   =         0.0000  DIHED      =         0.0000
 1-4 NB =         0.0000  1-4 EEL =         0.0000  VDWAALS    =      8278.6067
 EELEC  =  -4048542.9918  EHBOND  =         0.0000  RESTRAINT  =         0.0000
 Ewald error estimate:   0.0000E+00
 ------------------------------------------------------------------------------


 NSTEP =      930   TIME(PS) =       0.930  TEMP(K) =   188.48  PRESS =     0.0
 Etot   =  -4035658.5227  EKtot   =      4601.7972  EPtot      =  -4040260.3199
 BOND   =         0.0000  ANGLE   =         0.0000  DIHED      =         0.0000
 1-4 NB =         0.0000  1-4 EEL =         0.0000  VDWAALS    =      8278.0127
 EELEC  =  -4048538.3327  EHBOND  =         0.0000  RESTRAINT  =         0.0000
 Ewald error estimate:   0.0000E+00
 ------------------------------------------------------------------------------


 NSTEP =      931   TIME(PS) =       0.931  TEMP(K) =   188.35  PRESS =     0.0
 Etot   =  -4035658.5246  EKtot   =      4598.6283  EPtot      =  -4040257.1530
 BOND   =         0.0000  ANGLE   =         0.0000  DIHED      =         0.0000
 1-4 NB =         0.0000  1-4 EEL =         0.0000  VDWAALS    =      8277.2092
 EELEC  =  -4048534.3622  EHBOND  =         0.0000  RESTRAINT  =         0.0000
 Ewald error estimate:   0.0000E+00
 ------------------------------------------------------------------------------


 NSTEP =      932   TIME(PS) =       0.932  TEMP(K) =   188.26  PRESS =     0.0
 Etot   =  -4035658.5087  EKtot   =      4596.4569  EPtot      =  -4040254.9657
 BOND   =         0.0000  ANGLE   =         0.0000  DIHED      =         0.0000
 1-4 NB =         0.0000  1-4 EEL =         0.0000  VDWAALS    =      8276.1670
 EELEC  =  -4048531.1326  EHBOND  =         0.0000  RESTRAINT  =         0.0000
 Ewald error estimate:   0.0000E+00
 ------------------------------------------------------------------------------


 NSTEP =      933   TIME(PS) =       0.933  TEMP(K) =   188.21  PRESS =     0.0
 Etot   =  -4035658.5382  EKtot   =      4595.2717  EPtot      =  -4040253.8099
 BOND   =         0.0000  ANGLE   =         0.0000  DIHED      =         0.0000
 1-4 NB =         0.0000  1-4 EEL =         0.0000  VDWAALS    =      8274.8307
 EELEC  =  -4048528.6405  EHBOND  =         0.0000  RESTRAINT  =         0.0000
 Ewald error estimate:   0.0000E+00
 ------------------------------------------------------------------------------


 NSTEP =      934   TIME(PS) =       0.934  TEMP(K) =   188.20  PRESS =     0.0
 Etot   =  -4035658.5419  EKtot   =      4594.9716  EPtot      =  -4040253.5134
 BOND   =         0.0000  ANGLE   =         0.0000  DIHED      =         0.0000
 1-4 NB =         0.0000  1-4 EEL =         0.0000  VDWAALS    =      8273.2549
 EELEC  =  -4048526.7684  EHBOND  =         0.0000  RESTRAINT  =         0.0000
 Ewald error estimate:   0.0000E+00
 ------------------------------------------------------------------------------


 NSTEP =      935   TIME(PS) =       0.935  TEMP(K) =   188.22  PRESS =     0.0
 Etot   =  -4035658.5341  EKtot   =      4595.3921  EPtot      =  -4040253.9263
 BOND   =         0.0000  ANGLE   =         0.0000  DIHED      =         0.0000
 1-4 NB =         0.0000  1-4 EEL =         0.0000  VDWAALS    =      8271.4261
 EELEC  =  -4048525.3524  EHBOND  =         0.0000  RESTRAINT  =         0.0000
 Ewald error estimate:   0.0000E+00
 ------------------------------------------------------------------------------


 NSTEP =      936   TIME(PS) =       0.936  TEMP(K) =   188.25  PRESS =     0.0
 Etot   =  -4035658.5418  EKtot   =      4596.3339  EPtot      =  -4040254.8756
 BOND   =         0.0000  ANGLE   =         0.0000  DIHED      =         0.0000
 1-4 NB =         0.0000  1-4 EEL =         0.0000  VDWAALS    =      8269.3500
 EELEC  =  -4048524.2256  EHBOND  =         0.0000  RESTRAINT  =         0.0000
 Ewald error estimate:   0.0000E+00
 ------------------------------------------------------------------------------


 NSTEP =      937   TIME(PS) =       0.937  TEMP(K) =   188.31  PRESS =     0.0
 Etot   =  -4035658.5497  EKtot   =      4597.5881  EPtot      =  -4040256.1378
 BOND   =         0.0000  ANGLE   =         0.0000  DIHED      =         0.0000
 1-4 NB =         0.0000  1-4 EEL =         0.0000  VDWAALS    =      8267.0290
 EELEC  =  -4048523.1668  EHBOND  =         0.0000  RESTRAINT  =         0.0000
 Ewald error estimate:   0.0000E+00
 ------------------------------------------------------------------------------


 NSTEP =      938   TIME(PS) =       0.938  TEMP(K) =   188.36  PRESS =     0.0
 Etot   =  -4035658.5514  EKtot   =      4598.9543  EPtot      =  -4040257.5058
 BOND   =         0.0000  ANGLE   =         0.0000  DIHED      =         0.0000
 1-4 NB =         0.0000  1-4 EEL =         0.0000  VDWAALS    =      8264.5214
 EELEC  =  -4048522.0271  EHBOND  =         0.0000  RESTRAINT  =         0.0000
 Ewald error estimate:   0.0000E+00
 ------------------------------------------------------------------------------


 NSTEP =      939   TIME(PS) =       0.939  TEMP(K) =   188.41  PRESS =     0.0
 Etot   =  -4035658.5740  EKtot   =      4600.2512  EPtot      =  -4040258.8252
 BOND   =         0.0000  ANGLE   =         0.0000  DIHED      =         0.0000
 1-4 NB =         0.0000  1-4 EEL =         0.0000  VDWAALS    =      8261.8160
 EELEC  =  -4048520.6413  EHBOND  =         0.0000  RESTRAINT  =         0.0000
 Ewald error estimate:   0.0000E+00
 ------------------------------------------------------------------------------


 NSTEP =      940   TIME(PS) =       0.940  TEMP(K) =   188.46  PRESS =     0.0
 Etot   =  -4035658.5914  EKtot   =      4601.3222  EPtot      =  -4040259.9135
 BOND   =         0.0000  ANGLE   =         0.0000  DIHED      =         0.0000
 1-4 NB =         0.0000  1-4 EEL =         0.0000  VDWAALS    =      8258.9613
 EELEC  =  -4048518.8748  EHBOND  =         0.0000  RESTRAINT  =         0.0000
 Ewald error estimate:   0.0000E+00
 ------------------------------------------------------------------------------


 NSTEP =      941   TIME(PS) =       0.941  TEMP(K) =   188.49  PRESS =     0.0
 Etot   =  -4035658.5961  EKtot   =      4602.0410  EPtot      =  -4040260.6371
 BOND   =         0.0000  ANGLE   =         0.0000  DIHED      =         0.0000
 1-4 NB =         0.0000  1-4 EEL =         0.0000  VDWAALS    =      8255.9961
 EELEC  =  -4048516.6332  EHBOND  =         0.0000  RESTRAINT  =         0.0000
 Ewald error estimate:   0.0000E+00
 ------------------------------------------------------------------------------


 NSTEP =      942   TIME(PS) =       0.942  TEMP(K) =   188.50  PRESS =     0.0
 Etot   =  -4035658.5758  EKtot   =      4602.3199  EPtot      =  -4040260.8957
 BOND   =         0.0000  ANGLE   =         0.0000  DIHED      =         0.0000
 1-4 NB =         0.0000  1-4 EEL =         0.0000  VDWAALS    =      8252.9427
 EELEC  =  -4048513.8384  EHBOND  =         0.0000  RESTRAINT  =         0.0000
 Ewald error estimate:   0.0000E+00
 ------------------------------------------------------------------------------


 NSTEP =      943   TIME(PS) =       0.943  TEMP(K) =   188.49  PRESS =     0.0
 Etot   =  -4035658.5620  EKtot   =      4602.1230  EPtot      =  -4040260.6850
 BOND   =         0.0000  ANGLE   =         0.0000  DIHED      =         0.0000
 1-4 NB =         0.0000  1-4 EEL =         0.0000  VDWAALS    =      8249.8030
 EELEC  =  -4048510.4880  EHBOND  =         0.0000  RESTRAINT  =         0.0000
 Ewald error estimate:   0.0000E+00
 ------------------------------------------------------------------------------


 NSTEP =      944   TIME(PS) =       0.944  TEMP(K) =   188.46  PRESS =     0.0
 Etot   =  -4035658.5437  EKtot   =      4601.4821  EPtot      =  -4040260.0258
 BOND   =         0.0000  ANGLE   =         0.0000  DIHED      =         0.0000
 1-4 NB =         0.0000  1-4 EEL =         0.0000  VDWAALS    =      8246.5999
 EELEC  =  -4048506.6257  EHBOND  =         0.0000  RESTRAINT  =         0.0000
 Ewald error estimate:   0.0000E+00
 ------------------------------------------------------------------------------


 NSTEP =      945   TIME(PS) =       0.945  TEMP(K) =   188.42  PRESS =     0.0
 Etot   =  -4035658.5251  EKtot   =      4600.5114  EPtot      =  -4040259.0364
 BOND   =         0.0000  ANGLE   =         0.0000  DIHED      =         0.0000
 1-4 NB =         0.0000  1-4 EEL =         0.0000  VDWAALS    =      8243.3378
 EELEC  =  -4048502.3742  EHBOND  =         0.0000  RESTRAINT  =         0.0000
 Ewald error estimate:   0.0000E+00
 ------------------------------------------------------------------------------


 NSTEP =      946   TIME(PS) =       0.946  TEMP(K) =   188.38  PRESS =     0.0
 Etot   =  -4035658.5387  EKtot   =      4599.4141  EPtot      =  -4040257.9527
 BOND   =         0.0000  ANGLE   =         0.0000  DIHED      =         0.0000
 1-4 NB =         0.0000  1-4 EEL =         0.0000  VDWAALS    =      8240.0068
 EELEC  =  -4048497.9595  EHBOND  =         0.0000  RESTRAINT  =         0.0000
 Ewald error estimate:   0.0000E+00
 ------------------------------------------------------------------------------


 NSTEP =      947   TIME(PS) =       0.947  TEMP(K) =   188.34  PRESS =     0.0
 Etot   =  -4035658.5108  EKtot   =      4598.4751  EPtot      =  -4040256.9859
 BOND   =         0.0000  ANGLE   =         0.0000  DIHED      =         0.0000
 1-4 NB =         0.0000  1-4 EEL =         0.0000  VDWAALS    =      8236.6992
 EELEC  =  -4048493.6852  EHBOND  =         0.0000  RESTRAINT  =         0.0000
 Ewald error estimate:   0.0000E+00
 ------------------------------------------------------------------------------


 NSTEP =      948   TIME(PS) =       0.948  TEMP(K) =   188.32  PRESS =     0.0
 Etot   =  -4035658.4874  EKtot   =      4598.0387  EPtot      =  -4040256.5261
 BOND   =         0.0000  ANGLE   =         0.0000  DIHED      =         0.0000
 1-4 NB =         0.0000  1-4 EEL =         0.0000  VDWAALS    =      8233.3979
 EELEC  =  -4048489.9240  EHBOND  =         0.0000  RESTRAINT  =         0.0000
 Ewald error estimate:   0.0000E+00
 ------------------------------------------------------------------------------


 NSTEP =      949   TIME(PS) =       0.949  TEMP(K) =   188.34  PRESS =     0.0
 Etot   =  -4035658.4504  EKtot   =      4598.4685  EPtot      =  -4040256.9190
 BOND   =         0.0000  ANGLE   =         0.0000  DIHED      =         0.0000
 1-4 NB =         0.0000  1-4 EEL =         0.0000  VDWAALS    =      8230.1412
 EELEC  =  -4048487.0601  EHBOND  =         0.0000  RESTRAINT  =         0.0000
 Ewald error estimate:   0.0000E+00
 ------------------------------------------------------------------------------


 NSTEP =      950   TIME(PS) =       0.950  TEMP(K) =   188.41  PRESS =     0.0
 Etot   =  -4035658.4263  EKtot   =      4600.0982  EPtot      =  -4040258.5245
 BOND   =         0.0000  ANGLE   =         0.0000  DIHED      =         0.0000
 1-4 NB =         0.0000  1-4 EEL =         0.0000  VDWAALS    =      8226.9332
 EELEC  =  -4048485.4577  EHBOND  =         0.0000  RESTRAINT  =         0.0000
 Ewald error estimate:   0.0000E+00
 ------------------------------------------------------------------------------


 NSTEP =      951   TIME(PS) =       0.951  TEMP(K) =   188.53  PRESS =     0.0
 Etot   =  -4035658.4455  EKtot   =      4603.1759  EPtot      =  -4040261.6214
 BOND   =         0.0000  ANGLE   =         0.0000  DIHED      =         0.0000
 1-4 NB =         0.0000  1-4 EEL =         0.0000  VDWAALS    =      8223.7712
 EELEC  =  -4048485.3925  EHBOND  =         0.0000  RESTRAINT  =         0.0000
 Ewald error estimate:   0.0000E+00
 ------------------------------------------------------------------------------


 NSTEP =      952   TIME(PS) =       0.952  TEMP(K) =   188.72  PRESS =     0.0
 Etot   =  -4035658.4508  EKtot   =      4607.8131  EPtot      =  -4040266.2639
 BOND   =         0.0000  ANGLE   =         0.0000  DIHED      =         0.0000
 1-4 NB =         0.0000  1-4 EEL =         0.0000  VDWAALS    =      8220.7509
 EELEC  =  -4048487.0149  EHBOND  =         0.0000  RESTRAINT  =         0.0000
 Ewald error estimate:   0.0000E+00
 ------------------------------------------------------------------------------


 NSTEP =      953   TIME(PS) =       0.953  TEMP(K) =   188.98  PRESS =     0.0
 Etot   =  -4035658.4854  EKtot   =      4613.9469  EPtot      =  -4040272.4323
 BOND   =         0.0000  ANGLE   =         0.0000  DIHED      =         0.0000
 1-4 NB =         0.0000  1-4 EEL =         0.0000  VDWAALS    =      8217.8679
 EELEC  =  -4048490.3002  EHBOND  =         0.0000  RESTRAINT  =         0.0000
 Ewald error estimate:   0.0000E+00
 ------------------------------------------------------------------------------


 NSTEP =      954   TIME(PS) =       0.954  TEMP(K) =   189.28  PRESS =     0.0
 Etot   =  -4035658.5105  EKtot   =      4621.3183  EPtot      =  -4040279.8288
 BOND   =         0.0000  ANGLE   =         0.0000  DIHED      =         0.0000
 1-4 NB =         0.0000  1-4 EEL =         0.0000  VDWAALS    =      8215.1947
 EELEC  =  -4048495.0235  EHBOND  =         0.0000  RESTRAINT  =         0.0000
 Ewald error estimate:   0.0000E+00
 ------------------------------------------------------------------------------


 NSTEP =      955   TIME(PS) =       0.955  TEMP(K) =   189.61  PRESS =     0.0
 Etot   =  -4035658.5346  EKtot   =      4629.4757  EPtot      =  -4040288.0104
 BOND   =         0.0000  ANGLE   =         0.0000  DIHED      =         0.0000
 1-4 NB =         0.0000  1-4 EEL =         0.0000  VDWAALS    =      8212.7539
 EELEC  =  -4048500.7642  EHBOND  =         0.0000  RESTRAINT  =         0.0000
 Ewald error estimate:   0.0000E+00
 ------------------------------------------------------------------------------


 NSTEP =      956   TIME(PS) =       0.956  TEMP(K) =   189.95  PRESS =     0.0
 Etot   =  -4035658.5760  EKtot   =      4637.8024  EPtot      =  -4040296.3783
 BOND   =         0.0000  ANGLE   =         0.0000  DIHED      =         0.0000
 1-4 NB =         0.0000  1-4 EEL =         0.0000  VDWAALS    =      8210.5561
 EELEC  =  -4048506.9345  EHBOND  =         0.0000  RESTRAINT  =         0.0000
 Ewald error estimate:   0.0000E+00
 ------------------------------------------------------------------------------


 NSTEP =      957   TIME(PS) =       0.957  TEMP(K) =   190.27  PRESS =     0.0
 Etot   =  -4035658.6708  EKtot   =      4645.5671  EPtot      =  -4040304.2379
 BOND   =         0.0000  ANGLE   =         0.0000  DIHED      =         0.0000
 1-4 NB =         0.0000  1-4 EEL =         0.0000  VDWAALS    =      8208.5994
 EELEC  =  -4048512.8372  EHBOND  =         0.0000  RESTRAINT  =         0.0000
 Ewald error estimate:   0.0000E+00
 ------------------------------------------------------------------------------


 NSTEP =      958   TIME(PS) =       0.958  TEMP(K) =   190.53  PRESS =     0.0
 Etot   =  -4035658.7130  EKtot   =      4651.9944  EPtot      =  -4040310.7074
 BOND   =         0.0000  ANGLE   =         0.0000  DIHED      =         0.0000
 1-4 NB =         0.0000  1-4 EEL =         0.0000  VDWAALS    =      8207.0161
 EELEC  =  -4048517.7234  EHBOND  =         0.0000  RESTRAINT  =         0.0000
 Ewald error estimate:   0.0000E+00
 ------------------------------------------------------------------------------


 NSTEP =      959   TIME(PS) =       0.959  TEMP(K) =   190.71  PRESS =     0.0
 Etot   =  -4035658.7674  EKtot   =      4656.3469  EPtot      =  -4040315.1142
 BOND   =         0.0000  ANGLE   =         0.0000  DIHED      =         0.0000
 1-4 NB =         0.0000  1-4 EEL =         0.0000  VDWAALS    =      8205.7598
 EELEC  =  -4048520.8740  EHBOND  =         0.0000  RESTRAINT  =         0.0000
 Ewald error estimate:   0.0000E+00
 ------------------------------------------------------------------------------


 NSTEP =      960   TIME(PS) =       0.960  TEMP(K) =   190.78  PRESS =     0.0
 Etot   =  -4035658.7832  EKtot   =      4658.0093  EPtot      =  -4040316.7925
 BOND   =         0.0000  ANGLE   =         0.0000  DIHED      =         0.0000
 1-4 NB =         0.0000  1-4 EEL =         0.0000  VDWAALS    =      8204.9006
 EELEC  =  -4048521.6931  EHBOND  =         0.0000  RESTRAINT  =         0.0000
 Ewald error estimate:   0.0000E+00
 ------------------------------------------------------------------------------


 NSTEP =      961   TIME(PS) =       0.961  TEMP(K) =   190.72  PRESS =     0.0
 Etot   =  -4035658.8083  EKtot   =      4656.5641  EPtot      =  -4040315.3724
 BOND   =         0.0000  ANGLE   =         0.0000  DIHED      =         0.0000
 1-4 NB =         0.0000  1-4 EEL =         0.0000  VDWAALS    =      8204.4040
 EELEC  =  -4048519.7764  EHBOND  =         0.0000  RESTRAINT  =         0.0000
 Ewald error estimate:   0.0000E+00
 ------------------------------------------------------------------------------


 NSTEP =      962   TIME(PS) =       0.962  TEMP(K) =   190.53  PRESS =     0.0
 Etot   =  -4035658.8007  EKtot   =      4651.8495  EPtot      =  -4040310.6502
 BOND   =         0.0000  ANGLE   =         0.0000  DIHED      =         0.0000
 1-4 NB =         0.0000  1-4 EEL =         0.0000  VDWAALS    =      8204.3081
 EELEC  =  -4048514.9583  EHBOND  =         0.0000  RESTRAINT  =         0.0000
 Ewald error estimate:   0.0000E+00
 ------------------------------------------------------------------------------


 NSTEP =      963   TIME(PS) =       0.963  TEMP(K) =   190.21  PRESS =     0.0
 Etot   =  -4035658.7664  EKtot   =      4643.9899  EPtot      =  -4040302.7563
 BOND   =         0.0000  ANGLE   =         0.0000  DIHED      =         0.0000
 1-4 NB =         0.0000  1-4 EEL =         0.0000  VDWAALS    =      8204.6113
 EELEC  =  -4048507.3676  EHBOND  =         0.0000  RESTRAINT  =         0.0000
 Ewald error estimate:   0.0000E+00
 ------------------------------------------------------------------------------


 NSTEP =      964   TIME(PS) =       0.964  TEMP(K) =   189.77  PRESS =     0.0
 Etot   =  -4035658.7298  EKtot   =      4633.3957  EPtot      =  -4040292.1255
 BOND   =         0.0000  ANGLE   =         0.0000  DIHED      =         0.0000
 1-4 NB =         0.0000  1-4 EEL =         0.0000  VDWAALS    =      8205.2848
 EELEC  =  -4048497.4103  EHBOND  =         0.0000  RESTRAINT  =         0.0000
 Ewald error estimate:   0.0000E+00
 ------------------------------------------------------------------------------


 NSTEP =      965   TIME(PS) =       0.965  TEMP(K) =   189.25  PRESS =     0.0
 Etot   =  -4035658.6764  EKtot   =      4620.7308  EPtot      =  -4040279.4072
 BOND   =         0.0000  ANGLE   =         0.0000  DIHED      =         0.0000
 1-4 NB =         0.0000  1-4 EEL =         0.0000  VDWAALS    =      8206.3318
 EELEC  =  -4048485.7391  EHBOND  =         0.0000  RESTRAINT  =         0.0000
 Ewald error estimate:   0.0000E+00
 ------------------------------------------------------------------------------


 NSTEP =      966   TIME(PS) =       0.966  TEMP(K) =   188.68  PRESS =     0.0
 Etot   =  -4035658.6295  EKtot   =      4606.8528  EPtot      =  -4040265.4823
 BOND   =         0.0000  ANGLE   =         0.0000  DIHED      =         0.0000
 1-4 NB =         0.0000  1-4 EEL =         0.0000  VDWAALS    =      8207.7107
 EELEC  =  -4048473.1931  EHBOND  =         0.0000  RESTRAINT  =         0.0000
 Ewald error estimate:   0.0000E+00
 ------------------------------------------------------------------------------


 NSTEP =      967   TIME(PS) =       0.967  TEMP(K) =   188.11  PRESS =     0.0
 Etot   =  -4035658.5577  EKtot   =      4592.7319  EPtot      =  -4040251.2895
 BOND   =         0.0000  ANGLE   =         0.0000  DIHED      =         0.0000
 1-4 NB =         0.0000  1-4 EEL =         0.0000  VDWAALS    =      8209.4325
 EELEC  =  -4048460.7220  EHBOND  =         0.0000  RESTRAINT  =         0.0000
 Ewald error estimate:   0.0000E+00
 ------------------------------------------------------------------------------


 NSTEP =      968   TIME(PS) =       0.968  TEMP(K) =   187.56  PRESS =     0.0
 Etot   =  -4035658.5029  EKtot   =      4579.3606  EPtot      =  -4040237.8635
 BOND   =         0.0000  ANGLE   =         0.0000  DIHED      =         0.0000
 1-4 NB =         0.0000  1-4 EEL =         0.0000  VDWAALS    =      8211.4292
 EELEC  =  -4048449.2927  EHBOND  =         0.0000  RESTRAINT  =         0.0000
 Ewald error estimate:   0.0000E+00
 ------------------------------------------------------------------------------


 NSTEP =      969   TIME(PS) =       0.969  TEMP(K) =   187.08  PRESS =     0.0
 Etot   =  -4035658.4357  EKtot   =      4567.6646  EPtot      =  -4040226.1003
 BOND   =         0.0000  ANGLE   =         0.0000  DIHED      =         0.0000
 1-4 NB =         0.0000  1-4 EEL =         0.0000  VDWAALS    =      8213.7025
 EELEC  =  -4048439.8028  EHBOND  =         0.0000  RESTRAINT  =         0.0000
 Ewald error estimate:   0.0000E+00
 ------------------------------------------------------------------------------


 NSTEP =      970   TIME(PS) =       0.970  TEMP(K) =   186.70  PRESS =     0.0
 Etot   =  -4035658.4124  EKtot   =      4558.4247  EPtot      =  -4040216.8371
 BOND   =         0.0000  ANGLE   =         0.0000  DIHED      =         0.0000
 1-4 NB =         0.0000  1-4 EEL =         0.0000  VDWAALS    =      8216.1773
 EELEC  =  -4048433.0144  EHBOND  =         0.0000  RESTRAINT  =         0.0000
 Ewald error estimate:   0.0000E+00
 ------------------------------------------------------------------------------


 NSTEP =      971   TIME(PS) =       0.971  TEMP(K) =   186.45  PRESS =     0.0
 Etot   =  -4035658.3852  EKtot   =      4552.2178  EPtot      =  -4040210.6030
 BOND   =         0.0000  ANGLE   =         0.0000  DIHED      =         0.0000
 1-4 NB =         0.0000  1-4 EEL =         0.0000  VDWAALS    =      8218.8809
 EELEC  =  -4048429.4839  EHBOND  =         0.0000  RESTRAINT  =         0.0000
 Ewald error estimate:   0.0000E+00
 ------------------------------------------------------------------------------


 NSTEP =      972   TIME(PS) =       0.972  TEMP(K) =   186.33  PRESS =     0.0
 Etot   =  -4035658.3958  EKtot   =      4549.3820  EPtot      =  -4040207.7778
 BOND   =         0.0000  ANGLE   =         0.0000  DIHED      =         0.0000
 1-4 NB =         0.0000  1-4 EEL =         0.0000  VDWAALS    =      8221.7497
 EELEC  =  -4048429.5275  EHBOND  =         0.0000  RESTRAINT  =         0.0000
 Ewald error estimate:   0.0000E+00
 ------------------------------------------------------------------------------


 NSTEP =      973   TIME(PS) =       0.973  TEMP(K) =   186.36  PRESS =     0.0
 Etot   =  -4035658.3970  EKtot   =      4550.0057  EPtot      =  -4040208.4027
 BOND   =         0.0000  ANGLE   =         0.0000  DIHED      =         0.0000
 1-4 NB =         0.0000  1-4 EEL =         0.0000  VDWAALS    =      8224.8249
 EELEC  =  -4048433.2276  EHBOND  =         0.0000  RESTRAINT  =         0.0000
 Ewald error estimate:   0.0000E+00
 ------------------------------------------------------------------------------


 NSTEP =      974   TIME(PS) =       0.974  TEMP(K) =   186.52  PRESS =     0.0
 Etot   =  -4035658.3938  EKtot   =      4553.9403  EPtot      =  -4040212.3341
 BOND   =         0.0000  ANGLE   =         0.0000  DIHED      =         0.0000
 1-4 NB =         0.0000  1-4 EEL =         0.0000  VDWAALS    =      8228.0874
 EELEC  =  -4048440.4215  EHBOND  =         0.0000  RESTRAINT  =         0.0000
 Ewald error estimate:   0.0000E+00
 ------------------------------------------------------------------------------


 NSTEP =      975   TIME(PS) =       0.975  TEMP(K) =   186.80  PRESS =     0.0
 Etot   =  -4035658.4625  EKtot   =      4560.8301  EPtot      =  -4040219.2926
 BOND   =         0.0000  ANGLE   =         0.0000  DIHED      =         0.0000
 1-4 NB =         0.0000  1-4 EEL =         0.0000  VDWAALS    =      8231.4565
 EELEC  =  -4048450.7491  EHBOND  =         0.0000  RESTRAINT  =         0.0000
 Ewald error estimate:   0.0000E+00
 ------------------------------------------------------------------------------


 NSTEP =      976   TIME(PS) =       0.976  TEMP(K) =   187.18  PRESS =     0.0
 Etot   =  -4035658.5156  EKtot   =      4570.1560  EPtot      =  -4040228.6716
 BOND   =         0.0000  ANGLE   =         0.0000  DIHED      =         0.0000
 1-4 NB =         0.0000  1-4 EEL =         0.0000  VDWAALS    =      8235.0185
 EELEC  =  -4048463.6901  EHBOND  =         0.0000  RESTRAINT  =         0.0000
 Ewald error estimate:   0.0000E+00
 ------------------------------------------------------------------------------


 NSTEP =      977   TIME(PS) =       0.977  TEMP(K) =   187.64  PRESS =     0.0
 Etot   =  -4035658.5863  EKtot   =      4581.2848  EPtot      =  -4040239.8710
 BOND   =         0.0000  ANGLE   =         0.0000  DIHED      =         0.0000
 1-4 NB =         0.0000  1-4 EEL =         0.0000  VDWAALS    =      8238.7367
 EELEC  =  -4048478.6078  EHBOND  =         0.0000  RESTRAINT  =         0.0000
 Ewald error estimate:   0.0000E+00
 ------------------------------------------------------------------------------


 NSTEP =      978   TIME(PS) =       0.978  TEMP(K) =   188.14  PRESS =     0.0
 Etot   =  -4035658.6305  EKtot   =      4593.5207  EPtot      =  -4040252.1511
 BOND   =         0.0000  ANGLE   =         0.0000  DIHED      =         0.0000
 1-4 NB =         0.0000  1-4 EEL =         0.0000  VDWAALS    =      8242.6516
 EELEC  =  -4048494.8027  EHBOND  =         0.0000  RESTRAINT  =         0.0000
 Ewald error estimate:   0.0000E+00
 ------------------------------------------------------------------------------


 NSTEP =      979   TIME(PS) =       0.979  TEMP(K) =   188.66  PRESS =     0.0
 Etot   =  -4035658.6572  EKtot   =      4606.1537  EPtot      =  -4040264.8109
 BOND   =         0.0000  ANGLE   =         0.0000  DIHED      =         0.0000
 1-4 NB =         0.0000  1-4 EEL =         0.0000  VDWAALS    =      8246.7502
 EELEC  =  -4048511.5610  EHBOND  =         0.0000  RESTRAINT  =         0.0000
 Ewald error estimate:   0.0000E+00
 ------------------------------------------------------------------------------


 NSTEP =      980   TIME(PS) =       0.980  TEMP(K) =   189.16  PRESS =     0.0
 Etot   =  -4035658.7039  EKtot   =      4618.5019  EPtot      =  -4040277.2058
 BOND   =         0.0000  ANGLE   =         0.0000  DIHED      =         0.0000
 1-4 NB =         0.0000  1-4 EEL =         0.0000  VDWAALS    =      8250.9850
 EELEC  =  -4048528.1907  EHBOND  =         0.0000  RESTRAINT  =         0.0000
 Ewald error estimate:   0.0000E+00
 ------------------------------------------------------------------------------


 NSTEP =      981   TIME(PS) =       0.981  TEMP(K) =   189.63  PRESS =     0.0
 Etot   =  -4035658.7298  EKtot   =      4629.9463  EPtot      =  -4040288.6761
 BOND   =         0.0000  ANGLE   =         0.0000  DIHED      =         0.0000
 1-4 NB =         0.0000  1-4 EEL =         0.0000  VDWAALS    =      8255.3787
 EELEC  =  -4048544.0548  EHBOND  =         0.0000  RESTRAINT  =         0.0000
 Ewald error estimate:   0.0000E+00
 ------------------------------------------------------------------------------


 NSTEP =      982   TIME(PS) =       0.982  TEMP(K) =   190.04  PRESS =     0.0
 Etot   =  -4035658.7549  EKtot   =      4639.9575  EPtot      =  -4040298.7125
 BOND   =         0.0000  ANGLE   =         0.0000  DIHED      =         0.0000
 1-4 NB =         0.0000  1-4 EEL =         0.0000  VDWAALS    =      8259.8817
 EELEC  =  -4048558.5942  EHBOND  =         0.0000  RESTRAINT  =         0.0000
 Ewald error estimate:   0.0000E+00
 ------------------------------------------------------------------------------


 NSTEP =      983   TIME(PS) =       0.983  TEMP(K) =   190.37  PRESS =     0.0
 Etot   =  -4035658.7870  EKtot   =      4648.1136  EPtot      =  -4040306.9006
 BOND   =         0.0000  ANGLE   =         0.0000  DIHED      =         0.0000
 1-4 NB =         0.0000  1-4 EEL =         0.0000  VDWAALS    =      8264.4624
 EELEC  =  -4048571.3630  EHBOND  =         0.0000  RESTRAINT  =         0.0000
 Ewald error estimate:   0.0000E+00
 ------------------------------------------------------------------------------


 NSTEP =      984   TIME(PS) =       0.984  TEMP(K) =   190.62  PRESS =     0.0
 Etot   =  -4035658.7841  EKtot   =      4654.1108  EPtot      =  -4040312.8949
 BOND   =         0.0000  ANGLE   =         0.0000  DIHED      =         0.0000
 1-4 NB =         0.0000  1-4 EEL =         0.0000  VDWAALS    =      8269.1222
 EELEC  =  -4048582.0172  EHBOND  =         0.0000  RESTRAINT  =         0.0000
 Ewald error estimate:   0.0000E+00
 ------------------------------------------------------------------------------


 NSTEP =      985   TIME(PS) =       0.985  TEMP(K) =   190.77  PRESS =     0.0
 Etot   =  -4035658.8042  EKtot   =      4657.7682  EPtot      =  -4040316.5724
 BOND   =         0.0000  ANGLE   =         0.0000  DIHED      =         0.0000
 1-4 NB =         0.0000  1-4 EEL =         0.0000  VDWAALS    =      8273.7660
 EELEC  =  -4048590.3384  EHBOND  =         0.0000  RESTRAINT  =         0.0000
 Ewald error estimate:   0.0000E+00
 ------------------------------------------------------------------------------


 NSTEP =      986   TIME(PS) =       0.986  TEMP(K) =   190.82  PRESS =     0.0
 Etot   =  -4035658.8125  EKtot   =      4659.0255  EPtot      =  -4040317.8380
 BOND   =         0.0000  ANGLE   =         0.0000  DIHED      =         0.0000
 1-4 NB =         0.0000  1-4 EEL =         0.0000  VDWAALS    =      8278.3768
 EELEC  =  -4048596.2148  EHBOND  =         0.0000  RESTRAINT  =         0.0000
 Ewald error estimate:   0.0000E+00
 ------------------------------------------------------------------------------


 NSTEP =      987   TIME(PS) =       0.987  TEMP(K) =   190.78  PRESS =     0.0
 Etot   =  -4035658.7894  EKtot   =      4657.9373  EPtot      =  -4040316.7267
 BOND   =         0.0000  ANGLE   =         0.0000  DIHED      =         0.0000
 1-4 NB =         0.0000  1-4 EEL =         0.0000  VDWAALS    =      8282.9379
 EELEC  =  -4048599.6645  EHBOND  =         0.0000  RESTRAINT  =         0.0000
 Ewald error estimate:   0.0000E+00
 ------------------------------------------------------------------------------


 NSTEP =      988   TIME(PS) =       0.988  TEMP(K) =   190.64  PRESS =     0.0
 Etot   =  -4035658.7844  EKtot   =      4654.6636  EPtot      =  -4040313.4480
 BOND   =         0.0000  ANGLE   =         0.0000  DIHED      =         0.0000
 1-4 NB =         0.0000  1-4 EEL =         0.0000  VDWAALS    =      8287.3415
 EELEC  =  -4048600.7895  EHBOND  =         0.0000  RESTRAINT  =         0.0000
 Ewald error estimate:   0.0000E+00
 ------------------------------------------------------------------------------


 NSTEP =      989   TIME(PS) =       0.989  TEMP(K) =   190.43  PRESS =     0.0
 Etot   =  -4035658.7698  EKtot   =      4649.4569  EPtot      =  -4040308.2268
 BOND   =         0.0000  ANGLE   =         0.0000  DIHED      =         0.0000
 1-4 NB =         0.0000  1-4 EEL =         0.0000  VDWAALS    =      8291.5685
 EELEC  =  -4048599.7953  EHBOND  =         0.0000  RESTRAINT  =         0.0000
 Ewald error estimate:   0.0000E+00
 ------------------------------------------------------------------------------


 NSTEP =      990   TIME(PS) =       0.990  TEMP(K) =   190.15  PRESS =     0.0
 Etot   =  -4035658.7217  EKtot   =      4642.6470  EPtot      =  -4040301.3687
 BOND   =         0.0000  ANGLE   =         0.0000  DIHED      =         0.0000
 1-4 NB =         0.0000  1-4 EEL =         0.0000  VDWAALS    =      8295.5917
 EELEC  =  -4048596.9604  EHBOND  =         0.0000  RESTRAINT  =         0.0000
 Ewald error estimate:   0.0000E+00
 ------------------------------------------------------------------------------


 NSTEP =      991   TIME(PS) =       0.991  TEMP(K) =   189.82  PRESS =     0.0
 Etot   =  -4035658.7232  EKtot   =      4634.6231  EPtot      =  -4040293.3464
 BOND   =         0.0000  ANGLE   =         0.0000  DIHED      =         0.0000
 1-4 NB =         0.0000  1-4 EEL =         0.0000  VDWAALS    =      8299.2832
 EELEC  =  -4048592.6296  EHBOND  =         0.0000  RESTRAINT  =         0.0000
 Ewald error estimate:   0.0000E+00
 ------------------------------------------------------------------------------


 NSTEP =      992   TIME(PS) =       0.992  TEMP(K) =   189.46  PRESS =     0.0
 Etot   =  -4035658.6888  EKtot   =      4625.8174  EPtot      =  -4040284.5062
 BOND   =         0.0000  ANGLE   =         0.0000  DIHED      =         0.0000
 1-4 NB =         0.0000  1-4 EEL =         0.0000  VDWAALS    =      8302.6808
 EELEC  =  -4048587.1870  EHBOND  =         0.0000  RESTRAINT  =         0.0000
 Ewald error estimate:   0.0000E+00
 ------------------------------------------------------------------------------


 NSTEP =      993   TIME(PS) =       0.993  TEMP(K) =   189.09  PRESS =     0.0
 Etot   =  -4035658.6653  EKtot   =      4616.6871  EPtot      =  -4040275.3524
 BOND   =         0.0000  ANGLE   =         0.0000  DIHED      =         0.0000
 1-4 NB =         0.0000  1-4 EEL =         0.0000  VDWAALS    =      8305.6951
 EELEC  =  -4048581.0475  EHBOND  =         0.0000  RESTRAINT  =         0.0000
 Ewald error estimate:   0.0000E+00
 ------------------------------------------------------------------------------


 NSTEP =      994   TIME(PS) =       0.994  TEMP(K) =   188.72  PRESS =     0.0
 Etot   =  -4035658.6349  EKtot   =      4607.6987  EPtot      =  -4040266.3336
 BOND   =         0.0000  ANGLE   =         0.0000  DIHED      =         0.0000
 1-4 NB =         0.0000  1-4 EEL =         0.0000  VDWAALS    =      8308.3097
 EELEC  =  -4048574.6432  EHBOND  =         0.0000  RESTRAINT  =         0.0000
 Ewald error estimate:   0.0000E+00
 ------------------------------------------------------------------------------


 NSTEP =      995   TIME(PS) =       0.995  TEMP(K) =   188.38  PRESS =     0.0
 Etot   =  -4035658.5685  EKtot   =      4599.3120  EPtot      =  -4040257.8805
 BOND   =         0.0000  ANGLE   =         0.0000  DIHED      =         0.0000
 1-4 NB =         0.0000  1-4 EEL =         0.0000  VDWAALS    =      8310.5225
 EELEC  =  -4048568.4030  EHBOND  =         0.0000  RESTRAINT  =         0.0000
 Ewald error estimate:   0.0000E+00
 ------------------------------------------------------------------------------


 NSTEP =      996   TIME(PS) =       0.996  TEMP(K) =   188.07  PRESS =     0.0
 Etot   =  -4035658.5385  EKtot   =      4591.9623  EPtot      =  -4040250.5008
 BOND   =         0.0000  ANGLE   =         0.0000  DIHED      =         0.0000
 1-4 NB =         0.0000  1-4 EEL =         0.0000  VDWAALS    =      8312.2355
 EELEC  =  -4048562.7363  EHBOND  =         0.0000  RESTRAINT  =         0.0000
 Ewald error estimate:   0.0000E+00
 ------------------------------------------------------------------------------


 NSTEP =      997   TIME(PS) =       0.997  TEMP(K) =   187.83  PRESS =     0.0
 Etot   =  -4035658.5370  EKtot   =      4586.0390  EPtot      =  -4040244.5760
 BOND   =         0.0000  ANGLE   =         0.0000  DIHED      =         0.0000
 1-4 NB =         0.0000  1-4 EEL =         0.0000  VDWAALS    =      8313.4412
 EELEC  =  -4048558.0171  EHBOND  =         0.0000  RESTRAINT  =         0.0000
 Ewald error estimate:   0.0000E+00
 ------------------------------------------------------------------------------


 NSTEP =      998   TIME(PS) =       0.998  TEMP(K) =   187.66  PRESS =     0.0
 Etot   =  -4035658.4782  EKtot   =      4581.8592  EPtot      =  -4040240.3373
 BOND   =         0.0000  ANGLE   =         0.0000  DIHED      =         0.0000
 1-4 NB =         0.0000  1-4 EEL =         0.0000  VDWAALS    =      8314.2346
 EELEC  =  -4048554.5719  EHBOND  =         0.0000  RESTRAINT  =         0.0000
 Ewald error estimate:   0.0000E+00
 ------------------------------------------------------------------------------


 NSTEP =      999   TIME(PS) =       0.999  TEMP(K) =   187.57  PRESS =     0.0
 Etot   =  -4035658.4559  EKtot   =      4579.6387  EPtot      =  -4040238.0946
 BOND   =         0.0000  ANGLE   =         0.0000  DIHED      =         0.0000
 1-4 NB =         0.0000  1-4 EEL =         0.0000  VDWAALS    =      8314.5235
 EELEC  =  -4048552.6181  EHBOND  =         0.0000  RESTRAINT  =         0.0000
 Ewald error estimate:   0.0000E+00
 ------------------------------------------------------------------------------

check COM velocity, temp:        0.000029     0.00(Removed)

 NSTEP =     1000   TIME(PS) =       1.000  TEMP(K) =   187.56  PRESS =     0.0
 Etot   =  -4035658.4720  EKtot   =      4579.4663  EPtot      =  -4040237.9383
 BOND   =         0.0000  ANGLE   =         0.0000  DIHED      =         0.0000
 1-4 NB =         0.0000  1-4 EEL =         0.0000  VDWAALS    =      8314.3260
 EELEC  =  -4048552.2643  EHBOND  =         0.0000  RESTRAINT  =         0.0000
 Ewald error estimate:   0.0000E+00
 ------------------------------------------------------------------------------


      A V E R A G E S   O V E R    1000 S T E P S


 NSTEP =     1000   TIME(PS) =       1.000  TEMP(K) =   181.94  PRESS =     0.0
 Etot   =  -4035657.8935  EKtot   =      4442.1849  EPtot      =  -4040100.0784
 BOND   =         0.0000  ANGLE   =         0.0000  DIHED      =         0.0000
 1-4 NB =         0.0000  1-4 EEL =         0.0000  VDWAALS    =      8043.7209
 EELEC  =  -4048143.7994  EHBOND  =         0.0000  RESTRAINT  =         0.0000
 Ewald error estimate:   0.0000E+00
 ------------------------------------------------------------------------------


      R M S  F L U C T U A T I O N S


 NSTEP =     1000   TIME(PS) =       1.000  TEMP(K) =    17.25  PRESS =     0.0
 Etot   =        14.3554  EKtot   =       421.0935  EPtot      =       425.9592
 BOND   =         0.0000  ANGLE   =         0.0000  DIHED      =         0.0000
 1-4 NB =         0.0000  1-4 EEL =         0.0000  VDWAALS    =       479.6089
 EELEC  =       830.9333  EHBOND  =         0.0000  RESTRAINT  =         0.0000
|E(PBS) =         0.7071
 Ewald error estimate:   0.0000E+00
 ------------------------------------------------------------------------------


--------------------------------------------------------------------------------
   5.  TIMINGS
--------------------------------------------------------------------------------

|>>>>>>>>PROFILE of Average TIMES>>>>>>>>> 
|                Build the list             0.28 (71.79% of List )
|                Other                      0.11 (28.21% of List )
|             List time                  0.39 ( 0.27% of Nonbo)
|                   Short_ene time            77.33 (100.0% of Direc)
|                Direct Ewald time         77.33 (54.09% of Ewald)
|                   Fill Bspline coeffs        2.46 ( 8.79% of Recip)
|                   Fill charge grid           7.88 (28.16% of Recip)
|                   Scalar sum                 0.47 ( 1.70% of Recip)
|                   Grad sum                   8.32 (29.75% of Recip)
|                      FFT back comm time         1.04 (11.76% of FFT t)
|                      Other                      7.80 (88.24% of FFT t)
|                   FFT time                   8.84 (31.61% of Recip)
|                Recip Ewald time          27.97 (19.57% of Ewald)
|                Other                     37.67 (26.35% of Ewald)
|             Ewald time               142.98 (99.73% of Nonbo)
|          Nonbond force            143.37 (99.48% of Force)
|          FRC Collect time           0.19 ( 0.13% of Force)
|          Other                      0.56 ( 0.39% of Force)
|       Force time               144.12 (99.36% of Runmd)
|       Shake time                 0.03 ( 0.02% of Runmd)
|       Verlet update time         0.17 ( 0.12% of Runmd)
|       CRD distribute time        0.50 ( 0.34% of Runmd)
|       Other                      0.22 ( 0.15% of Runmd)
|    Runmd Time               145.04 (99.90% of Total)
|    Other                      0.15 ( 0.10% of Total)
| Total time               145.19 (100.0% of ALL  )

| Number of list builds   :         35

| Highest rstack allocated:     296272
| Highest istack allocated:          0

| Final Performance Info:
| -----------------------------------------------------
| Average timings for all steps:
|     Elapsed(s) =     145.04 Per Step(ms) =     145.04
|         ns/day =       0.60   seconds/ns =  145044.75
| -----------------------------------------------------

|           Job began  at 19:12:33.398  on 02/26/2025
|           Setup done at 19:12:33.548  on 02/26/2025
|           Run   done at 19:14:58.592  on 02/26/2025
|     wallclock() was called   88495 times

|3D-RISM memory allocation summary
|Type          Maximum        Current   
|Integer       0.00000 GB     0.00000 GB
|Real          0.00000 GB     0.00000 GB
|Logical       0.00000 GB     0.00000 GB
|Character     0.00000 GB     0.00000 GB
|---------------------------------------
|Total         0.00000 GB     0.00000 GB
